status,start_date,end_date,starting_equity,ending_equity,net_pnl,daily_profit_sum,equity_reconciliation_error,net_return,cagr,max_drawdown,drawdown_peak_date,drawdown_trough_date,drawdown_recovery_sessions,annualized_volatility,sharpe_zero_rf,sortino_zero_mar,calmar,turnover,trading_costs,adverse_execution_costs,explicit_fees,dividend_income,realized_pnl,unrealized_pnl,buy_count,sell_count,completed_round_trips,win_rate,payoff_ratio,profit_factor,average_holding_days,median_holding_days,profitable_days,losing_days,best_day,worst_day,average_invested_exposure,average_cash_allocation,average_approx_3x_invested_exposure,best_month,worst_month,monthly_returns,calendar_year_returns,minimum_equity,maximum_equity,risk_definition,candidate_id,track_id,pair_id,strategy_id,variant,cost_scenario,execution_delay_sessions,protocol_hash,phase,window_id,benchmark,artifact_path
OK,2023-09-19,2024-03-18,1000.0,1104.4676364534153,104.46763645341525,104.46763645341525,0.0,0.10446763645341517,0.22202709604370763,0.04261357746477057,2023-12-19,2023-12-20,4,0.11743543220419207,1.764623786666944,1.564554414918857,5.210243055215478,2088.117048280305,2.098200700374933,2.088200700374933,0.01,3.2765978187899996,93.84053780406501,7.350500830560001,2,1,1,1.0,,,30.0,30.0,38,33,0.04017402775337087,-0.04261357746477057,0.16504433155088677,0.8349556684491133,0.49513299465266025,0.13374737335539044,-0.03007637216486503,"{'2023-09': 0.0, '2023-10': 0.0, '2023-11': 0.0, '2023-12': 0.13374737335539044, '2024-01': -0.03007637216486503, '2024-02': 0.004508491983377327, '2024-03': -0.0001253702992729533}","{'2023': 0.13374737335539044, '2024': -0.025825627110667715}",992.5394122666002,1144.63952948539,daily_mark_to_market_equity,L01__SPXL_SOXL__long_105,b,SPXL_SOXL,L01,long_105,base,0,sha256:acd49d7f6e3e633cb9e24e4f31a698d59c7e8a2578e14056df443689e9c014bb,sensitivity_evaluation,W1,False,L01__SPXL_SOXL__long_105/base/W1
OK,2024-03-19,2024-09-18,1000.0,673.1456425859202,-326.8543574140798,-326.8543574140798,0.0,-0.32685435741407975,-0.5461393310918181,0.551203698407503,2024-07-10,2024-08-05,49,0.8839243899079013,-0.4317243614506828,-0.4535728671629259,-0.990812167388723,1662.7123279662198,1.6723702457399212,1.6623702457399212,0.01,3.22857080166,-331.5161331786899,1.4332049629500008,2,1,1,,,,122.0,122.0,66,49,0.18912062150746412,-0.20886829724592326,0.6677757258704262,0.3322242741295738,2.0033271776112787,0.2697093869023597,-0.3065378543191378,"{'2024-03': 0.0, '2024-04': -0.1662420181489297, '2024-05': 0.2697093869023597, '2024-06': 0.141193012701609, '2024-07': -0.19615009628480373, '2024-08': -0.3065378543191378, '2024-09': -0.00044228187288253284}",{'2024': -0.32685435741407964},670.4524536359202,1493.8903267627304,daily_mark_to_market_equity,L01__SPXL_SOXL__long_105,b,SPXL_SOXL,L01,long_105,base,0,sha256:acd49d7f6e3e633cb9e24e4f31a698d59c7e8a2578e14056df443689e9c014bb,sensitivity_evaluation,W2,False,L01__SPXL_SOXL__long_105/base/W2
OK,2024-09-19,2025-03-18,1000.0,999.7010132192603,-0.2989867807397104,-0.2989867807397104,0.0,-0.0002989867807396962,-0.0006066006674562141,0.16048956592562214,2024-12-06,2025-03-04,67,0.35349812776248457,0.1751526888566038,0.2109297603777165,-0.003779689127811208,1979.6877964230998,1.9896874841398084,1.9796874841398084,0.01,2.0029838034,-2.301970584139702,0.0,1,1,1,,,,153.0,153.0,59,45,0.07370979717541237,-0.08799919314006266,0.8298860163651592,0.17011398363484076,2.489658049095477,0.1723219029297023,-0.08418352465911072,"{'2024-09': 0.0, '2024-10': -0.008359881043619177, '2024-11': 0.1723219029297023, '2024-12': -0.08418352465911072, '2025-01': 0.0661725936373252, '2025-02': -0.05012563874895226, '2025-03': -0.07281364406461743}","{'2024': 0.06465627969978094, '2025': -0.06101055121643273}",991.6401189563803,1190.8142801363801,daily_mark_to_market_equity,L01__SPXL_SOXL__long_105,b,SPXL_SOXL,L01,long_105,base,0,sha256:acd49d7f6e3e633cb9e24e4f31a698d59c7e8a2578e14056df443689e9c014bb,sensitivity_evaluation,W3,False,L01__SPXL_SOXL__long_105/base/W3
OK,2025-03-19,2025-09-18,1000.0,1129.93822113221,129.93822113220995,129.93822113220995,0.0,0.12993822113220999,0.27612131067187806,0.042587464401566244,2025-06-12,2025-06-20,7,0.12130610747692037,2.059048545668312,2.026696544203916,6.483628799035125,2116.22397005449,2.1263349256898585,2.1163349256898587,0.01,3.6923487879000003,121.53165058465012,4.714221759660002,2,1,1,1.0,,,29.0,29.0,44,31,0.03143775895170475,-0.03347032044203557,0.16134166292456859,0.8386583370754315,0.48402498877370553,0.13079346300314953,-0.004721302771561131,"{'2025-03': 0.0, '2025-04': 0.0, '2025-05': 0.0, '2025-06': 0.13079346300314953, '2025-07': -0.004721302771561131, '2025-08': 0.00048762341742403237, '2025-09': 0.003494463916071}",{'2025': 0.12993822113220888},1000.0,1130.7934630031502,daily_mark_to_market_equity,L01__SPXL_SOXL__long_105,b,SPXL_SOXL,L01,long_105,base,0,sha256:acd49d7f6e3e633cb9e24e4f31a698d59c7e8a2578e14056df443689e9c014bb,sensitivity_evaluation,W4,False,L01__SPXL_SOXL__long_105/base/W4
OK,2025-09-19,2026-03-18,1000.0,1381.6947956440804,381.6947956440804,381.6947956440804,0.0,0.3816947956440804,0.9271680946999654,0.3733820890314826,2025-10-29,2025-11-20,29,1.027995645702792,1.1595768557792026,1.5721165664487577,2.483161677907343,990.9899758959199,0.9899999759198955,0.9899999759198955,0.0,0.0,0.0,381.69479564408016,1,0,0,,,,,,64,50,0.15856855113873713,-0.18852165452753122,0.9205797567419262,0.07942024325807384,2.7617392702257786,0.46620732634273465,-0.13861479175601543,"{'2025-09': 0.0, '2025-10': 0.22313217116408013, '2025-11': -0.13545356580909929, '2025-12': 0.018503132033601544, '2026-01': 0.46620732634273465, '2026-02': 0.015769678677987065, '2026-03': -0.13861479175601543}","{'2025': 0.07702077841407973, '2026': 0.2828859232211227}",791.9129824740801,1835.02127332408,daily_mark_to_market_equity,L01__SPXL_SOXL__long_105,b,SPXL_SOXL,L01,long_105,base,0,sha256:acd49d7f6e3e633cb9e24e4f31a698d59c7e8a2578e14056df443689e9c014bb,sensitivity_evaluation,W5,False,L01__SPXL_SOXL__long_105/base/W5
OK,2026-03-19,2026-09-18,1000.0,2252.81520628032,1252.8152062803201,1252.8152062803201,0.0,1.25281520628032,4.058311159501278,0.69318555872586,2026-06-22,2026-07-29,62,1.5144095893064926,1.8323061925856625,2.479925950139323,5.8545812278040446,3243.8457085526798,3.2550927996799714,3.2450927996799717,0.01,0.0,1252.84591139632,-0.030705115999999654,2,1,1,1.0,,,153.0,153.0,69,47,0.24597119527357236,-0.30465280263504524,0.8246378564280035,0.17536214357199653,2.473913569284011,1.7382804467998194,-0.5689756237363679,"{'2026-03': 0.0, '2026-04': 1.7382804467998194, '2026-05': 0.764212053782005, '2026-06': 0.18851286646469934, '2026-07': -0.5689756237363679, '2026-08': -0.016762319817454907, '2026-09': -0.07416706620543889}",{'2026': 1.2528152062803208},1000.0,6473.671091169819,daily_mark_to_market_equity,L01__SPXL_SOXL__long_105,b,SPXL_SOXL,L01,long_105,base,0,sha256:acd49d7f6e3e633cb9e24e4f31a698d59c7e8a2578e14056df443689e9c014bb,sensitivity_evaluation,W6,False,L01__SPXL_SOXL__long_105/base/W6
OK,2023-09-19,2024-03-18,1000.0,1100.4395204763778,100.43952047637777,100.43952047637777,0.0,0.10043952047637772,0.21305002741812729,0.04337776577493968,2023-12-27,2024-01-04,55,0.11780223191429247,1.6969202624422433,1.4924873620568617,4.911503015704214,2086.4881716047375,5.2267526274124085,5.216752627412409,0.01,3.2765978187899996,90.72664830766253,6.436274349925001,2,1,1,1.0,,,30.0,30.0,38,33,0.040230802073150995,-0.04266934115829857,0.16448321356573084,0.8355167864342692,0.49344964069719255,0.13226237345529057,-0.03184184099387655,"{'2023-09': 0.0, '2023-10': 0.0, '2023-11': 0.0, '2023-12': 0.13226237345529057, '2024-01': -0.03184184099387655, '2024-02': 0.003970073555006115, '2024-03': -0.00011045738541282102}","{'2023': 0.13226237345529057, '2024': -0.02810554666918752}",991.0544123665001,1143.1545295852898,daily_mark_to_market_equity,L01__SPXL_SOXL__long_105,b,SPXL_SOXL,L01,long_105,stress,0,sha256:acd49d7f6e3e633cb9e24e4f31a698d59c7e8a2578e14056df443689e9c014bb,sensitivity_evaluation,W1,False,L01__SPXL_SOXL__long_105/stress/W1
OK,2024-03-19,2024-09-18,1000.0,670.4785607405603,-329.5214392594397,-329.5214392594397,0.0,-0.32952143925943966,-0.5497213782603156,0.552322906847905,2024-07-10,2024-08-05,49,0.8856038472886687,-0.43799722748276654,-0.46132916844632227,-0.9952898412227076,1661.7222132823,4.1621768910998815,4.152176891099882,0.01,3.22857080166,-333.99134919172485,1.2413391306250001,2,1,1,,,,122.0,122.0,65,50,0.18946513263912035,-0.20918817584336313,0.6681457451938091,0.3318542548061909,2.0044372355814275,0.2701906213625058,-0.3082640702796765,"{'2024-03': 0.0, '2024-04': -0.1677270181473246, '2024-05': 0.2701906213625058, '2024-06': 0.14139135025889904, '2024-07': -0.19639150097504687, '2024-08': -0.3082640702796765, '2024-09': -0.00038960222408368494}",{'2024': -0.32952143925943966},668.1156784905602,1492.4053267643353,daily_mark_to_market_equity,L01__SPXL_SOXL__long_105,b,SPXL_SOXL,L01,long_105,stress,0,sha256:acd49d7f6e3e633cb9e24e4f31a698d59c7e8a2578e14056df443689e9c014bb,sensitivity_evaluation,W2,False,L01__SPXL_SOXL__long_105/stress/W2
OK,2024-09-19,2025-03-18,1000.0,996.73148199305,-3.2685180069499893,-3.2685180069499893,0.0,-0.0032685180069499387,-0.006621212999392778,0.16193816254783988,2024-12-06,2025-03-04,67,0.3541448477756806,0.15827069895169116,0.19064404521442913,-0.04088729237888404,1979.6882648477501,4.959218710350054,4.9492187103500545,0.01,2.0029838034,-5.271501810349947,0.0,1,1,1,,,,153.0,153.0,59,45,0.07381600986795767,-0.08811146887424981,0.8310048208661379,0.16899517913386208,2.493014462598414,0.17258034525941923,-0.08429119786904371,"{'2024-09': 0.0, '2024-10': -0.009844880869049888, '2024-11': 0.17258034525941923, '2024-12': -0.08429119786904371, '2025-01': 0.06626502116227839, '2025-02': -0.05019130132606453, '2025-03': -0.07429281524266795}","{'2024': 0.06317127987435045, '2025': -0.06249209242103693}",990.1551191309501,1189.32928031095,daily_mark_to_market_equity,L01__SPXL_SOXL__long_105,b,SPXL_SOXL,L01,long_105,stress,0,sha256:acd49d7f6e3e633cb9e24e4f31a698d59c7e8a2578e14056df443689e9c014bb,sensitivity_evaluation,W3,False,L01__SPXL_SOXL__long_105/stress/W3
OK,2025-03-19,2025-09-18,1000.0,1126.2086130177001,126.20861301770015,126.20861301770015,0.0,0.12620861301770026,0.2677281564546534,0.04264760822696312,2025-06-12,2025-06-20,7,0.12116747775264088,2.0070770656616714,1.9679282911013503,6.277682795946046,2114.5535042872,5.297086610199835,5.287086610199835,0.01,3.6923487879000003,118.37618268662516,4.140081543175,2,1,1,1.0,,,29.0,29.0,44,31,0.03148272427397014,-0.03351758864963916,0.16094165830340915,0.8390583416965909,0.4828249749102275,0.1293084630260255,-0.006245715337531044,"{'2025-03': 0.0, '2025-04': 0.0, '2025-05': 0.0, '2025-06': 0.1293084630260255, '2025-07': -0.006245715337531044, '2025-08': 0.0004311981916784724, '2025-09': 0.003090277154260912}",{'2025': 0.12620861301770092},1000.0,1129.3084630260253,daily_mark_to_market_equity,L01__SPXL_SOXL__long_105,b,SPXL_SOXL,L01,long_105,stress,0,sha256:acd49d7f6e3e633cb9e24e4f31a698d59c7e8a2578e14056df443689e9c014bb,sensitivity_evaluation,W4,False,L01__SPXL_SOXL__long_105/stress/W4
OK,2025-09-19,2026-03-18,1000.0,1380.2097956802002,380.20979568020016,380.20979568020016,0.0,0.3802097956802002,0.922967494155861,0.37382134318656646,2025-10-29,2025-11-20,29,1.0293005383257277,1.1572993472317457,1.5691403216181679,2.4690069493844473,992.4749758598,2.4749999398000093,2.4749999398000093,0.0,0.0,0.0,380.20979568020005,1,0,0,,,,,,64,50,0.15874161210572768,-0.18878066266616678,0.9216998034579011,0.07830019654209885,2.765099410373703,0.46685102214221574,-0.13874323863581628,"{'2025-09': 0.0, '2025-10': 0.2216471712002004, '2025-11': -0.1356182193564378, '2025-12': 0.018529152812529537, '2026-01': 0.46685102214221574, '2026-02': 0.015784522249783217, '2026-03': -0.13874323863581628}","{'2025': 0.07553577845020043, '2026': 0.2832765058443909}",790.4279825102,1833.5362733601999,daily_mark_to_market_equity,L01__SPXL_SOXL__long_105,b,SPXL_SOXL,L01,long_105,stress,0,sha256:acd49d7f6e3e633cb9e24e4f31a698d59c7e8a2578e14056df443689e9c014bb,sensitivity_evaluation,W5,False,L01__SPXL_SOXL__long_105/stress/W5
OK,2026-03-19,2026-09-18,1000.0,2247.9549089658003,1247.9549089658003,1247.9549089658008,4.547473508864641e-13,1.2479549089658004,4.036553351942358,0.6933446055299529,2026-06-22,2026-07-29,62,1.5148598164670763,1.8293771638394405,2.4768728563262887,5.821857298301251,3240.4764526567,8.118994794199775,8.108994794199775,0.01,0.0,1247.9917735108002,-0.036864544999999756,2,1,1,1.0,,,153.0,153.0,69,47,0.2461552339422799,-0.30473281956635334,0.8249885126449109,0.1750114873550891,2.4749655379347324,1.7367954468595515,-0.5691228210346422,"{'2026-03': 0.0, '2026-04': 1.7367954468595515, '2026-05': 0.7646267193557603, '2026-06': 0.18857083231939953, '2026-07': -0.5691228210346422, '2026-08': -0.016772384192405343, '2026-09': -0.07560034021972539}",{'2026': 1.2479549089658017},1000.0,6472.18609122955,daily_mark_to_market_equity,L01__SPXL_SOXL__long_105,b,SPXL_SOXL,L01,long_105,stress,0,sha256:acd49d7f6e3e633cb9e24e4f31a698d59c7e8a2578e14056df443689e9c014bb,sensitivity_evaluation,W6,False,L01__SPXL_SOXL__long_105/stress/W6
OK,2023-09-19,2024-03-18,1000.0,1895.28673392262,895.28673392262,895.28673392262,0.0,0.89528673392262,2.633588323042424,0.22991119839715246,2024-03-07,2024-03-18,7,0.6670336012632702,2.2627214644599096,3.0889706719503036,11.454806644490276,990.98997873876,0.9899999787599578,0.9899999787599578,0.0,2.7973255213800003,0.0,892.4894084012401,1,0,0,,,,,,37,35,0.14502833366882917,-0.11459580076602982,0.5716731281909353,0.4283268718090647,1.715019384572806,0.4020577641826206,-0.006959478356239779,"{'2023-09': 0.0, '2023-10': 0.0, '2023-11': 0.0, '2023-12': 0.4020577641826206, '2024-01': 0.022105254499316995, '2024-02': 0.33182273586457245, '2024-03': -0.006959478356239779}","{'2023': 0.4020577641826206, '2024': 0.3517893358891291}",959.60481303124,2461.12750890262,daily_mark_to_market_equity,L01__SPXL_SOXL__long_147,b,SPXL_SOXL,L01,long_147,base,0,sha256:acd49d7f6e3e633cb9e24e4f31a698d59c7e8a2578e14056df443689e9c014bb,sensitivity_evaluation,W1,False,L01__SPXL_SOXL__long_147/base/W1
OK,2024-03-19,2024-09-18,1000.0,673.1456425859202,-326.8543574140798,-326.8543574140798,0.0,-0.32685435741407975,-0.5461393310918181,0.551203698407503,2024-07-10,2024-08-05,49,0.8839243899079013,-0.4317243614506828,-0.4535728671629259,-0.990812167388723,1662.7123279662198,1.6723702457399212,1.6623702457399212,0.01,3.22857080166,-331.5161331786899,1.4332049629500008,2,1,1,,,,122.0,122.0,66,49,0.18912062150746412,-0.20886829724592326,0.6677757258704262,0.3322242741295738,2.0033271776112787,0.2697093869023597,-0.3065378543191378,"{'2024-03': 0.0, '2024-04': -0.1662420181489297, '2024-05': 0.2697093869023597, '2024-06': 0.141193012701609, '2024-07': -0.19615009628480373, '2024-08': -0.3065378543191378, '2024-09': -0.00044228187288253284}",{'2024': -0.32685435741407964},670.4524536359202,1493.8903267627304,daily_mark_to_market_equity,L01__SPXL_SOXL__long_147,b,SPXL_SOXL,L01,long_147,base,0,sha256:acd49d7f6e3e633cb9e24e4f31a698d59c7e8a2578e14056df443689e9c014bb,sensitivity_evaluation,W2,False,L01__SPXL_SOXL__long_147/base/W2
OK,2024-09-19,2025-03-18,1000.0,999.7010132192603,-0.2989867807397104,-0.2989867807397104,0.0,-0.0002989867807396962,-0.0006066006674562141,0.16048956592562214,2024-12-06,2025-03-04,67,0.35349812776248457,0.1751526888566038,0.2109297603777165,-0.003779689127811208,1979.6877964230998,1.9896874841398084,1.9796874841398084,0.01,2.0029838034,-2.301970584139702,0.0,1,1,1,,,,153.0,153.0,59,45,0.07370979717541237,-0.08799919314006266,0.8298860163651592,0.17011398363484076,2.489658049095477,0.1723219029297023,-0.08418352465911072,"{'2024-09': 0.0, '2024-10': -0.008359881043619177, '2024-11': 0.1723219029297023, '2024-12': -0.08418352465911072, '2025-01': 0.0661725936373252, '2025-02': -0.05012563874895226, '2025-03': -0.07281364406461743}","{'2024': 0.06465627969978094, '2025': -0.06101055121643273}",991.6401189563803,1190.8142801363801,daily_mark_to_market_equity,L01__SPXL_SOXL__long_147,b,SPXL_SOXL,L01,long_147,base,0,sha256:acd49d7f6e3e633cb9e24e4f31a698d59c7e8a2578e14056df443689e9c014bb,sensitivity_evaluation,W3,False,L01__SPXL_SOXL__long_147/base/W3
OK,2025-03-19,2025-09-18,1000.0,1129.93822113221,129.93822113220995,129.93822113220995,0.0,0.12993822113220999,0.27612131067187806,0.042587464401566244,2025-06-12,2025-06-20,7,0.12130610747692037,2.059048545668312,2.026696544203916,6.483628799035125,2116.22397005449,2.1263349256898585,2.1163349256898587,0.01,3.6923487879000003,121.53165058465012,4.714221759660002,2,1,1,1.0,,,29.0,29.0,44,31,0.03143775895170475,-0.03347032044203557,0.16134166292456859,0.8386583370754315,0.48402498877370553,0.13079346300314953,-0.004721302771561131,"{'2025-03': 0.0, '2025-04': 0.0, '2025-05': 0.0, '2025-06': 0.13079346300314953, '2025-07': -0.004721302771561131, '2025-08': 0.00048762341742403237, '2025-09': 0.003494463916071}",{'2025': 0.12993822113220888},1000.0,1130.7934630031502,daily_mark_to_market_equity,L01__SPXL_SOXL__long_147,b,SPXL_SOXL,L01,long_147,base,0,sha256:acd49d7f6e3e633cb9e24e4f31a698d59c7e8a2578e14056df443689e9c014bb,sensitivity_evaluation,W4,False,L01__SPXL_SOXL__long_147/base/W4
OK,2025-09-19,2026-03-18,1000.0,1381.6947956440804,381.6947956440804,381.6947956440804,0.0,0.3816947956440804,0.9271680946999654,0.3733820890314826,2025-10-29,2025-11-20,29,1.027995645702792,1.1595768557792026,1.5721165664487577,2.483161677907343,990.9899758959199,0.9899999759198955,0.9899999759198955,0.0,0.0,0.0,381.69479564408016,1,0,0,,,,,,64,50,0.15856855113873713,-0.18852165452753122,0.9205797567419262,0.07942024325807384,2.7617392702257786,0.46620732634273465,-0.13861479175601543,"{'2025-09': 0.0, '2025-10': 0.22313217116408013, '2025-11': -0.13545356580909929, '2025-12': 0.018503132033601544, '2026-01': 0.46620732634273465, '2026-02': 0.015769678677987065, '2026-03': -0.13861479175601543}","{'2025': 0.07702077841407973, '2026': 0.2828859232211227}",791.9129824740801,1835.02127332408,daily_mark_to_market_equity,L01__SPXL_SOXL__long_147,b,SPXL_SOXL,L01,long_147,base,0,sha256:acd49d7f6e3e633cb9e24e4f31a698d59c7e8a2578e14056df443689e9c014bb,sensitivity_evaluation,W5,False,L01__SPXL_SOXL__long_147/base/W5
OK,2026-03-19,2026-09-18,1000.0,2252.81520628032,1252.8152062803201,1252.8152062803201,0.0,1.25281520628032,4.058311159501278,0.69318555872586,2026-06-22,2026-07-29,62,1.5144095893064926,1.8323061925856625,2.479925950139323,5.8545812278040446,3243.8457085526798,3.2550927996799714,3.2450927996799717,0.01,0.0,1252.84591139632,-0.030705115999999654,2,1,1,1.0,,,153.0,153.0,69,47,0.24597119527357236,-0.30465280263504524,0.8246378564280035,0.17536214357199653,2.473913569284011,1.7382804467998194,-0.5689756237363679,"{'2026-03': 0.0, '2026-04': 1.7382804467998194, '2026-05': 0.764212053782005, '2026-06': 0.18851286646469934, '2026-07': -0.5689756237363679, '2026-08': -0.016762319817454907, '2026-09': -0.07416706620543889}",{'2026': 1.2528152062803208},1000.0,6473.671091169819,daily_mark_to_market_equity,L01__SPXL_SOXL__long_147,b,SPXL_SOXL,L01,long_147,base,0,sha256:acd49d7f6e3e633cb9e24e4f31a698d59c7e8a2578e14056df443689e9c014bb,sensitivity_evaluation,W6,False,L01__SPXL_SOXL__long_147/base/W6
OK,2023-09-19,2024-03-18,1000.0,1893.80173395448,893.8017339544799,893.8017339544799,0.0,0.8938017339544799,2.627845496961807,0.23005000642354456,2024-03-07,2024-03-18,7,0.6677247338926939,2.2586644880079643,3.0883116418919747,11.422931639148432,992.4749787069,2.474999946899895,2.474999946899895,0.0,2.7973255213800003,0.0,891.0044084331001,1,0,0,,,,,,37,35,0.1451620656049657,-0.1146649875522674,0.572245041729445,0.427754958270555,1.7167351251883354,0.40057276421447985,-0.006964897531835157,"{'2023-09': 0.0, '2023-10': 0.0, '2023-11': 0.0, '2023-12': 0.40057276421447985, '2024-01': 0.022128692269253625, '2024-02': 0.33216694415615455, '2024-03': -0.006964897531835157}","{'2023': 0.40057276421447985, '2024': 0.3521623312564055}",958.1198130631001,2459.6425089344802,daily_mark_to_market_equity,L01__SPXL_SOXL__long_147,b,SPXL_SOXL,L01,long_147,stress,0,sha256:acd49d7f6e3e633cb9e24e4f31a698d59c7e8a2578e14056df443689e9c014bb,sensitivity_evaluation,W1,False,L01__SPXL_SOXL__long_147/stress/W1
OK,2024-03-19,2024-09-18,1000.0,670.4785607405603,-329.5214392594397,-329.5214392594397,0.0,-0.32952143925943966,-0.5497213782603156,0.552322906847905,2024-07-10,2024-08-05,49,0.8856038472886687,-0.43799722748276654,-0.46132916844632227,-0.9952898412227076,1661.7222132823,4.1621768910998815,4.152176891099882,0.01,3.22857080166,-333.99134919172485,1.2413391306250001,2,1,1,,,,122.0,122.0,65,50,0.18946513263912035,-0.20918817584336313,0.6681457451938091,0.3318542548061909,2.0044372355814275,0.2701906213625058,-0.3082640702796765,"{'2024-03': 0.0, '2024-04': -0.1677270181473246, '2024-05': 0.2701906213625058, '2024-06': 0.14139135025889904, '2024-07': -0.19639150097504687, '2024-08': -0.3082640702796765, '2024-09': -0.00038960222408368494}",{'2024': -0.32952143925943966},668.1156784905602,1492.4053267643353,daily_mark_to_market_equity,L01__SPXL_SOXL__long_147,b,SPXL_SOXL,L01,long_147,stress,0,sha256:acd49d7f6e3e633cb9e24e4f31a698d59c7e8a2578e14056df443689e9c014bb,sensitivity_evaluation,W2,False,L01__SPXL_SOXL__long_147/stress/W2
OK,2024-09-19,2025-03-18,1000.0,996.73148199305,-3.2685180069499893,-3.2685180069499893,0.0,-0.0032685180069499387,-0.006621212999392778,0.16193816254783988,2024-12-06,2025-03-04,67,0.3541448477756806,0.15827069895169116,0.19064404521442913,-0.04088729237888404,1979.6882648477501,4.959218710350054,4.9492187103500545,0.01,2.0029838034,-5.271501810349947,0.0,1,1,1,,,,153.0,153.0,59,45,0.07381600986795767,-0.08811146887424981,0.8310048208661379,0.16899517913386208,2.493014462598414,0.17258034525941923,-0.08429119786904371,"{'2024-09': 0.0, '2024-10': -0.009844880869049888, '2024-11': 0.17258034525941923, '2024-12': -0.08429119786904371, '2025-01': 0.06626502116227839, '2025-02': -0.05019130132606453, '2025-03': -0.07429281524266795}","{'2024': 0.06317127987435045, '2025': -0.06249209242103693}",990.1551191309501,1189.32928031095,daily_mark_to_market_equity,L01__SPXL_SOXL__long_147,b,SPXL_SOXL,L01,long_147,stress,0,sha256:acd49d7f6e3e633cb9e24e4f31a698d59c7e8a2578e14056df443689e9c014bb,sensitivity_evaluation,W3,False,L01__SPXL_SOXL__long_147/stress/W3
OK,2025-03-19,2025-09-18,1000.0,1126.2086130177001,126.20861301770015,126.20861301770015,0.0,0.12620861301770026,0.2677281564546534,0.04264760822696312,2025-06-12,2025-06-20,7,0.12116747775264088,2.0070770656616714,1.9679282911013503,6.277682795946046,2114.5535042872,5.297086610199835,5.287086610199835,0.01,3.6923487879000003,118.37618268662516,4.140081543175,2,1,1,1.0,,,29.0,29.0,44,31,0.03148272427397014,-0.03351758864963916,0.16094165830340915,0.8390583416965909,0.4828249749102275,0.1293084630260255,-0.006245715337531044,"{'2025-03': 0.0, '2025-04': 0.0, '2025-05': 0.0, '2025-06': 0.1293084630260255, '2025-07': -0.006245715337531044, '2025-08': 0.0004311981916784724, '2025-09': 0.003090277154260912}",{'2025': 0.12620861301770092},1000.0,1129.3084630260253,daily_mark_to_market_equity,L01__SPXL_SOXL__long_147,b,SPXL_SOXL,L01,long_147,stress,0,sha256:acd49d7f6e3e633cb9e24e4f31a698d59c7e8a2578e14056df443689e9c014bb,sensitivity_evaluation,W4,False,L01__SPXL_SOXL__long_147/stress/W4
OK,2025-09-19,2026-03-18,1000.0,1380.2097956802002,380.20979568020016,380.20979568020016,0.0,0.3802097956802002,0.922967494155861,0.37382134318656646,2025-10-29,2025-11-20,29,1.0293005383257277,1.1572993472317457,1.5691403216181679,2.4690069493844473,992.4749758598,2.4749999398000093,2.4749999398000093,0.0,0.0,0.0,380.20979568020005,1,0,0,,,,,,64,50,0.15874161210572768,-0.18878066266616678,0.9216998034579011,0.07830019654209885,2.765099410373703,0.46685102214221574,-0.13874323863581628,"{'2025-09': 0.0, '2025-10': 0.2216471712002004, '2025-11': -0.1356182193564378, '2025-12': 0.018529152812529537, '2026-01': 0.46685102214221574, '2026-02': 0.015784522249783217, '2026-03': -0.13874323863581628}","{'2025': 0.07553577845020043, '2026': 0.2832765058443909}",790.4279825102,1833.5362733601999,daily_mark_to_market_equity,L01__SPXL_SOXL__long_147,b,SPXL_SOXL,L01,long_147,stress,0,sha256:acd49d7f6e3e633cb9e24e4f31a698d59c7e8a2578e14056df443689e9c014bb,sensitivity_evaluation,W5,False,L01__SPXL_SOXL__long_147/stress/W5
OK,2026-03-19,2026-09-18,1000.0,2247.9549089658003,1247.9549089658003,1247.9549089658008,4.547473508864641e-13,1.2479549089658004,4.036553351942358,0.6933446055299529,2026-06-22,2026-07-29,62,1.5148598164670763,1.8293771638394405,2.4768728563262887,5.821857298301251,3240.4764526567,8.118994794199775,8.108994794199775,0.01,0.0,1247.9917735108002,-0.036864544999999756,2,1,1,1.0,,,153.0,153.0,69,47,0.2461552339422799,-0.30473281956635334,0.8249885126449109,0.1750114873550891,2.4749655379347324,1.7367954468595515,-0.5691228210346422,"{'2026-03': 0.0, '2026-04': 1.7367954468595515, '2026-05': 0.7646267193557603, '2026-06': 0.18857083231939953, '2026-07': -0.5691228210346422, '2026-08': -0.016772384192405343, '2026-09': -0.07560034021972539}",{'2026': 1.2479549089658017},1000.0,6472.18609122955,daily_mark_to_market_equity,L01__SPXL_SOXL__long_147,b,SPXL_SOXL,L01,long_147,stress,0,sha256:acd49d7f6e3e633cb9e24e4f31a698d59c7e8a2578e14056df443689e9c014bb,sensitivity_evaluation,W6,False,L01__SPXL_SOXL__long_147/stress/W6
OK,2023-09-19,2024-03-18,1000.0,1091.3521423605002,91.35214236050024,91.35214236050024,0.0,0.09135214236050015,0.1929204973801646,0.13315891857254036,2023-09-19,2023-12-06,86,0.27215707399258876,0.782394546335145,1.04447868192955,1.4487989197288966,4567.3837598222,4.677152950699793,4.567152950699793,0.10999999999999999,0.7815264912000005,-18.41866905552302,108.98928492482352,10,11,11,1.0,0.32294477033213437,0.8611860542190249,47.27272727272727,42.0,47,44,0.05990988269773023,-0.046999614607560636,0.34093594454150816,0.6590640554584919,1.0228078336245245,0.12296117559223507,-0.10031319884635026,"{'2023-09': -0.10031319884635026, '2023-10': -0.017265054655700385, '2023-11': -0.010856791995728643, '2023-12': 0.08289866058416084, '2024-01': 0.019433155699761562, '2024-02': 0.12296117559223507, '2024-03': 0.006622586698781907}","{'2023': -0.052946009144260286, '2024': 0.1523652852931594}",867.0535292398401,1194.7111313230603,daily_mark_to_market_equity,L02__SPXL_SOXL__vol_target_30,b,SPXL_SOXL,L02,vol_target_30,base,0,sha256:acd49d7f6e3e633cb9e24e4f31a698d59c7e8a2578e14056df443689e9c014bb,sensitivity_evaluation,W1,False,L02__SPXL_SOXL__vol_target_30/base/W1
OK,2024-03-19,2024-09-18,1000.0,1049.4448040432499,49.44480404324986,49.44480404324986,0.0,0.0494448040432498,0.10111658305951488,0.27039102221138445,2024-07-10,2024-08-07,49,0.348157599408762,0.44963122514103737,0.561310769964881,0.37396427674460525,1833.28819022305,1.9726858669298597,1.8326858669298598,0.14,1.03655487018,-73.76443811191204,122.17268728498215,13,14,14,1.0,0.08547766887916554,0.5128660132749931,52.5,42.0,73,52,0.05496088522285514,-0.07860477729901005,0.4249575478982458,0.5750424521017542,1.2748726436947375,0.08380728887784583,-0.062051005735602294,"{'2024-03': 0.04625055915941001, '2024-04': -0.05761460550414421, '2024-05': 0.08380728887784583, '2024-06': 0.05813393134011413, '2024-07': -0.062051005735602294, '2024-08': 0.006173468022137252, '2024-09': -0.016553905251103118}",{'2024': 0.04944480404324936},895.7910398123599,1227.7686638772298,daily_mark_to_market_equity,L02__SPXL_SOXL__vol_target_30,b,SPXL_SOXL,L02,vol_target_30,base,0,sha256:acd49d7f6e3e633cb9e24e4f31a698d59c7e8a2578e14056df443689e9c014bb,sensitivity_evaluation,W2,False,L02__SPXL_SOXL__vol_target_30/base/W2
OK,2024-09-19,2025-03-18,1000.0,984.6596248398405,-15.34037516015951,-15.34037516015951,0.0,-0.015340375160159514,-0.030882491947301305,0.13694945879847498,2024-12-06,2025-03-04,67,0.28786200322333494,0.03428079835206341,0.039801921137083335,-0.22550284037811183,2275.95787757814,2.3659430188598662,2.2759430188598664,0.09,1.8842859987000002,-17.22466115885954,-4.5841155143991864e-14,11,9,9,1.0,0.17653489163852976,0.6178721207348542,96.55555555555556,98.0,63,49,0.061305114986089704,-0.08626353907243789,0.6752988357355646,0.3247011642644354,2.025896507206694,0.14191526253826892,-0.07460060073187613,"{'2024-09': 0.0094472557145997, '2024-10': -0.031209722123943462, '2024-11': 0.14191526253826892, '2024-12': -0.07460060073187613, '2025-01': 0.052040059428230645, '2025-02': -0.04004767907821094, '2025-03': -0.05653086767354987}","{'2024': 0.0334191247638409, '2025': -0.04718269553521415}",977.9426873649701,1140.9060974216102,daily_mark_to_market_equity,L02__SPXL_SOXL__vol_target_30,b,SPXL_SOXL,L02,vol_target_30,base,0,sha256:acd49d7f6e3e633cb9e24e4f31a698d59c7e8a2578e14056df443689e9c014bb,sensitivity_evaluation,W3,False,L02__SPXL_SOXL__vol_target_30/base/W3
OK,2025-03-19,2025-09-18,1000.0,1178.2795546533052,178.27955465330524,178.27955465330524,0.0,0.17827955465330514,0.38740955922487563,0.0714367200506163,2025-08-14,2025-09-03,20,0.17057953577994409,1.9938741141335787,2.050633815275648,5.423115156328253,1173.8862851336853,1.2234605843948905,1.1734605843948904,0.05,0.5368306827,16.116267330778605,161.6264566398265,10,5,5,1.0,,,23.8,14.0,44,30,0.050815673666803285,-0.03890893662060457,0.19650646182141232,0.8034935381785877,0.5895193854642372,0.13183120119542013,-0.019237910127543167,"{'2025-03': 0.0, '2025-04': 0.0, '2025-05': 0.0, '2025-06': 0.04457419946948993, '2025-07': -0.019237910127543167, '2025-08': 0.01616378914639771, '2025-09': 0.13183120119542013}",{'2025': 0.17827955465330536},1000.0,1178.2795546533052,daily_mark_to_market_equity,L02__SPXL_SOXL__vol_target_30,b,SPXL_SOXL,L02,vol_target_30,base,0,sha256:acd49d7f6e3e633cb9e24e4f31a698d59c7e8a2578e14056df443689e9c014bb,sensitivity_evaluation,W4,False,L02__SPXL_SOXL__vol_target_30/base/W4
OK,2025-09-19,2026-03-18,1000.0,1187.15021854081,187.1502185408101,187.1502185408101,0.0,0.18715021854081004,0.4163951657998026,0.13788321362998057,2025-10-29,2025-11-20,46,0.3517813736560003,1.1676976387204865,1.5111309254359615,3.019911959096259,1211.95772719485,1.3618122291898795,1.2118122291898794,0.15000000000000002,0.0,105.81229500399635,81.3379235368138,8,15,15,1.0,15.726475605553174,220.17065847774444,79.86666666666666,77.0,67,53,0.06028950083028595,-0.08941882930999101,0.3216783889303748,0.6783216110696252,0.9650351667911246,0.14697680508767097,-0.04597930160662622,"{'2025-09': 0.0017479983500199303, '2025-10': 0.14697680508767097, '2025-11': -0.04597930160662622, '2025-12': 0.010200271372603487, '2026-01': 0.11500235497442768, '2026-02': 0.0042435556693658505, '2026-03': -0.042558072470711195}","{'2025': 0.10733339301887579, '2026': 0.07208021181799129}",987.4427672575,1292.72620838504,daily_mark_to_market_equity,L02__SPXL_SOXL__vol_target_30,b,SPXL_SOXL,L02,vol_target_30,base,0,sha256:acd49d7f6e3e633cb9e24e4f31a698d59c7e8a2578e14056df443689e9c014bb,sensitivity_evaluation,W5,False,L02__SPXL_SOXL__vol_target_30/base/W5
OK,2026-03-19,2026-09-18,1000.0,1418.3338673854703,418.3338673854703,418.3338673854703,0.0,0.4183338673854702,1.0087916919442304,0.1682650885485737,2026-06-22,2026-09-16,62,0.34400650161817564,2.1895804125448706,3.3234184896130734,5.995252495011874,2771.6611116344898,2.9008760445297086,2.7708760445297087,0.13,0.0,440.0296874775852,-21.6958200921147,13,13,13,1.0,,,70.07692307692308,64.0,74,49,0.054078651617765816,-0.07426072955721208,0.29037628529203724,0.7096237147079627,0.8711288558761121,0.3265849585846414,-0.11476668538455426,"{'2026-03': -0.019874807663499916, '2026-04': 0.3265849585846414, '2026-05': 0.19815411440765685, '2026-06': 0.03759576563708622, '2026-07': -0.11476668538455426, '2026-08': 0.00627548718151516, '2026-09': -0.014977082071475523}",{'2026': 0.4183338673854704},937.3750750577801,1655.0054469678948,daily_mark_to_market_equity,L02__SPXL_SOXL__vol_target_30,b,SPXL_SOXL,L02,vol_target_30,base,0,sha256:acd49d7f6e3e633cb9e24e4f31a698d59c7e8a2578e14056df443689e9c014bb,sensitivity_evaluation,W6,False,L02__SPXL_SOXL__vol_target_30/base/W6
OK,2023-09-19,2024-03-18,1000.0,1083.039820054195,83.03982005419493,83.03982005419493,0.0,0.08303982005419486,0.17465658486498548,0.13653243388618597,2023-09-19,2023-12-06,86,0.2725379890928918,0.7250840689288169,0.9694746265018516,1.2792314609331579,4553.739404196475,11.492912050824716,11.382912050824716,0.10999999999999999,0.77619719502,-25.57336186336176,107.83698472253693,10,11,11,1.0,0.3046424475606802,0.812379860161814,40.90909090909091,28.0,46,45,0.05991124067921083,-0.04706832364687297,0.3410048285603605,0.6589951714396395,1.0230144856810817,0.122753439159478,-0.10173128899589978,"{'2023-09': -0.10173128899589978, '2023-10': -0.018640350901161118, '2023-11': -0.012949201266133636, '2023-12': 0.08073370590247042, '2024-01': 0.01917547790421592, '2024-02': 0.122753439159478, '2024-03': 0.006510696909916458}","{'2023': -0.05964319860260492, '2024': 0.15173285123771052}",862.4529639995001,1185.676953064295,daily_mark_to_market_equity,L02__SPXL_SOXL__vol_target_30,b,SPXL_SOXL,L02,vol_target_30,stress,0,sha256:acd49d7f6e3e633cb9e24e4f31a698d59c7e8a2578e14056df443689e9c014bb,sensitivity_evaluation,W1,False,L02__SPXL_SOXL__vol_target_30/stress/W1
OK,2024-03-19,2024-09-18,1000.0,1046.5692354712298,46.56923547122983,46.56923547122983,0.0,0.04656923547122993,0.09510285764260806,0.2715132845405617,2024-07-10,2024-08-07,49,0.34817563470780855,0.4339846504995802,0.5416081421383934,0.350269629729298,1833.1955803464998,4.719234637249862,4.579234637249862,0.14,1.0357111684799998,-75.52725645513715,121.0607807578872,13,14,14,1.0,0.08392845796409369,0.5035707477845621,52.5,42.0,73,52,0.054962566098149646,-0.07860621675304091,0.4250125856816446,0.5749874143183554,1.2750377570449338,0.08373330858399974,-0.06220679612351909,"{'2024-03': 0.04572285375642471, '2024-04': -0.05780429503858264, '2024-05': 0.08373330858399974, '2024-06': 0.057987584673647063, '2024-07': -0.06220679612351909, '2024-08': 0.004596722655666685, '2024-09': -0.01664934006563501}",{'2024': 0.04656923547123082},893.517057977005,1226.5385751248548,daily_mark_to_market_equity,L02__SPXL_SOXL__vol_target_30,b,SPXL_SOXL,L02,vol_target_30,stress,0,sha256:acd49d7f6e3e633cb9e24e4f31a698d59c7e8a2578e14056df443689e9c014bb,sensitivity_evaluation,W2,False,L02__SPXL_SOXL__vol_target_30/stress/W2
OK,2024-09-19,2025-03-18,1000.0,981.407895879775,-18.59210412022503,-18.59210412022503,0.0,-0.01859210412022505,-0.0373656072161187,0.1385199649560377,2024-12-06,2025-03-04,67,0.28794708156647464,0.010823917509875344,0.012568904295696695,-0.26974889307817457,2273.5769760096746,5.77385056702498,5.68385056702498,0.09,1.8814263168,-20.4735304370248,0.0,11,9,9,1.0,0.1619729497364492,0.5669053240775722,96.55555555555556,98.0,62,48,0.06131470774479264,-0.08626970731282035,0.6754110424523896,0.3245889575476104,2.0262331273571688,0.14160785823926658,-0.07511425594870003,"{'2024-09': 0.008521235761500101, '2024-10': -0.03135006832781406, '2024-11': 0.14160785823926658, '2024-12': -0.07511425594870003, '2025-01': 0.051927813611847506, '2025-02': -0.04021847510122567, '2025-03': -0.05760214437573996}","{'2024': 0.03147079152740151, '2025': -0.048535446722143716}",976.904026110325,1139.2114221540753,daily_mark_to_market_equity,L02__SPXL_SOXL__vol_target_30,b,SPXL_SOXL,L02,vol_target_30,stress,0,sha256:acd49d7f6e3e633cb9e24e4f31a698d59c7e8a2578e14056df443689e9c014bb,sensitivity_evaluation,W3,False,L02__SPXL_SOXL__vol_target_30/stress/W3
OK,2025-03-19,2025-09-18,1000.0,1176.2667365903199,176.26673659031985,176.26673659031985,0.0,0.17626673659031988,0.38268315988584467,0.07152312539500438,2025-08-14,2025-09-03,20,0.17048172591266803,1.9749974310933462,2.029569829519629,5.350481508915907,1173.9778542523,2.9822887502499333,2.9322887502499335,0.05,0.53619246057,15.022930878890463,160.70761325085942,10,5,5,1.0,,,23.8,14.0,44,30,0.050817487480218526,-0.03890923674277025,0.1965255358445221,0.8034744641554779,0.5895766075335663,0.13179272712922208,-0.01952769645434349,"{'2025-03': 0.0, '2025-04': 0.0, '2025-05': 0.0, '2025-06': 0.04331186376532026, '2025-07': -0.01952769645434349, '2025-08': 0.01599001771310804, '2025-09': 0.13179272712922208}",{'2025': 0.17626673659031988},1000.0,1176.2667365903199,daily_mark_to_market_equity,L02__SPXL_SOXL__vol_target_30,b,SPXL_SOXL,L02,vol_target_30,stress,0,sha256:acd49d7f6e3e633cb9e24e4f31a698d59c7e8a2578e14056df443689e9c014bb,sensitivity_evaluation,W4,False,L02__SPXL_SOXL__vol_target_30/stress/W4
OK,2025-09-19,2026-03-18,1000.0,1185.1296804339247,185.1296804339247,185.1296804339247,0.0,0.18512968043392464,0.41150770825401506,0.1379840189309085,2025-10-29,2025-11-20,46,0.3518999971047962,1.157572049200423,1.4987992813202808,2.9822852779789346,1211.1648449163,3.1770049060748824,3.0270049060748825,0.15000000000000002,0.0,104.29364234958386,80.83603808434111,8,15,15,1.0,13.935058224449476,195.09081514229266,79.86666666666666,77.0,67,53,0.06029779703946758,-0.08943003349592193,0.3217067278244334,0.6782932721755666,0.9651201834733003,0.14658468372899236,-0.046112224868051443,"{'2025-09': 0.0009842540678501877, '2025-10': 0.14658468372899236, '2025-11': -0.046112224868051443, '2025-12': 0.010020435444845655, '2026-01': 0.11489230911013038, '2026-02': 0.004197942654033282, '2026-03': -0.042689544666051016}","{'2025': 0.105759873101124, '2026': 0.07177852015031583}",986.7039812687501,1290.7044512490122,daily_mark_to_market_equity,L02__SPXL_SOXL__vol_target_30,b,SPXL_SOXL,L02,vol_target_30,stress,0,sha256:acd49d7f6e3e633cb9e24e4f31a698d59c7e8a2578e14056df443689e9c014bb,sensitivity_evaluation,W5,False,L02__SPXL_SOXL__vol_target_30/stress/W5
OK,2026-03-19,2026-09-18,1000.0,1413.9777008757924,413.9777008757924,413.9777008757924,0.0,0.41397770087579233,0.9964964995474477,0.1697929493329997,2026-06-22,2026-09-16,62,0.34400705949450194,2.171786278086138,3.295569842160455,5.868892103364718,2767.7744977620323,7.044550901207364,6.914550901207364,0.13,0.0,437.47195975997994,-23.494258884187342,13,13,13,1.0,,,70.07692307692308,64.0,74,49,0.05408061742333081,-0.0742616805541928,0.2904322314345248,0.7095677685654752,0.8712966943035746,0.3262056566577969,-0.11495682980556121,"{'2026-03': -0.020344540644749998, '2026-04': 0.3262056566577969, '2026-05': 0.1976961770964365, '2026-06': 0.03744675836095657, '2026-07': -0.11495682980556121, '2026-08': 0.004944423686805033, '2026-09': -0.015219726687222268}",{'2026': 0.41397770087579366},936.93379398445,1652.9554287972746,daily_mark_to_market_equity,L02__SPXL_SOXL__vol_target_30,b,SPXL_SOXL,L02,vol_target_30,stress,0,sha256:acd49d7f6e3e633cb9e24e4f31a698d59c7e8a2578e14056df443689e9c014bb,sensitivity_evaluation,W6,False,L02__SPXL_SOXL__vol_target_30/stress/W6
OK,2023-09-19,2024-03-18,1000.0,1239.4891915471298,239.48919154712985,239.48919154712985,0.0,0.23948919154712978,0.5422676043470007,0.14931422080737122,2023-09-19,2023-12-06,68,0.43288962967130934,1.2132723624811301,1.74024377439994,3.6317210873475654,4847.174252366129,4.966788401469789,4.846788401469789,0.11999999999999998,1.3442979186,14.638913760747734,223.50597986778237,8,12,12,1.0,0.2196122503426695,1.0980612517133477,42.166666666666664,35.0,45,46,0.10014433109113474,-0.07311382803479771,0.4670487253113432,0.5329512746886568,1.4011461759340296,0.21133701091206625,-0.10499777507373975,"{'2023-09': -0.10499777507373975, '2023-10': -0.01832657769363799, '2023-11': -0.027222840160069484, '2023-12': 0.15607438481645097, '2024-01': 0.02630234606362647, '2024-02': 0.21133701091206625, '2024-03': 0.009048738549944702}","{'2023': -0.011924133733449582, '2024': 0.2544473899869113}",850.9037934513502,1440.5753074489699,daily_mark_to_market_equity,L02__SPXL_SOXL__vol_target_50,b,SPXL_SOXL,L02,vol_target_50,base,0,sha256:acd49d7f6e3e633cb9e24e4f31a698d59c7e8a2578e14056df443689e9c014bb,sensitivity_evaluation,W1,False,L02__SPXL_SOXL__vol_target_50/base/W1
OK,2024-03-19,2024-09-18,1000.0,995.5335055540502,-4.46649444594982,-4.46649444594982,0.0,-0.00446649444594982,-0.008894856366314596,0.4193697328849838,2024-07-10,2024-08-07,49,0.5678877431376064,0.2719016992267439,0.33090270754275625,-0.02121005801998137,2156.5621118138097,2.2255697205098266,2.1555697205098268,0.06999999999999999,1.90799679456,-192.68315178897785,186.30866054846803,12,7,7,1.0,0.09104375869563547,0.2276093967390887,65.85714285714286,49.0,73,52,0.09377983167327497,-0.130446441774275,0.6690894300644554,0.3309105699355446,2.0072682901933656,0.14258705843364372,-0.10910826054949452,"{'2024-03': 0.07701221108578982, '2024-04': -0.09959074996602457, '2024-05': 0.14258705843364372, '2024-06': 0.09384046204759078, '2024-07': -0.10910826054949452, '2024-08': -0.058068665367153605, '2024-09': -0.021168708842747463}",{'2024': -0.0044664944459512634},805.3849396440502,1387.08742078806,daily_mark_to_market_equity,L02__SPXL_SOXL__vol_target_50,b,SPXL_SOXL,L02,vol_target_50,base,0,sha256:acd49d7f6e3e633cb9e24e4f31a698d59c7e8a2578e14056df443689e9c014bb,sensitivity_evaluation,W2,False,L02__SPXL_SOXL__vol_target_50/base/W2
OK,2024-09-19,2025-03-18,1000.0,982.4441977204003,-17.555802279599675,-17.555802279599675,0.0,-0.01755580227959963,-0.035301882647649774,0.16046818858802847,2024-12-06,2025-03-04,67,0.35685695662187383,0.07686919168238576,0.09518840223159439,-0.2199930276416383,1962.4658400481999,1.9724482885998784,1.9624482885998784,0.01,1.968094209,-19.52389648859979,0.0,1,1,1,,,,161.0,161.0,62,48,0.0736983899492969,-0.08798713254255786,0.8781075429604022,0.12189245703959783,2.6343226288812067,0.17229414806989274,-0.08417195850261272,"{'2024-09': 0.015149968231600086, '2024-10': -0.04001978098937531, '2024-11': 0.17229414806989274, '2024-12': -0.08417195850261272, '2025-01': 0.06616266645086166, '2025-02': -0.050118585577010655, '2025-03': -0.07280302227078639}","{'2024': 0.04626819494060008, '2025': -0.061001564922676055}",974.5238888316003,1170.2286731316003,daily_mark_to_market_equity,L02__SPXL_SOXL__vol_target_50,b,SPXL_SOXL,L02,vol_target_50,base,0,sha256:acd49d7f6e3e633cb9e24e4f31a698d59c7e8a2578e14056df443689e9c014bb,sensitivity_evaluation,W3,False,L02__SPXL_SOXL__vol_target_50/base/W3
OK,2025-03-19,2025-09-18,1000.0,1306.903322128455,306.9033221284551,306.9033221284551,0.0,0.30690332212845517,0.7061237014936792,0.11532435216409764,2025-08-14,2025-09-03,20,0.2831779218220667,2.017022678630702,2.0990286968525385,6.12293664124746,1977.2248715374546,2.02645282262481,1.9764528226248101,0.05,0.9062381660799999,24.543227041462764,281.4538569209124,12,5,5,1.0,,,23.8,14.0,44,30,0.08445476179821276,-0.06402886960915621,0.3259641965568346,0.6740358034431654,0.9778925896705039,0.2240362853779554,-0.03225630280016123,"{'2025-03': 0.0, '2025-04': 0.0, '2025-05': 0.0, '2025-06': 0.0749178511357993, '2025-07': -0.03225630280016123, '2025-08': 0.02639267255197697, '2025-09': 0.2240362853779554}",{'2025': 0.3069033221284547},1000.0,1306.903322128455,daily_mark_to_market_equity,L02__SPXL_SOXL__vol_target_50,b,SPXL_SOXL,L02,vol_target_50,base,0,sha256:acd49d7f6e3e633cb9e24e4f31a698d59c7e8a2578e14056df443689e9c014bb,sensitivity_evaluation,W4,False,L02__SPXL_SOXL__vol_target_50/base/W4
OK,2025-09-19,2026-03-18,1000.0,1302.695540104875,302.6955401048749,302.6955401048749,0.0,0.302695540104875,0.7101548561572448,0.22306888591292973,2025-10-29,2025-11-20,46,0.5907762621980498,1.2077094753247357,1.5725657256638814,3.1835675031543347,1980.653096273935,2.150354960124796,1.9803549601247963,0.17000000000000004,0.0,161.32401578857883,141.37152431629616,9,17,17,1.0,10.494118246541865,167.90589194466983,89.0,91.0,67,53,0.1070367923938551,-0.14845921666303186,0.5359515194485953,0.4640484805514047,1.6078545583457857,0.2448807311060739,-0.07983041134084079,"{'2025-09': 0.002790692786115212, '2025-10': 0.2448807311060739, '2025-11': -0.07983041134084079, '2025-12': 0.014486296900055207, '2026-01': 0.19636739084350996, '2026-02': 0.006489137081866714, '2026-03': -0.07163840290220391}","{'2025': 0.16533851493728502, '2026': 0.11786877667471707}",979.0712784676001,1503.8300980684949,daily_mark_to_market_equity,L02__SPXL_SOXL__vol_target_50,b,SPXL_SOXL,L02,vol_target_50,base,0,sha256:acd49d7f6e3e633cb9e24e4f31a698d59c7e8a2578e14056df443689e9c014bb,sensitivity_evaluation,W5,False,L02__SPXL_SOXL__vol_target_50/base/W5
OK,2026-03-19,2026-09-18,1000.0,1746.2679094299351,746.2679094299351,746.2679094299351,0.0,0.7462679094299352,2.042492306536531,0.2589789728672417,2026-06-22,2026-07-29,62,0.5581873965404314,2.2640839677135287,3.277406013858922,7.886710970869274,4113.357906420135,4.242793515064611,4.112793515064611,0.13,0.0,774.532227421455,-28.264317991519707,9,13,13,1.0,,,70.07692307692308,64.0,74,49,0.08784592165109295,-0.12116655832648215,0.4075412661748924,0.5924587338251076,1.2226237985246766,0.5824435438623219,-0.18461897226478807,"{'2026-03': -0.035023366226520025, '2026-04': 0.5824435438623219, '2026-05': 0.3293484760553198, '2026-06': 0.06155379590123866, '2026-07': -0.18461897226478807, '2026-08': 0.009845649237894216, '2026-09': -0.01583163598999937}",{'2026': 0.7462679094299343},895.62512875348,2241.85097102159,daily_mark_to_market_equity,L02__SPXL_SOXL__vol_target_50,b,SPXL_SOXL,L02,vol_target_50,base,0,sha256:acd49d7f6e3e633cb9e24e4f31a698d59c7e8a2578e14056df443689e9c014bb,sensitivity_evaluation,W6,False,L02__SPXL_SOXL__vol_target_50/base/W6
OK,2023-09-19,2024-03-18,1000.0,1229.5382337900853,229.53823379008531,229.53823379008531,0.0,0.2295382337900853,0.5173838815502918,0.15290963206140973,2023-09-19,2023-12-06,69,0.4332706971310801,1.1750121097243316,1.6877425051770272,3.383592482535739,4831.813891266075,12.197137380574707,12.077137380574708,0.11999999999999998,1.3347335406599998,7.055103122827028,221.14839712659824,8,12,12,1.0,0.20918000202676312,1.0459000101338156,42.166666666666664,35.0,44,47,0.10015010114048972,-0.07311825139933992,0.467192665208405,0.5328073347915949,1.4015779956252148,0.21093029001623975,-0.10648277497434988,"{'2023-09': -0.10648277497434988, '2023-10': -0.019818345709246565, '2023-11': -0.029698994057818395, '2023-12': 0.1543426634919436, '2024-01': 0.025951917451109807, '2024-02': 0.21093029001623975, '2024-03': 0.008893119780330805}","{'2023': -0.019041290157664648, '2024': 0.25340467590904336}",846.0495316509753,1429.1640625987852,daily_mark_to_market_equity,L02__SPXL_SOXL__vol_target_50,b,SPXL_SOXL,L02,vol_target_50,stress,0,sha256:acd49d7f6e3e633cb9e24e4f31a698d59c7e8a2578e14056df443689e9c014bb,sensitivity_evaluation,W1,False,L02__SPXL_SOXL__vol_target_50/stress/W1
OK,2024-03-19,2024-09-18,1000.0,992.340983778785,-7.6590162212149835,-7.6590162212149835,0.0,-0.007659016221215009,-0.01522834201639045,0.4205951519975071,2024-07-10,2024-08-07,49,0.5680762988100905,0.26078840516528834,0.31728311163932144,-0.03620665132269692,2155.8262571461746,5.453375798474827,5.383375798474827,0.06999999999999999,1.9057541472600001,-194.30112539962494,184.73635503115005,12,7,7,1.0,0.08969990431029959,0.22424976077574899,65.85714285714286,49.0,72,52,0.09378083663983539,-0.13045032470352058,0.6694297565453203,0.33057024345467967,2.0082892696359598,0.1424867816823998,-0.10925997783996977,"{'2024-03': 0.07615610401962503, '2024-04': -0.09982996420546775, '2024-05': 0.1424867816823998, '2024-06': 0.0937122550713918, '2024-07': -0.10925997783996977, '2024-08': -0.05971580432851875, '2024-09': -0.021193742425879347}",{'2024': -0.00765901622121401},802.5731352387851,1385.168139351385,daily_mark_to_market_equity,L02__SPXL_SOXL__vol_target_50,b,SPXL_SOXL,L02,vol_target_50,stress,0,sha256:acd49d7f6e3e633cb9e24e4f31a698d59c7e8a2578e14056df443689e9c014bb,sensitivity_evaluation,W2,False,L02__SPXL_SOXL__vol_target_50/stress/W2
OK,2024-09-19,2025-03-18,1000.0,979.5005252875001,-20.499474712499932,-20.499474712499932,0.0,-0.02049947471249991,-0.041158146459145395,0.16192014755679307,2024-12-06,2025-03-04,67,0.3575318561986253,0.060206608828769916,0.07457268058450688,-0.25418792583986055,1962.4921672205,4.916120721500045,4.906120721500045,0.01,1.968094209,-22.467568921499957,0.0,1,1,1,,,,161.0,161.0,62,48,0.07380645481781456,-0.08810136989923312,0.8793176524071918,0.12068234759280816,2.6379529572215756,0.17255709416460507,-0.08428151285397512,"{'2024-09': 0.01366496842899978, '2024-10': -0.04007840920354855, '2024-11': 0.17255709416460507, '2024-12': -0.08428151285397512, '2025-01': 0.06625670658002569, '2025-02': -0.05018539492718466, '2025-03': -0.07428377532187003}","{'2024': 0.04478319513800044, '2025': -0.062484417967573425}",973.0388890290002,1168.743673329,daily_mark_to_market_equity,L02__SPXL_SOXL__vol_target_50,b,SPXL_SOXL,L02,vol_target_50,stress,0,sha256:acd49d7f6e3e633cb9e24e4f31a698d59c7e8a2578e14056df443689e9c014bb,sensitivity_evaluation,W3,False,L02__SPXL_SOXL__vol_target_50/stress/W3
OK,2025-03-19,2025-09-18,1000.0,1303.2165035915527,303.21650359155274,303.21650359155274,0.0,0.30321650359155283,0.6965308559649717,0.11542065245456834,2025-08-14,2025-09-03,21,0.28300748613743504,1.9982243228023395,2.077696973218453,6.034715981519328,1976.8064462100126,4.987205063187387,4.937205063187387,0.05,0.9044591397399999,22.78911809774559,279.52292635406695,12,5,5,1.0,,,23.8,14.0,44,30,0.08445834147672437,-0.06402951131924506,0.3260134545430963,0.6739865454569036,0.978040363629289,0.22391889968713996,-0.032726562231505496,"{'2025-03': 0.0, '2025-04': 0.0, '2025-05': 0.0, '2025-06': 0.07277251448026423, '2025-07': -0.032726562231505496, '2025-08': 0.026140975883142792, '2025-09': 0.22391889968713996}",{'2025': 0.3032165035915515},1000.0,1303.2165035915527,daily_mark_to_market_equity,L02__SPXL_SOXL__vol_target_50,b,SPXL_SOXL,L02,vol_target_50,stress,0,sha256:acd49d7f6e3e633cb9e24e4f31a698d59c7e8a2578e14056df443689e9c014bb,sensitivity_evaluation,W4,False,L02__SPXL_SOXL__vol_target_50/stress/W4
OK,2025-09-19,2026-03-18,1000.0,1299.2084468379626,299.2084468379626,299.2084468379626,0.0,0.29920844683796255,0.700878547772448,0.22321948606191422,2025-10-29,2025-11-20,46,0.5909721567615696,1.1982702167711352,1.5610690622074606,3.1398627428881625,1978.4640732083374,5.114303627037306,4.944303627037306,0.17000000000000004,0.0,158.88340545885055,140.32504137911195,9,17,17,1.0,9.357953666751037,149.7272586680166,89.0,91.0,67,53,0.10705183498226312,-0.14847698280151544,0.5360245983565486,0.4639754016434514,1.6080737950696462,0.24430877220360148,-0.08004535860081918,"{'2025-09': 0.0015179271797249871, '2025-10': 0.24430877220360148, '2025-11': -0.08004535860081918, '2025-12': 0.014260515716560063, '2026-01': 0.19619506286783284, '2026-02': 0.00639837859710668, '2026-03': -0.07188011599657385}","{'2025': 0.16279411312758674, '2026': 0.11731598239989349}",977.839968469,1500.1991268038123,daily_mark_to_market_equity,L02__SPXL_SOXL__vol_target_50,b,SPXL_SOXL,L02,vol_target_50,stress,0,sha256:acd49d7f6e3e633cb9e24e4f31a698d59c7e8a2578e14056df443689e9c014bb,sensitivity_evaluation,W5,False,L02__SPXL_SOXL__vol_target_50/stress/W5
OK,2026-03-19,2026-09-18,1000.0,1739.7319517668004,739.7319517668004,739.7319517668004,0.0,0.7397319517668004,2.0198063649033893,0.2593294990952463,2026-06-22,2026-07-29,62,0.5581791647151401,2.2507226541037952,3.2464069495937293,7.788571573809105,4105.999051039675,10.391498593199804,10.261498593199804,0.13,0.0,769.8954029581648,-30.163451191364636,9,13,13,1.0,,,70.07692307692308,64.0,73,50,0.08785404710429301,-0.12116911691304244,0.40758737722479355,0.5924126227752065,1.2227621316743809,0.582002604668165,-0.18491116610045444,"{'2026-03': -0.03575883465630003, '2026-04': 0.582002604668165, '2026-05': 0.3286885394725385, '2026-06': 0.061292824144750124, '2026-07': -0.18491116610045444, '2026-08': 0.008223118333411383, '2026-09': -0.015831489672770482}",{'2026': 0.7397319517667984},894.8896603236999,2238.099110939763,daily_mark_to_market_equity,L02__SPXL_SOXL__vol_target_50,b,SPXL_SOXL,L02,vol_target_50,stress,0,sha256:acd49d7f6e3e633cb9e24e4f31a698d59c7e8a2578e14056df443689e9c014bb,sensitivity_evaluation,W6,False,L02__SPXL_SOXL__vol_target_50/stress/W6
OK,2023-09-19,2024-03-18,1000.0,1386.1540607558302,386.1540607558302,386.1540607558302,0.0,0.38615406075583025,0.9327217865923363,0.1653769014840516,2023-10-11,2023-12-06,45,0.519838892076922,1.5241253548729732,2.4713432025942073,5.639976189070666,2653.8737965154096,2.6728840352899046,2.6528840352899046,0.02,2.57921744112,-160.28007388243998,543.8549171971501,4,2,2,,,,34.5,34.5,64,47,0.10717521609772329,-0.07900857149168372,0.860383185817888,0.13961681418211203,2.581149557453664,0.25014251644035346,-0.09191103348993268,"{'2023-09': -0.0752889231274998, '2023-10': -0.09191103348993268, '2023-11': 0.021781610627862102, '2023-12': 0.25014251644035346, '2024-01': 0.02752749050057801, '2024-02': 0.24633004651661494, '2024-03': 0.0090970115408191}","{'2023': 0.07263525381582991, '2024': 0.2922883672009451}",827.8231428247102,1625.1139782158302,daily_mark_to_market_equity,L03__SPXL_SOXL__ema_120,b,SPXL_SOXL,L03,ema_120,base,0,sha256:acd49d7f6e3e633cb9e24e4f31a698d59c7e8a2578e14056df443689e9c014bb,sensitivity_evaluation,W1,False,L03__SPXL_SOXL__ema_120/base/W1
OK,2024-03-19,2024-09-18,1000.0,810.89899780271,-189.10100219728997,-189.10100219728997,0.0,-0.18910100219728998,-0.34187768852887324,0.4907035364753096,2024-07-10,2024-09-06,49,0.6617620961450946,-0.290105103473217,-0.33640386395957483,-0.6967092411531361,1786.5649545332797,1.805775656619896,1.785775656619896,0.02,3.13653958933,-295.60869528295996,103.37115349634003,3,2,2,,,,76.5,76.5,75,52,0.11056709087110028,-0.13462004342887124,0.9364845208105163,0.06351547918948375,2.8094535624315484,0.20633904838407569,-0.2110101344627886,"{'2024-03': 0.09990580502280011, '2024-04': -0.15432363818325456, '2024-05': 0.20633904838407569, '2024-06': 0.1207448283484227, '2024-07': -0.09784074709186874, '2024-08': -0.2110101344627886, '2024-09': -0.09410822581065803}",{'2024': -0.1891010021972901},749.30805352271,1471.2610575321303,daily_mark_to_market_equity,L03__SPXL_SOXL__ema_120,b,SPXL_SOXL,L03,ema_120,base,0,sha256:acd49d7f6e3e633cb9e24e4f31a698d59c7e8a2578e14056df443689e9c014bb,sensitivity_evaluation,W2,False,L03__SPXL_SOXL__ema_120/base/W2
OK,2024-09-19,2025-03-18,1000.0,703.3553476957702,-296.6446523042298,-296.6446523042298,0.0,-0.29664465230422976,-0.510342753855644,0.3585977240171172,2024-10-14,2025-03-11,105,0.3853744046285714,-1.670357969251567,-1.6219934329439532,-1.4231622781612618,3906.64309043727,3.9563488216997746,3.906348821699775,0.05,1.5804337874699999,-298.22508609169984,0.0,5,5,5,,,,43.6,5.0,65,53,0.040227513859017794,-0.11765179957166216,0.669078729569673,0.33092127043032704,2.007236188709019,0.055910870994276385,-0.11476238575789066,"{'2024-09': 0.015378516732390102, '2024-10': -0.10901112174030048, '2024-11': 0.055910870994276385, '2024-12': -0.05051301329247215, '2025-01': -0.06457091596976516, '2025-02': -0.06354365917896254, '2025-03': -0.11476238575789066}","{'2024': -0.09298069353355054, '2025': -0.22454203269841067}",703.3553476957702,1096.59004034239,daily_mark_to_market_equity,L03__SPXL_SOXL__ema_120,b,SPXL_SOXL,L03,ema_120,base,0,sha256:acd49d7f6e3e633cb9e24e4f31a698d59c7e8a2578e14056df443689e9c014bb,sensitivity_evaluation,W3,False,L03__SPXL_SOXL__ema_120/base/W3
OK,2025-03-19,2025-09-18,1000.0,1567.9016688981,567.9016688981001,567.9016688981001,0.0,0.5679016688981,1.453788675357452,0.09733991978830925,2025-07-30,2025-08-01,9,0.3386958541242953,2.8062503061154263,3.439111108666818,14.93517437161537,992.9250837906399,0.991933150639865,0.991933150639865,0.0,3.63608156874,0.0,564.2655873293602,2,0,0,,,,,,51,33,0.07425613082044236,-0.057654262753794816,0.6165383503316167,0.38346164966838325,1.8496150509948501,0.24775052053309343,-0.012580612547679948,"{'2025-03': 0.0, '2025-04': 0.0, '2025-05': -0.012580612547679948, '2025-06': 0.24775052053309343, '2025-07': 0.023773996865461555, '2025-08': 0.0456398636299693, '2025-09': 0.18878464315085974}",{'2025': 0.5679016688981007},964.1729188123201,1567.9016688981,daily_mark_to_market_equity,L03__SPXL_SOXL__ema_120,b,SPXL_SOXL,L03,ema_120,base,0,sha256:acd49d7f6e3e633cb9e24e4f31a698d59c7e8a2578e14056df443689e9c014bb,sensitivity_evaluation,W4,False,L03__SPXL_SOXL__ema_120/base/W4
OK,2025-09-19,2026-03-18,1000.0,1269.275620123595,269.275620123595,269.275620123595,0.0,0.26927562012359507,0.6223040717152593,0.2785441182398535,2025-10-29,2025-11-20,46,0.7224764748749704,1.0351067024695912,1.4087117865303722,2.2341310800158243,990.989876821945,0.9899998769448862,0.9899998769448862,0.0,1.22640064554,0.0,268.0492194780551,2,0,0,,,,,,67,57,0.11881000867072311,-0.13996837415786945,0.9918253369427326,0.00817466305726744,2.9754760108281983,0.2680645463062956,-0.12827647404483555,"{'2025-09': 0.02515786939705489, '2025-10': 0.2146625487735161, '2025-11': -0.08009934806744934, '2025-12': 0.005890211149013558, '2026-01': 0.2680645463062956, '2026-02': -0.003452711867330538, '2026-03': -0.12827647404483555}","{'2025': 0.15222660667359333, '2026': 0.10158506388592525}",925.061148317055,1606.716488403595,daily_mark_to_market_equity,L03__SPXL_SOXL__ema_120,b,SPXL_SOXL,L03,ema_120,base,0,sha256:acd49d7f6e3e633cb9e24e4f31a698d59c7e8a2578e14056df443689e9c014bb,sensitivity_evaluation,W5,False,L03__SPXL_SOXL__ema_120/base/W5
OK,2026-03-19,2026-09-18,1000.0,1855.7514858404702,855.7514858404702,855.7514858404702,0.0,0.8557514858404702,2.4350980891967096,0.5914436769017488,2026-06-22,2026-07-29,62,1.2230192919872946,1.6257706226289061,2.3199547765195616,4.117210453500596,1994.5864957760298,2.0035884994098483,1.9935884994098485,0.01,1.15026019988,1.7933747973800704,852.8078508432101,3,1,1,1.0,,,1.0,1.0,81,46,0.19568700135590955,-0.26153750469858794,0.9339868099618186,0.0660131900381814,2.801960429885456,0.8381967843823808,-0.4673434704886906,"{'2026-03': -0.014891812859409659, '2026-04': 0.8381967843823808, '2026-05': 0.5838184825206318, '2026-06': 0.13732505189298672, '2026-07': -0.4673434704886906, '2026-08': 0.013111392249425036, '2026-09': 0.05426410509074553}",{'2026': 0.85575148584047},912.25234267059,3599.7666874605898,daily_mark_to_market_equity,L03__SPXL_SOXL__ema_120,b,SPXL_SOXL,L03,ema_120,base,0,sha256:acd49d7f6e3e633cb9e24e4f31a698d59c7e8a2578e14056df443689e9c014bb,sensitivity_evaluation,W6,False,L03__SPXL_SOXL__ema_120/base/W6
OK,2023-09-19,2024-03-18,1000.0,1380.4007697106601,380.40076971066014,380.40076971066014,0.0,0.38040076971066017,0.9165682572334237,0.16810027658241722,2023-10-11,2023-12-06,45,0.5205923502152309,1.5065059087031896,2.4530942630132255,5.45250891829463,2652.6466666004494,6.6454475651498175,6.625447565149818,0.02,2.5708250258099996,-163.0124158660999,540.84236055095,4,2,2,,,,34.5,34.5,63,47,0.10728514663058775,-0.07906924311908503,0.8614628029897807,0.13853719701021927,2.584388408969343,0.2505065905007877,-0.09340994043726558,"{'2023-09': -0.07677392300374963, '2023-10': -0.09340994043726558, '2023-11': 0.020296610980829577, '2023-12': 0.2505065905007877, '2024-01': 0.027559529909428893, '2024-02': 0.24660906094827717, '2024-03': 0.009105277357283947}","{'2023': 0.06790211033066007, '2024': 0.292628562446833}",823.8865849948502,1618.5831429706602,daily_mark_to_market_equity,L03__SPXL_SOXL__ema_120,b,SPXL_SOXL,L03,ema_120,stress,0,sha256:acd49d7f6e3e633cb9e24e4f31a698d59c7e8a2578e14056df443689e9c014bb,sensitivity_evaluation,W1,False,L03__SPXL_SOXL__ema_120/stress/W1
OK,2024-03-19,2024-09-18,1000.0,808.9052546531301,-191.0947453468699,-191.0947453468699,0.0,-0.19109474534686988,-0.3451033304764426,0.49154545924301307,2024-07-10,2024-09-06,49,0.6625479058675013,-0.29629719105593644,-0.34350727400306413,-0.7020781577514856,1783.7132241748,4.474354166199896,4.454354166199896,0.02,3.13653958933,-296.85993844204995,102.62865350584997,3,2,2,,,,76.5,76.5,75,52,0.1107280478677859,-0.13475883274059608,0.9377800171755907,0.062219982824409326,2.813340051526773,0.20666899378464487,-0.21195404620535108,"{'2024-03': 0.09842080507200013, '2024-04': -0.1545322746129837, '2024-05': 0.20666899378464487, '2024-06': 0.12090483610659875, '2024-07': -0.09795641783329545, '2024-08': -0.21195404620535108, '2024-09': -0.09406735001525635}",{'2024': -0.1910947453468702},747.3143103731301,1469.7760575813304,daily_mark_to_market_equity,L03__SPXL_SOXL__ema_120,b,SPXL_SOXL,L03,ema_120,stress,0,sha256:acd49d7f6e3e633cb9e24e4f31a698d59c7e8a2578e14056df443689e9c014bb,sensitivity_evaluation,W2,False,L03__SPXL_SOXL__ema_120/stress/W2
OK,2024-09-19,2025-03-18,1000.0,699.0226660166452,-300.9773339833548,-300.9773339833548,0.0,-0.3009773339833548,-0.5164439241254721,0.3616563860265667,2024-10-14,2025-03-11,105,0.3854436065799341,-1.7027552165831388,-1.6560140087909618,-1.427996142414405,3888.0778178379,9.768364610824785,9.718364610824784,0.05,1.5804337874699999,-302.55776777082485,0.0,5,5,5,,,,43.6,5.0,65,53,0.04031660085648414,-0.11722756247745636,0.6706940696325862,0.32930593036741385,2.0120822088977586,0.05424004649156,-0.11612224155311712,"{'2024-09': 0.013887488083994981, '2024-10': -0.10910553329644768, '2024-11': 0.05424004649156, '2024-12': -0.05067284130652672, '2025-01': -0.06495102699633393, '2025-02': -0.0643934472405594, '2025-03': -0.11612224155311712}","{'2024': -0.09599373536442968, '2025': -0.22675019702607857}",699.0226660166452,1095.057036233995,daily_mark_to_market_equity,L03__SPXL_SOXL__ema_120,b,SPXL_SOXL,L03,ema_120,stress,0,sha256:acd49d7f6e3e633cb9e24e4f31a698d59c7e8a2578e14056df443689e9c014bb,sensitivity_evaluation,W3,False,L03__SPXL_SOXL__ema_120/stress/W3
OK,2025-03-19,2025-09-18,1000.0,1566.1190122913902,566.1190122913902,566.1190122913902,0.0,0.5661190122913902,1.448223495362094,0.09740912905067967,2025-07-30,2025-08-01,9,0.3389467647502796,2.7977337811219813,3.432992890883674,14.867430901765045,994.0445356941,2.4789140540998966,2.4789140540998966,0.0,3.63474386549,0.0,562.4842684259002,2,0,0,,,,,,51,33,0.07431732681097203,-0.057687319831697725,0.6170795130707641,0.38292048692923586,1.851238539212293,0.24705285113730602,-0.013323112409199811,"{'2025-03': 0.0, '2025-04': 0.0, '2025-05': -0.013323112409199811, '2025-06': 0.24705285113730602, '2025-07': 0.02380727662328974, '2025-08': 0.045681720429519235, '2025-09': 0.18890517897211612}",{'2025': 0.5661190122913917},963.4304189508,1566.1190122913902,daily_mark_to_market_equity,L03__SPXL_SOXL__ema_120,b,SPXL_SOXL,L03,ema_120,stress,0,sha256:acd49d7f6e3e633cb9e24e4f31a698d59c7e8a2578e14056df443689e9c014bb,sensitivity_evaluation,W4,False,L03__SPXL_SOXL__ema_120/stress/W4
OK,2025-09-19,2026-03-18,1000.0,1267.7906203081775,267.7906203081775,267.7906203081775,0.0,0.26779062030817746,0.6184549743220722,0.27886708884682565,2025-10-29,2025-11-20,46,0.7233970051822856,1.031422240438501,1.4047835526102261,2.2177409922394005,992.4748766373625,2.4749996923624584,2.4749996923624584,0.0,1.22640064554,0.0,266.5642196626375,2,0,0,,,,,,67,57,0.11894579550357731,-0.14015020456781035,0.9930327608220296,0.006967239177970375,2.9790982824660883,0.26841047609575686,-0.1284074342649939,"{'2025-09': 0.023672869581637945, '2025-10': 0.21497395083835413, '2025-11': -0.08019498534856018, '2025-12': 0.005897857132048712, '2026-01': 0.26841047609575686, '2026-02': -0.0034562246323619483, '2026-03': -0.1284074342649939}","{'2025': 0.15074160685817728, '2026': 0.10171615656582844}",923.5761485016375,1605.2314885881774,daily_mark_to_market_equity,L03__SPXL_SOXL__ema_120,b,SPXL_SOXL,L03,ema_120,stress,0,sha256:acd49d7f6e3e633cb9e24e4f31a698d59c7e8a2578e14056df443689e9c014bb,sensitivity_evaluation,W5,False,L03__SPXL_SOXL__ema_120/stress/W5
OK,2026-03-19,2026-09-18,1000.0,1852.0961563531553,852.0961563531553,852.0961563531553,0.0,0.8520961563531553,2.4216066334873076,0.5919499615252792,2026-06-22,2026-07-29,62,1.2244093691815998,1.6221251998418138,2.3155195597781706,4.090897526621248,1993.0929325750747,4.986513498524882,4.9765134985248825,0.01,1.14347611168,0.304180853450091,850.6484993880251,3,1,1,1.0,,,1.0,1.0,81,46,0.19588726780364007,-0.2617453160122367,0.9341527261495951,0.0658472738504049,2.802458178448785,0.839119635554187,-0.4678381089768182,"{'2026-03': -0.017123506798525145, '2026-04': 0.839119635554187, '2026-05': 0.5845758016454496, '2026-06': 0.13756298048743654, '2026-07': -0.4678381089768182, '2026-08': 0.01299465381085585, '2026-09': 0.05442381624623982}",{'2026': 0.8520961563531562},910.020648731475,3596.264184261475,daily_mark_to_market_equity,L03__SPXL_SOXL__ema_120,b,SPXL_SOXL,L03,ema_120,stress,0,sha256:acd49d7f6e3e633cb9e24e4f31a698d59c7e8a2578e14056df443689e9c014bb,sensitivity_evaluation,W6,False,L03__SPXL_SOXL__ema_120/stress/W6
OK,2023-09-19,2024-03-18,1000.0,1507.9114269769102,507.9114269769102,507.9114269769102,0.0,0.5079114269769103,1.2906278970580827,0.15147508801972587,2024-03-07,2024-03-15,7,0.4790258504979344,1.966648280931875,2.912446622899368,8.520397076052602,2784.81298898886,2.803823951279852,2.783823951279852,0.02,2.80450101819,-94.51418932870993,599.62111528743,4,2,2,,,,8.0,8.0,54,38,0.10726937809465031,-0.07910679981574398,0.7060458324355969,0.29395416756440307,2.1181374973067912,0.25042516485049116,-0.09451418932871003,"{'2023-09': -0.09451418932871003, '2023-10': 0.0, '2023-11': 0.03044549505087457, '2023-12': 0.25042516485049116, '2024-01': 0.027516625444727216, '2024-02': 0.2465406351957371, '2024-03': 0.009058058336978148}","{'2023': 0.16671391971691008, '2024': 0.2924431615102254}",888.56078583323,1768.3323568369105,daily_mark_to_market_equity,L03__SPXL_SOXL__ema_80,b,SPXL_SOXL,L03,ema_80,base,0,sha256:acd49d7f6e3e633cb9e24e4f31a698d59c7e8a2578e14056df443689e9c014bb,sensitivity_evaluation,W1,False,L03__SPXL_SOXL__ema_80/base/W1
OK,2024-03-19,2024-09-18,1000.0,896.70050827965,-103.29949172035003,-103.29949172035003,0.0,-0.10329949172035002,-0.19556881223537737,0.47070606239257196,2024-07-10,2024-08-05,49,0.6328350117007004,-0.01908493941241162,-0.021724156007958316,-0.415479697119923,1276.6877558747199,1.2859837396799219,1.2759837396799218,0.01,3.13653958933,-209.80718480602,103.37115349634003,2,1,1,,,,139.0,139.0,75,51,0.11056709087110028,-0.13462004342887124,0.9067538075900453,0.09324619240995469,2.720261422770136,0.20633904838407569,-0.198133958484917,"{'2024-03': 0.09990580502280011, '2024-04': -0.15432363818325456, '2024-05': 0.20633904838407569, '2024-06': 0.1207448283484227, '2024-07': -0.09784074709186874, '2024-08': -0.198133958484917, '2024-09': -0.014341273220857875}",{'2024': -0.10329949172035002},778.72955838965,1471.2610575321303,daily_mark_to_market_equity,L03__SPXL_SOXL__ema_80,b,SPXL_SOXL,L03,ema_80,base,0,sha256:acd49d7f6e3e633cb9e24e4f31a698d59c7e8a2578e14056df443689e9c014bb,sensitivity_evaluation,W2,False,L03__SPXL_SOXL__ema_80/base/W2
OK,2024-09-19,2025-03-18,1000.0,733.7799830884053,-266.2200169115947,-266.2200169115947,0.0,-0.2662200169115947,-0.4664062610560076,0.32126812385713155,2024-10-14,2025-03-10,105,0.3623276195396419,-1.5615887154241488,-1.4396771220664135,-1.4517663796095102,3164.6130701672246,3.204348474064851,3.164348474064851,0.04,1.5804337874699999,-267.8004506990648,0.0,4,4,4,,,,51.0,14.5,66,51,0.04074910782872676,-0.11933501026792492,0.6204664928768323,0.3795335071231677,1.8613994786304966,0.10285790593856947,-0.11587131310179033,"{'2024-09': 0.009983053407390141, '2024-10': -0.11587131310179033, '2024-11': 0.10285790593856947, '2024-12': -0.0489983732208541, '2025-01': -0.08230834105447349, '2025-02': -0.06385521786461512, '2025-03': -0.08799826301178226}","{'2024': -0.06345124778564959, '2025': -0.2165063683513797}",733.7799830884053,1081.10434897852,daily_mark_to_market_equity,L03__SPXL_SOXL__ema_80,b,SPXL_SOXL,L03,ema_80,base,0,sha256:acd49d7f6e3e633cb9e24e4f31a698d59c7e8a2578e14056df443689e9c014bb,sensitivity_evaluation,W3,False,L03__SPXL_SOXL__ema_80/base/W3
OK,2025-03-19,2025-09-18,1000.0,1589.84345011716,589.84345011716,589.84345011716,0.0,0.5898434501171601,1.5228039435536544,0.0975948975377201,2025-07-30,2025-08-01,9,0.3402001970821902,2.876682501222746,3.555936781772599,15.603315152465791,999.2184000999198,0.9982201799198631,0.9982201799198631,0.0,3.7054398570799996,0.0,586.1380102600801,2,0,0,,,,,,52,33,0.0744340067455318,-0.05767015677164278,0.623903437975964,0.37609656202403596,1.8717103139278923,0.2487266775972563,-0.0002988049240801871,"{'2025-03': 0.0, '2025-04': 0.0, '2025-05': -0.0002988049240801871, '2025-06': 0.2487266775972563, '2025-07': 0.024095712976347494, '2025-08': 0.045893081404354774, '2025-09': 0.18901935024978678}",{'2025': 0.5898434501171599},975.8635074359202,1589.84345011716,daily_mark_to_market_equity,L03__SPXL_SOXL__ema_80,b,SPXL_SOXL,L03,ema_80,base,0,sha256:acd49d7f6e3e633cb9e24e4f31a698d59c7e8a2578e14056df443689e9c014bb,sensitivity_evaluation,W4,False,L03__SPXL_SOXL__ema_80/base/W4
OK,2025-09-19,2026-03-18,1000.0,1283.9334243197352,283.9334243197352,283.9334243197352,0.0,0.2839334243197351,0.6605457018378933,0.2785441182398535,2025-10-29,2025-11-20,46,0.7212644023937325,1.0680836021646116,1.4451576312223593,2.371422186230116,1467.9178752780851,1.4774052808048885,1.4674052808048885,0.01,1.22640064554,-18.57687924668498,301.28390292088005,2,1,1,,,,178.0,178.0,67,57,0.11881000867072311,-0.13996837415786945,0.9828592804595802,0.017140719540419846,2.948577841378741,0.2680645463062956,-0.11820966699832847,"{'2025-09': 0.02515786939705489, '2025-10': 0.2146625487735161, '2025-11': -0.08009934806744934, '2025-12': 0.005890211149013558, '2026-01': 0.2680645463062956, '2026-02': -0.003452711867330538, '2026-03': -0.11820966699832847}","{'2025': 0.15222660667359333, '2026': 0.11430634988231136}",925.061148317055,1606.716488403595,daily_mark_to_market_equity,L03__SPXL_SOXL__ema_80,b,SPXL_SOXL,L03,ema_80,base,0,sha256:acd49d7f6e3e633cb9e24e4f31a698d59c7e8a2578e14056df443689e9c014bb,sensitivity_evaluation,W5,False,L03__SPXL_SOXL__ema_80/base/W5
OK,2026-03-19,2026-09-18,1000.0,1677.31020246141,677.31020246141,677.31020246141,0.0,0.6773102024614099,1.8074125085956259,0.5935493209828717,2026-06-22,2026-07-29,62,1.221973675997313,1.4611847407474419,2.072563972066422,3.0450923700876125,2072.67545175819,2.082750200029861,2.072750200029861,0.01,1.12213317144,577.17048989729,99.01757939268005,2,1,1,1.0,,,181.0,181.0,81,46,0.1965209868030966,-0.26240225203931766,0.9123713183503126,0.0876286816496874,2.7371139550509374,0.8280761851459604,-0.4694013506710484,"{'2026-03': -0.01668518765679028, '2026-04': 0.8280761851459604, '2026-05': 0.5869761488117242, '2026-06': 0.1383155627035706, '2026-07': -0.4694013506710484, '2026-08': 0.012624316690795556, '2026-09': -0.038655710223572615}",{'2026': 0.6773102024614095},910.45896787321,3585.24447047589,daily_mark_to_market_equity,L03__SPXL_SOXL__ema_80,b,SPXL_SOXL,L03,ema_80,base,0,sha256:acd49d7f6e3e633cb9e24e4f31a698d59c7e8a2578e14056df443689e9c014bb,sensitivity_evaluation,W6,False,L03__SPXL_SOXL__ema_80/base/W6
OK,2023-09-19,2024-03-18,1000.0,1501.8563558999451,501.85635589994513,501.85635589994513,0.0,0.5018563558999452,1.2721044801120995,0.15159035736199056,2024-03-07,2024-03-15,7,0.47959237013832556,1.9479034664669233,2.893372887211035,8.391724264323585,2783.486768777525,6.9725529535747235,6.952552953574724,0.02,2.7957325035199996,-97.34527888677479,596.4059022832,4,2,2,,,,8.0,8.0,54,38,0.10737844997644186,-0.07916699848056419,0.7068806328148324,0.2931193671851676,2.1206418984444966,0.2507865801486526,-0.0973452788867748,"{'2023-09': -0.0973452788867748, '2023-10': 0.0, '2023-11': 0.02896049556020741, '2023-12': 0.2507865801486526, '2024-01': 0.02754837543728672, '2024-02': 0.24681747698285084, '2024-03': 0.009066216467401134}","{'2023': 0.1617256339799451, '2024': 0.2927805946355402}",886.414074173075,1761.463053499945,daily_mark_to_market_equity,L03__SPXL_SOXL__ema_80,b,SPXL_SOXL,L03,ema_80,stress,0,sha256:acd49d7f6e3e633cb9e24e4f31a698d59c7e8a2578e14056df443689e9c014bb,sensitivity_evaluation,W1,False,L03__SPXL_SOXL__ema_80/stress/W1
OK,2024-03-19,2024-09-18,1000.0,894.7865326701301,-105.2134673298699,-105.2134673298699,0.0,-0.10521346732986991,-0.19899219277435842,0.4714735086524262,2024-07-10,2024-08-05,49,0.6338402242356999,-0.02467936292142724,-0.02807862466732987,-0.4220644195749648,1277.7437801668,3.1999593491999216,3.189959349199922,0.01,3.13653958933,-210.97866042504995,102.62865350584997,2,1,1,,,,139.0,139.0,75,51,0.1107280478677859,-0.13475883274059608,0.9081154069231281,0.09188459307687191,2.7243462207693834,0.20666899378464487,-0.1987722380862572,"{'2024-03': 0.09842080507200013, '2024-04': -0.1545322746129837, '2024-05': 0.20666899378464487, '2024-06': 0.12090483610659875, '2024-07': -0.09795641783329545, '2024-08': -0.1987722380862572, '2024-09': -0.014371508774052355}",{'2024': -0.1052134673298708},776.8155827801302,1469.7760575813304,daily_mark_to_market_equity,L03__SPXL_SOXL__ema_80,b,SPXL_SOXL,L03,ema_80,stress,0,sha256:acd49d7f6e3e633cb9e24e4f31a698d59c7e8a2578e14056df443689e9c014bb,sensitivity_evaluation,W2,False,L03__SPXL_SOXL__ema_80/stress/W2
OK,2024-09-19,2025-03-18,1000.0,730.0787822895202,-269.9212177104798,-269.9212177104798,0.0,-0.26992121771047983,-0.4718535019346103,0.3237388002725671,2024-10-14,2025-03-10,105,0.3624980090875996,-1.5891976872369835,-1.466197302751506,-1.457512975081579,3154.27695919615,7.92404503794983,7.88404503794983,0.04,1.5804337874699999,-271.5016514979498,0.0,4,4,4,,,,51.0,14.5,66,51,0.04083950375393108,-0.11904118464168123,0.621632352360976,0.378367647639024,1.8648970570829275,0.10232615931773181,-0.11662541421006734,"{'2024-09': 0.00924055347462005, '2024-10': -0.11662541421006734, '2024-11': 0.10232615931773181, '2024-12': -0.049099953810857855, '2025-01': -0.08287684800940398, '2025-02': -0.064753327566346, '2025-03': -0.08918259224594338}","{'2024': -0.06548865939813009, '2025': -0.21875877737415794}",730.0787822895202,1079.5810591880452,daily_mark_to_market_equity,L03__SPXL_SOXL__ema_80,b,SPXL_SOXL,L03,ema_80,stress,0,sha256:acd49d7f6e3e633cb9e24e4f31a698d59c7e8a2578e14056df443689e9c014bb,sensitivity_evaluation,W3,False,L03__SPXL_SOXL__ema_80/stress/W3
OK,2025-03-19,2025-09-18,1000.0,1587.7735349434802,587.7735349434802,587.7735349434802,0.0,0.5877735349434803,1.5162524672920772,0.0976278198053614,2025-07-30,2025-08-01,9,0.3402283750817077,2.8688443010523152,3.545606408324913,15.53094671493227,999.9999958957999,2.4937655757998956,2.4937655757998956,0.0,3.7028412792799994,0.0,584.0706936642001,2,0,0,,,,,,52,33,0.07445791885715036,-0.057674262580305724,0.6242905947182574,0.37570940528174257,1.8728717841547724,0.2479091070244419,-0.001041304750200145,"{'2025-03': 0.0, '2025-04': 0.0, '2025-05': -0.001041304750200145, '2025-06': 0.2479091070244419, '2025-07': 0.024133406475163266, '2025-08': 0.04592385748433547, '2025-09': 0.18905370681550293}",{'2025': 0.5877735349434807},975.1210076098,1587.7735349434802,daily_mark_to_market_equity,L03__SPXL_SOXL__ema_80,b,SPXL_SOXL,L03,ema_80,stress,0,sha256:acd49d7f6e3e633cb9e24e4f31a698d59c7e8a2578e14056df443689e9c014bb,sensitivity_evaluation,W4,False,L03__SPXL_SOXL__ema_80/stress/W4
OK,2025-09-19,2026-03-18,1000.0,1281.7323163985277,281.7323163985277,281.7323163985277,0.0,0.2817323163985277,0.6547742629965068,0.27886708884682565,2025-10-29,2025-11-20,46,0.722113700971801,1.0628475721742374,1.4390330715586848,2.3479796977984626,1468.6867669877126,3.67851320201243,3.6685132020124303,0.01,1.22640064554,-20.03548716921244,300.5414029222,2,1,1,,,,178.0,178.0,67,57,0.11894579550357731,-0.14015020456781035,0.9840646796465802,0.015935320353419824,2.9521940389397408,0.26841047609575686,-0.11882266650331696,"{'2025-09': 0.023672869581637945, '2025-10': 0.21497395083835413, '2025-11': -0.08019498534856018, '2025-12': 0.005897857132048712, '2026-01': 0.26841047609575686, '2026-02': -0.0034562246323619483, '2026-03': -0.11882266650331696}","{'2025': 0.15074160685817728, '2026': 0.11383155763176789}",923.5761485016375,1605.2314885881774,daily_mark_to_market_equity,L03__SPXL_SOXL__ema_80,b,SPXL_SOXL,L03,ema_80,stress,0,sha256:acd49d7f6e3e633cb9e24e4f31a698d59c7e8a2578e14056df443689e9c014bb,sensitivity_evaluation,W5,False,L03__SPXL_SOXL__ema_80/stress/W5
OK,2026-03-19,2026-09-18,1000.0,1673.9063065095602,673.9063065095602,673.9063065095602,0.0,0.6739063065095601,1.7960527484300899,0.5937995920065657,2026-06-22,2026-07-29,62,1.222554158693277,1.4577686973875261,2.0676987179966493,3.024678313369792,2071.0647326115004,5.188138351099871,5.1781383510998715,0.01,1.11880494066,574.817366048225,97.97013552067499,2,1,1,1.0,,,181.0,181.0,81,46,0.19662029633765954,-0.2625051107191855,0.9124207429552629,0.08757925704473712,2.7372622288657897,0.8278622462267768,-0.4696460663053048,"{'2026-03': -0.01742768765197522, '2026-04': 0.8278622462267768, '2026-05': 0.5873528416662361, '2026-06': 0.13843346748747232, '2026-07': -0.4696460663053048, '2026-08': 0.012566139935776377, '2026-09': -0.03959848295775703}",{'2026': 0.6739063065095576},909.716467878025,3583.5261739887,daily_mark_to_market_equity,L03__SPXL_SOXL__ema_80,b,SPXL_SOXL,L03,ema_80,stress,0,sha256:acd49d7f6e3e633cb9e24e4f31a698d59c7e8a2578e14056df443689e9c014bb,sensitivity_evaluation,W6,False,L03__SPXL_SOXL__ema_80/stress/W6
OK,2023-09-19,2024-03-18,1000.0,1203.0421468471102,203.0421468471102,203.0421468471102,0.0,0.2030421468471102,0.4521222898133854,0.09070870870583758,2023-09-19,2023-12-06,64,0.2522715913651707,1.6025688188187857,2.3827108422462624,4.984331672933284,3124.4913461871097,3.2840432682098357,3.1240432682098356,0.16000000000000003,1.5712381453199997,14.296385291210854,187.17452341057924,14,16,16,1.0,0.16531482830157002,1.1572037981109902,54.875,56.0,51,40,0.06501648150340222,-0.037294901267410974,0.4405029265906588,0.5594970734093412,1.321508779771977,0.13989415590972198,-0.06299866689771993,"{'2023-09': -0.06299866689771993, '2023-10': -0.010507345750964125, '2023-11': -0.0013705560273377104, '2023-12': 0.09516984146219709, '2024-01': 0.02507058556479369, '2024-02': 0.13989415590972198, '2024-03': 0.015369042166766489}","{'2023': 0.014001566280920086, '2024': 0.18643026485603897}",909.4311115268601,1282.0731707307502,daily_mark_to_market_equity,L04__SPXL_SOXL__vol_target_30,b,SPXL_SOXL,L04,vol_target_30,base,0,sha256:acd49d7f6e3e633cb9e24e4f31a698d59c7e8a2578e14056df443689e9c014bb,sensitivity_evaluation,W1,False,L04__SPXL_SOXL__vol_target_30/base/W1
OK,2024-03-19,2024-09-18,1000.0,1027.5500422941302,27.550042294130208,27.550042294130208,0.0,0.02755004229413016,0.05574149157346531,0.26620860850039474,2024-07-10,2024-08-05,49,0.34307657403306185,0.32938653154847436,0.4040620786427582,0.2093902668567634,2702.7120553945397,2.8921275406598683,2.7021275406598684,0.19,1.66584417479,-14.720592854127041,40.604790973467075,24,19,19,1.0,0.2379132219282893,0.8921745822310849,73.3157894736842,71.0,77,49,0.05378850594363693,-0.07172108184861159,0.5766529922388145,0.4233470077611855,1.7299589767164436,0.10362399805481015,-0.08408295833007295,"{'2024-03': 0.051433990287659936, '2024-04': -0.08408295833007295, '2024-05': 0.10362399805481015, '2024-06': 0.07497822054855119, '2024-07': -0.04064116209126856, '2024-08': -0.0503279317813633, '2024-09': -0.012836059630280672}",{'2024': 0.027550042294130384},906.9678037343,1249.1396936558,daily_mark_to_market_equity,L04__SPXL_SOXL__vol_target_30,b,SPXL_SOXL,L04,vol_target_30,base,0,sha256:acd49d7f6e3e633cb9e24e4f31a698d59c7e8a2578e14056df443689e9c014bb,sensitivity_evaluation,W2,False,L04__SPXL_SOXL__vol_target_30/base/W2
OK,2024-09-19,2025-03-18,1000.0,961.0779176906107,-38.92208230938934,-38.92208230938934,0.0,-0.038922082309389316,-0.07739814536605172,0.13697717768286366,2025-01-23,2025-03-04,37,0.2281559390982162,-0.2425488954945481,-0.3027487086886779,-0.5650440947560457,5072.886172538139,5.162851010619736,5.072851010619736,0.09,1.40268684123,-40.324769150619574,0.0,9,9,9,1.0,0.5674156351393764,0.7092695439242206,46.22222222222222,6.0,62,48,0.044674096496369664,-0.060697014807510885,0.5212455614494372,0.47875443855056277,1.563736684348312,0.10009206767159107,-0.04268687572522256,"{'2024-09': 0.009089980938959963, '2024-10': -0.032227035644571855, '2024-11': 0.10009206767159107, '2024-12': -0.023065886763629306, '2025-01': -0.013862308880204455, '2025-02': -0.03000534788596254, '2025-03': -0.04268687572522256}","{'2024': 0.04953684063525032, '2025': -0.0842837712024459}",961.0779176906107,1113.6181950672005,daily_mark_to_market_equity,L04__SPXL_SOXL__vol_target_30,b,SPXL_SOXL,L04,vol_target_30,base,0,sha256:acd49d7f6e3e633cb9e24e4f31a698d59c7e8a2578e14056df443689e9c014bb,sensitivity_evaluation,W3,False,L04__SPXL_SOXL__vol_target_30/base/W3
OK,2025-03-19,2025-09-18,1000.0,1203.25740877519,203.25740877519002,203.25740877519002,0.0,0.20325740877518994,0.4467308770517542,0.06132634206932308,2025-08-14,2025-08-21,18,0.16291646264151835,2.3356478646995633,2.512860770059456,7.284485948090157,1204.7723750250902,1.243988174689858,1.203988174689858,0.04,0.8318204498799999,8.862171719787323,193.5634166055229,19,4,4,1.0,,,45.75,42.0,48,27,0.04229504545560148,-0.034386954753419574,0.3041518397956895,0.6958481602043105,0.9124555193870684,0.12187507839821499,-0.0014851454879977188,"{'2025-03': 0.0, '2025-04': 0.0, '2025-05': 0.0, '2025-06': 0.04363679878950011, '2025-07': -0.0014851454879977188, '2025-08': 0.02922453317037421, '2025-09': 0.12187507839821499}",{'2025': 0.20325740877518972},1000.0,1203.25740877519,daily_mark_to_market_equity,L04__SPXL_SOXL__vol_target_30,b,SPXL_SOXL,L04,vol_target_30,base,0,sha256:acd49d7f6e3e633cb9e24e4f31a698d59c7e8a2578e14056df443689e9c014bb,sensitivity_evaluation,W4,False,L04__SPXL_SOXL__vol_target_30/base/W4
OK,2025-09-19,2026-03-18,1000.0,1109.3777613669304,109.37776136693037,109.37776136693037,0.0,0.10937776136693045,0.2344506393495176,0.14433016760544715,2025-10-29,2025-11-20,46,0.35497918904621906,0.7727289183687901,0.9806501493707573,1.6244049545513672,2244.47556949602,2.484274624709805,2.2442746247098047,0.24000000000000002,0.2371623316400001,50.31042543621742,58.830173599072886,19,24,24,1.0,0.7192365196618178,3.596182598309089,75.875,70.0,68,54,0.06594939144647882,-0.10331582598274258,0.5404653930781148,0.4595346069218852,1.6213961792343443,0.11090876602323063,-0.04306140674504211,"{'2025-09': -0.0020949283055998746, '2025-10': 0.11090876602323063, '2025-11': -0.03590505141827238, '2025-12': 0.004069486543241352, '2026-01': 0.08826476932314131, '2026-02': -0.007319214345340885, '2026-03': -0.04306140674504211}","{'2025': 0.07312719328107997, '2026': 0.033780308907291445}",964.4334869198901,1206.7107867967457,daily_mark_to_market_equity,L04__SPXL_SOXL__vol_target_30,b,SPXL_SOXL,L04,vol_target_30,base,0,sha256:acd49d7f6e3e633cb9e24e4f31a698d59c7e8a2578e14056df443689e9c014bb,sensitivity_evaluation,W5,False,L04__SPXL_SOXL__vol_target_30/base/W5
OK,2026-03-19,2026-09-18,1000.0,1394.8348709596203,394.8348709596203,394.8348709596203,0.0,0.39483487095962033,0.9429126947729733,0.14172198041680317,2026-06-03,2026-07-29,74,0.31409071834297697,2.2611997178810004,3.3385344238970407,6.653256552017372,2443.14448659303,2.652725867959807,2.442725867959807,0.21000000000000002,0.5958401375799999,372.3314019506706,21.907628871369326,16,21,21,1.0,,,71.04761904761905,70.0,73,51,0.05299879288196263,-0.07120414508363437,0.3751973966850508,0.6248026033149492,1.1255921900551527,0.3057722828185532,-0.09109428019210508,"{'2026-03': -0.019874807663499916, '2026-04': 0.3057722828185532, '2026-05': 0.17266683473296185, '2026-06': 0.016565032964364956, '2026-07': -0.09109428019210508, '2026-08': 0.01844157144689418, '2026-09': -0.012336432854036183}",{'2026': 0.3948348709596201},937.3750750577801,1553.052604904035,daily_mark_to_market_equity,L04__SPXL_SOXL__vol_target_30,b,SPXL_SOXL,L04,vol_target_30,base,0,sha256:acd49d7f6e3e633cb9e24e4f31a698d59c7e8a2578e14056df443689e9c014bb,sensitivity_evaluation,W6,False,L04__SPXL_SOXL__vol_target_30/base/W6
OK,2023-09-19,2024-03-18,1000.0,1197.21381284253,197.21381284252993,197.21381284252993,0.0,0.19721381284253003,0.4379608880236707,0.09300419225050949,2023-09-19,2023-12-06,64,0.2525141781212713,1.5624402351170266,2.3192445219151723,4.709044586334457,3119.523435852599,7.956020376099841,7.7960203760998406,0.16000000000000003,1.5655568286299997,10.046250150843889,185.60200586305615,14,16,16,1.0,0.15825087595607074,1.107756131692495,54.875,56.0,50,41,0.06502158074645115,-0.037297233132418506,0.44064572281524955,0.5593542771847504,1.3219371684457486,0.13951556519279928,-0.06388966686429987,"{'2023-09': -0.06388966686429987, '2023-10': -0.011354238804785477, '2023-11': -0.0022724568867000805, '2023-12': 0.09360476980827337, '2024-01': 0.024792907579628487, '2024-02': 0.13951556519279928, '2024-03': 0.015255242978992278}","{'2023': 0.00981101823438002, '2024': 0.185582045773097}",906.32714177505,1275.9607548109298,daily_mark_to_market_equity,L04__SPXL_SOXL__vol_target_30,b,SPXL_SOXL,L04,vol_target_30,stress,0,sha256:acd49d7f6e3e633cb9e24e4f31a698d59c7e8a2578e14056df443689e9c014bb,sensitivity_evaluation,W1,False,L04__SPXL_SOXL__vol_target_30/stress/W1
OK,2024-03-19,2024-09-18,1000.0,1023.5449225482151,23.54492254821514,23.54492254821514,0.0,0.023544922548215164,0.047544291956158835,0.2665271904593013,2024-07-10,2024-08-05,49,0.34317538381584756,0.30680685278566,0.37542608220898627,0.17838439625700722,2699.0436032155744,6.933968096624839,6.7439680966248385,0.19,1.66366248484,-17.7825979063518,39.66385796972679,24,19,19,1.0,0.23216815891767048,0.8706305959412642,81.42105263157895,84.0,77,50,0.053791637652524926,-0.07172417947869947,0.5767821364706026,0.4232178635293974,1.730346409411808,0.1034237720251312,-0.08431667285102284,"{'2024-03': 0.05056580182677495, '2024-04': -0.08431667285102284, '2024-05': 0.1034237720251312, '2024-06': 0.07480251570498875, '2024-07': -0.04092566807168796, '2024-08': -0.05238923541694007, '2024-09': -0.012845616646817604}",{'2024': 0.023544922548214275},906.103877976075,1247.25038099194,daily_mark_to_market_equity,L04__SPXL_SOXL__vol_target_30,b,SPXL_SOXL,L04,vol_target_30,stress,0,sha256:acd49d7f6e3e633cb9e24e4f31a698d59c7e8a2578e14056df443689e9c014bb,sensitivity_evaluation,W2,False,L04__SPXL_SOXL__vol_target_30/stress/W2
OK,2024-09-19,2025-03-18,1000.0,953.9692109541154,-46.0307890458846,-46.0307890458846,0.0,-0.046030789045884646,-0.09119271040352717,0.1383468036841773,2025-01-23,2025-03-04,37,0.22810917228133096,-0.30929186934821856,-0.3854671057068831,-0.6591602261495317,5057.245151792425,12.732896031174898,12.642896031174898,0.09,1.3978359552900002,-47.42862500117465,0.0,9,9,9,1.0,0.5315631902262508,0.6644539877828134,46.22222222222222,6.0,62,48,0.04470721893364882,-0.06074198762341121,0.5216381915078427,0.47836180849215726,1.5649145745235282,0.09877564753134949,-0.04352249920392581,"{'2024-09': 0.008198981057400134, '2024-10': -0.03299746946764259, '2024-11': 0.09877564753134949, '2024-12': -0.02527405964237206, '2025-01': -0.015233249705367324, '2025-02': -0.030024402058976052, '2025-03': -0.04352249920392581}","{'2024': 0.044156062317114664, '2025': -0.08637296149280971}",953.9692109541154,1107.1382489300904,daily_mark_to_market_equity,L04__SPXL_SOXL__vol_target_30,b,SPXL_SOXL,L04,vol_target_30,stress,0,sha256:acd49d7f6e3e633cb9e24e4f31a698d59c7e8a2578e14056df443689e9c014bb,sensitivity_evaluation,W3,False,L04__SPXL_SOXL__vol_target_30/stress/W3
OK,2025-03-19,2025-09-18,1000.0,1201.1956249610002,201.19562496100025,201.19562496100025,0.0,0.2011956249610003,0.4417873063398594,0.06134489471694815,2025-08-14,2025-08-21,18,0.16282774301079392,2.3159056847495236,2.4918775869959964,7.201696382043084,1204.8525512930496,3.047238700099912,3.007238700099912,0.04,0.8314351111,8.256180715885629,192.10800913401454,19,4,4,1.0,,,45.75,42.0,48,27,0.04229918832953583,-0.034388000339809155,0.3041918808601361,0.695808119139864,0.9125756425804079,0.12173557608084384,-0.001966086793012356,"{'2025-03': 0.0, '2025-04': 0.0, '2025-05': 0.0, '2025-06': 0.042725166730150255, '2025-07': -0.001966086793012356, '2025-08': 0.028982748033750783, '2025-09': 0.12173557608084384}",{'2025': 0.2011956249610014},1000.0,1201.1956249610002,daily_mark_to_market_equity,L04__SPXL_SOXL__vol_target_30,b,SPXL_SOXL,L04,vol_target_30,stress,0,sha256:acd49d7f6e3e633cb9e24e4f31a698d59c7e8a2578e14056df443689e9c014bb,sensitivity_evaluation,W4,False,L04__SPXL_SOXL__vol_target_30/stress/W4
OK,2025-09-19,2026-03-18,1000.0,1106.2557720945426,106.25577209454264,106.25577209454264,0.0,0.10625577209454273,0.2274115894237423,0.1444754367292076,2025-10-29,2025-11-20,46,0.35531043518310973,0.7562068080125165,0.9605879019832216,1.574050195466674,2232.2174939964375,5.809293415937368,5.579293415937368,0.23000000000000004,0.23668868548,45.266163245486254,60.7529201635764,19,23,23,1.0,0.6631496159262963,3.1499606756499072,73.08695652173913,70.0,68,54,0.0659564613627881,-0.1033257565337441,0.5409012261064728,0.45909877389352716,1.6227036783194184,0.1104676039917949,-0.04370443060752116,"{'2025-09': -0.0033595957440000213, '2025-10': 0.1104676039917949, '2025-11': -0.03613416585694107, '2025-12': 0.0038921105585971727, '2026-01': 0.08806726708830914, '2026-02': -0.007204842173036297, '2026-03': -0.04370443060752116}","{'2025': 0.07089776056528008, '2026': 0.03301716824078316}",962.6659015928251,1204.1195815690053,daily_mark_to_market_equity,L04__SPXL_SOXL__vol_target_30,b,SPXL_SOXL,L04,vol_target_30,stress,0,sha256:acd49d7f6e3e633cb9e24e4f31a698d59c7e8a2578e14056df443689e9c014bb,sensitivity_evaluation,W5,False,L04__SPXL_SOXL__vol_target_30/stress/W5
OK,2026-03-19,2026-09-18,1000.0,1390.88537736216,390.88537736215994,390.88537736215994,0.0,0.3908853773621599,0.9319479565194646,0.1420439681763841,2026-06-03,2026-07-29,74,0.31408936464872456,2.2432486428571954,3.313888412888539,6.560982268266483,2440.5456632194,6.308756448899868,6.098756448899868,0.21000000000000002,0.59487666106,369.60328488480917,20.687215816290884,16,21,21,1.0,,,71.04761904761905,70.0,73,51,0.05300281969053611,-0.07120583872258368,0.3752917928902703,0.6247082071097296,1.1258753786708107,0.30474677374281756,-0.09128596181181348,"{'2026-03': -0.020344540644749998, '2026-04': 0.30474677374281756, '2026-05': 0.17231745658420095, '2026-06': 0.016378100151355213, '2026-07': -0.09128596181181348, '2026-08': 0.01755783096983654, '2026-09': -0.012345884481230085}",{'2026': 0.3908853773621601},936.93379398445,1550.5918353344123,daily_mark_to_market_equity,L04__SPXL_SOXL__vol_target_30,b,SPXL_SOXL,L04,vol_target_30,stress,0,sha256:acd49d7f6e3e633cb9e24e4f31a698d59c7e8a2578e14056df443689e9c014bb,sensitivity_evaluation,W6,False,L04__SPXL_SOXL__vol_target_30/stress/W6
OK,2023-09-19,2024-03-18,1000.0,1368.984332188335,368.984332188335,368.984332188335,0.0,0.36898433218833504,0.884716789615801,0.12191166752354976,2023-12-27,2024-01-04,15,0.4033703698122082,1.769633002856794,2.5700246707405086,7.257031321016913,2948.646894103554,2.997806754504832,2.9478067545048323,0.05,2.68381603784,-27.538313799824337,393.83882995031934,8,5,5,1.0,0.48835881584421936,0.732538223766329,42.2,43.0,51,40,0.09721893583729102,-0.06754177467514177,0.662057003091566,0.337942996908434,1.9861710092746983,0.2245520706297317,-0.06299866689771993,"{'2023-09': -0.06299866689771993, '2023-10': -0.010507345750964125, '2023-11': -0.0023203170464705103, '2023-12': 0.14139850722319225, '2024-01': 0.029948636820326557, '2024-02': 0.2245520706297317, '2024-03': 0.028074156139345163}","{'2023': 0.05579891573042972, '2024': 0.2966335840961112}",899.33579016709,1534.535905052935,daily_mark_to_market_equity,L04__SPXL_SOXL__vol_target_50,b,SPXL_SOXL,L04,vol_target_50,base,0,sha256:acd49d7f6e3e633cb9e24e4f31a698d59c7e8a2578e14056df443689e9c014bb,sensitivity_evaluation,W1,False,L04__SPXL_SOXL__vol_target_50/base/W1
OK,2024-03-19,2024-09-18,1000.0,923.22644292793,-76.77355707207005,-76.77355707207005,0.0,-0.07677355707207001,-0.147373847942044,0.40915964707295494,2024-07-10,2024-08-05,49,0.5454002291628963,-0.013940470957186854,-0.016359176290610577,-0.3601866630698472,2731.89655111275,2.8912667495898687,2.7312667495898686,0.16,2.98405172752,-141.36394954921386,61.60634074962392,16,16,16,1.0,0.17871646669771582,0.2978607778295263,68.6875,49.0,76,50,0.09142637166764045,-0.11201837049198116,0.868859624395114,0.131140375604886,2.6065788731853416,0.17733095327965964,-0.17741436442305036,"{'2024-03': 0.08579870452494953, '2024-04': -0.14137313276264118, '2024-05': 0.17733095327965964, '2024-06': 0.11467744958389448, '2024-07': -0.07070076992099972, '2024-08': -0.17741436442305036, '2024-09': -0.012879966819633215}",{'2024': -0.07677355707207034},831.47710517424,1407.27880391898,daily_mark_to_market_equity,L04__SPXL_SOXL__vol_target_50,b,SPXL_SOXL,L04,vol_target_50,base,0,sha256:acd49d7f6e3e633cb9e24e4f31a698d59c7e8a2578e14056df443689e9c014bb,sensitivity_evaluation,W2,False,L04__SPXL_SOXL__vol_target_50/base/W2
OK,2024-09-19,2025-03-18,1000.0,894.0265022050605,-105.97349779493948,-105.97349779493948,0.0,-0.10597349779493948,-0.20332380723874266,0.18121386132737805,2025-01-23,2025-03-04,37,0.2896738619005456,-0.6451074330383018,-0.6587383845573747,-1.122010235582482,4863.38848129834,4.9432852404597405,4.86328524045974,0.08,2.21062578552,-108.18412358045946,0.0,8,8,8,1.0,0.3088440616366524,0.3088440616366524,41.5,5.5,62,48,0.045423109468492484,-0.10182396074166689,0.5600136231774536,0.4399863768225464,1.680040869532361,0.10332942356494068,-0.06122875843670472,"{'2024-09': 0.009089980938959963, '2024-10': -0.06122875843670472, '2024-11': 0.10332942356494068, '2024-12': -0.020991667496350508, '2025-01': -0.059336271716527444, '2025-02': -0.0299049493911695, '2025-03': -0.04254042460427432}","{'2024': 0.023248836101180226, '2025': -0.1262863238510854}",894.0265022050605,1091.8925711839904,daily_mark_to_market_equity,L04__SPXL_SOXL__vol_target_50,b,SPXL_SOXL,L04,vol_target_50,base,0,sha256:acd49d7f6e3e633cb9e24e4f31a698d59c7e8a2578e14056df443689e9c014bb,sensitivity_evaluation,W3,False,L04__SPXL_SOXL__vol_target_50/base/W3
OK,2025-03-19,2025-09-18,1000.0,1295.4741424881004,295.47414248810037,295.47414248810037,0.0,0.29547414248810044,0.6764736211767728,0.086496358609362,2025-07-30,2025-08-01,9,0.235205041227607,2.302270096380755,2.447622372683413,7.820833524702324,1615.6539052555702,1.644677928369804,1.614677928369804,0.03,1.39600199647,11.818684069442916,282.25945642218727,11,3,3,1.0,,,28.0,14.0,48,27,0.058733702452212766,-0.045859325221050296,0.4502734597670742,0.5497265402329258,1.3508203793012226,0.15749673238022766,-0.002772615979233839,"{'2025-03': 0.0, '2025-04': 0.0, '2025-05': 0.0, '2025-06': 0.07317138822170022, '2025-07': -0.002772615979233839, '2025-08': 0.0457929120315681, '2025-09': 0.15749673238022766}",{'2025': 0.29547414248810044},1000.0,1295.4741424881004,daily_mark_to_market_equity,L04__SPXL_SOXL__vol_target_50,b,SPXL_SOXL,L04,vol_target_50,base,0,sha256:acd49d7f6e3e633cb9e24e4f31a698d59c7e8a2578e14056df443689e9c014bb,sensitivity_evaluation,W4,False,L04__SPXL_SOXL__vol_target_50/base/W4
OK,2025-09-19,2026-03-18,1000.0,1158.0182058885202,158.01820588852024,158.01820588852024,0.0,0.15801820588852022,0.34675668496131373,0.23309477949430235,2025-10-29,2025-11-20,46,0.5444769241245668,0.8216441079937458,1.0911832706032494,1.4876209828190925,2802.0812832097195,2.9817789645797412,2.801778964579741,0.18000000000000002,0.40427229309999996,51.710498789718926,105.90343480570128,20,18,18,1.0,0.8442000782238003,2.954700273783301,84.83333333333333,80.5,68,54,0.08526169753535418,-0.12874293957176908,0.8438416265114259,0.1561583734885741,2.5315248795342775,0.17440097217463335,-0.07290653528727342,"{'2025-09': -0.002459910670099763, '2025-10': 0.17440097217463335, '2025-11': -0.0642039559145956, '2025-12': 0.005526332206469808, '2026-01': 0.14796400180985803, '2026-02': -0.012943109429096267, '2026-03': -0.07290653528727342}","{'2025': 0.10235484042229026, '2026': 0.05049496171750456}",923.4861607278049,1334.5423187641802,daily_mark_to_market_equity,L04__SPXL_SOXL__vol_target_50,b,SPXL_SOXL,L04,vol_target_50,base,0,sha256:acd49d7f6e3e633cb9e24e4f31a698d59c7e8a2578e14056df443689e9c014bb,sensitivity_evaluation,W5,False,L04__SPXL_SOXL__vol_target_50/base/W5
OK,2026-03-19,2026-09-18,1000.0,1701.8053104879102,701.8053104879102,701.8053104879102,0.0,0.7018053104879103,1.8898373319008308,0.22668628059762697,2026-06-03,2026-07-29,74,0.49964497146331754,2.3649427331658863,3.391026620382928,8.33679624068354,3839.34540370776,4.039060753549757,3.839060753549757,0.2,1.28523217146,647.2958435500688,53.224234766381585,16,20,20,1.0,,,77.4,77.0,74,50,0.0810450818132118,-0.11702344646364493,0.5621570240280955,0.43784297597190447,1.6864710720842868,0.5259991491807734,-0.147157546721722,"{'2026-03': -0.028286567722079825, '2026-04': 0.5259991491807734, '2026-05': 0.28995352699004484, '2026-06': 0.025687837177142514, '2026-07': -0.147157546721722, '2026-08': 0.029720021790003104, '2026-09': -0.012265691551648361}",{'2026': 0.7018053104879105},915.70179619792,2023.74425245957,daily_mark_to_market_equity,L04__SPXL_SOXL__vol_target_50,b,SPXL_SOXL,L04,vol_target_50,base,0,sha256:acd49d7f6e3e633cb9e24e4f31a698d59c7e8a2578e14056df443689e9c014bb,sensitivity_evaluation,W6,False,L04__SPXL_SOXL__vol_target_50/base/W6
OK,2023-09-19,2024-03-18,1000.0,1362.5476915025104,362.54769150251036,362.54769150251036,0.0,0.3625476915025103,0.8668774812013365,0.12179956527006486,2023-12-27,2024-01-04,15,0.4034568516938908,1.7457294391594451,2.5332634455814196,7.117246102473506,2944.03566377685,7.404860050049847,7.354860050049847,0.05,2.67237546256,-30.92811554949371,390.8034315894439,8,5,5,1.0,0.471505599548523,0.7072583993227846,42.2,43.0,50,41,0.09722057043398391,-0.06754345674309858,0.6621458634321048,0.3378541365678952,1.9864375902963138,0.22455578188577752,-0.06388966686429987,"{'2023-09': -0.06388966686429987, '2023-10': -0.011354238804785477, '2023-11': -0.0038261456660116933, '2023-12': 0.14000309809131695, '2024-01': 0.02994357322940555, '2024-02': 0.22455578188577752, '2024-03': 0.027899816721901116}","{'2023': 0.05101501005211051, '2024': 0.2964112581369822}",895.8329529064251,1527.5857303608102,daily_mark_to_market_equity,L04__SPXL_SOXL__vol_target_50,b,SPXL_SOXL,L04,vol_target_50,stress,0,sha256:acd49d7f6e3e633cb9e24e4f31a698d59c7e8a2578e14056df443689e9c014bb,sensitivity_evaluation,W1,False,L04__SPXL_SOXL__vol_target_50/stress/W1
OK,2024-03-19,2024-09-18,1000.0,919.3924802601202,-80.60751973987976,-80.60751973987976,0.0,-0.08060751973987978,-0.1544262720860391,0.4095472108461776,2024-07-10,2024-08-05,49,0.5456154943296145,-0.028829116670938952,-0.0337967699025997,-0.3770658619966533,2728.0472498253002,6.9761955605998445,6.816195560599844,0.16,2.9781677007200003,-144.31052433634355,60.72483689574369,16,16,16,1.0,0.17322225569434724,0.28870375949057875,78.3125,60.0,76,51,0.0914395067382594,-0.11203211147624814,0.8690268498351842,0.1309731501648158,2.607080549505551,0.17699458227575837,-0.17898169993018653,"{'2024-03': 0.08434247959379992, '2024-04': -0.14172951866244787, '2024-05': 0.17699458227575837, '2024-06': 0.11466430201181632, '2024-07': -0.0708782681449075, '2024-08': -0.17898169993018653, '2024-09': -0.012888327600326654}",{'2024': -0.08060751973987978},829.2381570749451,1404.410602011595,daily_mark_to_market_equity,L04__SPXL_SOXL__vol_target_50,b,SPXL_SOXL,L04,vol_target_50,stress,0,sha256:acd49d7f6e3e633cb9e24e4f31a698d59c7e8a2578e14056df443689e9c014bb,sensitivity_evaluation,W2,False,L04__SPXL_SOXL__vol_target_50/stress/W2
OK,2024-09-19,2025-03-18,1000.0,887.3653934401952,-112.63460655980475,-112.63460655980475,0.0,-0.11263460655980473,-0.21532232304115284,0.18236743256995314,2025-01-23,2025-03-04,37,0.28981430286490417,-0.6974504160510062,-0.7112271206202808,-1.1807060065867778,4844.453749596725,12.190492856374886,12.110492856374886,0.08,2.19870498657,-114.8333115463746,0.0,8,8,8,1.0,0.28246319317231505,0.28246319317231505,41.5,5.5,62,48,0.045327638149813776,-0.10188867755608277,0.5605634457064549,0.4394365542935451,1.6816903371193648,0.10173232537944732,-0.06190877864887123,"{'2024-09': 0.008198981057400134, '2024-10': -0.06190877864887123, '2024-11': 0.10173232537944732, '2024-12': -0.023466635635583932, '2025-01': -0.06029132255408787, '2025-02': -0.029918253860278243, '2025-03': -0.0433646752583593}","{'2024': 0.01754706068916989, '2025': -0.12793675327488485}",887.3653934401952,1085.2862627883453,daily_mark_to_market_equity,L04__SPXL_SOXL__vol_target_50,b,SPXL_SOXL,L04,vol_target_50,stress,0,sha256:acd49d7f6e3e633cb9e24e4f31a698d59c7e8a2578e14056df443689e9c014bb,sensitivity_evaluation,W3,False,L04__SPXL_SOXL__vol_target_50/stress/W3
OK,2025-03-19,2025-09-18,1000.0,1292.5311230540049,292.53112305400487,292.53112305400487,0.0,0.29253112305400486,0.6688807038059212,0.08650119818643054,2025-07-30,2025-08-01,9,0.23519044995127406,2.2831711095972174,2.4288643315743,7.7326177883030605,1615.379337344275,4.062363079974886,4.0323630799748855,0.03,1.39493143398,10.894837077154284,280.24135454287074,11,3,3,1.0,,,28.0,14.0,48,27,0.05873536525161205,-0.04586052005249508,0.45035306018343335,0.5496469398165666,1.3510591805503003,0.15750103448270125,-0.003584915171687797,"{'2025-03': 0.0, '2025-04': 0.0, '2025-05': 0.0, '2025-06': 0.07163173693470481, '2025-07': -0.003584915171687797, '2025-08': 0.04576417683930556, '2025-09': 0.15750103448270125}",{'2025': 0.29253112305400464},1000.0,1292.5311230540049,daily_mark_to_market_equity,L04__SPXL_SOXL__vol_target_50,b,SPXL_SOXL,L04,vol_target_50,stress,0,sha256:acd49d7f6e3e633cb9e24e4f31a698d59c7e8a2578e14056df443689e9c014bb,sensitivity_evaluation,W4,False,L04__SPXL_SOXL__vol_target_50/stress/W4
OK,2025-09-19,2026-03-18,1000.0,1153.6641904753653,153.66419047536533,153.66419047536533,0.0,0.15366419047536528,0.336501573395396,0.2333016409367914,2025-10-29,2025-11-20,46,0.5448029994776068,0.807414971547686,1.0728724340496003,1.4423455062048391,2797.7397492450505,7.172467544874834,6.992467544874835,0.18000000000000002,0.40343860024,48.13004864842355,105.13070322670164,20,18,18,1.0,0.7620761548472906,2.667266541965517,84.83333333333333,80.5,68,54,0.08539472641614809,-0.12891791395276142,0.8441205995960778,0.15587940040392223,2.5323617987882336,0.1743292313617213,-0.07387153554182257,"{'2025-09': -0.003944910505250143, '2025-10': 0.1743292313617213, '2025-11': -0.06455264450469322, '2025-12': 0.00524751495868947, '2026-01': 0.14762475766766947, '2026-02': -0.01316923316714802, '2026-03': -0.07387153554182257}","{'2025': 0.09993137463392765, '2026': 0.04885106205768652}",921.8082515322751,1330.9193337893528,daily_mark_to_market_equity,L04__SPXL_SOXL__vol_target_50,b,SPXL_SOXL,L04,vol_target_50,stress,0,sha256:acd49d7f6e3e633cb9e24e4f31a698d59c7e8a2578e14056df443689e9c014bb,sensitivity_evaluation,W5,False,L04__SPXL_SOXL__vol_target_50/stress/W5
OK,2026-03-19,2026-09-18,1000.0,1695.7639031042754,695.7639031042754,695.7639031042754,0.0,0.6957639031042755,1.8693977323367883,0.22720323917172902,2026-06-03,2026-07-29,74,0.4997510325992131,2.3503674014444167,3.3637878269684682,8.227865672829713,3833.8672952964753,9.78290505332479,9.58290505332479,0.2,1.2825221975999999,642.7732402887915,51.70814061788387,16,20,20,1.0,,,77.4,77.0,73,51,0.08109148239850494,-0.11702769260487988,0.5623134274649549,0.43768657253504506,1.686940282394865,0.5246481170710529,-0.14748134663368073,"{'2026-03': -0.028880567665200196, '2026-04': 0.5246481170710529, '2026-05': 0.28929812116994946, '2026-06': 0.0253630285851405, '2026-07': -0.14748134663368073, '2026-08': 0.02884924125602195, '2026-09': -0.012274003491877683}",{'2026': 0.6957639031042757},915.1077962548,2019.6198250917002,daily_mark_to_market_equity,L04__SPXL_SOXL__vol_target_50,b,SPXL_SOXL,L04,vol_target_50,stress,0,sha256:acd49d7f6e3e633cb9e24e4f31a698d59c7e8a2578e14056df443689e9c014bb,sensitivity_evaluation,W6,False,L04__SPXL_SOXL__vol_target_50/stress/W6
OK,2023-09-19,2024-03-18,1000.0,1123.4250342432404,123.42503424324036,123.42503424324036,0.0,0.12342503424324036,0.26472398414285014,0.0677021214829937,2023-12-27,2024-01-31,38,0.16076409655499516,1.539642944662654,1.8535978633945625,3.9101283437528163,1527.27379265107,1.5570143115899089,1.5270143115899089,0.03,1.31206306483,66.51320611585007,55.599765062560074,4,3,3,1.0,,,47.0,45.0,40,31,0.04019387710384481,-0.028012333643046117,0.2538064671338651,0.7461935328661349,0.7614194014015955,0.09051289149334951,-0.059969023343783734,"{'2023-09': 0.0, '2023-10': 0.0, '2023-11': -0.00021557988256992733, '2023-12': 0.09051289149334951, '2024-01': -0.059969023343783734, '2024-02': 0.08904484067249041, '2024-03': 0.006512103520051271}","{'2023': 0.09027779885226095, '2024': 0.030402559261386575}",987.7328751274301,1180.9020691216804,daily_mark_to_market_equity,L05__SPXL_SOXL__atr_2.5,b,SPXL_SOXL,L05,atr_2.5,base,0,sha256:acd49d7f6e3e633cb9e24e4f31a698d59c7e8a2578e14056df443689e9c014bb,sensitivity_evaluation,W1,False,L05__SPXL_SOXL__atr_2.5/base/W1
OK,2024-03-19,2024-09-18,1000.0,988.5327132814602,-11.467286718539754,-11.467286718539754,0.0,-0.011467286718539804,-0.02275688293145528,0.05731754322981697,2024-06-18,2024-07-19,63,0.10875088088807136,-0.15603075211180759,-0.11629401779850622,-0.3970317227347071,1755.2108419632896,1.79520004268985,1.75520004268985,0.04,1.1271866141500002,-12.594473332689855,0.0,4,4,4,1.0,0.7600676366865518,0.7600676366865518,30.75,26.0,34,27,0.027483589344222903,-0.04283595179466382,0.1664783389161828,0.8335216610838172,0.49943501674854834,0.045034363966351076,-0.023743531389708306,"{'2024-03': -0.0017320017633101203, '2024-04': -0.01601697636022914, '2024-05': -0.013580168443528162, '2024-06': 0.045034363966351076, '2024-07': -0.023743531389708306, '2024-08': 0.0, '2024-09': 0.0}",{'2024': -0.011467286718540914},965.8906662735402,1048.63807126354,daily_mark_to_market_equity,L05__SPXL_SOXL__atr_2.5,b,SPXL_SOXL,L05,atr_2.5,base,0,sha256:acd49d7f6e3e633cb9e24e4f31a698d59c7e8a2578e14056df443689e9c014bb,sensitivity_evaluation,W2,False,L05__SPXL_SOXL__atr_2.5/base/W2
OK,2024-09-19,2025-03-18,1000.0,927.6938846324299,-72.3061153675701,-72.3061153675701,0.0,-0.07230611536757015,-0.1412659353421144,0.08752495886841216,2024-10-14,2025-02-25,105,0.09235344579652259,-1.6180429473021403,-1.1910242576118963,-1.614007446201696,1828.4609775123297,1.8783902940099184,1.8283902940099184,0.05,0.25577725644,-72.56189262400991,0.0,5,5,5,,,,26.0,32.0,48,36,0.007570631585942511,-0.03854472292871158,0.1674826415078544,0.8325173584921456,0.5024479245235633,0.012556524904319133,-0.040392015435958606,"{'2024-09': 0.006115921055720008, '2024-10': -0.02602477291115224, '2024-11': 0.012556524904319133, '2024-12': -0.017471143784757892, '2025-01': -0.040392015435958606, '2025-02': -0.008368491452558025, '2025-03': 0.0}","{'2024': -0.025098983929289664, '2025': -0.0484224866525893}",927.6938846324299,1016.67864085572,daily_mark_to_market_equity,L05__SPXL_SOXL__atr_2.5,b,SPXL_SOXL,L05,atr_2.5,base,0,sha256:acd49d7f6e3e633cb9e24e4f31a698d59c7e8a2578e14056df443689e9c014bb,sensitivity_evaluation,W3,False,L05__SPXL_SOXL__atr_2.5/base/W3
OK,2025-03-19,2025-09-18,1000.0,1080.5990519183001,80.59905191830012,80.59905191830012,0.0,0.08059905191830019,0.16732340892380582,0.05341888279794749,2025-07-30,2025-08-21,35,0.09731039312405482,1.6292877290505599,1.7637023451871205,3.1322895605415932,1440.0485498579098,1.4695939432899048,1.4395939432899048,0.03,1.09581674159,33.47968279458004,46.02355238213006,5,3,3,1.0,1.3190172994009117,2.6380345988018234,47.333333333333336,60.0,41,27,0.024795250232075627,-0.01852685387459241,0.19343705820577858,0.8065629417942214,0.5803111746173356,0.052739450884740746,-0.02199161845804709,"{'2025-03': 0.0, '2025-04': 0.0, '2025-05': 0.0, '2025-06': 0.052739450884740746, '2025-07': 0.011438032268934917, '2025-08': -0.02199161845804709, '2025-09': 0.03767613142111603}",{'2025': 0.08059905191830152},991.9207537631501,1082.4089819647402,daily_mark_to_market_equity,L05__SPXL_SOXL__atr_2.5,b,SPXL_SOXL,L05,atr_2.5,base,0,sha256:acd49d7f6e3e633cb9e24e4f31a698d59c7e8a2578e14056df443689e9c014bb,sensitivity_evaluation,W4,False,L05__SPXL_SOXL__atr_2.5/base/W4
OK,2025-09-19,2026-03-18,1000.0,923.6894210532004,-76.31057894679964,-76.31057894679964,0.0,-0.0763105789467996,-0.14877092953468407,0.13375805813441433,2025-10-08,2026-03-03,110,0.1662744413783578,-0.8861746042823415,-0.8019947422085725,-1.1122390053329214,2980.90191728546,3.0608281169198004,2.9808281169198003,0.08,0.5506146301199999,-76.86119357691982,0.0,8,8,8,1.0,0.6992567257921114,0.23308557526403711,19.0,24.0,37,39,0.03215143584067093,-0.06774630428527795,0.17370125410372014,0.8262987458962798,0.5211037623111604,0.020437830790354994,-0.0495331254211383,"{'2025-09': 0.011262755232205324, '2025-10': 0.019651118222436148, '2025-11': -0.0495331254211383, '2025-12': -0.03044393840069337, '2026-01': 0.020437830790354994, '2026-02': -0.03717794423270837, '2026-03': -0.010609206640587399}","{'2025': -0.049777031662029625, '2026': -0.027923496030809902}",920.1196138762804,1062.197025342205,daily_mark_to_market_equity,L05__SPXL_SOXL__atr_2.5,b,SPXL_SOXL,L05,atr_2.5,base,0,sha256:acd49d7f6e3e633cb9e24e4f31a698d59c7e8a2578e14056df443689e9c014bb,sensitivity_evaluation,W5,False,L05__SPXL_SOXL__atr_2.5/base/W5
OK,2026-03-19,2026-09-18,1000.0,1187.48785982782,187.4878598278201,187.4878598278201,0.0,0.18748785982782,0.40913466709256596,0.1116470135746509,2026-06-03,2026-06-05,74,0.22374686004957817,1.6382113860538001,1.2823577511464226,3.664537491806755,1525.16545896566,1.5653545121798969,1.5253545121798968,0.04,0.0,187.48785982782013,0.0,4,4,4,1.0,5.940291616362956,5.940291616362956,40.25,40.5,46,30,0.04304824950558839,-0.09759975512353825,0.1592051739764507,0.8407948260235493,0.4776155219293521,0.15173293487977157,-0.02711664318690199,"{'2026-03': 0.0, '2026-04': 0.09346867462536035, '2026-05': 0.15173293487977157, '2026-06': -0.02711664318690199, '2026-07': -0.01697975163582255, '2026-08': -0.009758886303872893, '2026-09': -0.004349640338284}",{'2026': 0.18748785982782068},1000.0,1331.34267510536,daily_mark_to_market_equity,L05__SPXL_SOXL__atr_2.5,b,SPXL_SOXL,L05,atr_2.5,base,0,sha256:acd49d7f6e3e633cb9e24e4f31a698d59c7e8a2578e14056df443689e9c014bb,sensitivity_evaluation,W6,False,L05__SPXL_SOXL__atr_2.5/base/W6
OK,2023-09-19,2024-03-18,1000.0,1121.0336997347554,121.03369973475537,121.03369973475537,0.0,0.12103369973475542,0.25929732095556024,0.06899701224734445,2023-12-27,2024-01-31,38,0.1610533240775093,1.510466473972718,1.828296548829356,3.7580949161395036,1526.845563743675,3.8454945600748935,3.8154945600748937,0.03,1.31206306483,64.68290142817511,55.03873524175006,4,3,3,1.0,,,47.0,45.0,40,31,0.040220541355128425,-0.0280291297611881,0.25396919475165,0.74603080524835,0.7619075842549501,0.09057017180696691,-0.061270173624542235,"{'2023-09': 0.0, '2023-10': 0.0, '2023-11': -0.0008478848014248364, '2023-12': 0.09057017180696691, '2024-01': -0.061270173624542235, '2024-02': 0.08910636447644915, '2024-03': 0.006288542946256026}","{'2023': 0.08964549393340482, '2024': 0.028805887764509874}",987.100570208575,1178.6911795509054,daily_mark_to_market_equity,L05__SPXL_SOXL__atr_2.5,b,SPXL_SOXL,L05,atr_2.5,stress,0,sha256:acd49d7f6e3e633cb9e24e4f31a698d59c7e8a2578e14056df443689e9c014bb,sensitivity_evaluation,W1,False,L05__SPXL_SOXL__atr_2.5/stress/W1
OK,2024-03-19,2024-09-18,1000.0,985.92178359324,-14.07821640676002,-14.07821640676002,0.0,-0.014078216406759991,-0.027901751980836997,0.05837266404354391,2024-06-18,2024-07-19,63,0.10890628021860095,-0.2038323191981452,-0.15237951153343077,-0.47799346557188643,1753.8252707523498,4.424495803649853,4.384495803649853,0.04,1.1259963368900001,-15.204212743649862,0.0,4,4,4,1.0,0.7169396825479095,0.7169396825479095,30.75,26.0,34,27,0.027494254346502656,-0.042856950684421746,0.16657612998065136,0.8334238700193486,0.4997283899419541,0.04482203595427259,-0.024607989743857472,"{'2024-03': -0.0021836431282751256, '2024-04': -0.01645111038647251, '2024-05': -0.014232777193637691, '2024-06': 0.04482203595427259, '2024-07': -0.024607989743857472, '2024-08': 0.0, '2024-09': 0.0}",{'2024': -0.014078216406759547},964.3855170815,1047.0403162114999,daily_mark_to_market_equity,L05__SPXL_SOXL__atr_2.5,b,SPXL_SOXL,L05,atr_2.5,stress,0,sha256:acd49d7f6e3e633cb9e24e4f31a698d59c7e8a2578e14056df443689e9c014bb,sensitivity_evaluation,W2,False,L05__SPXL_SOXL__atr_2.5/stress/W2
OK,2024-09-19,2025-03-18,1000.0,925.05291397909,-74.94708602090998,-74.94708602090998,0.0,-0.07494708602090994,-0.14621928100399817,0.08983824426728815,2024-10-14,2025-02-25,105,0.09238844375107028,-1.6805726156350944,-1.243563606741101,-1.6275839114683084,1826.7272491557999,4.616376957349915,4.566376957349915,0.05,0.25577725644,-75.2028632773499,0.0,5,5,5,,,,26.0,32.0,47,37,0.007574743773019588,-0.03856446834062299,0.16755462670825125,0.8324453732917487,0.5026638801247538,0.01183730319739551,-0.041089536237813196,"{'2024-09': 0.005798282134639843, '2024-10': -0.026352569261648418, '2024-11': 0.01183730319739551, '2024-12': -0.017855964386498502, '2025-01': -0.041089536237813196, '2025-02': -0.00873439765307571, '2025-03': 0.0}","{'2024': -0.02680810868886052, '2025': -0.04946504154200704}",925.05291397909,1016.36100193464,daily_mark_to_market_equity,L05__SPXL_SOXL__atr_2.5,b,SPXL_SOXL,L05,atr_2.5,stress,0,sha256:acd49d7f6e3e633cb9e24e4f31a698d59c7e8a2578e14056df443689e9c014bb,sensitivity_evaluation,W3,False,L05__SPXL_SOXL__atr_2.5/stress/W3
OK,2025-03-19,2025-09-18,1000.0,1078.3974787450902,78.39747874509021,78.39747874509021,0.0,0.07839747874509029,0.16258144710930766,0.05456546211538327,2025-07-30,2025-08-21,35,0.0973025034788694,1.5877972820659552,1.7294580917894085,2.9795669422814655,1439.6443324134002,3.626273463049881,3.596273463049881,0.03,1.09570421814,32.07517755802509,45.22659696892504,5,3,3,1.0,1.2696608687094288,2.5393217374188577,47.333333333333336,60.0,41,27,0.024807289082638295,-0.01853349718777242,0.19352876327596816,0.8064712367240319,0.5805862898279047,0.0522720871158906,-0.023163927913055993,"{'2025-03': 0.0, '2025-04': 0.0, '2025-05': 0.0, '2025-06': 0.0522720871158906, '2025-07': 0.011443316902003398, '2025-08': -0.023163927913055993, '2025-09': 0.03725986926873848}",{'2025': 0.07839747874508962},991.46392901775,1081.93748069589,daily_mark_to_market_equity,L05__SPXL_SOXL__atr_2.5,b,SPXL_SOXL,L05,atr_2.5,stress,0,sha256:acd49d7f6e3e633cb9e24e4f31a698d59c7e8a2578e14056df443689e9c014bb,sensitivity_evaluation,W4,False,L05__SPXL_SOXL__atr_2.5/stress/W4
OK,2025-09-19,2026-03-18,1000.0,919.4798465224577,-80.5201534775423,-80.5201534775423,0.0,-0.08052015347754227,-0.15662431238198393,0.13693798494829967,2025-10-08,2026-03-03,110,0.1659273207697194,-0.9442687088465122,-0.8546609396132903,-1.1437608961539543,2975.9619953720376,7.51944529266233,7.43944529266233,0.08,0.5506146301199999,-81.07076810766235,0.0,8,8,8,1.0,1.526260382303989,0.21803719747199843,19.0,24.0,36,39,0.031332220582229064,-0.06779808125271558,0.17380493429809526,0.8261950657019047,0.5214148028942858,0.019847525962231716,-0.050069868370097526,"{'2025-09': 0.010456142917832034, '2025-10': 0.018246516792168155, '2025-11': -0.050069868370097526, '2025-12': -0.031170783417185155, '2026-01': 0.019847525962231716, '2026-02': -0.03752937542834667, '2026-03': -0.010740585020318272}","{'2025': -0.05308871491084277, '2026': -0.028969386043505962}",916.0457486243578,1061.3904130278327,daily_mark_to_market_equity,L05__SPXL_SOXL__atr_2.5,b,SPXL_SOXL,L05,atr_2.5,stress,0,sha256:acd49d7f6e3e633cb9e24e4f31a698d59c7e8a2578e14056df443689e9c014bb,sensitivity_evaluation,W5,False,L05__SPXL_SOXL__atr_2.5/stress/W5
OK,2026-03-19,2026-09-18,1000.0,1185.2387785924252,185.2387785924252,185.2387785924252,0.0,0.1852387785924252,0.4038128760739468,0.1116849391534338,2026-06-03,2026-06-05,74,0.22364094810366564,1.6220471797671128,1.282429118470604,3.6156430682133864,1524.0197300056748,3.851231137574905,3.811231137574905,0.04,0.0,185.2387785924251,0.0,4,4,4,1.0,5.759483981590491,5.759483981590491,40.25,40.5,46,31,0.04306461982137377,-0.09763292694609027,0.15925677809722108,0.840743221902779,0.47777033429166316,0.15179367668624644,-0.027861144218839007,"{'2026-03': 0.0, '2026-04': 0.09299883224339944, '2026-05': 0.15179367668624644, '2026-06': -0.027861144218839007, '2026-07': -0.017053434333264672, '2026-08': -0.010103325876369751, '2026-09': -0.004678494716744641}",{'2026': 0.18523877859242432},1000.0,1330.8682682434,daily_mark_to_market_equity,L05__SPXL_SOXL__atr_2.5,b,SPXL_SOXL,L05,atr_2.5,stress,0,sha256:acd49d7f6e3e633cb9e24e4f31a698d59c7e8a2578e14056df443689e9c014bb,sensitivity_evaluation,W6,False,L05__SPXL_SOXL__atr_2.5/stress/W6
OK,2023-09-19,2024-03-18,1000.0,1104.9663243914201,104.96632439142013,104.96632439142013,0.0,0.10496632439142006,0.22314079586527913,0.044057591273740315,2023-12-27,2024-01-04,30,0.11820354428199949,1.7615797721517623,2.1862303471500457,5.064752507209307,517.37755962776,0.527086079599959,0.517086079599959,0.01,0.93718785102,6.05257512744002,97.97656141296002,3,1,1,1.0,,,44.0,44.0,47,33,0.02879708100529821,-0.02064424226648487,0.2029704439434179,0.7970295560565821,0.6089113318302538,0.06464807961366237,-0.030086803252887817,"{'2023-09': 0.0, '2023-10': 0.0, '2023-11': -0.00015398574407998744, '2023-12': 0.06464807961366237, '2024-01': -0.030086803252887817, '2024-02': 0.06305129612055138, '2024-03': 0.006752595411865903}","{'2023': 0.06448413898693994, '2024': 0.038029862467473086}",991.2377681959201,1143.77023071142,daily_mark_to_market_equity,L05__SPXL_SOXL__atr_3.5,b,SPXL_SOXL,L05,atr_3.5,base,0,sha256:acd49d7f6e3e633cb9e24e4f31a698d59c7e8a2578e14056df443689e9c014bb,sensitivity_evaluation,W1,False,L05__SPXL_SOXL__atr_3.5/base/W1
OK,2024-03-19,2024-09-18,1000.0,990.3036827193702,-9.696317280629842,-9.696317280629842,0.0,-0.009696317280629807,-0.019259452939834887,0.052928466106320626,2024-07-10,2024-07-25,49,0.0908216866779312,-0.1674899323413571,-0.1329593743276481,-0.3638770279332723,1030.15490948235,1.0601454736898963,1.0301454736898963,0.03,0.7996205430600001,-10.495937823689875,0.0,3,3,3,1.0,0.28661988023705826,0.5732397604741165,48.666666666666664,50.0,34,32,0.019550808285088372,-0.03599795567073083,0.13846412621387802,0.861535873786122,0.41539237864163403,0.03448675835318804,-0.023386248472057614,"{'2024-03': -0.0012371441166501018, '2024-04': -0.023386248472057614, '2024-05': -0.009702287481914706, '2024-06': 0.03448675835318804, '2024-07': -0.008957077183624818, '2024-08': 0.0, '2024-09': 0.0}",{'2024': -0.009696317280630362},963.7806930046302,1045.6482401576902,daily_mark_to_market_equity,L05__SPXL_SOXL__atr_3.5,b,SPXL_SOXL,L05,atr_3.5,base,0,sha256:acd49d7f6e3e633cb9e24e4f31a698d59c7e8a2578e14056df443689e9c014bb,sensitivity_evaluation,W2,False,L05__SPXL_SOXL__atr_3.5/base/W2
OK,2024-09-19,2025-03-18,1000.0,948.2666594857799,-51.73334051422012,-51.73334051422012,0.0,-0.05173334051422007,-0.10218242700411095,0.06293036413821218,2024-10-14,2025-02-27,105,0.07346988319741068,-1.4442210454461732,-1.143333171301406,-1.623738054013013,946.36557175383,0.986314642029945,0.946314642029945,0.04,0.18269795780999998,-51.91603847202997,0.0,4,4,4,1.0,0.5816498372207791,0.19388327907359304,36.75,26.0,53,37,0.01174907174676365,-0.027475393310837704,0.1277662619891994,0.8722337380108006,0.3832987859675982,0.027782661124537977,-0.02884264566271222,"{'2024-09': 0.004368513067030122, '2024-10': -0.027713675008728456, '2024-11': 0.027782661124537977, '2024-12': -0.01134056733736788, '2025-01': -0.02884264566271222, '2025-02': -0.01597618261714817, '2025-03': 0.0}","{'2024': -0.007717647259728455, '2025': -0.04435803290559148}",948.23323647282,1011.91330951703,daily_mark_to_market_equity,L05__SPXL_SOXL__atr_3.5,b,SPXL_SOXL,L05,atr_3.5,base,0,sha256:acd49d7f6e3e633cb9e24e4f31a698d59c7e8a2578e14056df443689e9c014bb,sensitivity_evaluation,W3,False,L05__SPXL_SOXL__atr_3.5/base/W3
OK,2025-03-19,2025-09-18,1000.0,1087.1065286312598,87.10652863125983,87.10652863125983,0.0,0.08710652863125978,0.18139615119220776,0.02299412178969973,2025-07-30,2025-08-01,29,0.06891490726904334,2.4397101325810575,2.6912424964930723,7.888805358657558,426.32608613125996,0.43609797689997665,0.42609797689997664,0.01,0.7828313981599999,20.344112624160015,65.97958460894,3,1,1,1.0,,,60.0,60.0,47,27,0.01502909904878913,-0.01219863035088331,0.1403234267016711,0.8596765732983289,0.42097028010501336,0.040676810459451485,-0.0015919001545525724,"{'2025-03': 0.0, '2025-04': 0.0, '2025-05': 0.0, '2025-06': 0.03767979000995969, '2025-07': 0.00828840406530218, '2025-08': -0.0015919001545525724, '2025-09': 0.040676810459451485}",{'2025': 0.08710652863126},994.2280290918,1087.1065286312598,daily_mark_to_market_equity,L05__SPXL_SOXL__atr_3.5,b,SPXL_SOXL,L05,atr_3.5,base,0,sha256:acd49d7f6e3e633cb9e24e4f31a698d59c7e8a2578e14056df443689e9c014bb,sensitivity_evaluation,W4,False,L05__SPXL_SOXL__atr_3.5/base/W4
OK,2025-09-19,2026-03-18,1000.0,932.60081818875,-67.39918181124995,-67.39918181124995,0.0,-0.06739918181124993,-0.13202401065320812,0.11846507762530034,2025-10-29,2026-03-12,95,0.16233594628450948,-0.7922238306173,-0.9107160240503658,-1.1144551060929033,1809.00816466549,1.8689422411298897,1.8089422411298897,0.060000000000000005,0.39329591987999996,-67.7924777311299,0.0,6,6,6,1.0,0.2731314517279354,0.05462629034558708,42.333333333333336,42.5,52,51,0.02631665644408243,-0.04913720688464118,0.22732982149653627,0.7726701785034638,0.6819894644896088,0.03655235723975392,-0.06335528835970805,"{'2025-09': 0.008044822586884992, '2025-10': 0.03655235723975392, '2025-11': -0.06335528835970805, '2025-12': -0.021793068124097315, '2026-01': 0.024709571265294716, '2026-02': -0.005477551810454506, '2026-03': -0.04411928323443359}","{'2025': -0.04263684676309498, '2026': -0.025865143195069273}",930.49555882743,1055.540211975765,daily_mark_to_market_equity,L05__SPXL_SOXL__atr_3.5,b,SPXL_SOXL,L05,atr_3.5,base,0,sha256:acd49d7f6e3e633cb9e24e4f31a698d59c7e8a2578e14056df443689e9c014bb,sensitivity_evaluation,W5,False,L05__SPXL_SOXL__atr_3.5/base/W5
OK,2026-03-19,2026-09-18,1000.0,1117.8360750360002,117.83607503600024,117.83607503600024,0.0,0.11783607503600013,0.24898715309536557,0.10449626424987446,2026-06-03,2026-07-07,74,0.24065279950809063,1.0397676495173769,0.9567670581321306,2.3827373627441872,932.25788554828,0.9623766839999581,0.9323766839999581,0.03,0.0,117.83607503600004,0.0,3,3,3,1.0,6.150834690748522,12.301669381497044,63.0,56.0,54,39,0.03845520167206695,-0.07470946662714695,0.15773605582261363,0.8422639441773864,0.47320816746784083,0.11093903301703989,-0.062324766743508064,"{'2026-03': 0.0, '2026-04': 0.06669026961703994, '2026-05': 0.11093903301703989, '2026-06': 0.015381277825737172, '2026-07': -0.062324766743508064, '2026-08': -0.006970623531043385, '2026-09': -0.0022864537159058562}",{'2026': 0.1178360750360008},1000.0,1236.43881561704,daily_mark_to_market_equity,L05__SPXL_SOXL__atr_3.5,b,SPXL_SOXL,L05,atr_3.5,base,0,sha256:acd49d7f6e3e633cb9e24e4f31a698d59c7e8a2578e14056df443689e9c014bb,sensitivity_evaluation,W6,False,L05__SPXL_SOXL__atr_3.5/base/W6
OK,2023-09-19,2024-03-18,1000.0,1104.17904272522,104.17904272521992,104.17904272521992,0.0,0.10417904272521983,0.22138282499355721,0.044234241791962114,2023-12-27,2024-01-04,30,0.1183137246169792,1.7478938895457135,2.1728390180863975,5.004783986910907,517.7532208762,1.3025616857999833,1.2925616857999833,0.01,0.93718785102,5.723588898600008,97.51826597560002,3,1,1,1.0,,,44.0,44.0,47,33,0.028809573769826402,-0.020649267915641922,0.20307360732617788,0.7969263926738221,0.6092208219785336,0.06467729537660727,-0.030398125206988702,"{'2023-09': 0.0, '2023-10': 0.0, '2023-11': -0.0006056320902000367, '2023-12': 0.06467729537660727, '2024-01': -0.030398125206988702, '2024-02': 0.06308039671551313, '2024-03': 0.006757916487322602}","{'2023': 0.06403249264081978, '2024': 0.037730567780651425}",990.7861218498,1142.96095466522,daily_mark_to_market_equity,L05__SPXL_SOXL__atr_3.5,b,SPXL_SOXL,L05,atr_3.5,stress,0,sha256:acd49d7f6e3e633cb9e24e4f31a698d59c7e8a2578e14056df443689e9c014bb,sensitivity_evaluation,W1,False,L05__SPXL_SOXL__atr_3.5/stress/W1
OK,2024-03-19,2024-09-18,1000.0,988.7479379122152,-11.252062087784793,-11.252062087784793,0.0,-0.011252062087784842,-0.022332175596167625,0.05340200611422474,2024-07-10,2024-07-25,49,0.09089191822634833,-0.20161103005672157,-0.16172741675670677,-0.418189825086346,1029.7140108716249,2.6042259842749234,2.5742259842749236,0.03,0.79902854649,-12.0510906342749,0.0,3,3,3,1.0,0.2609232642114711,0.5218465284229422,48.666666666666664,50.0,33,33,0.019556211117013333,-0.0360058562176403,0.1385139755094544,0.8614860244905456,0.4155419265283632,0.034498573874022664,-0.023680585207419114,"{'2024-03': -0.0015597450916249311, '2024-04': -0.023680585207419114, '2024-05': -0.010169186819732778, '2024-06': 0.034498573874022664, '2024-07': -0.009440158516884956, '2024-08': 0.0, '2024-09': 0.0}",{'2024': -0.011252062087785397},962.7230113461751,1044.527818882665,daily_mark_to_market_equity,L05__SPXL_SOXL__atr_3.5,b,SPXL_SOXL,L05,atr_3.5,stress,0,sha256:acd49d7f6e3e633cb9e24e4f31a698d59c7e8a2578e14056df443689e9c014bb,sensitivity_evaluation,W2,False,L05__SPXL_SOXL__atr_3.5/stress/W2
OK,2024-09-19,2025-03-18,1000.0,946.885936761035,-53.114063238964945,-53.114063238964945,0.0,-0.05311406323896495,-0.10483310087112507,0.0640519496301305,2024-10-14,2025-02-28,105,0.07353018715203392,-1.483557201347326,-1.1852895889139872,-1.6366886796808886,946.029344724775,2.404755286774973,2.364755286774973,0.04,0.18269795780999998,-53.29676119677499,0.0,4,4,4,1.0,0.5518391535945368,0.1839463845315123,36.75,26.0,51,39,0.011754360625957805,-0.02748541186109421,0.12781160230605412,0.8721883976939458,0.3834348069181624,0.02769495323153337,-0.02934087044664402,"{'2024-09': 0.00414162822585995, '2024-10': -0.027839962629367165, '2024-11': 0.02769495323153337, '2024-12': -0.011590883816279929, '2025-01': -0.02934087044664402, '2025-02': -0.016221741723670302, '2025-03': 0.0}","{'2024': -0.008406428823139356, '2025': -0.04508665214798113}",946.885936761035,1011.68642467586,daily_mark_to_market_equity,L05__SPXL_SOXL__atr_3.5,b,SPXL_SOXL,L05,atr_3.5,stress,0,sha256:acd49d7f6e3e633cb9e24e4f31a698d59c7e8a2578e14056df443689e9c014bb,sensitivity_evaluation,W3,False,L05__SPXL_SOXL__atr_3.5/stress/W3
OK,2025-03-19,2025-09-18,1000.0,1086.45348911286,86.4534891128601,86.4534891128601,0.0,0.0864534891128601,0.17998012229029636,0.022998561106899573,2025-07-30,2025-08-01,29,0.06891108305996983,2.4225282793992715,2.6760036988099305,7.825712289291972,426.58125727239997,1.0750277437499693,1.0650277437499693,0.01,0.7827739466099999,20.073710479400024,65.59700468685001,3,1,1,1.0,,,60.0,60.0,47,27,0.015034791424362481,-0.012201905410894387,0.1403694098842396,0.8596305901157604,0.4211082296527187,0.040688883471120985,-0.00188664544003736,"{'2025-03': 0.0, '2025-04': 0.0, '2025-05': 0.0, '2025-06': 0.0373478147737345, '2025-07': 0.00829116244089878, '2025-08': -0.00188664544003736, '2025-09': 0.040688883471120985}",{'2025': 0.08645348911285988},993.9014348071249,1086.45348911286,daily_mark_to_market_equity,L05__SPXL_SOXL__atr_3.5,b,SPXL_SOXL,L05,atr_3.5,stress,0,sha256:acd49d7f6e3e633cb9e24e4f31a698d59c7e8a2578e14056df443689e9c014bb,sensitivity_evaluation,W4,False,L05__SPXL_SOXL__atr_3.5/stress/W4
OK,2025-09-19,2026-03-18,1000.0,929.9985603765176,-70.00143962348238,-70.00143962348238,0.0,-0.07000143962348238,-0.13693146135252265,0.1196325411679483,2025-10-29,2026-03-12,95,0.16219641916979108,-0.828030681030887,-0.9521998017473049,-1.1446004574983402,1807.4355967397626,4.5781776383623995,4.5181776383624,0.060000000000000005,0.39329591987999996,-70.39473554336243,0.0,6,6,6,1.0,0.2399669492877129,0.04799338985754258,42.333333333333336,42.5,52,51,0.025939531388274872,-0.0491644398598452,0.22744179861659541,0.7725582013834046,0.6823253958497861,0.03589942481810926,-0.06384510627727114,"{'2025-09': 0.0074686712098923635, '2025-10': 0.03589942481810926, '2025-11': -0.06384510627727114, '2025-12': -0.02231467631567252, '2026-01': 0.024580399597447178, '2026-02': -0.005480408338894294, '2026-03': -0.044508253283607635}","{'2025': -0.04479640188440748, '2026': -0.026387084165929275}",928.1543391873926,1054.2806073485926,daily_mark_to_market_equity,L05__SPXL_SOXL__atr_3.5,b,SPXL_SOXL,L05,atr_3.5,stress,0,sha256:acd49d7f6e3e633cb9e24e4f31a698d59c7e8a2578e14056df443689e9c014bb,sensitivity_evaluation,W5,False,L05__SPXL_SOXL__atr_3.5/stress/W5
OK,2026-03-19,2026-09-18,1000.0,1116.444440951625,116.44444095162498,116.44444095162498,0.0,0.11644444095162498,0.24588563205473268,0.10473292084903818,2026-06-03,2026-07-07,74,0.24063622811713709,1.0295456553724849,0.9471208207724171,2.3477396606665035,931.7741558028249,2.3601779183749416,2.330177918374942,0.03,0.0,116.44444095162507,0.0,3,3,3,1.0,5.813128984005814,11.626257968011627,63.0,56.0,54,39,0.038234825932485395,-0.07472883161214794,0.1577826150714751,0.8422173849285249,0.47334784521442536,0.11097140831698127,-0.0625771227390236,"{'2026-03': 0.0, '2026-04': 0.06635664658759977, '2026-05': 0.11097140831698127, '2026-06': 0.01516849065035819, '2026-07': -0.0625771227390236, '2026-08': -0.0072166600613424725, '2026-09': -0.0025213814750981722}",{'2026': 0.11644444095162387},1000.0,1236.1028746876,daily_mark_to_market_equity,L05__SPXL_SOXL__atr_3.5,b,SPXL_SOXL,L05,atr_3.5,stress,0,sha256:acd49d7f6e3e633cb9e24e4f31a698d59c7e8a2578e14056df443689e9c014bb,sensitivity_evaluation,W6,False,L05__SPXL_SOXL__atr_3.5/stress/W6
OK,2023-09-19,2024-03-18,1000.0,1099.9959569008988,99.99595690089882,99.99595690089882,0.0,0.0999959569008988,0.21206354136323857,0.06553494966567674,2023-09-19,2023-12-06,76,0.13353754851156838,1.5046597461906945,1.5767981358468215,3.235884706482115,11351.448913651062,11.510840877101439,11.350840877101438,0.16,0.0,121.15443836733846,-21.15848146643986,18,16,16,1.0,1.495333867945768,3.28973450948069,2.625,2.0,20,16,0.049167121277201575,-0.02372552232082059,0.08227075845034863,0.9177292415496514,0.2468122753510459,0.11773833376193532,-0.03532939059396267,"{'2023-09': -0.010688149496624888, '2023-10': -0.03532939059396267, '2023-11': -0.0008756034481319785, '2023-12': 0.03245562442553451, '2024-01': 0.01887774989331481, '2024-02': 0.11773833376193532, '2024-03': -0.018872048972353395}","{'2023': -0.015528344636226432, '2024': 0.11734649840623135}",934.4650503343232,1121.1544383673386,daily_mark_to_market_equity,L06__SPXL_SOXL__rsi_15,b,SPXL_SOXL,L06,rsi_15,base,0,sha256:acd49d7f6e3e633cb9e24e4f31a698d59c7e8a2578e14056df443689e9c014bb,sensitivity_evaluation,W1,False,L06__SPXL_SOXL__rsi_15/base/W1
OK,2024-03-19,2024-09-18,1000.0,1043.079958621001,43.07995862100097,43.07995862100097,0.0,0.04307995862100089,0.0878277419411937,0.06030315068383696,2024-06-28,2024-07-25,56,0.12493170589019821,0.7320143896776266,0.6477829554628173,1.4564370343046462,11809.44699953932,11.979502058999312,11.809502058999312,0.17,0.0,43.07995862100077,0.0,17,17,17,1.0,0.7927916188643007,1.4534513012512178,3.0,3.0,25,18,0.029317246199835667,-0.03521335223372646,0.09383894455371757,0.9061610554462824,0.2815168336611527,0.039577109158760226,-0.026681726834895336,"{'2024-03': 0.039577109158760226, '2024-04': -0.005318059435824973, '2024-05': 0.015128853534429387, '2024-06': 0.03548516620156783, '2024-07': -0.026681726834895336, '2024-08': -0.003495896741882887, '2024-09': -0.010586941676276385}",{'2024': 0.04307995862100111},1005.4253423776402,1086.9410602094508,daily_mark_to_market_equity,L06__SPXL_SOXL__rsi_15,b,SPXL_SOXL,L06,rsi_15,base,0,sha256:acd49d7f6e3e633cb9e24e4f31a698d59c7e8a2578e14056df443689e9c014bb,sensitivity_evaluation,W2,False,L06__SPXL_SOXL__rsi_15/base/W2
OK,2024-09-19,2025-03-18,1000.0,1075.6917777659005,75.6917777659005,75.6917777659005,0.0,0.07569177776590053,0.1595778928074394,0.022198038499327777,2024-12-11,2024-12-31,52,0.05866933021599742,2.577621665234831,3.011008968163633,7.188828545020853,7663.0111692276,7.773094634099654,7.663094634099654,0.10999999999999999,0.0,75.69177776590047,0.0,11,11,11,1.0,2.1856839368771652,3.8249468895350387,2.909090909090909,3.0,17,12,0.02152883533553207,-0.008938859609488925,0.056839022413102715,0.9431609775868973,0.17051706723930815,0.04206646138703651,-0.0198648138211579,"{'2024-09': 0.0, '2024-10': 0.024460235146870124, '2024-11': 0.04206646138703651, '2024-12': -0.0198648138211579, '2025-01': 0.019498957607508416, '2025-02': 0.005298649803059607, '2025-03': 0.003065883023429361}","{'2024': 0.046348857799110466, '2025': 0.028043151906821606}",1000.0,1075.6917777659005,daily_mark_to_market_equity,L06__SPXL_SOXL__rsi_15,b,SPXL_SOXL,L06,rsi_15,base,0,sha256:acd49d7f6e3e633cb9e24e4f31a698d59c7e8a2578e14056df443689e9c014bb,sensitivity_evaluation,W3,False,L06__SPXL_SOXL__rsi_15/base/W3
OK,2025-03-19,2025-09-18,1000.0,1097.6908258152205,97.69082581522048,97.69082581522048,0.0,0.09769082581522048,0.20446495200044024,0.016402202466569427,2025-08-08,2025-08-21,10,0.08271099156502129,2.2772471685920204,2.926712311729852,12.465701018943996,4901.291642559879,4.971394304779703,4.901394304779703,0.07,0.0,97.69082581522035,0.0,7,7,7,1.0,,,4.142857142857143,5.0,12,7,0.041826270036059876,-0.011243653041839052,0.054730954692189214,0.9452690453078108,0.16419286407656764,0.042512435671263615,0.0,"{'2025-03': 0.0, '2025-04': 0.0, '2025-05': 0.0, '2025-06': 0.0, '2025-07': 0.02195063144917997, '2025-08': 0.042512435671263615, '2025-09': 0.030312275016956658}",{'2025': 0.09769082581522026},999.0267251519501,1097.6908258152205,daily_mark_to_market_equity,L06__SPXL_SOXL__rsi_15,b,SPXL_SOXL,L06,rsi_15,base,0,sha256:acd49d7f6e3e633cb9e24e4f31a698d59c7e8a2578e14056df443689e9c014bb,sensitivity_evaluation,W4,False,L06__SPXL_SOXL__rsi_15/base/W4
OK,2025-09-19,2026-03-18,1000.0,1063.5918112567658,63.59181125676582,63.59181125676582,0.0,0.06359181125676572,0.13326351493595312,0.0882689744112426,2025-11-05,2025-12-17,53,0.18619566997481585,0.7647501540148044,0.6921726860450788,1.5097435517386013,13012.962233384715,13.203039028234269,13.01303902823427,0.19000000000000003,0.0,63.59181125676567,0.0,19,19,19,1.0,1.897692239832755,1.7079230158494794,3.3684210526315788,4.0,23,19,0.05945909073729849,-0.04797535349088988,0.1095383286509214,0.8904616713490786,0.3286149859527643,0.060754585271508565,-0.03745536911820124,"{'2025-09': 0.004149829286249851, '2025-10': 0.008152759576744995, '2025-11': 0.00755474549150037, '2025-12': -0.0288867210740249, '2026-01': 0.060754585271508565, '2026-02': 0.05166103661350152, '2026-03': -0.03745536911820124}","{'2025': -0.009479638425224701, '2026': 0.07377076990705977}",951.2896553226254,1120.6218075119407,daily_mark_to_market_equity,L06__SPXL_SOXL__rsi_15,b,SPXL_SOXL,L06,rsi_15,base,0,sha256:acd49d7f6e3e633cb9e24e4f31a698d59c7e8a2578e14056df443689e9c014bb,sensitivity_evaluation,W5,False,L06__SPXL_SOXL__rsi_15/base/W5
OK,2026-03-19,2026-09-18,1000.0,1072.3362215001255,72.33622150012548,72.33622150012548,0.0,0.07233622150012553,0.1495758839415664,0.07118236059009553,2026-05-22,2026-06-10,13,0.20391633429174363,0.7791394791145574,0.5846275758392283,2.1013054737380923,10493.658534911985,10.643741514874414,10.493741514874413,0.15000000000000002,0.0,72.33622150012555,0.0,15,15,15,1.0,1.0389473382164796,1.558421007324719,2.7333333333333334,2.0,20,16,0.08969314663525729,-0.05025059636460005,0.08005982439612669,0.9199401756038733,0.24017947318838004,0.0830701879947402,-0.03497331008140003,"{'2026-03': -0.03497331008140003, '2026-04': 0.0, '2026-05': 0.0830701879947402, '2026-06': 0.013074524462033832, '2026-07': -0.001901585537826822, '2026-08': 0.010917998050249844, '2026-09': 0.003701008316826737}",{'2026': 0.07233622150012597},949.7494036354,1109.0166810188305,daily_mark_to_market_equity,L06__SPXL_SOXL__rsi_15,b,SPXL_SOXL,L06,rsi_15,base,0,sha256:acd49d7f6e3e633cb9e24e4f31a698d59c7e8a2578e14056df443689e9c014bb,sensitivity_evaluation,W6,False,L06__SPXL_SOXL__rsi_15/base/W6
OK,2023-09-19,2024-03-18,1000.0,1081.5634536885314,81.56345368853135,81.56345368853135,0.0,0.08156345368853146,0.1714275639372147,0.07245901231516927,2023-09-19,2023-12-06,76,0.1346951646362335,1.2397893167410787,1.3115861361721277,2.36585565355997,11262.87005887227,28.313435623668898,28.153435623668898,0.16,0.0,103.48084269068109,-21.91738900214998,18,16,16,1.0,1.2724663612359648,2.7994259947191225,2.625,2.0,21,15,0.04919124654774798,-0.02422052192951263,0.08233361578285267,0.9176663842171473,0.247000847348558,0.11329352184012542,-0.038184968955162546,"{'2023-09': -0.013628316956962205, '2023-10': -0.038184968955162546, '2023-11': -0.001865357808337742, '2023-12': 0.030393557892371748, '2024-01': 0.015852599916840626, '2024-02': 0.11329352184012542, '2024-03': -0.019862047580914588}","{'2023': -0.02428176958729411, '2024': 0.1084792924603406}",927.5409876848307,1103.4808426906814,daily_mark_to_market_equity,L06__SPXL_SOXL__rsi_15,b,SPXL_SOXL,L06,rsi_15,stress,0,sha256:acd49d7f6e3e633cb9e24e4f31a698d59c7e8a2578e14056df443689e9c014bb,sensitivity_evaluation,W1,False,L06__SPXL_SOXL__rsi_15/stress/W1
OK,2024-03-19,2024-09-18,1000.0,1025.6271640092002,25.627164009200214,25.627164009200214,0.0,0.025627164009200287,0.051801995595405215,0.06310943626940346,2024-06-28,2024-07-25,56,0.12470013921932492,0.4646202665270325,0.40633984755825764,0.8208280513594084,11717.667995124199,29.46451431079927,29.29451431079927,0.17,0.0,25.627164009200804,0.0,17,17,17,1.0,0.6849951505839496,1.255824442737241,3.0,3.0,25,18,0.028860187104802426,-0.03572285988233759,0.09390568732078407,0.9060943126792159,0.2817170619623522,0.03852667811690047,-0.0305296910035332,"{'2024-03': 0.03852667811690047, '2024-04': -0.01022075530329325, '2024-05': 0.013110129885225641, '2024-06': 0.03291907558578311, '2024-07': -0.0305296910035332, '2024-08': -0.004991703606508913, '2024-09': -0.011562202578034753}",{'2024': 0.02562716400920051},1004.9303424041,1075.6697501687502,daily_mark_to_market_equity,L06__SPXL_SOXL__rsi_15,b,SPXL_SOXL,L06,rsi_15,stress,0,sha256:acd49d7f6e3e633cb9e24e4f31a698d59c7e8a2578e14056df443689e9c014bb,sensitivity_evaluation,W2,False,L06__SPXL_SOXL__rsi_15/stress/W2
OK,2024-09-19,2025-03-18,1000.0,1063.9879711536507,63.98797115365073,63.98797115365073,0.0,0.06398797115365062,0.1341202122089955,0.0241330333143408,2024-12-11,2024-12-31,64,0.058530848001721106,2.2004584552382687,2.5272768672946926,5.557536446497838,7625.240018562599,19.173619806349564,19.063619806349564,0.10999999999999999,0.0,63.98797115365056,0.0,11,11,11,1.0,2.535732793069864,3.0428793516838364,2.909090909090909,3.0,17,12,0.021002048334773482,-0.009433858663786543,0.05687503844846174,0.9431249615515382,0.1706251153453852,0.03998039747432247,-0.022287479528789067,"{'2024-09': 0.0, '2024-10': 0.021408896943250433, '2024-11': 0.03998039747432247, '2024-12': -0.022287479528789067, '2025-01': 0.017980098937202982, '2025-02': 0.0038164749009441667, '2025-03': 0.0025525467481919417}","{'2024': 0.03857046179470025, '2025': 0.024473553113601776}",1000.0,1064.2541424698504,daily_mark_to_market_equity,L06__SPXL_SOXL__rsi_15,b,SPXL_SOXL,L06,rsi_15,stress,0,sha256:acd49d7f6e3e633cb9e24e4f31a698d59c7e8a2578e14056df443689e9c014bb,sensitivity_evaluation,W3,False,L06__SPXL_SOXL__rsi_15/stress/W3
OK,2025-03-19,2025-09-18,1000.0,1090.1029560681382,90.10295606813816,90.10295606813816,0.0,0.09010295606813812,0.18790436802539667,0.01739220079484427,2025-08-08,2025-08-21,10,0.08240981915022452,2.1181445760964284,2.7042366986031476,10.803944264552126,4887.761400246187,12.290043456862206,12.220043456862205,0.07,0.0,90.10295606813784,0.0,7,7,7,1.0,,,4.142857142857143,5.0,12,7,0.04186840756237875,-0.011251492497198812,0.054773413064877895,0.9452265869351221,0.16432023919463368,0.03840939444428515,0.0,"{'2025-03': 0.0, '2025-04': 0.0, '2025-05': 0.0, '2025-06': 0.0, '2025-07': 0.020926666542950167, '2025-08': 0.03840939444428515, '2025-09': 0.028263360470145438}",{'2025': 0.09010295606813856},998.5317251548752,1090.1029560681382,daily_mark_to_market_equity,L06__SPXL_SOXL__rsi_15,b,SPXL_SOXL,L06,rsi_15,stress,0,sha256:acd49d7f6e3e633cb9e24e4f31a698d59c7e8a2578e14056df443689e9c014bb,sensitivity_evaluation,W4,False,L06__SPXL_SOXL__rsi_15/stress/W4
OK,2025-09-19,2026-03-18,1000.0,1043.7611280757883,43.76112807578829,43.76112807578829,0.0,0.04376112807578836,0.09079909798395547,0.09285816026251159,2025-11-05,2025-12-17,62,0.18571671260604744,0.5602707355479726,0.504633849917096,0.9778257261102835,12899.724353396963,32.43978713921191,32.24978713921191,0.19000000000000003,0.0,43.76112807578802,0.0,19,19,19,1.0,1.6023411666986156,1.4421070500287538,3.3684210526315788,4.0,22,20,0.05902476375478938,-0.04848805447460458,0.1096318944980026,0.8903681055019974,0.32889568349400783,0.057611536748194636,-0.04033153751643448,"{'2025-09': 0.0031525925906248364, '2025-10': 0.0061584865173360814, '2025-11': 0.0025665368129037525, '2025-12': -0.030802724412833826, '2026-01': 0.057611536748194636, '2026-02': 0.04856397375534738, '2026-03': -0.04033153751643448}","{'2025': -0.01924894484139994, '2026': 0.06424675516357081}",942.7844588874004,1104.740634259488,daily_mark_to_market_equity,L06__SPXL_SOXL__rsi_15,b,SPXL_SOXL,L06,rsi_15,stress,0,sha256:acd49d7f6e3e633cb9e24e4f31a698d59c7e8a2578e14056df443689e9c014bb,sensitivity_evaluation,W5,False,L06__SPXL_SOXL__rsi_15/stress/W5
OK,2026-03-19,2026-09-18,1000.0,1056.5276035695504,56.527603569550365,56.527603569550365,0.0,0.05652760356955033,0.11599904792626359,0.07217234853262655,2026-05-22,2026-06-10,13,0.20389229760011232,0.6346311343705925,0.49021357624271134,1.6072505645818709,10422.584135727499,26.206977430449346,26.056977430449347,0.15000000000000002,0.0,56.5276035695506,0.0,15,15,15,1.0,1.2408435909144597,1.4181069610450967,2.7333333333333334,2.0,17,18,0.08978883894681755,-0.050745596311499996,0.08012155886490213,0.9198784411350979,0.24036467659470642,0.08093296946207662,-0.03591180350349987,"{'2026-03': -0.03591180350349987, '2026-04': 0.0, '2026-05': 0.08093296946207662, '2026-06': 0.010070190822593306, '2026-07': -0.006843386739151858, '2026-08': 0.00891313568846841, '2026-09': 0.0017105536441648361}",{'2026': 0.05652760356955033},949.2544036885,1100.1299310529753,daily_mark_to_market_equity,L06__SPXL_SOXL__rsi_15,b,SPXL_SOXL,L06,rsi_15,stress,0,sha256:acd49d7f6e3e633cb9e24e4f31a698d59c7e8a2578e14056df443689e9c014bb,sensitivity_evaluation,W6,False,L06__SPXL_SOXL__rsi_15/stress/W6
OK,2023-09-19,2024-03-18,1000.0,1007.7249763949201,7.724976394920077,7.724976394920077,0.0,0.007724976394920091,0.015649955914009972,0.024024897088699815,2023-09-19,2024-01-04,76,0.07344270622015915,0.2469172661064693,0.22620164527442777,0.6514057419780157,3286.92266316988,3.33693372507991,3.28693372507991,0.05,0.0,7.724976394920073,0.0,5,5,5,1.0,1.0255592728358762,1.5383389092538142,3.6,3.0,5,5,0.04527745156899399,-0.017518423224734514,0.026372547248414018,0.973627452751586,0.07911764174524206,0.016722207875103035,-0.014349652722719819,"{'2023-09': -0.014349652722719819, '2023-10': 0.0055804782056780855, '2023-11': 0.0, '2023-12': 0.0, '2024-01': 0.016722207875103035, '2024-02': 0.0, '2024-03': 0.0}","{'2023': -0.008849252441319844, '2024': 0.016722207875103035}",975.9751029113002,1025.6935093913,daily_mark_to_market_equity,L06__SPXL_SOXL__rsi_5,b,SPXL_SOXL,L06,rsi_5,base,0,sha256:acd49d7f6e3e633cb9e24e4f31a698d59c7e8a2578e14056df443689e9c014bb,sensitivity_evaluation,W1,False,L06__SPXL_SOXL__rsi_5/base/W1
OK,2024-03-19,2024-09-18,1000.0,1012.28362698631,12.283626986309969,12.283626986309969,0.0,0.012283626986310026,0.024666869902399746,0.005844822899400026,2024-03-19,2024-04-19,24,0.015558325063260207,1.564840030569188,0.5012866644175056,4.220293809917117,1994.6325354161695,2.0246468436899505,1.9946468436899505,0.03,0.0,12.28362698631004,0.0,3,3,3,1.0,1.5508125907092114,3.101625181418423,1.0,1.0,4,2,0.007448541207359938,-0.005087720081179858,0.007815964717710651,0.9921840352822894,0.02344789415313195,0.0063579858706002135,0.0,"{'2024-03': 0.0, '2024-04': 0.0063579858706002135, '2024-05': 0.0, '2024-06': 0.0, '2024-07': 0.0, '2024-08': 0.0, '2024-09': 0.005888203997888253}",{'2024': 0.012283626986310248},994.1551771006,1012.28362698631,daily_mark_to_market_equity,L06__SPXL_SOXL__rsi_5,b,SPXL_SOXL,L06,rsi_5,base,0,sha256:acd49d7f6e3e633cb9e24e4f31a698d59c7e8a2578e14056df443689e9c014bb,sensitivity_evaluation,W2,False,L06__SPXL_SOXL__rsi_5/base/W2
OK,2024-09-19,2025-03-18,1000.0,1025.0281851045904,25.02818510459042,25.02818510459042,0.0,0.025028185104590372,0.05144059907256482,0.019144020441045018,2024-11-21,2025-02-25,77,0.04021883470768271,1.2791583752713875,0.9994337667640365,2.687032184852641,2734.1011830959096,2.7741289854099027,2.7341289854099027,0.04,0.0,25.0281851045901,0.0,4,4,4,1.0,2.468980183771242,2.468980183771242,2.75,2.5,7,6,0.021528598041835822,-0.008938858647375536,0.02426897527280633,0.9757310247271936,0.07280692581841898,0.04206598138060014,-0.013541367013684358,"{'2024-09': 0.0, '2024-10': 0.0, '2024-11': 0.04206598138060014, '2024-12': -0.013541367013684358, '2025-01': 0.0, '2025-02': -0.0028472048063507005, '2025-03': 0.0}","{'2024': 0.027954983474250295, '2025': -0.0028472048063507005}",997.0823338484702,1042.4880078978103,daily_mark_to_market_equity,L06__SPXL_SOXL__rsi_5,b,SPXL_SOXL,L06,rsi_5,base,0,sha256:acd49d7f6e3e633cb9e24e4f31a698d59c7e8a2578e14056df443689e9c014bb,sensitivity_evaluation,W3,False,L06__SPXL_SOXL__rsi_5/base/W3
OK,2025-03-19,2025-09-18,1000.0,1050.0439977110252,50.04399771102521,50.04399771102521,0.0,0.05004399771102519,0.1023717558289381,0.004965181608911462,2025-08-04,2025-08-05,2,0.034815241183995156,2.8008002018888125,2.796414718797288,20.61792778036602,2078.056341868795,2.10810849397493,2.07810849397493,0.03,0.0,50.04399771102506,0.0,3,3,3,1.0,,,3.6666666666666665,4.0,7,3,0.01669548985422442,-0.004965181608911462,0.018570101207244456,0.9814298987927556,0.05571030362173338,0.02874025780867484,0.0,"{'2025-03': 0.0, '2025-04': 0.0, '2025-05': 0.0, '2025-06': 0.0, '2025-07': 0.02874025780867484, '2025-08': 0.020708570254389436, '2025-09': 0.0}",{'2025': 0.05004399771102497},1000.0,1052.4820117892052,daily_mark_to_market_equity,L06__SPXL_SOXL__rsi_5,b,SPXL_SOXL,L06,rsi_5,base,0,sha256:acd49d7f6e3e633cb9e24e4f31a698d59c7e8a2578e14056df443689e9c014bb,sensitivity_evaluation,W4,False,L06__SPXL_SOXL__rsi_5/base/W4
OK,2025-09-19,2026-03-18,1000.0,1071.6764028774203,71.67640287742029,71.67640287742029,0.0,0.07167640287742039,0.15081150036443614,0.038674532026576,2026-03-04,2026-03-06,10,0.08574360273335013,1.683329796828067,0.7793423745736738,3.8995042075959163,5641.68400441572,5.7217614025797,5.6417614025797,0.08,0.0,71.67640287742036,0.0,8,8,8,1.0,0.890444344443062,2.671333033329186,2.5,1.5,15,4,0.04099710812195223,-0.028282429604521098,0.03776603645121206,0.962233963548788,0.11329810935363616,0.05554947252972031,-0.030315096489697768,"{'2025-09': 0.0, '2025-10': 0.0, '2025-11': 0.05554947252972031, '2025-12': 0.0075022585644342055, '2026-01': 0.02013840752945395, '2026-02': 0.018707054272427692, '2026-03': -0.030315096489697768}","{'2025': 0.06346847760019036, '2026': 0.007718071057218889}",1000.0,1109.1167662893502,daily_mark_to_market_equity,L06__SPXL_SOXL__rsi_5,b,SPXL_SOXL,L06,rsi_5,base,0,sha256:acd49d7f6e3e633cb9e24e4f31a698d59c7e8a2578e14056df443689e9c014bb,sensitivity_evaluation,W5,False,L06__SPXL_SOXL__rsi_5/base/W5
OK,2026-03-19,2026-09-18,1000.0,1085.5425865849202,85.54258658492017,85.54258658492017,0.0,0.0855425865849202,0.17800636729385322,0.04825695268222496,2026-06-15,2026-07-29,66,0.11626537041534639,1.458640549830539,,3.688719602044419,2161.00036140532,2.1910880950799743,2.1610880950799745,0.03,0.0,85.54258658491996,0.0,3,3,3,1.0,28.516175509855483,57.032351019710966,2.0,1.0,6,1,0.049228168635796266,-0.04825695268222496,0.010481881713193796,0.9895181182868062,0.03144564513958139,0.038380351872399965,-0.0014043854509189213,"{'2026-03': 0.038380351872399965, '2026-04': 0.015405871013789874, '2026-05': 0.0, '2026-06': 0.031005730882490257, '2026-07': -0.0014043854509189213, '2026-08': 0.0, '2026-09': 0.0}",{'2026': 0.08554258658491976},1000.0,1087.0692508249201,daily_mark_to_market_equity,L06__SPXL_SOXL__rsi_5,b,SPXL_SOXL,L06,rsi_5,base,0,sha256:acd49d7f6e3e633cb9e24e4f31a698d59c7e8a2578e14056df443689e9c014bb,sensitivity_evaluation,W6,False,L06__SPXL_SOXL__rsi_5/base/W6
OK,2023-09-19,2024-03-18,1000.0,1002.7395075687502,2.7395075687502413,2.7395075687502413,0.0,0.002739507568750188,0.005535913563168959,0.027908815350200067,2023-09-19,2024-01-04,76,0.0745547894858294,0.1102263117174243,0.08328727046703689,0.19835716757247723,3281.32937025075,8.253392131249834,8.203392131249833,0.05,0.0,2.739507568750147,0.0,5,5,5,1.0,0.778642454546275,1.1679636818194126,3.6,3.0,4,6,0.0453156864285027,-0.01851371032163962,0.026392098362762195,0.9736079016372378,0.0791762950882866,0.014716987149627103,-0.016310118586799982,"{'2023-09': -0.016310118586799982, '2023-10': 0.004581072683954801, '2023-11': 0.0, '2023-12': 0.0, '2024-01': 0.014716987149627103, '2024-02': 0.0, '2024-03': 0.0}","{'2023': -0.011803763741575102, '2024': 0.014716987149627103}",972.0911846498,1021.6541159198,daily_mark_to_market_equity,L06__SPXL_SOXL__rsi_5,b,SPXL_SOXL,L06,rsi_5,stress,0,sha256:acd49d7f6e3e633cb9e24e4f31a698d59c7e8a2578e14056df443689e9c014bb,sensitivity_evaluation,W1,False,L06__SPXL_SOXL__rsi_5/stress/W1
OK,2024-03-19,2024-09-18,1000.0,1009.2707996040501,9.270799604050126,9.270799604050126,0.0,0.009270799604050195,0.018589023128364524,0.006827052808499934,2024-03-19,2024-04-19,24,0.014874355758944831,1.2384472869860956,0.37888025662084807,2.7228474203715693,1992.61895628935,5.011636655949846,4.9816366559498455,0.03,0.0,9.270799604050147,0.0,3,3,3,1.0,1.1789752374924938,2.3579504749849876,1.0,1.0,4,2,0.006939966420069554,-0.0055827200379499065,0.007819831618104792,0.9921801683818952,0.023459494854314377,0.004888336102170543,0.0,"{'2024-03': 0.0, '2024-04': 0.004361144760500091, '2024-05': 0.0, '2024-06': 0.0, '2024-07': 0.0, '2024-08': 0.0, '2024-09': 0.004888336102170543}",{'2024': 0.009270799604050195},993.1729471915,1009.2707996040501,daily_mark_to_market_equity,L06__SPXL_SOXL__rsi_5,b,SPXL_SOXL,L06,rsi_5,stress,0,sha256:acd49d7f6e3e633cb9e24e4f31a698d59c7e8a2578e14056df443689e9c014bb,sensitivity_evaluation,W2,False,L06__SPXL_SOXL__rsi_5/stress/W2
OK,2024-09-19,2025-03-18,1000.0,1020.958350823675,20.958350823675005,20.958350823675005,0.0,0.02095835082367503,0.04298673646446627,0.02109400576286713,2024-11-21,2025-02-25,77,0.04009901400247137,1.0795724409152836,0.8279863996245213,2.0378650194615027,2729.995115748725,6.865161686324867,6.825161686324867,0.04,0.0,20.95835082367514,0.0,4,4,4,1.0,2.1018166685418436,2.1018166685418436,2.75,2.5,7,6,0.021001843053348956,-0.0094338576913644,0.02428097022462218,0.9757190297753778,0.07284291067386654,0.03997998248169976,-0.014512057732409933,"{'2024-09': 0.0, '2024-10': 0.0, '2024-11': 0.03997998248169976, '2024-12': -0.014512057732409933, '2025-01': 0.0, '2025-02': -0.003833963453192868, '2025-03': 0.0}","{'2024': 0.024887732935374718, '2025': -0.003833963453192868}",996.5873339961752,1040.9295878869002,daily_mark_to_market_equity,L06__SPXL_SOXL__rsi_5,b,SPXL_SOXL,L06,rsi_5,stress,0,sha256:acd49d7f6e3e633cb9e24e4f31a698d59c7e8a2578e14056df443689e9c014bb,sensitivity_evaluation,W3,False,L06__SPXL_SOXL__rsi_5/stress/W3
OK,2025-03-19,2025-09-18,1000.0,1046.899409799963,46.899409799962996,46.899409799962996,0.0,0.0468994097999631,0.09579252172161623,0.004967621109909781,2025-08-04,2025-08-05,2,0.034039678580998156,2.688945812006442,2.643682498929489,19.283379227639195,2075.8882793743874,5.220046445037372,5.190046445037372,0.03,0.0,46.89940979996261,0.0,3,3,3,1.0,,,3.6666666666666665,4.0,7,3,0.016703713993100555,-0.004967621109909781,0.018579207528329637,0.9814207924716704,0.055737622584988905,0.027706098279187685,0.0,"{'2025-03': 0.0, '2025-04': 0.0, '2025-05': 0.0, '2025-06': 0.0, '2025-07': 0.027706098279187685, '2025-08': 0.01867587586851238, '2025-09': 0.0}",{'2025': 0.0468994097999631},1000.0,1049.8615344453128,daily_mark_to_market_equity,L06__SPXL_SOXL__rsi_5,b,SPXL_SOXL,L06,rsi_5,stress,0,sha256:acd49d7f6e3e633cb9e24e4f31a698d59c7e8a2578e14056df443689e9c014bb,sensitivity_evaluation,W4,False,L06__SPXL_SOXL__rsi_5/stress/W4
OK,2025-09-19,2026-03-18,1000.0,1063.2342949149502,63.23429491495017,63.23429491495017,0.0,0.06323429491495025,0.13249066635784668,0.03913539082801387,2026-03-04,2026-03-06,10,0.08458154546841487,1.5152331359533786,0.8529825006420513,3.385443803029745,5623.3575050893505,14.138877345049645,14.058877345049645,0.08,0.0,63.23429491495041,0.0,8,8,8,1.0,0.8047094112242644,2.4141282336727934,2.5,1.5,15,3,0.03997554525171365,-0.028743089515054,0.037792571377320096,0.9622074286226799,0.11337771413196025,0.05348405348430019,-0.03222063190914426,"{'2025-09': 0.0, '2025-10': 0.0, '2025-11': 0.05348405348430019, '2025-12': 0.005508943583678594, '2026-01': 0.01911712269855781, '2026-02': 0.017687909197347196, '2026-03': -0.03222063190914426}","{'2025': 0.05928763770125034, '2026': 0.0037257653853723927}",1000.0,1102.0025217118505,daily_mark_to_market_equity,L06__SPXL_SOXL__rsi_5,b,SPXL_SOXL,L06,rsi_5,stress,0,sha256:acd49d7f6e3e633cb9e24e4f31a698d59c7e8a2578e14056df443689e9c014bb,sensitivity_evaluation,W5,False,L06__SPXL_SOXL__rsi_5/stress/W5
OK,2026-03-19,2026-09-18,1000.0,1082.2740317673,82.2740317672999,82.2740317672999,0.0,0.08227403176729986,0.17093759420662757,0.048751956537444796,2026-06-15,2026-07-29,66,0.11560783694263409,1.4145475672763757,,3.5062714677991633,2158.6771438981,5.427240992699856,5.397240992699856,0.03,0.0,82.27403176730007,0.0,3,3,3,1.0,16.343741051043306,32.68748210208661,2.0,1.0,6,1,0.04873456161865519,-0.048751956537444796,0.010487041128027142,0.9895129588719729,0.03146112338408143,0.03788535190599984,-0.0023933001486936556,"{'2026-03': 0.03788535190599984, '2026-04': 0.014856650454872833, '2026-05': 0.0, '2026-06': 0.029968152655057034, '2026-07': -0.0023933001486936556, '2026-08': 0.0, '2026-09': 0.0}",{'2026': 0.08227403176730008},1000.0,1084.8704523822998,daily_mark_to_market_equity,L06__SPXL_SOXL__rsi_5,b,SPXL_SOXL,L06,rsi_5,stress,0,sha256:acd49d7f6e3e633cb9e24e4f31a698d59c7e8a2578e14056df443689e9c014bb,sensitivity_evaluation,W6,False,L06__SPXL_SOXL__rsi_5/stress/W6
OK,2023-09-19,2024-03-18,1000.0,1052.2417087655303,52.24170876553035,52.24170876553035,0.0,0.05224170876553025,0.10822546818706358,0.15415546182421258,2023-12-27,2024-01-31,55,0.2151193806725594,0.5850740309674154,0.3478515986530085,0.7020540622198379,3025.90564134338,3.0559581448598983,3.0259581448598984,0.03,2.7941502903899997,49.44755847514021,0.0,3,3,3,1.0,2.0288752739367157,4.0577505478734315,24.0,24.0,22,15,0.0534539409896202,-0.0649585569301695,0.19999988067972016,0.8000001193202798,0.5999996420391606,0.15606330512346034,-0.13695183944423484,"{'2023-09': 0.0, '2023-10': 0.0, '2023-11': 0.0, '2023-12': 0.15606330512346034, '2024-01': -0.13695183944423484, '2024-02': 0.05462694907327137, '2024-03': 0.0}","{'2023': 0.15606330512346034, '2024': -0.08980615152977478}",997.7383089728203,1179.5764634534598,daily_mark_to_market_equity,L07__SPXL_SOXL__contraction_15,b,SPXL_SOXL,L07,contraction_15,base,0,sha256:acd49d7f6e3e633cb9e24e4f31a698d59c7e8a2578e14056df443689e9c014bb,sensitivity_evaluation,W1,False,L07__SPXL_SOXL__contraction_15/base/W1
OK,2024-03-19,2024-09-18,1000.0,901.03194465059,-98.96805534940995,-98.96805534940995,0.0,-0.09896805534941,-0.18779460865360287,0.13102886282694415,2024-07-03,2024-07-17,53,0.1750506903914839,-1.0891951964827082,-0.4585102986021234,-1.433230851599711,2859.9541299013495,2.8898568869897536,2.859856886989754,0.03,1.1647128875800001,-100.13276823698979,0.0,3,3,3,1.0,0.6047293860420622,0.3023646930210311,17.0,15.0,20,17,0.020784031455913565,-0.1006188335014716,0.13248485678637612,0.8675151432136239,0.39745457035912835,0.025956435943847778,-0.09572361933637219,"{'2024-03': -0.0028474165601700685, '2024-04': -0.026023536520944024, '2024-05': 0.0, '2024-06': 0.025956435943847778, '2024-07': -0.09572361933637219, '2024-08': 0.0, '2024-09': 0.0}",{'2024': -0.09896805534941022},882.6861675779501,1015.7830678352702,daily_mark_to_market_equity,L07__SPXL_SOXL__contraction_15,b,SPXL_SOXL,L07,contraction_15,base,0,sha256:acd49d7f6e3e633cb9e24e4f31a698d59c7e8a2578e14056df443689e9c014bb,sensitivity_evaluation,W2,False,L07__SPXL_SOXL__contraction_15/base/W2
OK,2024-09-19,2025-03-18,1000.0,745.5114296405502,-254.4885703594498,-254.4885703594498,0.0,-0.25448857035944983,-0.4489531431706666,0.2725725429337934,2024-10-14,2025-02-21,105,0.18292670285090717,-3.1912256022618197,-1.7035375393106609,-1.6470959926426456,5156.35544191419,5.216106169449842,5.156106169449842,0.060000000000000005,0.0,-254.4885703594499,0.0,6,6,6,,,,7.833333333333333,5.5,18,18,0.02317958900475503,-0.08566824023793351,0.13159261683631976,0.8684073831636803,0.39477785050895925,0.0,-0.10603064043449184,"{'2024-09': 0.0, '2024-10': -0.08289255480279967, '2024-11': -0.013791334828494928, '2024-12': -0.05752933485800393, '2025-01': -0.10603064043449184, '2025-02': -0.021693818426043787, '2025-03': 0.0}","{'2024': -0.14757363312606997, '2025': -0.1254242493993526}",742.5803850387802,1020.830844128,daily_mark_to_market_equity,L07__SPXL_SOXL__contraction_15,b,SPXL_SOXL,L07,contraction_15,base,0,sha256:acd49d7f6e3e633cb9e24e4f31a698d59c7e8a2578e14056df443689e9c014bb,sensitivity_evaluation,W3,False,L07__SPXL_SOXL__contraction_15/base/W3
OK,2025-03-19,2025-09-18,1000.0,1031.9796790865203,31.979679086520264,31.979679086520264,0.0,0.03197967908652033,0.06484467123496529,0.09793844966911991,2025-07-25,2025-08-21,38,0.1406675465802724,0.5133755259672161,0.4219716731809126,0.6620961578832392,4957.585542546939,4.996597394439641,4.956597394439641,0.04,1.74509148096,-47.218873023979796,77.45346062954015,6,4,4,1.0,1.4927092977720393,0.4975697659240131,14.0,10.0,19,22,0.05907960641415033,-0.0388472429777581,0.18802186036062332,0.8119781396393767,0.5640655810818701,0.08114335586794685,-0.08260473944598712,"{'2025-03': 0.0, '2025-04': 0.0, '2025-05': 0.0, '2025-06': 0.034686563300159845, '2025-07': 0.005593738468043785, '2025-08': -0.08260473944598712, '2025-09': 0.08114335586794685}",{'2025': 0.03197967908652033},950.1947977923102,1053.35916096166,daily_mark_to_market_equity,L07__SPXL_SOXL__contraction_15,b,SPXL_SOXL,L07,contraction_15,base,0,sha256:acd49d7f6e3e633cb9e24e4f31a698d59c7e8a2578e14056df443689e9c014bb,sensitivity_evaluation,W4,False,L07__SPXL_SOXL__contraction_15/base/W4
OK,2025-09-19,2026-03-18,1000.0,895.8418662038204,-104.15813379617964,-104.15813379617964,0.0,-0.10415813379617966,-0.20003781567132672,0.10743040212523969,2025-09-19,2026-01-20,123,0.09147572466995678,-2.396408793803077,-1.2369043958586636,-1.8620224044039937,3689.809044605179,3.7297086161797104,3.6897086161797104,0.04,0.0,-104.15813379617964,0.0,4,4,4,,,,9.0,9.0,12,16,0.015642089778165058,-0.04020857719841642,0.09513388232059979,0.9048661176794002,0.28540164696179937,0.0,-0.03375573024118972,"{'2025-09': 0.0, '2025-10': -0.03375573024118972, '2025-11': -0.031858492227999524, '2025-12': -0.019669506121976377, '2026-01': -0.02313832517294867, '2026-02': 0.0, '2026-03': 0.0}","{'2025': -0.08293887528914978, '2026': -0.02313832517294867}",892.5695978747603,1000.0,daily_mark_to_market_equity,L07__SPXL_SOXL__contraction_15,b,SPXL_SOXL,L07,contraction_15,base,0,sha256:acd49d7f6e3e633cb9e24e4f31a698d59c7e8a2578e14056df443689e9c014bb,sensitivity_evaluation,W5,False,L07__SPXL_SOXL__contraction_15/base/W5
OK,2026-03-19,2026-09-18,1000.0,1520.00881746002,520.00881746002,520.00881746002,0.0,0.5200088174600201,1.306465397803271,0.09575157011333002,2026-04-24,2026-04-28,5,0.24213067129582624,3.555334991957859,2.6401807443406207,13.64432349523835,3008.3551222843794,3.028878159979848,3.008878159979848,0.02,0.0,520.0088174600202,0.0,2,2,2,1.0,,,22.0,22.0,23,11,0.08620991701304392,-0.07241077289403686,0.14055560383639962,0.8594443961636004,0.42166681150919877,0.45211690593761955,0.0,"{'2026-03': 0.0, '2026-04': 0.45211690593761955, '2026-05': 0.04051552520973645, '2026-06': 0.0, '2026-07': 0.0, '2026-08': 0.005995321687005006, '2026-09': 0.0}",{'2026': 0.5200088174600201},1000.0,1558.9796736778203,daily_mark_to_market_equity,L07__SPXL_SOXL__contraction_15,b,SPXL_SOXL,L07,contraction_15,base,0,sha256:acd49d7f6e3e633cb9e24e4f31a698d59c7e8a2578e14056df443689e9c014bb,sensitivity_evaluation,W6,False,L07__SPXL_SOXL__contraction_15/base/W6
OK,2023-09-19,2024-03-18,1000.0,1047.5628935218404,47.56289352184035,47.56289352184035,0.0,0.0475628935218404,0.09830399449129112,0.1562298385672073,2023-12-27,2024-01-31,55,0.21531159772721006,0.5430134615442699,0.3241265044185491,0.6292267558671418,3022.7353456479495,7.587165588549869,7.557165588549869,0.03,2.7941502903899997,44.76874323145024,0.0,3,3,3,1.0,1.7694273225865882,3.5388546451731764,24.0,24.0,23,15,0.053528279134307244,-0.06504301866260964,0.20022356160476756,0.7997764383952324,0.6006706848143026,0.15457830526306493,-0.13904633415744916,"{'2023-09': 0.0, '2023-10': 0.0, '2023-11': 0.0, '2023-12': 0.15457830526306493, '2024-01': -0.13904633415744916, '2024-02': 0.05384547296009767, '2024-03': 0.0}","{'2023': 0.15457830526306493, '2024': -0.09268787682342738}",994.0384244185153,1178.0914635930649,daily_mark_to_market_equity,L07__SPXL_SOXL__contraction_15,b,SPXL_SOXL,L07,contraction_15,stress,0,sha256:acd49d7f6e3e633cb9e24e4f31a698d59c7e8a2578e14056df443689e9c014bb,sensitivity_evaluation,W1,False,L07__SPXL_SOXL__contraction_15/stress/W1
OK,2024-03-19,2024-09-18,1000.0,897.0227888738302,-102.97721112616978,-102.97721112616978,0.0,-0.10297721112616975,-0.1949916571961856,0.1324451778821597,2024-07-03,2024-07-17,53,0.17548848737469158,-1.1363859263484664,-0.4789503420223375,-1.472244292424714,2855.9566770092497,7.169285624349738,7.139285624349737,0.03,1.1629821981800001,-104.14019332434977,0.0,3,3,3,1.0,0.5731091348793605,0.2865545674396803,17.0,15.0,20,17,0.02014020509809744,-0.10069621831066022,0.13258324988060266,0.8674167501193973,0.3977497496418079,0.025213939155341203,-0.09775442795909106,"{'2024-03': -0.003589916440425056, '2024-04': -0.026746216216565033, '2024-05': 0.0, '2024-06': 0.025213939155341203, '2024-07': -0.09775442795909106, '2024-08': 0.0, '2024-09': 0.0}",{'2024': -0.10297721112616964},879.3132398772302,1013.5535155354053,daily_mark_to_market_equity,L07__SPXL_SOXL__contraction_15,b,SPXL_SOXL,L07,contraction_15,stress,0,sha256:acd49d7f6e3e633cb9e24e4f31a698d59c7e8a2578e14056df443689e9c014bb,sensitivity_evaluation,W2,False,L07__SPXL_SOXL__contraction_15/stress/W2
OK,2024-09-19,2025-03-18,1000.0,738.9208209628252,-261.07917903717475,-261.07917903717475,0.0,-0.2610791790371747,-0.45879319705491783,0.27795509972673904,2024-10-14,2025-02-21,105,0.18352709438562453,-3.279009803100929,-1.7618952294335075,-1.6506018328354575,5137.682836177624,12.902655987174748,12.842655987174748,0.060000000000000005,0.0,-261.07917903717487,0.0,6,6,6,,,,7.833333333333333,5.5,16,20,0.022447957994893075,-0.08625018300542397,0.13175506427313824,0.8682449357268618,0.39526519281941463,0.0,-0.10735800527867778,"{'2024-09': 0.0, '2024-10': -0.08487653289679986, '2024-11': -0.016011774657640365, '2024-12': -0.058929502812030465, '2025-01': -0.10735800527867778, '2025-02': -0.02314784894013755, '2025-03': 0.0}","{'2024': -0.1525935752480998, '2025': -0.12802074733010993}",736.5495868444503,1020.08834432,daily_mark_to_market_equity,L07__SPXL_SOXL__contraction_15,b,SPXL_SOXL,L07,contraction_15,stress,0,sha256:acd49d7f6e3e633cb9e24e4f31a698d59c7e8a2578e14056df443689e9c014bb,sensitivity_evaluation,W3,False,L07__SPXL_SOXL__contraction_15/stress/W3
OK,2025-03-19,2025-09-18,1000.0,1024.3801052790102,24.380105279010195,24.380105279010195,0.0,0.024380105279010245,0.04925101302896695,0.10161772212624287,2025-07-03,2025-09-12,53,0.140801625496197,0.4088362878772939,0.3394206621704509,0.4846695241582062,4945.3474210839,12.397229751949716,12.357229751949717,0.04,1.74509148096,-52.94485593484984,75.57986973290011,6,4,4,1.0,1.381719747716624,0.4605732492388747,14.0,10.0,19,22,0.059165676522694444,-0.038878125251060935,0.18821020957456866,0.8117897904254313,0.5646306287237061,0.07965835894781192,-0.08606825412096875,"{'2025-03': 0.0, '2025-04': 0.0, '2025-05': 0.0, '2025-06': 0.03394406350895984, '2025-07': 0.004069966589361762, '2025-08': -0.08606825412096875, '2025-09': 0.07965835894781192}",{'2025': 0.024380105279010467},944.9633393190102,1051.84993358896,daily_mark_to_market_equity,L07__SPXL_SOXL__contraction_15,b,SPXL_SOXL,L07,contraction_15,stress,0,sha256:acd49d7f6e3e633cb9e24e4f31a698d59c7e8a2578e14056df443689e9c014bb,sensitivity_evaluation,W4,False,L07__SPXL_SOXL__contraction_15/stress/W4
OK,2025-09-19,2026-03-18,1000.0,890.5284619662755,-109.47153803372453,-109.47153803372453,0.0,-0.10947153803372456,-0.20963626826758808,0.11208661721167457,2025-09-19,2026-01-20,123,0.09126588881837668,-2.534465305537849,-1.3160079126030664,-1.8703059605384635,3681.9130339446747,9.244156163724778,9.204156163724779,0.04,0.0,-109.47153803372471,0.0,4,4,4,,,,9.0,9.0,12,16,0.014922410503040107,-0.04023862340329276,0.09520510884765841,0.9047948911523416,0.2856153265429753,0.0,-0.03591024457302472,"{'2025-09': 0.0, '2025-10': -0.03591024457302472, '2025-11': -0.03257651968961717, '2025-12': -0.02041200615944072, '2026-01': -0.02530158723640341, '2026-02': 0.0, '2026-03': 0.0}","{'2025': -0.0863548659719997, '2026': -0.02530158723640341}",887.9133827883254,1000.0,daily_mark_to_market_equity,L07__SPXL_SOXL__contraction_15,b,SPXL_SOXL,L07,contraction_15,stress,0,sha256:acd49d7f6e3e633cb9e24e4f31a698d59c7e8a2578e14056df443689e9c014bb,sensitivity_evaluation,W5,False,L07__SPXL_SOXL__contraction_15/stress/W5
OK,2026-03-19,2026-09-18,1000.0,1515.4853424480502,515.4853424480502,515.4853424480502,0.0,0.5154853424480503,1.292785964216459,0.09580021988791965,2026-04-24,2026-04-28,5,0.24184265661418003,3.5347556458512646,2.6204463067007273,13.494603308102413,3005.32331398095,7.536577171949938,7.516577171949939,0.02,0.0,515.4853424480501,0.0,2,2,2,1.0,,,22.0,22.0,23,11,0.08625749706830477,-0.07244851374948591,0.14064586310755015,0.8593541368924499,0.42193758932265046,0.4513744059940499,0.0,"{'2026-03': 0.0, '2026-04': 0.4513744059940499, '2026-05': 0.03949503653796316, '2026-06': 0.0, '2026-07': 0.0, '2026-08': 0.004499812453099272, '2026-09': 0.0}",{'2026': 0.5154853424480494},1000.0,1555.5341220085502,daily_mark_to_market_equity,L07__SPXL_SOXL__contraction_15,b,SPXL_SOXL,L07,contraction_15,stress,0,sha256:acd49d7f6e3e633cb9e24e4f31a698d59c7e8a2578e14056df443689e9c014bb,sensitivity_evaluation,W6,False,L07__SPXL_SOXL__contraction_15/stress/W6
OK,2023-09-19,2024-03-18,1000.0,1093.3964454539605,93.3964454539605,93.3964454539605,0.0,0.09339644545396042,0.19743403845303242,0.15415546182421258,2023-12-27,2024-01-31,48,0.3270027710468004,0.7128328519847624,0.6617770345108435,1.2807463071154204,4620.61583030635,4.660179116429763,4.620179116429763,0.04,2.7941502903899997,80.0063576971803,10.59593746639012,5,4,4,1.0,1.982484418011616,5.947453254034847,24.0,24.0,31,23,0.07863269900932135,-0.0723038949201722,0.3307854245904257,0.6692145754095743,0.992356273771277,0.15606330512346034,-0.13695183944423484,"{'2023-09': 0.0, '2023-10': 0.0, '2023-11': 0.0, '2023-12': 0.15606330512346034, '2024-01': -0.13695183944423484, '2024-02': 0.057228169948915886, '2024-03': 0.036554839535882344}","{'2023': 0.15606330512346034, '2024': -0.05420711771731823}",997.7383089728203,1228.8186254432603,daily_mark_to_market_equity,L07__SPXL_SOXL__contraction_25,b,SPXL_SOXL,L07,contraction_25,base,0,sha256:acd49d7f6e3e633cb9e24e4f31a698d59c7e8a2578e14056df443689e9c014bb,sensitivity_evaluation,W1,False,L07__SPXL_SOXL__contraction_25/base/W1
OK,2024-03-19,2024-09-18,1000.0,859.1601313753301,-140.83986862466986,-140.83986862466986,0.0,-0.1408398686246699,-0.2613844959799456,0.19613816432223086,2024-06-18,2024-07-17,63,0.20715720519681394,-1.3459354048370147,-0.6507040615377736,-1.3326549521006175,3747.8097347853295,3.7876703027696967,3.7476703027696967,0.04,2.3798170081000003,-143.21968563276977,0.0,4,4,4,1.0,0.697662178811011,0.23255405960367032,15.75,13.5,19,18,0.03292107809517697,-0.10061883145669193,0.1609006249810114,0.8390993750189886,0.4827018749430342,0.0,-0.09486726311356641,"{'2024-03': -0.0028474165601700685, '2024-04': -0.026023536520944024, '2024-05': 0.0, '2024-06': -0.02264629848218569, '2024-07': -0.09486726311356641, '2024-08': 0.0, '2024-09': 0.0}",{'2024': -0.14083986862467013},841.6673556793301,1047.0298729503504,daily_mark_to_market_equity,L07__SPXL_SOXL__contraction_25,b,SPXL_SOXL,L07,contraction_25,base,0,sha256:acd49d7f6e3e633cb9e24e4f31a698d59c7e8a2578e14056df443689e9c014bb,sensitivity_evaluation,W2,False,L07__SPXL_SOXL__contraction_25/base/W2
OK,2024-09-19,2025-03-18,1000.0,600.4192193294903,-399.58078067050974,-399.58078067050974,0.0,-0.3995807806705097,-0.64482087766856,0.41414333275316806,2024-10-14,2025-02-21,105,0.29431110963114,-3.388188339933183,-2.009960693503433,-1.5569992963109638,7163.00110868189,7.2526087805097585,7.162608780509759,0.09,0.0,-399.58078067050985,0.0,9,9,9,,,,8.777777777777779,6.0,25,29,0.02317958900475503,-0.13275049380295723,0.22333669609366852,0.7766633039063315,0.6700100882810056,0.0,-0.23575737269722485,"{'2024-09': 0.0, '2024-10': -0.08289255480279967, '2024-11': -0.013791334828494928, '2024-12': -0.10087885804025376, '2025-01': -0.23575737269722485, '2025-02': -0.033913341193349544, '2025-03': 0.0}","{'2024': -0.1867815129239997, '2025': -0.26167539367144566}",598.0605561636003,1020.830844128,daily_mark_to_market_equity,L07__SPXL_SOXL__contraction_25,b,SPXL_SOXL,L07,contraction_25,base,0,sha256:acd49d7f6e3e633cb9e24e4f31a698d59c7e8a2578e14056df443689e9c014bb,sensitivity_evaluation,W3,False,L07__SPXL_SOXL__contraction_25/base/W3
OK,2025-03-19,2025-09-18,1000.0,1154.042598987061,154.04259898706096,154.04259898706096,0.0,0.15404259898706085,0.33103253966449353,0.10946033403518218,2025-07-25,2025-09-02,38,0.23378722489301618,1.3312742939909277,1.2890564741773711,3.024223729831619,7667.354784060529,7.726368736349489,7.666368736349489,0.060000000000000005,3.39174971341,64.03616486429028,86.61468440936017,8,6,6,1.0,3.067578292444624,1.533789146222312,15.166666666666666,10.0,24,22,0.0730112811630439,-0.055181689146364454,0.27388137705735804,0.726118622942642,0.8216441311720741,0.13785997074375023,-0.08817336008321242,"{'2025-03': 0.0, '2025-04': 0.0, '2025-05': 0.0, '2025-06': 0.13785997074375023, '2025-07': 0.03553718908109493, '2025-08': -0.08817336008321242, '2025-09': 0.0741255422456415}",{'2025': 0.1540425989870613},961.4265458003401,1192.8878810518802,daily_mark_to_market_equity,L07__SPXL_SOXL__contraction_25,b,SPXL_SOXL,L07,contraction_25,base,0,sha256:acd49d7f6e3e633cb9e24e4f31a698d59c7e8a2578e14056df443689e9c014bb,sensitivity_evaluation,W4,False,L07__SPXL_SOXL__contraction_25/base/W4
OK,2025-09-19,2026-03-18,1000.0,814.3658242010204,-185.63417579897964,-185.63417579897964,0.0,-0.18563417579897967,-0.3407684520076134,0.18563417579897967,2025-09-19,2026-03-02,123,0.12000965219501569,-3.4137899728980043,-1.9378018924231253,-1.8356988983355425,4496.113307223579,4.5459322189796625,4.495932218979663,0.05,0.0,-185.63417579897958,0.0,5,5,5,,,,8.0,7.0,12,19,0.015642089778165058,-0.04020857719841642,0.10270478553756072,0.8972952144624393,0.3081143566126821,0.0,-0.058057999824230655,"{'2025-09': 0.0, '2025-10': -0.03375573024118972, '2025-11': -0.031858492227999524, '2025-12': -0.019669506121976377, '2026-01': -0.02313832517294867, '2026-02': -0.058057999824230655, '2026-03': -0.03491842836232073}","{'2025': -0.08293887528914978, '2026': -0.11198304861326402}",814.3658242010204,1000.0,daily_mark_to_market_equity,L07__SPXL_SOXL__contraction_25,b,SPXL_SOXL,L07,contraction_25,base,0,sha256:acd49d7f6e3e633cb9e24e4f31a698d59c7e8a2578e14056df443689e9c014bb,sensitivity_evaluation,W5,False,L07__SPXL_SOXL__contraction_25/base/W5
OK,2026-03-19,2026-09-18,1000.0,1520.00881746002,520.00881746002,520.00881746002,0.0,0.5200088174600201,1.306465397803271,0.09575157011333002,2026-04-24,2026-04-28,5,0.24213067129582624,3.555334991957859,2.6401807443406207,13.64432349523835,3008.3551222843794,3.028878159979848,3.008878159979848,0.02,0.0,520.0088174600202,0.0,2,2,2,1.0,,,22.0,22.0,23,11,0.08620991701304392,-0.07241077289403686,0.14055560383639962,0.8594443961636004,0.42166681150919877,0.45211690593761955,0.0,"{'2026-03': 0.0, '2026-04': 0.45211690593761955, '2026-05': 0.04051552520973645, '2026-06': 0.0, '2026-07': 0.0, '2026-08': 0.005995321687005006, '2026-09': 0.0}",{'2026': 0.5200088174600201},1000.0,1558.9796736778203,daily_mark_to_market_equity,L07__SPXL_SOXL__contraction_25,b,SPXL_SOXL,L07,contraction_25,base,0,sha256:acd49d7f6e3e633cb9e24e4f31a698d59c7e8a2578e14056df443689e9c014bb,sensitivity_evaluation,W6,False,L07__SPXL_SOXL__contraction_25/base/W6
OK,2023-09-19,2024-03-18,1000.0,1086.1538921871406,86.15389218714063,86.15389218714063,0.0,0.08615389218714053,0.18148220214361555,0.1562298385672073,2023-12-27,2024-01-31,48,0.32752488274490926,0.6712902536320592,0.6257955665271353,1.1616359832923027,4611.085196756149,11.564996203249766,11.524996203249767,0.04,2.7941502903899997,73.58873454255033,9.771007354200083,5,4,4,1.0,1.7244162410357768,5.1732487231073305,24.0,24.0,32,23,0.07874935434037944,-0.072395954483085,0.33119872322760996,0.6688012767723901,0.9935961696828298,0.15457830526306493,-0.13904633415744916,"{'2023-09': 0.0, '2023-10': 0.0, '2023-11': 0.0, '2023-12': 0.15457830526306493, '2024-01': -0.13904633415744916, '2024-02': 0.05487980579200147, '2024-03': 0.03582219371883011}","{'2023': 0.15457830526306493, '2024': -0.059263553423805515}",994.0384244185153,1221.7990265003905,daily_mark_to_market_equity,L07__SPXL_SOXL__contraction_25,b,SPXL_SOXL,L07,contraction_25,stress,0,sha256:acd49d7f6e3e633cb9e24e4f31a698d59c7e8a2578e14056df443689e9c014bb,sensitivity_evaluation,W1,False,L07__SPXL_SOXL__contraction_25/stress/W1
OK,2024-03-19,2024-09-18,1000.0,854.0738812442003,-145.92611875579973,-145.92611875579973,0.0,-0.14592611875579975,-0.2700860937223042,0.1980664487623479,2024-06-18,2024-07-17,63,0.20738067847470418,-1.4009724955340337,-0.6780469732717809,-1.3636135519669452,3740.68662570045,9.390848372599685,9.350848372599685,0.04,2.3753937968,-148.30151255259975,0.0,4,4,4,1.0,0.6599896803370354,0.21999656011234514,15.75,13.5,19,18,0.032954024120647185,-0.10069621802542106,0.1610835323126084,0.8389164676873916,0.48325059693782524,0.0,-0.09690809927649913,"{'2024-03': -0.003589916440425056, '2024-04': -0.026746216216565033, '2024-05': 0.0, '2024-06': -0.024787456587498258, '2024-07': -0.09690809927649913, '2024-08': 0.0, '2024-09': 0.0}",{'2024': -0.14592611875579997},837.2127241116002,1043.9926385665003,daily_mark_to_market_equity,L07__SPXL_SOXL__contraction_25,b,SPXL_SOXL,L07,contraction_25,stress,0,sha256:acd49d7f6e3e633cb9e24e4f31a698d59c7e8a2578e14056df443689e9c014bb,sensitivity_evaluation,W2,False,L07__SPXL_SOXL__contraction_25/stress/W2
OK,2024-09-19,2025-03-18,1000.0,592.2380542680755,-407.76194573192447,-407.76194573192447,0.0,-0.4077619457319245,-0.654572352572931,0.42128589682119544,2024-10-14,2025-02-21,105,0.29448419043787866,-3.4810068128547154,-2.1002027538762187,-1.553748552970783,7124.980423598276,17.90001442192467,17.81001442192467,0.09,0.0,-407.7619457319248,0.0,9,9,9,,,,8.777777777777779,6.0,23,31,0.022447957994893075,-0.13293809713059368,0.22360595423451324,0.7763940457654868,0.6708178627035398,0.0,-0.2386993446871355,"{'2024-09': 0.0, '2024-10': -0.08487653289679986, '2024-11': -0.016011774657640365, '2024-12': -0.10365004596820093, '2025-01': -0.2386993446871355, '2025-02': -0.03618670794812606, '2025-03': 0.0}","{'2024': -0.19286311478012486, '2025': -0.2662483091616591}",590.3395113463005,1020.08834432,daily_mark_to_market_equity,L07__SPXL_SOXL__contraction_25,b,SPXL_SOXL,L07,contraction_25,stress,0,sha256:acd49d7f6e3e633cb9e24e4f31a698d59c7e8a2578e14056df443689e9c014bb,sensitivity_evaluation,W3,False,L07__SPXL_SOXL__contraction_25/stress/W3
OK,2025-03-19,2025-09-18,1000.0,1142.2445504759003,142.24455047590027,142.24455047590027,0.0,0.14224455047590023,0.3040116516032234,0.11350088262786873,2025-07-25,2025-09-02,38,0.233798967062233,1.2439095258610011,1.2155688044704924,2.678495925005055,7634.707462353999,19.140666877749606,19.080666877749607,0.060000000000000005,3.38647985365,54.58203555275021,84.2760350695001,8,6,6,1.0,2.86633643408921,1.433168217044605,15.166666666666666,10.0,24,22,0.07307160299922555,-0.05521310140404556,0.2740235205906542,0.7259764794093457,0.8220705617719627,0.13625896447899932,-0.09229446045812617,"{'2025-03': 0.0, '2025-04': 0.0, '2025-05': 0.0, '2025-06': 0.13625896447899932, '2025-07': 0.0332374195625309, '2025-08': -0.09229446045812617, '2025-09': 0.07185653507420664}",{'2025': 0.14224455047590046},959.98686551535,1188.574837803075,daily_mark_to_market_equity,L07__SPXL_SOXL__contraction_25,b,SPXL_SOXL,L07,contraction_25,stress,0,sha256:acd49d7f6e3e633cb9e24e4f31a698d59c7e8a2578e14056df443689e9c014bb,sensitivity_evaluation,W4,False,L07__SPXL_SOXL__contraction_25/stress/W4
OK,2025-09-19,2026-03-18,1000.0,808.3334540519255,-191.66654594807449,-191.66654594807449,0.0,-0.19166654594807453,-0.3506395549362469,0.19166654594807453,2025-09-19,2026-03-02,123,0.12065362755725616,-3.5199170987350903,-2.0033248068584695,-1.8294249171226815,4483.555165193975,11.257760358074707,11.207760358074706,0.05,0.0,-191.66654594807466,0.0,5,5,5,,,,8.0,7.0,12,19,0.014922410503040107,-0.04089045908922784,0.10278192766220598,0.897218072337794,0.30834578298661797,0.0,-0.05880049515341357,"{'2025-09': 0.0, '2025-10': -0.03591024457302472, '2025-11': -0.03257651968961717, '2025-12': -0.02041200615944072, '2026-01': -0.02530158723640341, '2026-02': -0.05880049515341357, '2026-03': -0.035591435186027365}","{'2025': -0.0863548659719997, '2026': -0.1152654089140559}",808.3334540519255,1000.0,daily_mark_to_market_equity,L07__SPXL_SOXL__contraction_25,b,SPXL_SOXL,L07,contraction_25,stress,0,sha256:acd49d7f6e3e633cb9e24e4f31a698d59c7e8a2578e14056df443689e9c014bb,sensitivity_evaluation,W5,False,L07__SPXL_SOXL__contraction_25/stress/W5
OK,2026-03-19,2026-09-18,1000.0,1515.4853424480502,515.4853424480502,515.4853424480502,0.0,0.5154853424480503,1.292785964216459,0.09580021988791965,2026-04-24,2026-04-28,5,0.24184265661418003,3.5347556458512646,2.6204463067007273,13.494603308102413,3005.32331398095,7.536577171949938,7.516577171949939,0.02,0.0,515.4853424480501,0.0,2,2,2,1.0,,,22.0,22.0,23,11,0.08625749706830477,-0.07244851374948591,0.14064586310755015,0.8593541368924499,0.42193758932265046,0.4513744059940499,0.0,"{'2026-03': 0.0, '2026-04': 0.4513744059940499, '2026-05': 0.03949503653796316, '2026-06': 0.0, '2026-07': 0.0, '2026-08': 0.004499812453099272, '2026-09': 0.0}",{'2026': 0.5154853424480494},1000.0,1555.5341220085502,daily_mark_to_market_equity,L07__SPXL_SOXL__contraction_25,b,SPXL_SOXL,L07,contraction_25,stress,0,sha256:acd49d7f6e3e633cb9e24e4f31a698d59c7e8a2578e14056df443689e9c014bb,sensitivity_evaluation,W6,False,L07__SPXL_SOXL__contraction_25/stress/W6
OK,2023-09-19,2024-03-18,1000.0,1218.0489536708703,218.04895367087033,218.04895367087033,0.0,0.2180489536708703,0.4889073203655423,0.11349170758649607,2024-03-07,2024-03-18,7,0.3420718142586977,1.3321167730343044,1.8271241023243472,4.307868220177484,6708.102066389731,6.83783598450963,6.7078359845096305,0.12999999999999998,1.15779188538,65.96362026638535,150.92754151910503,9,13,13,1.0,0.16035149724447664,1.9242179669337196,22.615384615384617,20.0,49,40,0.0799936044451488,-0.0592532301395321,0.37606903065832115,0.6239309693416788,1.128207091974963,0.1664344919003926,-0.07137236304248973,"{'2023-09': -0.07137236304248973, '2023-10': 0.0, '2023-11': 0.031190864317906852, '2023-12': 0.10507377602014434, '2024-01': -0.021050799312800628, '2024-02': 0.1664344919003926, '2024-03': 0.00802731168111892}","{'2023': 0.058210178171440585, '2024': 0.15104634107340398}",923.77997534626,1373.9848392785505,daily_mark_to_market_equity,L08__SPXL_SOXL__vol_target_40,b,SPXL_SOXL,L08,vol_target_40,base,0,sha256:acd49d7f6e3e633cb9e24e4f31a698d59c7e8a2578e14056df443689e9c014bb,sensitivity_evaluation,W1,False,L08__SPXL_SOXL__vol_target_40/base/W1
OK,2024-03-19,2024-09-18,1000.0,950.7970395129707,-49.20296048702926,-49.20296048702926,0.0,-0.04920296048702921,-0.0957980368517688,0.2533446345790332,2024-06-18,2024-08-05,63,0.3539489925572096,-0.10444580035392785,-0.12272016290148094,-0.378133276873814,11004.949464463327,11.144120159869153,11.004120159869153,0.14,1.29906955284,-135.73230482811599,85.23027478824694,14,14,14,1.0,0.222547688492049,0.5563692212301226,18.071428571428573,14.0,66,55,0.05243310065050366,-0.10464510344440048,0.611988433886382,0.388011566113618,1.8359653016591457,0.0732267579518473,-0.10657757466277518,"{'2024-03': 0.05926882463268046, '2024-04': -0.10657757466277518, '2024-05': 0.0732267579518473, '2024-06': 0.026074670172943293, '2024-07': -0.09639213025389715, '2024-08': 0.03369857361418327, '2024-09': -0.02325679100386502}",{'2024': -0.04920296048703032},849.6040147478309,1137.8797422406806,daily_mark_to_market_equity,L08__SPXL_SOXL__vol_target_40,b,SPXL_SOXL,L08,vol_target_40,base,0,sha256:acd49d7f6e3e633cb9e24e4f31a698d59c7e8a2578e14056df443689e9c014bb,sensitivity_evaluation,W2,False,L08__SPXL_SOXL__vol_target_40/base/W2
OK,2024-09-19,2025-03-18,1000.0,1029.8560405129501,29.85604051295013,29.85604051295013,0.0,0.02985604051295021,0.061513910757060364,0.1677990901924319,2024-12-06,2025-01-14,67,0.32685521525495126,0.34784175398071554,0.41998783780287086,0.3665926357915067,6253.590430747729,6.313624654149777,6.253624654149777,0.060000000000000005,1.9461208070999996,27.909951899959225,-3.219410881293296e-05,9,6,6,1.0,1.3148474442801743,1.3148474442801743,112.66666666666667,123.0,64,56,0.073309586423294,-0.08757580398907527,0.7847687969186601,0.21523120308133992,2.3543063907559802,0.17106157730845517,-0.08377749762685838,"{'2024-09': 0.012596340952799823, '2024-10': -0.04285670418174292, '2024-11': 0.17106157730845517, '2024-12': -0.08377749762685838, '2025-01': 0.019685689507097592, '2025-02': -0.02878315296717293, '2025-03': -2.7945652680827493e-08}","{'2024': 0.039905801813489905, '2025': -0.009664107348006157}",967.4188148513301,1162.48228456639,daily_mark_to_market_equity,L08__SPXL_SOXL__vol_target_40,b,SPXL_SOXL,L08,vol_target_40,base,0,sha256:acd49d7f6e3e633cb9e24e4f31a698d59c7e8a2578e14056df443689e9c014bb,sensitivity_evaluation,W3,False,L08__SPXL_SOXL__vol_target_40/base/W3
OK,2025-03-19,2025-09-18,1000.0,1154.2590930523952,154.2590930523952,154.2590930523952,0.0,0.15425909305239527,0.33153095630131024,0.06796569952480602,2025-08-28,2025-09-02,14,0.17636320430939614,1.7021702364505715,1.9100721497646476,4.877915751905247,5831.007872101445,5.920511563334658,5.8305115633346585,0.09,0.7314042607299999,89.5958680037652,63.93182078790012,11,9,9,1.0,0.3427403147741953,2.7419225181935625,19.444444444444443,15.0,48,40,0.056563804487431035,-0.05159591213925829,0.286851530292069,0.713148469707931,0.8605545908762068,0.08167117883764186,-0.010572606967186093,"{'2025-03': 0.0, '2025-04': 0.0, '2025-05': 0.008887334379419798, '2025-06': 0.0664309393524849, '2025-07': 0.0024176623698075606, '2025-08': -0.010572606967186093, '2025-09': 0.08167117883764186}",{'2025': 0.15425909305239482},989.0991979994201,1154.2590930523952,daily_mark_to_market_equity,L08__SPXL_SOXL__vol_target_40,b,SPXL_SOXL,L08,vol_target_40,base,0,sha256:acd49d7f6e3e633cb9e24e4f31a698d59c7e8a2578e14056df443689e9c014bb,sensitivity_evaluation,W4,False,L08__SPXL_SOXL__vol_target_40/base/W4
OK,2025-09-19,2026-03-18,1000.0,1112.237324274541,112.23732427454092,112.23732427454092,0.0,0.11223732427454092,0.24091591923578148,0.18790317471263795,2025-10-29,2025-12-17,95,0.4226216342855446,0.723542588736321,0.8864510101368598,1.282127987481938,9319.89552811847,9.490017255459497,9.320017255459497,0.17000000000000004,0.0,112.23732427454097,4.460116768028059e-15,14,17,17,1.0,1.0154226598020792,3.300123644356758,64.11764705882354,49.0,61,48,0.08291331621467579,-0.11898113790951814,0.40573148898614886,0.5942685110138511,1.2171944669584462,0.19599556270522367,-0.0855304801471265,"{'2025-09': 0.0022816099473050855, '2025-10': 0.19599556270522367, '2025-11': -0.0855304801471265, '2025-12': -0.046041944845768845, '2026-01': 0.09224460640018428, '2026-02': 0.005432010342848459, '2026-03': -0.03148354474759807}","{'2025': 0.04572585150244146, '2026': 0.06360316394257648}",983.2570224202001,1217.5199772780252,daily_mark_to_market_equity,L08__SPXL_SOXL__vol_target_40,b,SPXL_SOXL,L08,vol_target_40,base,0,sha256:acd49d7f6e3e633cb9e24e4f31a698d59c7e8a2578e14056df443689e9c014bb,sensitivity_evaluation,W5,False,L08__SPXL_SOXL__vol_target_40/base/W5
OK,2026-03-19,2026-09-18,1000.0,1633.050324326987,633.050324326987,633.050324326987,0.0,0.6330503243269869,1.661498265048197,0.18934841707239258,2026-06-22,2026-07-29,62,0.43661706342580164,2.450521455023958,3.4833752336524846,8.77481993637668,7303.5744919717035,7.442586239013583,7.302586239013583,0.14,0.0,666.1342639542,-33.083939627213255,11,14,14,1.0,2.540687828814533,15.244126972887198,49.0,38.5,71,49,0.07068692410749122,-0.09796225255237079,0.5122122639804549,0.48778773601954506,1.5366367919413646,0.3787481710787952,-0.1144913448149979,"{'2026-03': -0.028773467625399896, '2026-04': 0.3787481710787952, '2026-05': 0.2639571918409369, '2026-06': 0.04968318097735591, '2026-07': -0.1144913448149979, '2026-08': 0.05893474679297794, '2026-09': -0.019739580323601014}",{'2026': 0.6330503243269872},962.08753650986,1833.5665418732451,daily_mark_to_market_equity,L08__SPXL_SOXL__vol_target_40,b,SPXL_SOXL,L08,vol_target_40,base,0,sha256:acd49d7f6e3e633cb9e24e4f31a698d59c7e8a2578e14056df443689e9c014bb,sensitivity_evaluation,W6,False,L08__SPXL_SOXL__vol_target_40/base/W6
OK,2023-09-19,2024-03-18,1000.0,1205.353359473223,205.353359473223,205.353359473223,0.0,0.20535335947322308,0.4577573474019412,0.11356274793939025,2024-03-07,2024-03-18,7,0.342504877382063,1.2690991462609138,1.731485519961694,4.030875931658959,6675.778315834137,16.817797536937057,16.687797536937058,0.12999999999999998,1.14985464516,55.337140771628654,148.86636405643435,9,13,13,1.0,0.31511833294902275,1.733150831219625,29.076923076923077,35.0,47,42,0.07999664810732998,-0.05925710549221519,0.3761465499199435,0.6238534500800565,1.1284396497598304,0.16612395696715132,-0.07423818512122493,"{'2023-09': -0.07423818512122493, '2023-10': 0.0, '2023-11': 0.030377023007567283, '2023-12': 0.10164320685446127, '2024-01': -0.024067675710973124, '2024-02': 0.16612395696715132, '2024-03': 0.007891012719540402}","{'2023': 0.050839501350609995, '2024': 0.1470384943885541}",922.2949754456502,1359.7729074125232,daily_mark_to_market_equity,L08__SPXL_SOXL__vol_target_40,b,SPXL_SOXL,L08,vol_target_40,stress,0,sha256:acd49d7f6e3e633cb9e24e4f31a698d59c7e8a2578e14056df443689e9c014bb,sensitivity_evaluation,W1,False,L08__SPXL_SOXL__vol_target_40/stress/W1
OK,2024-03-19,2024-09-18,1000.0,935.0819304168355,-64.91806958316454,-64.91806958316454,0.0,-0.06491806958316448,-0.12538122060160983,0.2567635997630864,2024-06-18,2024-08-05,63,0.3542013158689182,-0.1974444406585505,-0.23274662956434872,-0.48831384478679235,10920.378818007073,27.43584902012455,27.29584902012455,0.14,1.2864584169600002,-148.99875935359694,82.79423135347227,14,14,14,1.0,0.20680050742419365,0.5170012685604841,18.071428571428573,14.0,65,56,0.052438438968060774,-0.10465427360589219,0.6122376800528543,0.3877623199471457,1.8367130401585627,0.07238097676486155,-0.11065933742463163,"{'2024-03': 0.05778382465169973, '2024-04': -0.11065933742463163, '2024-05': 0.07238097676486155, '2024-06': 0.021469399016607715, '2024-07': -0.09918747847617637, '2024-08': 0.03146093629516966, '2024-09': -0.023386030339749952}",{'2024': -0.06491806958316315},837.4916768608105,1126.817357968275,daily_mark_to_market_equity,L08__SPXL_SOXL__vol_target_40,b,SPXL_SOXL,L08,vol_target_40,stress,0,sha256:acd49d7f6e3e633cb9e24e4f31a698d59c7e8a2578e14056df443689e9c014bb,sensitivity_evaluation,W2,False,L08__SPXL_SOXL__vol_target_40/stress/W2
OK,2024-09-19,2025-03-18,1000.0,1020.5578203237,20.557820323699957,20.557820323699957,0.0,0.020557820323700016,0.0421566250413139,0.17028224850448592,2024-12-06,2025-01-14,67,0.3275357182815393,0.2910496740474376,0.3493717198101612,0.24756911193948278,6233.1920016838,15.643194115299826,15.583194115299825,0.060000000000000005,1.943239959,18.61458036470026,0.0,9,6,6,1.0,1.1973709309816278,1.1973709309816278,31.0,14.0,58,47,0.07331187709634657,-0.0875782288253727,0.7849687570429295,0.21503124295707055,2.3549062711287885,0.171029580529366,-0.0837798229992579,"{'2024-09': 0.011361647681999987, '2024-10': -0.04310720777915811, '2024-11': 0.171029580529366, '2024-12': -0.0837798229992579, '2025-01': 0.016735816418029792, '2025-02': -0.03329934842529547, '2025-03': 0.0}","{'2024': 0.03833497038600053, '2025': -0.01712082378935187}",963.0782880390002,1160.7300028270001,daily_mark_to_market_equity,L08__SPXL_SOXL__vol_target_40,b,SPXL_SOXL,L08,vol_target_40,stress,0,sha256:acd49d7f6e3e633cb9e24e4f31a698d59c7e8a2578e14056df443689e9c014bb,sensitivity_evaluation,W3,False,L08__SPXL_SOXL__vol_target_40/stress/W3
OK,2025-03-19,2025-09-18,1000.0,1144.9013043647703,144.90130436477034,144.90130436477034,0.0,0.14490130436477044,0.3100722504459106,0.06797626227464737,2025-08-28,2025-09-02,14,0.1766239270989641,1.6083737302622925,1.8068540211145583,4.561478375982377,5808.77940075035,14.608874954749666,14.518874954749666,0.09,0.7302430595199999,81.62693572600026,62.54412557925008,11,9,9,1.0,0.317431974874099,2.539455798992792,19.444444444444443,15.0,47,41,0.056573622155245085,-0.051603930812156196,0.28687283270542313,0.7131271672945769,0.8606184981162696,0.07843053876927253,-0.012219999463143782,"{'2025-03': 0.0, '2025-04': 0.0, '2025-05': 0.00826489600207525, '2025-06': 0.06536731820189656, '2025-07': 0.0005565210190368042, '2025-08': -0.012219999463143782, '2025-09': 0.07843053876927253}",{'2025': 0.14490130436477},988.488664192075,1144.9013043647703,daily_mark_to_market_equity,L08__SPXL_SOXL__vol_target_40,b,SPXL_SOXL,L08,vol_target_40,stress,0,sha256:acd49d7f6e3e633cb9e24e4f31a698d59c7e8a2578e14056df443689e9c014bb,sensitivity_evaluation,W4,False,L08__SPXL_SOXL__vol_target_40/stress/W4
OK,2025-09-19,2026-03-18,1000.0,1097.6643197885633,97.66431978856326,97.66431978856326,0.0,0.09766431978856316,0.20814610109201648,0.19290060733557712,2025-10-29,2025-12-17,95,0.42285276398427807,0.6599410503832283,0.8094715627468986,1.0790328966145644,9261.025881473337,23.323320876437037,23.153320876437036,0.17000000000000004,0.0,97.66431978856328,0.0,14,17,17,1.0,1.1616313564590954,2.787915255501829,25.0,21.0,60,49,0.08292556664091899,-0.11899662545533918,0.40578553527695904,0.594214464723041,1.2173566058308773,0.1955045612055979,-0.08909115508362164,"{'2025-09': 0.0012633394050625135, '2025-10': 0.1955045612055979, '2025-11': -0.08909115508362164, '2025-12': -0.04966365110673676, '2026-01': 0.09059040016721909, '2026-02': 0.005357752403091887, '2026-03': -0.03387029894884852}","{'2025': 0.036219622819025465, '2026': 0.05929698262457017}",981.2590093867501,1215.7845964267,daily_mark_to_market_equity,L08__SPXL_SOXL__vol_target_40,b,SPXL_SOXL,L08,vol_target_40,stress,0,sha256:acd49d7f6e3e633cb9e24e4f31a698d59c7e8a2578e14056df443689e9c014bb,sensitivity_evaluation,W5,False,L08__SPXL_SOXL__vol_target_40/stress/W5
OK,2026-03-19,2026-09-18,1000.0,1621.1703794867606,621.1703794867606,621.1703794867606,0.0,0.6211703794867605,1.62299442007405,0.19062789294045868,2026-06-22,2026-07-29,62,0.4370288650860851,2.4153530462279917,3.423961781668795,8.513939880670986,7276.460747905365,18.325042527239646,18.185042527239645,0.14,0.0,656.4897156808377,-35.31933619407765,11,14,14,1.0,2.4373198716084055,14.623919229650431,49.0,38.5,70,50,0.07068975502271035,-0.09796386547491176,0.5122490570841426,0.4877509429158574,1.5367471712524274,0.37779711529328863,-0.11582040345622857,"{'2026-03': -0.029908206743500032, '2026-04': 0.37779711529328863, '2026-05': 0.2633861249737677, '2026-06': 0.04947951542151929, '2026-07': -0.11582040345622857, '2026-08': 0.05556753766621858, '2026-09': -0.01984677144623881}",{'2026': 0.621170379486758},961.4991617196499,1829.121871648963,daily_mark_to_market_equity,L08__SPXL_SOXL__vol_target_40,b,SPXL_SOXL,L08,vol_target_40,stress,0,sha256:acd49d7f6e3e633cb9e24e4f31a698d59c7e8a2578e14056df443689e9c014bb,sensitivity_evaluation,W6,False,L08__SPXL_SOXL__vol_target_40/stress/W6
OK,2023-09-19,2024-03-18,1000.0,1355.445209044925,355.4452090449249,355.4452090449249,0.0,0.35544520904492494,0.8472920926191156,0.1648270522951626,2024-03-07,2024-03-18,7,0.5003868223981612,1.4722700017366521,2.0262417187204407,5.1404916900524,7151.106423292315,7.2806341264346095,7.15063412643461,0.12999999999999998,1.79184810636,100.07851266269297,253.57484827587223,10,13,13,1.0,0.2001835495754306,2.4022025949051673,22.615384615384617,20.0,48,41,0.12036695055248647,-0.08660725815418469,0.49148301800103866,0.5085169819989613,1.4744490540031165,0.257663016231358,-0.07137236304248973,"{'2023-09': -0.07137236304248973, '2023-10': 0.0, '2023-11': 0.04580967419071813, '2023-12': 0.13591220175204977, '2024-01': -0.03242390861620248, '2024-02': 0.257663016231358, '2024-03': 0.009702715479757096}","{'2023': 0.10316131586001065, '2024': 0.22869175120434515}",923.77997534626,1622.9515249145252,daily_mark_to_market_equity,L08__SPXL_SOXL__vol_target_60,b,SPXL_SOXL,L08,vol_target_60,base,0,sha256:acd49d7f6e3e633cb9e24e4f31a698d59c7e8a2578e14056df443689e9c014bb,sensitivity_evaluation,W1,False,L08__SPXL_SOXL__vol_target_60/base/W1
OK,2024-03-19,2024-09-18,1000.0,956.9111281045908,-43.08887189540917,-43.08887189540917,0.0,-0.04308887189540922,-0.08415578760140008,0.3033190150817585,2024-06-18,2024-08-05,63,0.44749834084281875,0.033135353797486986,0.036165500248550246,-0.2774497588907052,10925.94757096743,11.01496420126919,10.92496420126919,0.09,2.07634928586,-148.40197975693923,103.23675857566997,15,9,9,1.0,0.42648210306721407,0.5331026288340176,15.555555555555555,14.0,65,56,0.08508450883968943,-0.15625814461111542,0.6535508537185135,0.3464491462814865,1.9606525611555403,0.10899117950077475,-0.15969541966874468,"{'2024-03': 0.05926882463268046, '2024-04': -0.10657757466277518, '2024-05': 0.10899117950077475, '2024-06': 0.01997748364759011, '2024-07': -0.15969541966874468, '2024-08': 0.08677263880928598, '2024-09': -0.02115379402754869}",{'2024': -0.043088871895409},851.7599237838808,1222.5967727306904,daily_mark_to_market_equity,L08__SPXL_SOXL__vol_target_60,b,SPXL_SOXL,L08,vol_target_60,base,0,sha256:acd49d7f6e3e633cb9e24e4f31a698d59c7e8a2578e14056df443689e9c014bb,sensitivity_evaluation,W2,False,L08__SPXL_SOXL__vol_target_60/base/W2
OK,2024-09-19,2025-03-18,1000.0,1032.9428789419503,32.94287894195031,32.94287894195031,0.0,0.03294287894195036,0.06798012574857304,0.16851154022631265,2024-12-06,2025-01-14,67,0.33531248030325556,0.36570925086136385,0.44359347836707824,0.40341525368099457,6164.12153810655,6.204158717049798,6.164158717049798,0.04,1.968094209,30.974784732950127,0.0,4,4,4,1.0,4.1029489943860336,1.3676496647953447,39.0,21.0,60,48,0.0736983899492969,-0.08798713254255786,0.8223566819848305,0.17764331801516953,2.4670700459544914,0.17229414806989274,-0.08417195850261272,"{'2024-09': 0.015149968231600086, '2024-10': -0.04001978098937531, '2024-11': 0.17229414806989274, '2024-12': -0.08417195850261272, '2025-01': 0.01843875556753871, '2025-02': -0.030610380552960725, '2025-03': 0.0}","{'2024': 0.04626819494060008, '2025': -0.012736042310267814}",973.0316370052002,1170.2286731316003,daily_mark_to_market_equity,L08__SPXL_SOXL__vol_target_60,b,SPXL_SOXL,L08,vol_target_60,base,0,sha256:acd49d7f6e3e633cb9e24e4f31a698d59c7e8a2578e14056df443689e9c014bb,sensitivity_evaluation,W3,False,L08__SPXL_SOXL__vol_target_60/base/W3
OK,2025-03-19,2025-09-18,1000.0,1182.8630071683453,182.86300716834535,182.86300716834535,0.0,0.18286300716834525,0.398202222422793,0.10071004271519501,2025-08-28,2025-09-02,14,0.25151633674361407,1.44959645810411,1.5975199106847717,3.953947507984849,6703.666358065385,6.792831308854611,6.702831308854611,0.09,1.1195083821999998,81.95090694470531,99.7925918414402,11,9,9,1.0,0.25259008417863726,2.020720673429098,27.22222222222222,21.0,48,40,0.08878399780887225,-0.07645366047586466,0.3352064163026014,0.6647935836973986,1.005619248907804,0.1007626697307249,-0.03738418867119908,"{'2025-03': 0.0, '2025-04': 0.0, '2025-05': 0.013168166064380094, '2025-06': 0.1007626697307249, '2025-07': 0.019625455728119467, '2025-08': -0.03738418867119908, '2025-09': 0.08060148748072526}",{'2025': 0.18286300716834458},983.1493457443801,1185.2506373923954,daily_mark_to_market_equity,L08__SPXL_SOXL__vol_target_60,b,SPXL_SOXL,L08,vol_target_60,base,0,sha256:acd49d7f6e3e633cb9e24e4f31a698d59c7e8a2578e14056df443689e9c014bb,sensitivity_evaluation,W4,False,L08__SPXL_SOXL__vol_target_60/base/W4
OK,2025-09-19,2026-03-18,1000.0,1121.769592126536,121.76959212653605,121.76959212653605,0.0,0.12176959212653604,0.26259146813644274,0.2785763264689517,2025-10-29,2025-12-17,95,0.6329651653720128,0.6880931889007367,0.8363091217597419,0.942619466143723,9654.272094523205,9.824403688464464,9.654403688464464,0.17000000000000004,0.0,121.76959058318019,1.5433553017671972e-06,13,17,17,1.0,1.3405015684034451,3.2172037641682683,35.294117647058826,28.0,67,52,0.13287346660320498,-0.17791872168596645,0.5589489278784237,0.44105107212157635,1.676846783635271,0.29035547683438234,-0.13965518412738753,"{'2025-09': 0.002989209120300318, '2025-10': 0.29035547683438234, '2025-11': -0.13965518412738753, '2025-12': -0.05366945328968309, '2026-01': 0.1267273392948549, '2026-02': 0.00741998857831172, '2026-03': -0.0621071343582299}","{'2025': 0.053709838766190954, '2026': 0.06459060251353232}",955.5342261009057,1324.5118799941652,daily_mark_to_market_equity,L08__SPXL_SOXL__vol_target_60,b,SPXL_SOXL,L08,vol_target_60,base,0,sha256:acd49d7f6e3e633cb9e24e4f31a698d59c7e8a2578e14056df443689e9c014bb,sensitivity_evaluation,W5,False,L08__SPXL_SOXL__vol_target_60/base/W5
OK,2026-03-19,2026-09-18,1000.0,1943.047207988986,943.047207988986,943.047207988986,0.0,0.943047207988986,2.7651683187218254,0.23594361166089617,2026-06-22,2026-07-29,62,0.6081742955964756,2.476685557204462,3.228130582981597,11.719615120141468,8977.824712118214,9.09729835601449,8.97729835601449,0.12,0.0,974.8281388366252,-31.780930847639677,8,12,12,1.0,1.9592560095644342,9.79628004782217,52.5,46.0,70,50,0.10462142065550384,-0.14388906220320707,0.5410359256230021,0.45896407437699793,1.623107776869006,0.5995745932569758,-0.15774891883330133,"{'2026-03': -0.04315519954839986, '2026-04': 0.5995745932569758, '2026-05': 0.39394926583300793, '2026-06': 0.0732075366588234, '2026-07': -0.15774891883330133, '2026-08': 0.023925104448052847, '2026-09': -0.0159959089319216}",{'2026': 0.943047207988986},943.13130725556,2401.37223004556,daily_mark_to_market_equity,L08__SPXL_SOXL__vol_target_60,b,SPXL_SOXL,L08,vol_target_60,base,0,sha256:acd49d7f6e3e633cb9e24e4f31a698d59c7e8a2578e14056df443689e9c014bb,sensitivity_evaluation,W6,False,L08__SPXL_SOXL__vol_target_60/base/W6
OK,2023-09-19,2024-03-18,1000.0,1340.8328907893579,340.83289078935786,340.83289078935786,0.0,0.34083289078935786,0.8073256963628894,0.16494228803672573,2024-03-07,2024-03-18,7,0.5007840758347815,1.4277585641093873,1.9651004796379934,4.8945949881763,7117.155747852761,17.919968225062007,17.789968225062008,0.12999999999999998,1.77927951942,89.03125607979132,250.02235519014656,10,13,13,1.0,0.6543828578395331,2.1812761927984434,39.23076923076923,22.0,47,42,0.12037673920500236,-0.0866114776335869,0.49162198673062374,0.5083780132693763,1.4748659601918714,0.25715091462188777,-0.07423818512122493,"{'2023-09': -0.07423818512122493, '2023-10': 0.0, '2023-11': 0.04460584817970381, '2023-12': 0.13262487763504138, '2024-01': -0.035439780408545785, '2024-02': 0.25715091462188777, '2024-03': 0.009531976319651303}","{'2023': 0.09531191681006979, '2024': 0.22415621542247943}",922.2949754456502,1605.6769149966578,daily_mark_to_market_equity,L08__SPXL_SOXL__vol_target_60,b,SPXL_SOXL,L08,vol_target_60,stress,0,sha256:acd49d7f6e3e633cb9e24e4f31a698d59c7e8a2578e14056df443689e9c014bb,sensitivity_evaluation,W1,False,L08__SPXL_SOXL__vol_target_60/stress/W1
OK,2024-03-19,2024-09-18,1000.0,941.3198545676402,-58.680145432359836,-58.680145432359836,0.0,-0.05868014543235989,-0.11369729979428433,0.30650336218984375,2024-06-18,2024-08-05,63,0.44789559331558404,-0.039248357008766235,-0.042917999737736655,-0.3709496006241585,10842.162671839,27.189353314199654,27.099353314199654,0.09,2.0555090318400002,-161.17635406637447,100.44069960217492,15,9,9,1.0,0.39735851277159845,0.49669814096449805,15.555555555555555,14.0,65,56,0.0850924527051935,-0.15626969934052348,0.6540295629232779,0.34597043707672215,1.9620886887698328,0.10772642589310988,-0.16228749649884655,"{'2024-03': 0.05778382465169973, '2024-04': -0.11065933742463163, '2024-05': 0.10772642589310988, '2024-06': 0.01539885010311659, '2024-07': -0.16228749649884655, '2024-08': 0.0849399257083494, '2024-09': -0.021181261249173744}",{'2024': -0.05868014543235933},839.3300530675903,1210.2871265792,daily_mark_to_market_equity,L08__SPXL_SOXL__vol_target_60,b,SPXL_SOXL,L08,vol_target_60,stress,0,sha256:acd49d7f6e3e633cb9e24e4f31a698d59c7e8a2578e14056df443689e9c014bb,sensitivity_evaluation,W2,False,L08__SPXL_SOXL__vol_target_60/stress/W2
OK,2024-09-19,2025-03-18,1000.0,1023.93970500485,23.939705004849998,23.939705004849998,0.0,0.023939705004849987,0.04917621667186545,0.1711941562969873,2024-12-06,2025-01-14,67,0.3363762027333466,0.31227895904777747,0.3800156796665466,0.2872540613276229,6143.098057686249,15.397978704149839,15.35797870414984,0.04,1.968094209,21.971610795850083,0.0,4,4,4,1.0,3.7338933797951994,1.2446311265983998,39.0,21.0,59,49,0.07380645481781456,-0.08810136989923312,0.8234585036446842,0.1765414963553158,2.4703755109340526,0.17255709416460507,-0.08428151285397512,"{'2024-09': 0.01366496842899978, '2024-10': -0.04007840920354855, '2024-11': 0.17255709416460507, '2024-12': -0.08428151285397512, '2025-01': 0.015438647695582342, '2025-02': -0.03485066317219743, '2025-03': 0.0}","{'2024': 0.04478319513800044, '2025': -0.019950062587288264}",968.6615862460002,1168.743673329,daily_mark_to_market_equity,L08__SPXL_SOXL__vol_target_60,b,SPXL_SOXL,L08,vol_target_60,stress,0,sha256:acd49d7f6e3e633cb9e24e4f31a698d59c7e8a2578e14056df443689e9c014bb,sensitivity_evaluation,W3,False,L08__SPXL_SOXL__vol_target_60/stress/W3
OK,2025-03-19,2025-09-18,1000.0,1172.0672537073729,172.06725370737286,172.06725370737286,0.0,0.17206725370737286,0.3728480540041561,0.10073254650657337,2025-08-28,2025-09-02,14,0.25161991211623874,1.376719121784939,1.5098548446343893,3.701366310438957,6675.928442796314,16.774653827837167,16.684653827837167,0.09,1.11688390021,73.41656519346272,97.53380461370011,11,9,9,1.0,0.2359845927322311,1.8878767418578488,19.444444444444443,15.0,48,40,0.08880746413447604,-0.07647074414675836,0.3352525836916654,0.6647474163083347,1.0057577510749962,0.09913584297431588,-0.039063925948119915,"{'2025-03': 0.0, '2025-04': 0.0, '2025-05': 0.012249422371475083, '2025-06': 0.09913584297431588, '2025-07': 0.01755249151529914, '2025-08': -0.039063925948119915, '2025-09': 0.07736361643038348}",{'2025': 0.17206725370737286},982.2573782214749,1177.9844830216475,daily_mark_to_market_equity,L08__SPXL_SOXL__vol_target_60,b,SPXL_SOXL,L08,vol_target_60,stress,0,sha256:acd49d7f6e3e633cb9e24e4f31a698d59c7e8a2578e14056df443689e9c014bb,sensitivity_evaluation,W4,False,L08__SPXL_SOXL__vol_target_60/stress/W4
OK,2025-09-19,2026-03-18,1000.0,1107.0062000565008,107.0062000565008,107.0062000565008,0.0,0.10700620005650086,0.229101691635329,0.28306286393055013,2025-10-29,2025-12-17,95,0.633429866477419,0.645510681821652,0.7845136927693632,0.8093668256375002,9596.867602562877,24.162988813499425,23.992988813499423,0.17000000000000004,0.0,107.00619858543129,1.4710694100993525e-06,13,17,17,1.0,1.144547527779678,2.746914066671227,64.11764705882354,49.0,68,52,0.1328817409396128,-0.1779278297589928,0.5591205337940022,0.4408794662059978,1.6773616013820063,0.2900943092904853,-0.14278737441067457,"{'2025-09': 0.0015116370907501953, '2025-10': 0.2900943092904853, '2025-11': -0.14278737441067457, '2025-12': -0.05757245866558869, '2026-01': 0.12501966595788927, '2026-02': 0.007312971827303949, '2026-03': -0.06413862257499414}","{'2025': 0.0437920574572257, '2026': 0.06056200767926012}",948.0019209594753,1322.294345298975,daily_mark_to_market_equity,L08__SPXL_SOXL__vol_target_60,b,SPXL_SOXL,L08,vol_target_60,stress,0,sha256:acd49d7f6e3e633cb9e24e4f31a698d59c7e8a2578e14056df443689e9c014bb,sensitivity_evaluation,W5,False,L08__SPXL_SOXL__vol_target_60/stress/W5
OK,2026-03-19,2026-09-18,1000.0,1927.626969639563,927.626969639563,927.626969639563,0.0,0.9276269696395629,2.7057648774955934,0.2372050111005629,2026-06-22,2026-07-29,62,0.608514981714543,2.4495322163454167,3.1914936676998855,11.406862211475314,8939.508148438686,22.4655413954371,22.3455413954371,0.12,0.0,961.400004664938,-33.773035025375144,8,12,12,1.0,1.8929034666290432,9.464517333145215,52.5,46.0,70,50,0.10470293145336829,-0.14389274489387005,0.5410796947214446,0.45892030527855543,1.6232390841643345,0.5981998861607036,-0.1590200905095116,"{'2026-03': -0.04485730815100031, '2026-04': 0.5981998861607036, '2026-05': 0.3932336262271543, '2026-06': 0.07288620771270282, '2026-07': -0.1590200905095116, '2026-08': 0.020853263090174323, '2026-09': -0.01599548954893104}",{'2026': 0.9276269696395638},942.2487451088999,2393.4373322524752,daily_mark_to_market_equity,L08__SPXL_SOXL__vol_target_60,b,SPXL_SOXL,L08,vol_target_60,stress,0,sha256:acd49d7f6e3e633cb9e24e4f31a698d59c7e8a2578e14056df443689e9c014bb,sensitivity_evaluation,W6,False,L08__SPXL_SOXL__vol_target_60/stress/W6
OK,2023-09-19,2024-03-18,1000.0,1508.70277506417,508.70277506417005,508.70277506417005,0.0,0.5087027750641702,1.2930543613769552,0.12414847011862418,2023-12-27,2024-01-04,15,0.4239663236864311,2.167343800402651,3.282383987191759,10.41538699704828,3653.1890687151695,3.722909317649831,3.652909317649831,0.07,2.8465799918199997,258.97577620895066,246.88041886339957,8,7,7,1.0,8.201824500115649,3.2807298000462595,38.714285714285715,28.0,68,48,0.0977533458881843,-0.06822258724045183,0.7583025084509303,0.24169749154906972,2.274907525352791,0.22569278948474536,-0.07515335435020032,"{'2023-09': -0.07515335435020032, '2023-10': -0.04151625221243338, '2023-11': 0.059664570736688294, '2023-12': 0.20105463299262993, '2024-01': 0.029074562170595453, '2024-02': 0.22569278948474536, '2024-03': 0.06020429412192274}","{'2023': 0.12819885876646864, '2024': 0.33726670909216216}",883.07745928002,1642.42627716647,daily_mark_to_market_equity,L09__SPXL_SOXL__cooldown_15,b,SPXL_SOXL,L09,cooldown_15,base,0,sha256:acd49d7f6e3e633cb9e24e4f31a698d59c7e8a2578e14056df443689e9c014bb,sensitivity_evaluation,W1,False,L09__SPXL_SOXL__cooldown_15/base/W1
OK,2024-03-19,2024-09-18,1000.0,1124.0091004039,124.00910040389999,124.00910040389999,0.0,0.1240091004038999,0.26279130202936085,0.2309316357310014,2024-07-10,2024-08-05,49,0.447697076947085,0.7433402688227236,0.9460545977906182,1.13796146291308,3538.417641509,3.597823795739846,3.537823795739846,0.060000000000000005,2.81343889964,-2.8497015844199574,124.04536308868002,7,6,6,1.0,0.9739696999022054,0.9739696999022054,22.833333333333332,18.0,76,51,0.06965149364384837,-0.11163706194014833,0.84079418167198,0.15920581832802005,2.52238254501594,0.15668954706294036,-0.18698184169229493,"{'2024-03': 0.0917784017379899, '2024-04': -0.18698184169229493, '2024-05': 0.15668954706294036, '2024-06': 0.11549792139816173, '2024-07': -0.008631011664311683, '2024-08': 0.04004346192852526, '2024-09': -0.04816276576541745}",{'2024': 0.12400910040390123},868.1750850355501,1317.5905022388101,daily_mark_to_market_equity,L09__SPXL_SOXL__cooldown_15,b,SPXL_SOXL,L09,cooldown_15,base,0,sha256:acd49d7f6e3e633cb9e24e4f31a698d59c7e8a2578e14056df443689e9c014bb,sensitivity_evaluation,W2,False,L09__SPXL_SOXL__cooldown_15/base/W2
OK,2024-09-19,2025-03-18,1000.0,772.5967365091556,-227.40326349084444,-227.40326349084444,0.0,-0.2274032634908444,-0.40756910684337166,0.28183763190568845,2024-10-14,2025-03-11,105,0.34306382006853015,-1.3656332572262764,-1.5242391351874915,-1.4461131541857293,6773.404903384924,6.923182533944605,6.773182533944604,0.15000000000000002,1.8893589681,-229.29262245894452,0.0,16,15,15,1.0,0.4604105718153737,0.16742202611468135,26.466666666666665,5.0,63,52,0.045377447604818544,-0.08560596905712736,0.6629787675152313,0.3370212324847687,1.988936302545694,0.059629706812645455,-0.11831782804930624,"{'2024-09': 0.01592927727864013, '2024-10': -0.05060866425988264, '2024-11': 0.059629706812645455, '2024-12': -0.02217981045841022, '2025-01': -0.04612662329975503, '2025-02': -0.08076147513848064, '2025-03': -0.11831782804930624}","{'2024': -0.0006402233855895556, '2025': -0.22690831211305473}",772.5967365091556,1075.7967429556202,daily_mark_to_market_equity,L09__SPXL_SOXL__cooldown_15,b,SPXL_SOXL,L09,cooldown_15,base,0,sha256:acd49d7f6e3e633cb9e24e4f31a698d59c7e8a2578e14056df443689e9c014bb,sensitivity_evaluation,W3,False,L09__SPXL_SOXL__cooldown_15/base/W3
OK,2025-03-19,2025-09-18,1000.0,1523.69561730029,523.69561730029,523.69561730029,0.0,0.52369561730029,1.3176446755864926,0.08763827281568093,2025-07-30,2025-08-01,9,0.2985760368922754,2.950629352684309,3.831542535885455,15.035037013540153,1985.3740813317697,2.014415437209838,1.9844154372098384,0.03,3.5813086075000005,-12.518893075529924,532.6332017683201,9,3,3,1.0,0.5965731141819369,0.29828655709096846,2.3333333333333335,2.0,59,36,0.06319892366097668,-0.049473215207407994,0.611553204384509,0.388446795615491,1.8346596131535267,0.24284440450096434,-0.015821166339400228,"{'2025-03': -0.015821166339400228, '2025-04': -0.0020517583853427723, '2025-05': -0.0011602463617950143, '2025-06': 0.24284440450096434, '2025-07': 0.030170633728858975, '2025-08': 0.045295405421892365, '2025-09': 0.16052738544914225}",{'2025': 0.5236956173002889},962.99664548024,1523.69561730029,daily_mark_to_market_equity,L09__SPXL_SOXL__cooldown_15,b,SPXL_SOXL,L09,cooldown_15,base,0,sha256:acd49d7f6e3e633cb9e24e4f31a698d59c7e8a2578e14056df443689e9c014bb,sensitivity_evaluation,W4,False,L09__SPXL_SOXL__cooldown_15/base/W4
OK,2025-09-19,2026-03-18,1000.0,918.0933413067456,-81.90665869325437,-81.90665869325437,0.0,-0.08190665869325442,-0.159202894532543,0.226686407165972,2025-10-08,2025-11-20,110,0.45396507006429054,-0.1530559635694107,-0.17910724198079556,-0.7023045471622835,6486.836197716705,6.576412809774418,6.486412809774418,0.09,0.47927148152000004,-50.58358975177448,-31.80234042299993,9,9,9,1.0,0.540943295886951,0.6761791198586888,26.444444444444443,5.0,63,59,0.07389932557881718,-0.12874293957176908,0.7468333261985721,0.2531666738014279,2.2404999785957163,0.07283285968097308,-0.11404444384330203,"{'2025-09': -0.002459910670099763, '2025-10': 0.07283285968097308, '2025-11': -0.11404444384330203, '2025-12': 0.011949596368089788, '2026-01': 0.06029458761780737, '2026-02': -0.0371022185316372, '2026-03': -0.0627685269950724}","{'2025': -0.040525928854616144, '2026': -0.04312855457286213}",854.8751420854202,1105.4702128699,daily_mark_to_market_equity,L09__SPXL_SOXL__cooldown_15,b,SPXL_SOXL,L09,cooldown_15,base,0,sha256:acd49d7f6e3e633cb9e24e4f31a698d59c7e8a2578e14056df443689e9c014bb,sensitivity_evaluation,W5,False,L09__SPXL_SOXL__cooldown_15/base/W5
OK,2026-03-19,2026-09-18,1000.0,1140.4097011607255,140.4097011607255,140.4097011607255,0.0,0.1404097011607255,0.2998341714951487,0.26073282668624687,2026-05-14,2026-07-20,87,0.48535710753266725,0.7799291840279075,0.9378779535463243,1.1499670958423447,8727.942935932435,8.817089032794456,8.727089032794456,0.09,1.23392050852,-30.81962340426459,169.99540405647022,12,9,9,1.0,3.1932468960250646,0.9123562560071613,6.0,3.0,64,52,0.09334748853289243,-0.11167476951275468,0.6033888751852357,0.39661112481476435,1.8101666255557074,0.24662590583921484,-0.11043702433651681,"{'2026-03': -0.06850879447843994, '2026-04': 0.15711460395902033, '2026-05': 0.24662590583921484, '2026-06': -0.0959195449607182, '2026-07': -0.11043702433651681, '2026-08': 0.020315264482187123, '2026-09': 0.0343117496380978}",{'2026': 0.14040970116072637},913.66470570204,1376.80205974839,daily_mark_to_market_equity,L09__SPXL_SOXL__cooldown_15,b,SPXL_SOXL,L09,cooldown_15,base,0,sha256:acd49d7f6e3e633cb9e24e4f31a698d59c7e8a2578e14056df443689e9c014bb,sensitivity_evaluation,W6,False,L09__SPXL_SOXL__cooldown_15/base/W6
OK,2023-09-19,2024-03-18,1000.0,1500.7318501892253,500.73185018922527,500.73185018922527,0.0,0.5007318501892253,1.2686727930419561,0.12419515572527562,2023-12-27,2024-01-04,15,0.4244841921105854,2.1399691718185014,3.247234226194114,10.215155217875875,3645.862142193525,9.182908704924792,9.112908704924791,0.07,2.8354812541500003,252.6880161642002,245.20835277087517,8,7,7,1.0,7.933230916724628,3.173292366689851,38.714285714285715,28.0,68,48,0.09779193366954786,-0.06822953908104912,0.7588908230516054,0.24110917694839462,2.2766724691548155,0.22579848186682283,-0.07644035429049978,"{'2023-09': -0.07644035429049978, '2023-10': -0.04312588758209268, '2023-11': 0.05817408959560999, '2023-12': 0.20077807776288847, '2024-01': 0.029098378373376477, '2024-02': 0.22579848186682283, '2024-03': 0.05946715940953995}","{'2023': 0.1228962394652251, '2024': 0.33648310275216864}",880.6976614262251,1634.9110898652252,daily_mark_to_market_equity,L09__SPXL_SOXL__cooldown_15,b,SPXL_SOXL,L09,cooldown_15,stress,0,sha256:acd49d7f6e3e633cb9e24e4f31a698d59c7e8a2578e14056df443689e9c014bb,sensitivity_evaluation,W1,False,L09__SPXL_SOXL__cooldown_15/stress/W1
OK,2024-03-19,2024-09-18,1000.0,1118.135004667215,118.13500466721507,118.13500466721507,0.0,0.11813500466721516,0.2496538766194043,0.23240691647639067,2024-07-10,2024-08-05,49,0.4477859237670299,0.7200428600027917,0.9165731282684209,1.074210184466544,3518.577234252825,8.852727737724823,8.792727737724823,0.060000000000000005,2.8041432349399997,-7.8235018194248305,123.15436325169996,7,6,6,1.0,1.8604908520132053,0.9302454260066026,22.833333333333332,18.0,76,51,0.06949179732052779,-0.11132860051557347,0.8422297558377075,0.15777024416229246,2.526689267513123,0.15596649902251403,-0.1877630850364731,"{'2024-03': 0.09029340194497482, '2024-04': -0.1877630850364731, '2024-05': 0.15596649902251403, '2024-06': 0.11541849094152967, '2024-07': -0.010209897854820627, '2024-08': 0.03963966240575556, '2024-09': -0.04838976944069917}",{'2024': 0.11813500466721538},866.194574593875,1313.3152339311152,daily_mark_to_market_equity,L09__SPXL_SOXL__cooldown_15,b,SPXL_SOXL,L09,cooldown_15,stress,0,sha256:acd49d7f6e3e633cb9e24e4f31a698d59c7e8a2578e14056df443689e9c014bb,sensitivity_evaluation,W2,False,L09__SPXL_SOXL__cooldown_15/stress/W2
OK,2024-09-19,2025-03-18,1000.0,763.9623485943027,-236.03765140569726,-236.03765140569726,0.0,-0.2360376514056972,-0.42092674245831396,0.28899810120259684,2024-10-14,2025-03-11,105,0.3447334667420636,-1.42395901276948,-1.5892530029264353,-1.4565034881084944,6747.780781640287,17.018071298437256,16.868071298437258,0.15000000000000002,1.88532600774,-237.9229774134372,0.0,16,15,15,1.0,0.614958109580445,0.15373952739511124,26.466666666666665,5.0,62,53,0.04548824889552949,-0.08582518008101214,0.6658487399296744,0.3341512600703256,1.9975462197890232,0.05824992106909033,-0.12006675065388428,"{'2024-09': 0.014840277426600101, '2024-10': -0.051962106974600686, '2024-11': 0.05824992106909033, '2024-12': -0.024822894155134168, '2025-01': -0.047314129387627024, '2025-02': -0.08213804424753879, '2025-03': -0.12006675065388428}","{'2024': -0.007123724759159233, '2025': -0.23055634660120228}",763.9623485943027,1074.48707223775,daily_mark_to_market_equity,L09__SPXL_SOXL__cooldown_15,b,SPXL_SOXL,L09,cooldown_15,stress,0,sha256:acd49d7f6e3e633cb9e24e4f31a698d59c7e8a2578e14056df443689e9c014bb,sensitivity_evaluation,W3,False,L09__SPXL_SOXL__cooldown_15/stress/W3
OK,2025-03-19,2025-09-18,1000.0,1519.34522669826,519.3452266982599,519.3452266982599,0.0,0.5193452266982599,1.304456092730454,0.08766035968444919,2025-07-30,2025-08-01,9,0.29861777695998887,2.9311969306601013,3.8158900113717156,14.880797859215978,1983.6838636741495,4.983233296749903,4.953233296749903,0.03,3.5722476450099996,-14.077756079324955,529.850735132575,9,3,3,1.0,0.5175091562901396,0.2587545781450698,2.3333333333333335,2.0,59,36,0.06321574409984221,-0.04948852888552013,0.6117743764568974,0.38822562354310264,1.835323129370692,0.2421503716115314,-0.016692647705899843,"{'2025-03': -0.016692647705899843, '2025-04': -0.002338417743582899, '2025-05': -0.0023457047774800843, '2025-06': 0.2421503716115314, '2025-07': 0.030188714657644944, '2025-08': 0.045312249713922226, '2025-09': 0.1605580074050157}",{'2025': 0.5193452266982588},961.30074927005,1519.34522669826,daily_mark_to_market_equity,L09__SPXL_SOXL__cooldown_15,b,SPXL_SOXL,L09,cooldown_15,stress,0,sha256:acd49d7f6e3e633cb9e24e4f31a698d59c7e8a2578e14056df443689e9c014bb,sensitivity_evaluation,W4,False,L09__SPXL_SOXL__cooldown_15/stress/W4
OK,2025-09-19,2026-03-18,1000.0,908.335168570758,-91.66483142924199,-91.66483142924199,0.0,-0.09166483142924198,-0.17723759782623028,0.22792057753902606,2025-10-08,2025-11-20,110,0.45334196242361147,-0.2017123041846598,-0.23608504046374892,-0.7776287676170112,6412.950723465162,16.11975032576213,16.02975032576213,0.09,0.47927148152000004,-60.08669842576214,-32.05740448499999,9,9,9,1.0,0.49822099019144406,0.6227762377393051,26.444444444444443,5.0,63,59,0.07332704077206298,-0.12891791395276142,0.7490267494710569,0.25097325052894315,2.2470802484131704,0.07228442589686157,-0.11607355585508672,"{'2025-09': -0.003944910505250143, '2025-10': 0.07228442589686157, '2025-11': -0.11607355585508672, '2025-12': 0.009628851355719448, '2026-01': 0.05938832545368489, '2026-02': -0.037625160399047175, '2026-03': -0.06529309714706444}","{'2025': -0.04682808722992893, '2026': -0.04703951469678691}",852.3642656853251,1103.9852130347501,daily_mark_to_market_equity,L09__SPXL_SOXL__cooldown_15,b,SPXL_SOXL,L09,cooldown_15,stress,0,sha256:acd49d7f6e3e633cb9e24e4f31a698d59c7e8a2578e14056df443689e9c014bb,sensitivity_evaluation,W5,False,L09__SPXL_SOXL__cooldown_15/stress/W5
OK,2026-03-19,2026-09-18,1000.0,1127.3699177140484,127.36991771404837,127.36991771404837,0.0,0.12736991771404838,0.2703386074688554,0.2643109160640478,2026-05-14,2026-07-20,87,0.485992124837599,0.7325926531269638,0.880619287152669,1.0228053063209352,8656.756035425811,21.726586842012072,21.636586842012072,0.09,1.23065609106,-41.73223799206213,167.87149961505008,12,9,9,1.0,3.0925462208530927,0.883584634529455,6.0,3.0,64,52,0.09343672355099097,-0.11228953352890447,0.6052750520072154,0.39472494799278457,1.815825156021647,0.24595523201226532,-0.11273027649592005,"{'2026-03': -0.07070194568849986, '2026-04': 0.15559238925605112, '2026-05': 0.24595523201226532, '2026-06': -0.09808488208685429, '2026-07': -0.11273027649592005, '2026-08': 0.018458225007989437, '2026-09': 0.03380768073010021}",{'2026': 0.12736991771404838},912.0094451915,1372.0588141628255,daily_mark_to_market_equity,L09__SPXL_SOXL__cooldown_15,b,SPXL_SOXL,L09,cooldown_15,stress,0,sha256:acd49d7f6e3e633cb9e24e4f31a698d59c7e8a2578e14056df443689e9c014bb,sensitivity_evaluation,W6,False,L09__SPXL_SOXL__cooldown_15/stress/W6
OK,2023-09-19,2024-03-18,1000.0,1508.70277506417,508.70277506417005,508.70277506417005,0.0,0.5087027750641702,1.2930543613769552,0.12414847011862418,2023-12-27,2024-01-04,15,0.4239663236864311,2.167343800402651,3.282383987191759,10.41538699704828,3653.1890687151695,3.722909317649831,3.652909317649831,0.07,2.8465799918199997,258.97577620895066,246.88041886339957,8,7,7,1.0,8.201824500115649,3.2807298000462595,38.714285714285715,28.0,68,48,0.0977533458881843,-0.06822258724045183,0.7583025084509303,0.24169749154906972,2.274907525352791,0.22569278948474536,-0.07515335435020032,"{'2023-09': -0.07515335435020032, '2023-10': -0.04151625221243338, '2023-11': 0.059664570736688294, '2023-12': 0.20105463299262993, '2024-01': 0.029074562170595453, '2024-02': 0.22569278948474536, '2024-03': 0.06020429412192274}","{'2023': 0.12819885876646864, '2024': 0.33726670909216216}",883.07745928002,1642.42627716647,daily_mark_to_market_equity,L09__SPXL_SOXL__cooldown_5,b,SPXL_SOXL,L09,cooldown_5,base,0,sha256:acd49d7f6e3e633cb9e24e4f31a698d59c7e8a2578e14056df443689e9c014bb,sensitivity_evaluation,W1,False,L09__SPXL_SOXL__cooldown_5/base/W1
OK,2024-03-19,2024-09-18,1000.0,985.2420133669402,-14.757986633059772,-14.757986633059772,0.0,-0.014757986633059827,-0.02923902425855085,0.34523791943277704,2024-07-10,2024-08-05,49,0.5286975921313386,0.21084741263799592,0.2630619952315694,-0.08469238925605367,5287.139557595,5.366285250499689,5.286285250499689,0.08,2.84720639744,-132.9173447449998,115.31215171450005,10,8,8,1.0,0.7861057991912476,0.4716634795147485,19.625,9.5,75,52,0.07915427181919954,-0.11274155544361886,0.9044509840251802,0.0955490159748198,2.7133529520755397,0.19107584947336087,-0.20201161252597166,"{'2024-03': 0.0917784017379899, '2024-04': -0.20201161252597166, '2024-05': 0.19107584947336087, '2024-06': 0.1157825761575666, '2024-07': -0.010570429594927488, '2024-08': -0.08684842383409308, '2024-09': -0.058186090586767714}",{'2024': -0.014757986633058606},833.03051111187,1333.12080112931,daily_mark_to_market_equity,L09__SPXL_SOXL__cooldown_5,b,SPXL_SOXL,L09,cooldown_5,base,0,sha256:acd49d7f6e3e633cb9e24e4f31a698d59c7e8a2578e14056df443689e9c014bb,sensitivity_evaluation,W2,False,L09__SPXL_SOXL__cooldown_5/base/W2
OK,2024-09-19,2025-03-18,1000.0,722.6461803247105,-277.3538196752895,-277.3538196752895,0.0,-0.2773538196752895,-0.4827068158215153,0.32826885277666085,2024-10-14,2025-03-11,105,0.38278653115517336,-1.5423381397504157,-1.7150269717206001,-1.4704618234064595,8166.4859072773,8.356215060399535,8.166215060399535,0.19000000000000006,1.84927268511,-279.2030923603995,0.0,20,19,19,1.0,0.45258746243493836,0.16163837944104942,21.894736842105264,5.0,62,53,0.05564753799001698,-0.08711527605505975,0.7080036195799181,0.2919963804200819,2.124010858739754,0.06803350089154181,-0.12165843260307718,"{'2024-09': 0.01592927727864013, '2024-10': -0.1083503703848363, '2024-11': 0.06803350089154181, '2024-12': -0.025431189825047884, '2025-01': -0.04386320639159358, '2025-02': -0.08738594858434467, '2025-03': -0.12165843260307718}","{'2024': -0.057122888682238915, '2025': -0.23357331337193732}",722.6461803247105,1075.7967429556202,daily_mark_to_market_equity,L09__SPXL_SOXL__cooldown_5,b,SPXL_SOXL,L09,cooldown_5,base,0,sha256:acd49d7f6e3e633cb9e24e4f31a698d59c7e8a2578e14056df443689e9c014bb,sensitivity_evaluation,W3,False,L09__SPXL_SOXL__cooldown_5/base/W3
OK,2025-03-19,2025-09-18,1000.0,1523.69561730029,523.69561730029,523.69561730029,0.0,0.52369561730029,1.3176446755864926,0.08763827281568093,2025-07-30,2025-08-01,9,0.2985760368922754,2.950629352684309,3.831542535885455,15.035037013540153,1985.3740813317697,2.014415437209838,1.9844154372098384,0.03,3.5813086075000005,-12.518893075529924,532.6332017683201,9,3,3,1.0,0.5965731141819369,0.29828655709096846,2.3333333333333335,2.0,59,36,0.06319892366097668,-0.049473215207407994,0.611553204384509,0.388446795615491,1.8346596131535267,0.24284440450096434,-0.015821166339400228,"{'2025-03': -0.015821166339400228, '2025-04': -0.0020517583853427723, '2025-05': -0.0011602463617950143, '2025-06': 0.24284440450096434, '2025-07': 0.030170633728858975, '2025-08': 0.045295405421892365, '2025-09': 0.16052738544914225}",{'2025': 0.5236956173002889},962.99664548024,1523.69561730029,daily_mark_to_market_equity,L09__SPXL_SOXL__cooldown_5,b,SPXL_SOXL,L09,cooldown_5,base,0,sha256:acd49d7f6e3e633cb9e24e4f31a698d59c7e8a2578e14056df443689e9c014bb,sensitivity_evaluation,W4,False,L09__SPXL_SOXL__cooldown_5/base/W4
OK,2025-09-19,2026-03-18,1000.0,967.1922576944955,-32.80774230550446,-32.80774230550446,0.0,-0.03280774230550443,-0.06544884246964577,0.24276872137507144,2025-10-29,2025-11-20,60,0.5279229417301032,0.13823029047498628,0.1724898009401442,-0.2695933895393756,6613.049233050485,6.692269762024526,6.612269762024526,0.08,0.47927148152000004,8.553394720175376,-41.84040850719989,9,8,8,1.0,1.0455226843321548,1.0455226843321548,37.625,21.0,65,57,0.07389932557881718,-0.12874293957176908,0.865450440308666,0.13454955969133398,2.596351320925998,0.19127181507649316,-0.13792018759067237,"{'2025-09': -0.002459910670099763, '2025-10': 0.13164395323437605, '2025-11': -0.13792018759067237, '2025-12': -0.009008567196197248, '2026-01': 0.19127181507649316, '2026-02': -0.04911762326928715, '2026-03': -0.11464467107536136}","{'2025': -0.035599247457189676, '2026': 0.002894548914778472}",878.7403664590602,1228.3489392628103,daily_mark_to_market_equity,L09__SPXL_SOXL__cooldown_5,b,SPXL_SOXL,L09,cooldown_5,base,0,sha256:acd49d7f6e3e633cb9e24e4f31a698d59c7e8a2578e14056df443689e9c014bb,sensitivity_evaluation,W5,False,L09__SPXL_SOXL__cooldown_5/base/W5
OK,2026-03-19,2026-09-18,1000.0,1368.0255096660355,368.02550966603553,368.02550966603553,0.0,0.3680255096660354,0.8690917840203576,0.38415120206227205,2026-06-03,2026-07-20,74,0.6347490211896654,1.300000128616367,1.5424381040594761,2.2623690342623872,16895.129324235015,17.0448258626842,16.8948258626842,0.15000000000000002,1.2778157037199998,241.74542129938558,125.00227266293,17,15,15,1.0,5.359909708873357,1.3399774272183393,6.866666666666666,3.0,74,47,0.11027670548073698,-0.15413696010736977,0.6298029800296636,0.3701970199703364,1.8894089400889909,0.5718397588161883,-0.22497787652370882,"{'2026-03': -0.06850879447843994, '2026-04': 0.5718397588161883, '2026-05': 0.23792366911616813, '2026-06': -0.07625819039914317, '2026-07': -0.22497787652370882, '2026-08': 0.07094357207203394, '2026-09': -0.01557641247751751}",{'2026': 0.36802550966603564},913.66470570204,1976.08976516261,daily_mark_to_market_equity,L09__SPXL_SOXL__cooldown_5,b,SPXL_SOXL,L09,cooldown_5,base,0,sha256:acd49d7f6e3e633cb9e24e4f31a698d59c7e8a2578e14056df443689e9c014bb,sensitivity_evaluation,W6,False,L09__SPXL_SOXL__cooldown_5/base/W6
OK,2023-09-19,2024-03-18,1000.0,1500.7318501892253,500.73185018922527,500.73185018922527,0.0,0.5007318501892253,1.2686727930419561,0.12419515572527562,2023-12-27,2024-01-04,15,0.4244841921105854,2.1399691718185014,3.247234226194114,10.215155217875875,3645.862142193525,9.182908704924792,9.112908704924791,0.07,2.8354812541500003,252.6880161642002,245.20835277087517,8,7,7,1.0,7.933230916724628,3.173292366689851,38.714285714285715,28.0,68,48,0.09779193366954786,-0.06822953908104912,0.7588908230516054,0.24110917694839462,2.2766724691548155,0.22579848186682283,-0.07644035429049978,"{'2023-09': -0.07644035429049978, '2023-10': -0.04312588758209268, '2023-11': 0.05817408959560999, '2023-12': 0.20077807776288847, '2024-01': 0.029098378373376477, '2024-02': 0.22579848186682283, '2024-03': 0.05946715940953995}","{'2023': 0.1228962394652251, '2024': 0.33648310275216864}",880.6976614262251,1634.9110898652252,daily_mark_to_market_equity,L09__SPXL_SOXL__cooldown_5,b,SPXL_SOXL,L09,cooldown_5,stress,0,sha256:acd49d7f6e3e633cb9e24e4f31a698d59c7e8a2578e14056df443689e9c014bb,sensitivity_evaluation,W1,False,L09__SPXL_SOXL__cooldown_5/stress/W1
OK,2024-03-19,2024-09-18,1000.0,979.1173345056703,-20.88266549432967,-20.88266549432967,0.0,-0.02088266549432971,-0.04124632533857531,0.3467303142657635,2024-07-10,2024-08-05,49,0.5285595936303631,0.18736612293204796,0.2338193001587912,-0.11895794408953994,5245.326464019299,13.187992018849823,13.107992018849822,0.08,2.83765560452,-137.99682054686764,114.27649944801767,10,8,8,1.0,1.3729630759922493,0.4576543586640831,19.625,9.5,75,52,0.07844413365725855,-0.1124316836736271,0.9059516610342111,0.0940483389657889,2.7178549831026335,0.19084675511683713,-0.2031624782528758,"{'2024-03': 0.09029340194497482, '2024-04': -0.2031624782528758, '2024-05': 0.19084675511683713, '2024-06': 0.11570267909625942, '2024-07': -0.0133130191861498, '2024-08': -0.08678521615434986, '2024-09': -0.05862015768335205}",{'2024': -0.020882665494327823},830.8341838330751,1328.7281966175951,daily_mark_to_market_equity,L09__SPXL_SOXL__cooldown_5,b,SPXL_SOXL,L09,cooldown_5,stress,0,sha256:acd49d7f6e3e633cb9e24e4f31a698d59c7e8a2578e14056df443689e9c014bb,sensitivity_evaluation,W2,False,L09__SPXL_SOXL__cooldown_5/stress/W2
OK,2024-09-19,2025-03-18,1000.0,714.3547920217554,-285.64520797824457,-285.64520797824457,0.0,-0.28564520797824455,-0.4946793081878885,0.33516669443586256,2024-10-14,2025-03-11,105,0.38332855466150895,-1.601137248661808,-1.7850120268986722,-1.4759202402867337,8100.251762867276,20.438960341774678,20.248960341774676,0.19000000000000006,1.8442152735300001,-287.4894232517746,0.0,20,19,19,1.0,0.5610271457884075,0.14960723887690866,21.894736842105264,5.0,61,54,0.055635968423852544,-0.0873952607056121,0.711581144838239,0.288418855161761,2.134743434514717,0.06508672165729812,-0.12282521271091706,"{'2024-09': 0.014840277426600101, '2024-10': -0.1098829643873589, '2024-11': 0.06508672165729812, '2024-12': -0.028192175244015405, '2025-01': -0.04496278107435503, '2025-02': -0.08799471498734734, '2025-03': -0.12282521271091706}","{'2024': -0.0650031015234942, '2025': -0.2359816453019966}",714.3547920217554,1074.48707223775,daily_mark_to_market_equity,L09__SPXL_SOXL__cooldown_5,b,SPXL_SOXL,L09,cooldown_5,stress,0,sha256:acd49d7f6e3e633cb9e24e4f31a698d59c7e8a2578e14056df443689e9c014bb,sensitivity_evaluation,W3,False,L09__SPXL_SOXL__cooldown_5/stress/W3
OK,2025-03-19,2025-09-18,1000.0,1519.34522669826,519.3452266982599,519.3452266982599,0.0,0.5193452266982599,1.304456092730454,0.08766035968444919,2025-07-30,2025-08-01,9,0.29861777695998887,2.9311969306601013,3.8158900113717156,14.880797859215978,1983.6838636741495,4.983233296749903,4.953233296749903,0.03,3.5722476450099996,-14.077756079324955,529.850735132575,9,3,3,1.0,0.5175091562901396,0.2587545781450698,2.3333333333333335,2.0,59,36,0.06321574409984221,-0.04948852888552013,0.6117743764568974,0.38822562354310264,1.835323129370692,0.2421503716115314,-0.016692647705899843,"{'2025-03': -0.016692647705899843, '2025-04': -0.002338417743582899, '2025-05': -0.0023457047774800843, '2025-06': 0.2421503716115314, '2025-07': 0.030188714657644944, '2025-08': 0.045312249713922226, '2025-09': 0.1605580074050157}",{'2025': 0.5193452266982588},961.30074927005,1519.34522669826,daily_mark_to_market_equity,L09__SPXL_SOXL__cooldown_5,b,SPXL_SOXL,L09,cooldown_5,stress,0,sha256:acd49d7f6e3e633cb9e24e4f31a698d59c7e8a2578e14056df443689e9c014bb,sensitivity_evaluation,W4,False,L09__SPXL_SOXL__cooldown_5/stress/W4
OK,2025-09-19,2026-03-18,1000.0,956.0983050736954,-43.90169492630457,-43.90169492630457,0.0,-0.04390169492630458,-0.08707222368643286,0.2430540880169355,2025-10-29,2025-11-20,60,0.5276996304707183,0.09368209617924274,0.11702496459436944,-0.3582421690449652,6568.158943422274,16.49556657782468,16.41556657782468,0.08,0.47927148152000004,-1.78544433282471,-42.59552207499996,9,8,8,1.0,0.9906623056550687,0.9906623056550687,37.625,21.0,64,58,0.07332704077206298,-0.12891791395276142,0.8673198283597989,0.13268017164020107,2.6019594850793966,0.18961733534675806,-0.13942976088994052,"{'2025-09': -0.003944910505250143, '2025-10': 0.13044126052217697, '2025-11': -0.13942976088994052, '2025-12': -0.010602340175764335, '2026-01': 0.18961733534675806, '2026-02': -0.050324876081512815, '2026-03': -0.11726236937778967}","{'2025': -0.04128712162546733, '2026': -0.0027271703132543124}",876.2058411979751,1218.8637333545325,daily_mark_to_market_equity,L09__SPXL_SOXL__cooldown_5,b,SPXL_SOXL,L09,cooldown_5,stress,0,sha256:acd49d7f6e3e633cb9e24e4f31a698d59c7e8a2578e14056df443689e9c014bb,sensitivity_evaluation,W5,False,L09__SPXL_SOXL__cooldown_5/stress/W5
OK,2026-03-19,2026-09-18,1000.0,1343.890708005946,343.89070800594595,343.89070800594595,0.0,0.3438907080059459,0.8038558138794409,0.3885344387635016,2026-06-03,2026-07-20,74,0.6354778853841152,1.2435796942066075,1.4758261921355187,2.0689435315893396,16754.45077163575,42.03425609587396,41.88425609587396,0.15000000000000002,1.27174036182,219.00835243572587,123.61061520840009,17,15,15,1.0,5.209099267525944,1.302274816881486,6.866666666666666,3.0,74,47,0.11035584435704937,-0.15420939413603385,0.6320842161529152,0.3679157838470848,1.8962526484587447,0.5702853841785369,-0.22951383477748277,"{'2026-03': -0.07070194568849986, '2026-04': 0.5702853841785369, '2026-05': 0.23612003927695646, '2026-06': -0.07947851457780941, '2026-07': -0.22951383477748277, '2026-08': 0.06805187255600909, '2026-09': -0.01649048134408293}",{'2026': 0.3438907080059457},912.0094451915,1966.7215585110753,daily_mark_to_market_equity,L09__SPXL_SOXL__cooldown_5,b,SPXL_SOXL,L09,cooldown_5,stress,0,sha256:acd49d7f6e3e633cb9e24e4f31a698d59c7e8a2578e14056df443689e9c014bb,sensitivity_evaluation,W6,False,L09__SPXL_SOXL__cooldown_5/stress/W6
OK,2023-09-19,2024-03-18,1000.0,1121.74393814523,121.74393814523,121.74393814523,0.0,0.1217439381452301,0.2609078384248116,0.10201896502186669,2023-09-19,2023-12-06,69,0.22665674424756926,1.1341416688221786,1.6716530539783823,2.5574444748472867,5742.491314332151,5.932351734509747,5.742351734509747,0.19,0.6565282097400001,24.970902920207948,96.11650701528225,15,19,19,1.0,0.44235406132558824,1.238591371711647,42.73684210526316,28.0,48,48,0.047888819578886244,-0.036410795255569894,0.2843102352377315,0.7156897647622684,0.8529307057131948,0.09746313614723912,-0.06635777916869001,"{'2023-09': -0.06635777916869001, '2023-10': -0.023540140832759904, '2023-11': -0.007160110566809874, '2023-12': 0.09549224468948636, '2024-01': 0.025081567579948727, '2024-02': 0.09746313614723912, '2024-03': 0.005592355168590801}","{'2023': -0.008429945148559548, '2024': 0.13128057130899573}",898.1191160512403,1206.03496579183,daily_mark_to_market_equity,L10__SPXL_SOXL__trend_share_60,b,SPXL_SOXL,L10,trend_share_60,base,0,sha256:acd49d7f6e3e633cb9e24e4f31a698d59c7e8a2578e14056df443689e9c014bb,sensitivity_evaluation,W1,False,L10__SPXL_SOXL__trend_share_60/base/W1
OK,2024-03-19,2024-09-18,1000.0,1042.9093345240904,42.909334524090355,42.909334524090355,0.0,0.04290933452409029,0.08747261252013638,0.233845418538284,2024-07-10,2024-08-05,49,0.2972346133679266,0.42928432785336024,0.532510316173754,0.3740616902691887,4996.919826147729,5.256448828609647,4.996448828609648,0.26,0.8101471827000002,-44.731902651562464,86.8310899929528,19,26,26,1.0,0.22901582548672167,0.7633860849557389,49.84615384615385,35.0,73,53,0.04409290138920863,-0.06296506033666949,0.3678406677948768,0.6321593322051232,1.1035220033846302,0.06946938994093532,-0.0662421925654667,"{'2024-03': 0.048841487911989834, '2024-04': -0.053226878367996555, '2024-05': 0.06946938994093532, '2024-06': 0.051983718244614785, '2024-07': -0.0662421925654667, '2024-08': 0.010199835475383168, '2024-09': -0.010372260833928615}",{'2024': 0.042909334524090514},914.4528344812203,1193.5617910638503,daily_mark_to_market_equity,L10__SPXL_SOXL__trend_share_60,b,SPXL_SOXL,L10,trend_share_60,base,0,sha256:acd49d7f6e3e633cb9e24e4f31a698d59c7e8a2578e14056df443689e9c014bb,sensitivity_evaluation,W2,False,L10__SPXL_SOXL__trend_share_60/base/W2
OK,2024-09-19,2025-03-18,1000.0,1006.7017415404105,6.701741540410467,6.701741540410467,0.0,0.006701741540410477,0.013645850995147368,0.09962611079397188,2024-12-06,2025-03-04,67,0.21767439620266363,0.1711202666976544,0.21823831980602562,0.13697062834628934,3397.0941977597095,3.5071032148898342,3.3971032148898344,0.11000000000000001,1.1917144653,5.510027075110266,-1.1594746571387335e-14,13,11,11,1.0,0.11538937854127189,1.153893785412719,85.9090909090909,87.0,63,47,0.05247335917641016,-0.053635983929662956,0.5235710155815798,0.4764289844184202,1.5707130467447394,0.11898754698050107,-0.055984599772003873,"{'2024-09': 0.0075578045716802045, '2024-10': -0.022776532832928464, '2024-11': 0.11898754698050107, '2024-12': -0.055984599772003873, '2025-01': 0.038660388933658085, '2025-02': -0.027313230643655317, '2025-03': -0.04195468751162634}","{'2024': 0.04008346388447048, '2025': -0.03209523418378979}",984.6091311547802,1118.0929984854902,daily_mark_to_market_equity,L10__SPXL_SOXL__trend_share_60,b,SPXL_SOXL,L10,trend_share_60,base,0,sha256:acd49d7f6e3e633cb9e24e4f31a698d59c7e8a2578e14056df443689e9c014bb,sensitivity_evaluation,W3,False,L10__SPXL_SOXL__trend_share_60/base/W3
OK,2025-03-19,2025-09-18,1000.0,1169.9439213472954,169.94392134729537,169.94392134729537,0.0,0.1699439213472953,0.3678885859042942,0.05437101715288428,2025-08-14,2025-08-21,10,0.1500400519453388,2.1508884160455017,2.4234223424317536,6.76626271069822,2382.3726609947053,2.4820559794348322,2.382055979434832,0.09999999999999998,0.44196403173,46.68767201921016,122.81428529635483,12,10,10,1.0,1.4100423259214845,12.690380933293362,42.5,35.0,44,30,0.04574448407623133,-0.031112631628891996,0.1731935163894463,0.8268064836105538,0.5195805491683388,0.10046565173903188,-0.0059288377908766066,"{'2025-03': 0.0, '2025-04': 0.0, '2025-05': 0.0, '2025-06': 0.03580874864976091, '2025-07': -0.0059288377908766066, '2025-08': 0.0325034312368051, '2025-09': 0.10046565173903188}",{'2025': 0.16994392134729708},1000.0,1169.9439213472954,daily_mark_to_market_equity,L10__SPXL_SOXL__trend_share_60,b,SPXL_SOXL,L10,trend_share_60,base,0,sha256:acd49d7f6e3e633cb9e24e4f31a698d59c7e8a2578e14056df443689e9c014bb,sensitivity_evaluation,W4,False,L10__SPXL_SOXL__trend_share_60/base/W4
OK,2025-09-19,2026-03-18,1000.0,1189.9719960422353,189.97199604223533,189.97199604223533,0.0,0.18997199604223525,0.42323507177076714,0.11450181580349617,2025-10-29,2025-11-20,45,0.3062405524187043,1.3074004359951077,1.767210551135835,3.69631755444916,5248.677252945515,5.538604502764663,5.248604502764663,0.29000000000000004,0.0,175.71001028039083,14.261985761844429,21,29,29,1.0,7.0603076837119945,18.533307669743987,62.55172413793103,57.0,66,54,0.06559763276429798,-0.0716324479813576,0.28625217156320776,0.7137478284367922,0.8587565146896232,0.11629366289795717,-0.04611428035874843,"{'2025-09': 0.0014160591621148466, '2025-10': 0.11629366289795717, '2025-11': -0.03982158341526576, '2025-12': 0.0016442438979600293, '2026-01': 0.11522020592279758, '2026-02': 0.04045023940035697, '2026-03': -0.04611428035874843}","{'2025': 0.07512373584470478, '2026': 0.10682329518778122}",989.9542138060001,1289.8802101567653,daily_mark_to_market_equity,L10__SPXL_SOXL__trend_share_60,b,SPXL_SOXL,L10,trend_share_60,base,0,sha256:acd49d7f6e3e633cb9e24e4f31a698d59c7e8a2578e14056df443689e9c014bb,sensitivity_evaluation,W5,False,L10__SPXL_SOXL__trend_share_60/base/W5
OK,2026-03-19,2026-09-18,1000.0,1375.5260375838138,375.52603758381383,375.52603758381383,0.0,0.37552603758381387,0.8896011132850732,0.12934028111466778,2026-06-22,2026-07-29,62,0.301711298913035,2.2487032500124746,3.64227259695247,6.87798963801841,5797.4156196179365,6.026979919186665,5.796979919186665,0.23,0.0,388.49345363770755,-12.967416053894652,20,23,23,1.0,2.171563461331762,7.817628460794342,55.95652173913044,42.0,73,51,0.06547687918458944,-0.059794346518470265,0.24992768620143269,0.7500723137985673,0.7497830586042982,0.2603849450226623,-0.08646324974489383,"{'2026-03': -0.0010003738199600987, '2026-04': 0.2603849450226623, '2026-05': 0.1585435892748055, '2026-06': 0.040055857443869636, '2026-07': -0.08646324974489383, '2026-08': 0.0026729097557482984, '2026-09': -0.010203449600878045}",{'2026': 0.37552603758381164},949.90006443484,1542.738008585875,daily_mark_to_market_equity,L10__SPXL_SOXL__trend_share_60,b,SPXL_SOXL,L10,trend_share_60,base,0,sha256:acd49d7f6e3e633cb9e24e4f31a698d59c7e8a2578e14056df443689e9c014bb,sensitivity_evaluation,W6,False,L10__SPXL_SOXL__trend_share_60/base/W6
OK,2023-09-19,2024-03-18,1000.0,1111.6629283969555,111.66292839695552,111.66292839695552,0.0,0.11166292839695546,0.2381456336901826,0.10631429120266322,2023-09-19,2023-12-06,84,0.22700617953618266,1.0525057319949473,1.5540377711034137,2.240015250971423,5720.836230187675,14.491223629124658,14.301223629124658,0.19,0.65171155608,16.002539571641726,95.0086772692336,15,19,19,1.0,0.40997064241479136,1.147917798761416,24.63157894736842,7.0,46,49,0.04788954646904542,-0.03684444424494948,0.28445475397089043,0.7155452460291096,0.8533642619126713,0.09730165195398266,-0.06801838241992453,"{'2023-09': -0.06801838241992453, '2023-10': -0.025540304127436242, '2023-11': -0.008989950141964687, '2023-12': 0.09353989439087607, '2024-01': 0.023722001584018493, '2024-02': 0.09730165195398266, '2024-03': 0.005497824065052059}","{'2023': -0.01579873739744464, '2024': 0.12950772432190338}",893.0268554485002,1195.2461326412556,daily_mark_to_market_equity,L10__SPXL_SOXL__trend_share_60,b,SPXL_SOXL,L10,trend_share_60,stress,0,sha256:acd49d7f6e3e633cb9e24e4f31a698d59c7e8a2578e14056df443689e9c014bb,sensitivity_evaluation,W1,False,L10__SPXL_SOXL__trend_share_60/stress/W1
OK,2024-03-19,2024-09-18,1000.0,1035.186313666703,35.18631366670297,35.18631366670297,0.0,0.035186313666702995,0.07145883843771905,0.23505073249270791,2024-07-10,2024-08-05,49,0.29711642421392825,0.37969455961840803,0.470686823040155,0.30401453201144973,4981.866550257013,12.711744846037192,12.451744846037192,0.26,0.8073558677400002,-51.17484524067977,85.55380303964255,19,26,26,1.0,0.219424757973607,0.7314158599120233,49.84615384615385,35.0,73,53,0.044102146498830264,-0.0629659872738092,0.3679000143856012,0.6320999856143987,1.1037000431568034,0.06919277925730949,-0.06772740607870398,"{'2024-03': 0.04800294323234966, '2024-04': -0.05526640471484179, '2024-05': 0.06919277925730949, '2024-06': 0.051436427748326574, '2024-07': -0.06772740607870398, '2024-08': 0.008528129148643648, '2024-09': -0.010816895008544103}",{'2024': 0.03518631366670388},909.3522522712531,1188.7745905483653,daily_mark_to_market_equity,L10__SPXL_SOXL__trend_share_60,b,SPXL_SOXL,L10,trend_share_60,stress,0,sha256:acd49d7f6e3e633cb9e24e4f31a698d59c7e8a2578e14056df443689e9c014bb,sensitivity_evaluation,W2,False,L10__SPXL_SOXL__trend_share_60/stress/W2
OK,2024-09-19,2025-03-18,1000.0,1001.7392123286003,1.7392123286002743,1.7392123286002743,0.0,0.0017392123286001926,0.0035323102205793155,0.10187161107202314,2024-12-06,2025-03-13,67,0.2175865920369482,0.12458080437756526,0.15747805441732546,0.03467413721455701,3390.4209356125502,8.586109442899895,8.476109442899896,0.11000000000000001,1.1885607015,0.550677986494648,-2.6359394429486654e-05,13,11,11,1.0,0.22546815328748018,1.014606689793661,85.9090909090909,87.0,68,52,0.05220002246181177,-0.05364682851319169,0.5236893879181818,0.47631061208181824,1.5710681637545456,0.11793750267867442,-0.05632924911117465,"{'2024-09': 0.006816988609200214, '2024-10': -0.02353183937346237, '2024-11': 0.11793750267867442, '2024-12': -0.05632924911117465, '2025-01': 0.03824149026148893, '2025-02': -0.027937049483071075, '2025-03': -0.042992675310794315}","{'2024': 0.037162107807350075, '2025': -0.03415367300068117}",983.1247329547753,1115.3630348711004,daily_mark_to_market_equity,L10__SPXL_SOXL__trend_share_60,b,SPXL_SOXL,L10,trend_share_60,stress,0,sha256:acd49d7f6e3e633cb9e24e4f31a698d59c7e8a2578e14056df443689e9c014bb,sensitivity_evaluation,W3,False,L10__SPXL_SOXL__trend_share_60/stress/W3
OK,2025-03-19,2025-09-18,1000.0,1165.9400909215453,165.94009092154533,165.94009092154533,0.0,0.16594009092154538,0.3585612037363275,0.05481592348340347,2025-08-14,2025-08-21,19,0.15009190248381196,2.1048224409780505,2.3722894655562228,6.541186957196635,2379.3158234913253,6.046317932324841,5.946317932324841,0.09999999999999998,0.44179990387,43.63939992808929,121.8588910895859,12,10,10,1.0,1.2254619419513315,11.029157477561983,42.5,35.0,44,30,0.04575622926589329,-0.03112561407563641,0.1732279185654981,0.8267720814345019,0.5196837556964943,0.09998621032668265,-0.006563618370718505,"{'2025-03': 0.0, '2025-04': 0.0, '2025-05': 0.0, '2025-06': 0.034808613986144765, '2025-07': -0.006563618370718505, '2025-08': 0.03107177654930182, '2025-09': 0.09998621032668265}",{'2025': 0.16594009092154516},1000.0,1165.9400909215453,daily_mark_to_market_equity,L10__SPXL_SOXL__trend_share_60,b,SPXL_SOXL,L10,trend_share_60,stress,0,sha256:acd49d7f6e3e633cb9e24e4f31a698d59c7e8a2578e14056df443689e9c014bb,sensitivity_evaluation,W4,False,L10__SPXL_SOXL__trend_share_60/stress/W4
OK,2025-09-19,2026-03-18,1000.0,1181.7182173244005,181.71821732440048,181.71821732440048,0.0,0.18171821732440052,0.4032752029824742,0.1153049653848891,2025-10-29,2025-11-20,46,0.3060057727760494,1.2618950638677229,1.7052930741591787,3.4974660599943603,5231.9267126393,13.369370315599696,13.079370315599697,0.29000000000000004,0.0,167.88005946788854,13.838157856511836,21,29,29,1.0,5.301989058561002,13.917721278722631,62.55172413793103,57.0,66,54,0.06541574021755281,-0.07164063718363534,0.28630881611633713,0.7136911838836628,0.8589264483490114,0.11554619640963293,-0.04730944553322869,"{'2025-09': 0.0008050422611878272, '2025-10': 0.11554619640963293, '2025-11': -0.040700432221017935, '2025-12': 0.0007060346686029728, '2026-01': 0.11385259455360086, '2026-02': 0.03905021932325248, '2026-03': -0.04730944553322869}","{'2025': 0.07176066068418807, '2026': 0.10259525346826903}",989.3631850150001,1282.5411360507503,daily_mark_to_market_equity,L10__SPXL_SOXL__trend_share_60,b,SPXL_SOXL,L10,trend_share_60,stress,0,sha256:acd49d7f6e3e633cb9e24e4f31a698d59c7e8a2578e14056df443689e9c014bb,sensitivity_evaluation,W5,False,L10__SPXL_SOXL__trend_share_60/stress/W5
OK,2026-03-19,2026-09-18,1000.0,1366.7172483158981,366.71724831589813,366.71724831589813,0.0,0.366717248315898,0.8655259327954661,0.13094763335020676,2026-06-22,2026-07-29,62,0.30151105800612726,2.2076207633830136,3.574107001213328,6.609710390723143,5780.235911597328,14.677897473102163,14.447897473102163,0.23,0.0,380.8526184299612,-14.135370114063427,20,23,23,1.0,2.0561680100781805,7.402204836281449,55.95652173913044,42.0,73,51,0.06548322789874805,-0.05979493929885593,0.24998398458618581,0.7500160154138142,0.7499519537585573,0.25980730972859734,-0.08811135426320393,"{'2026-03': -0.0015714676448999043, '2026-04': 0.25980730972859734, '2026-05': 0.15816405399632494, '2026-06': 0.038685995777693494, '2026-07': -0.08811135426320393, '2026-08': 0.0015625360592166349, '2026-09': -0.011029514568562493}",{'2026': 0.36671724831589736},949.5470396071,1539.27333773865,daily_mark_to_market_equity,L10__SPXL_SOXL__trend_share_60,b,SPXL_SOXL,L10,trend_share_60,stress,0,sha256:acd49d7f6e3e633cb9e24e4f31a698d59c7e8a2578e14056df443689e9c014bb,sensitivity_evaluation,W6,False,L10__SPXL_SOXL__trend_share_60/stress/W6
OK,2023-09-19,2024-03-18,1000.0,1148.5063197720906,148.5063197720906,148.5063197720906,0.0,0.1485063197720906,0.3223503111547923,0.12298761980600148,2023-09-19,2023-12-06,84,0.2893378933284173,1.1079715933623107,1.587553301493133,2.6209980456834763,5256.71447119005,5.446500861349772,5.256500861349772,0.19000000000000003,0.86437240344,15.588918596836798,132.0530287718135,16,19,19,1.0,0.40192581327773186,1.1253922771776492,24.63157894736842,7.0,48,48,0.0639217094207265,-0.0478952975120609,0.34863856914009794,0.6513614308599021,1.045915707420294,0.13156627728600045,-0.08591947306452996,"{'2023-09': -0.08591947306452996, '2023-10': -0.02082529356576468, '2023-11': -0.01249325009402591, '2023-12': 0.11254980382740176, '2024-01': 0.02505619841038964, '2024-02': 0.13156627728600045, '2024-03': 0.006935237301776143}","{'2023': -0.01665893072375013, '2024': 0.16796334014341996}",877.1921892104803,1264.8484433100105,daily_mark_to_market_equity,L10__SPXL_SOXL__trend_share_80,b,SPXL_SOXL,L10,trend_share_80,base,0,sha256:acd49d7f6e3e633cb9e24e4f31a698d59c7e8a2578e14056df443689e9c014bb,sensitivity_evaluation,W1,False,L10__SPXL_SOXL__trend_share_80/base/W1
OK,2024-03-19,2024-09-18,1000.0,1040.02056176428,40.020561764280046,40.020561764280046,0.0,0.04002056176428015,0.0814688312988292,0.29278867138749476,2024-07-10,2024-08-05,49,0.38237066220619054,0.39556909831940334,0.4918499048529112,0.27825130976808965,3629.5146837415195,3.8988672617597375,3.6288672617597375,0.27,1.11895829604,-84.94605938248472,123.84766285072477,20,27,27,1.0,0.16893096166358282,0.5912583658225399,49.074074074074076,35.0,73,53,0.05949623720717323,-0.08380902405829238,0.46708093501384684,0.5329190649861532,1.4012428050415409,0.09107315407144712,-0.07646022606100422,"{'2024-03': 0.05457896225754988, '2024-04': -0.06717034150212886, '2024-05': 0.09107315407144712, '2024-06': 0.06439873097268323, '2024-07': -0.07646022606100422, '2024-08': 0.002668363170640786, '2024-09': -0.016918909481992594}",{'2024': 0.04002056176428059},881.9565908727801,1247.0905869156702,daily_mark_to_market_equity,L10__SPXL_SOXL__trend_share_80,b,SPXL_SOXL,L10,trend_share_80,base,0,sha256:acd49d7f6e3e633cb9e24e4f31a698d59c7e8a2578e14056df443689e9c014bb,sensitivity_evaluation,W2,False,L10__SPXL_SOXL__trend_share_80/base/W2
OK,2024-09-19,2025-03-18,1000.0,994.1147761251103,-5.885223874889675,-5.885223874889675,0.0,-0.005885223874889656,-0.011905936273879036,0.1289606773205051,2024-12-06,2025-03-04,67,0.28275406494571725,0.09830163754434591,0.12164382249021141,-0.09232222194591375,2645.5568294582895,2.74555210158985,2.6455521015898498,0.09999999999999999,1.5881965166999996,-7.473420391589666,0.0,13,10,10,1.0,0.19754103775762474,0.790164151030499,90.3,94.0,63,47,0.06263590527304541,-0.07089230605064822,0.6810222686417472,0.3189777313582528,2.0430668059252417,0.14549469860187303,-0.0695808866906692,"{'2024-09': 0.010077072762240347, '2024-10': -0.03256307094643096, '2024-11': 0.14549469860187303, '2024-12': -0.0695808866906692, '2025-01': 0.052619247327538865, '2025-02': -0.03839156988980741, '2025-03': -0.056986134303638414}","{'2024': 0.04147507728371025, '2025': -0.045474253000966636}",977.1858613805201,1141.29724140009,daily_mark_to_market_equity,L10__SPXL_SOXL__trend_share_80,b,SPXL_SOXL,L10,trend_share_80,base,0,sha256:acd49d7f6e3e633cb9e24e4f31a698d59c7e8a2578e14056df443689e9c014bb,sensitivity_evaluation,W3,False,L10__SPXL_SOXL__trend_share_80/base/W3
OK,2025-03-19,2025-09-18,1000.0,1208.1165031448897,208.11650314488975,208.11650314488975,0.0,0.20811650314488972,0.45841499954189247,0.06999846440852708,2025-08-14,2025-09-03,19,0.1881570259093686,2.088068736200103,2.2329838862721627,6.548929371742749,1992.5429054230399,2.102097521839842,1.9920975218398422,0.10999999999999999,0.5733547067299999,37.8036215091332,169.73952692902688,12,11,11,1.0,3.456153120446905,34.56153120446905,39.27272727272727,21.0,44,30,0.053843200955718595,-0.04126741485677321,0.2178535305987829,0.7821464694012171,0.6535605917963486,0.13921309062386444,-0.015265257242650376,"{'2025-03': 0.0, '2025-04': 0.0, '2025-05': 0.0, '2025-06': 0.0475866149985702, '2025-07': -0.015265257242650376, '2025-08': 0.0280036310853502, '2025-09': 0.13921309062386444}",{'2025': 0.20811650314488883},1000.0,1208.1165031448897,daily_mark_to_market_equity,L10__SPXL_SOXL__trend_share_80,b,SPXL_SOXL,L10,trend_share_80,base,0,sha256:acd49d7f6e3e633cb9e24e4f31a698d59c7e8a2578e14056df443689e9c014bb,sensitivity_evaluation,W4,False,L10__SPXL_SOXL__trend_share_80/base/W4
OK,2025-09-19,2026-03-18,1000.0,1228.4307252058952,228.43072520589521,228.43072520589521,0.0,0.22843072520589525,0.5181245449287266,0.14800671741158966,2025-10-29,2025-11-20,46,0.38770146793289034,1.272981181707543,1.684470417294057,3.500682631098978,3530.5275394333753,3.820391059104748,3.530391059104748,0.29000000000000004,0.0,184.09755116290074,44.333174042994635,22,29,29,1.0,14.270535706539066,44.8502550776942,62.55172413793103,57.0,67,53,0.0653330328069357,-0.09533899970286541,0.357731253110704,0.642268746889296,1.0731937593321117,0.1561613339281389,-0.05098086226230514,"{'2025-09': 0.0018566825382302365, '2025-10': 0.1561613339281389, '2025-11': -0.05098086226230514, '2025-12': 0.006526715045408471, '2026-01': 0.13380840002433425, '2026-02': 0.029980957064698055, '2026-03': -0.049269365864493486}","{'2025': 0.10643095341437059, '2026': 0.11026424325444117}",986.6056181131001,1350.8452471340102,daily_mark_to_market_equity,L10__SPXL_SOXL__trend_share_80,b,SPXL_SOXL,L10,trend_share_80,base,0,sha256:acd49d7f6e3e633cb9e24e4f31a698d59c7e8a2578e14056df443689e9c014bb,sensitivity_evaluation,W5,False,L10__SPXL_SOXL__trend_share_80/base/W5
OK,2026-03-19,2026-09-18,1000.0,1477.7100549158627,477.71005491586266,477.71005491586266,0.0,0.4777100549158626,1.180135160165214,0.17038681805531053,2026-06-22,2026-07-29,62,0.377183663675955,2.244594793233787,3.4710340005057043,6.92621162619588,4890.235042274838,5.129551686137639,4.889551686137639,0.24000000000000002,0.0,499.43286723170525,-21.7228123158426,19,24,24,1.0,4.306024869938898,12.918074609816694,60.041666666666664,45.5,73,51,0.05969605722551119,-0.07904158378554482,0.3137806784443462,0.6862193215556538,0.9413420353330386,0.3508137674270717,-0.11691016996833015,"{'2026-03': -0.014177123661360036, '2026-04': 0.3508137674270717, '2026-05': 0.21134010615779975, '2026-06': 0.046915827348799954, '2026-07': -0.11691016996833015, '2026-08': 0.005815286956825982, '2026-09': -0.014869237450164108}",{'2026': 0.4777100549158617},933.20008591312,1730.0105385345153,daily_mark_to_market_equity,L10__SPXL_SOXL__trend_share_80,b,SPXL_SOXL,L10,trend_share_80,base,0,sha256:acd49d7f6e3e633cb9e24e4f31a698d59c7e8a2578e14056df443689e9c014bb,sensitivity_evaluation,W6,False,L10__SPXL_SOXL__trend_share_80/base/W6
OK,2023-09-19,2024-03-18,1000.0,1138.7456619562004,138.74566195620037,138.74566195620037,0.0,0.13874566195620042,0.29977044752466386,0.12686742344925828,2023-09-19,2023-12-06,84,0.2896476998621779,1.0476282104126056,1.5045379328613868,2.3628638414380636,5235.4649798117,13.277334717399679,13.08733471739968,0.19000000000000003,0.8580804336000001,7.284477015797776,130.60310450680265,16,19,19,1.0,0.3774519697727725,1.0568655153637632,24.63157894736842,7.0,46,49,0.06392333381667181,-0.04789835334649206,0.34868051778323783,0.6513194822167622,1.046041553349713,0.13134250055521002,-0.08747875285649998,"{'2023-09': -0.08747875285649998, '2023-10': -0.022545481007922974, '2023-11': -0.014624040247023129, '2023-12': 0.11059323099607421, '2024-01': 0.024200822456437843, '2024-02': 0.13134250055521002, '2024-03': 0.0068180296071294055}","{'2023': -0.02389501919320003, '2024': 0.16662211990248132}",872.2743086122753,1254.1741670207002,daily_mark_to_market_equity,L10__SPXL_SOXL__trend_share_80,b,SPXL_SOXL,L10,trend_share_80,stress,0,sha256:acd49d7f6e3e633cb9e24e4f31a698d59c7e8a2578e14056df443689e9c014bb,sensitivity_evaluation,W1,False,L10__SPXL_SOXL__trend_share_80/stress/W1
OK,2024-03-19,2024-09-18,1000.0,1034.3382886805525,34.33828868055252,34.33828868055252,0.0,0.03433828868055255,0.06970767145952239,0.2936233366827663,2024-07-10,2024-08-07,49,0.382338650707596,0.367136771707096,0.4563463290373655,0.23740507906166627,3622.7764563673627,9.322916554687259,9.05291655468726,0.27,1.11645783024,-89.12165802768747,122.34348887799996,20,27,27,1.0,0.16382874529989777,0.5734006085496423,49.074074074074076,35.0,73,53,0.05950266345206923,-0.08381067152058808,0.4671276206357336,0.5328723793642665,1.4013828619072013,0.09088702014629213,-0.07733043435416942,"{'2024-03': 0.05380771801379991, '2024-04': -0.0682828904317554, '2024-05': 0.09088702014629213, '2024-06': 0.06403798659394178, '2024-07': -0.07733043435416942, '2024-08': 0.000827527124811267, '2024-09': -0.0171781315355356}",{'2024': 0.034338288680553664},878.5990366828527,1243.810961359965,daily_mark_to_market_equity,L10__SPXL_SOXL__trend_share_80,b,SPXL_SOXL,L10,trend_share_80,stress,0,sha256:acd49d7f6e3e633cb9e24e4f31a698d59c7e8a2578e14056df443689e9c014bb,sensitivity_evaluation,W2,False,L10__SPXL_SOXL__trend_share_80/stress/W2
OK,2024-09-19,2025-03-18,1000.0,990.2323325804003,-9.767667419599661,-9.767667419599661,0.0,-0.009767667419599668,-0.019720612643287616,0.13067262179425398,2024-12-06,2025-03-10,67,0.28278526438726265,0.06998134246018735,0.08638699340978431,-0.1509161779453543,2641.76246384425,6.704377107999961,6.604377107999961,0.09999999999999999,1.5849673884000004,-11.352634807999273,-6.343424074666276e-14,13,10,10,1.0,0.1750663947967581,0.7002655791870324,90.3,94.0,63,48,0.06245471404691649,-0.07089937879913422,0.6811305346115916,0.31886946538840844,2.0433916038347744,0.14484064307799138,-0.0697120277458303,"{'2024-09': 0.00908931814559999, '2024-10': -0.03294816422943003, '2024-11': 0.14484064307799138, '2024-12': -0.0697120277458303, '2025-01': 0.052407416025133324, '2025-02': -0.038719175161688324, '2025-03': -0.05819473061834335}","{'2024': 0.039302106500626044, '2025': -0.047214158052122035}",975.8416775691752,1139.0787376606002,daily_mark_to_market_equity,L10__SPXL_SOXL__trend_share_80,b,SPXL_SOXL,L10,trend_share_80,stress,0,sha256:acd49d7f6e3e633cb9e24e4f31a698d59c7e8a2578e14056df443689e9c014bb,sensitivity_evaluation,W3,False,L10__SPXL_SOXL__trend_share_80/stress/W3
OK,2025-03-19,2025-09-18,1000.0,1204.6445672954956,204.64456729549556,204.64456729549556,0.0,0.20464456729549552,0.4500616395949395,0.07060949862145538,2025-08-14,2025-09-03,19,0.18811751258349635,2.058068739141688,2.2006361234727216,6.373953198673243,1990.917994711825,5.0845199560748755,4.974519956074875,0.10999999999999999,0.57262830157,35.525750971634345,168.54618802229098,12,11,11,1.0,2.882343890730402,28.82343890730402,39.27272727272727,21.0,44,30,0.05384450339075486,-0.041276641968336025,0.21788546886125035,0.7821145311387496,0.6536564065837512,0.13893896265545114,-0.015769207675069397,"{'2025-03': 0.0, '2025-04': 0.0, '2025-05': 0.0, '2025-06': 0.04623747354839525, '2025-07': -0.015769207675069397, '2025-08': 0.02714381825348644, '2025-09': 0.13893896265545114}",{'2025': 0.20464456729549596},1000.0,1204.6445672954956,daily_mark_to_market_equity,L10__SPXL_SOXL__trend_share_80,b,SPXL_SOXL,L10,trend_share_80,stress,0,sha256:acd49d7f6e3e633cb9e24e4f31a698d59c7e8a2578e14056df443689e9c014bb,sensitivity_evaluation,W4,False,L10__SPXL_SOXL__trend_share_80/stress/W4
OK,2025-09-19,2026-03-18,1000.0,1222.751045690188,222.751045690188,222.751045690188,0.0,0.222751045690188,0.5039155346382354,0.14846390375802887,2025-10-29,2025-11-20,46,0.3876707630066968,1.248724055589901,1.6529961963459237,3.394195638688935,3523.032000474262,9.096734484812266,8.806734484812267,0.29000000000000004,0.0,179.03714819066934,43.713897499518396,22,29,29,1.0,10.484475388229631,32.95120836300742,62.55172413793103,57.0,67,53,0.06524315658970115,-0.09535116065806026,0.35778133987541866,0.6422186601245814,1.073344019626256,0.15553245447412767,-0.05150528565591339,"{'2025-09': 0.001042030836312824, '2025-10': 0.15553245447412767, '2025-11': -0.05150528565591339, '2025-12': 0.005947098076480417, '2026-01': 0.1330624847399251, '2026-02': 0.029140357408250273, '2026-03': -0.04990932466797171}","{'2025': 0.10368341748796284, '2026': 0.10788204870671136}",985.8175797077502,1345.5066168040128,daily_mark_to_market_equity,L10__SPXL_SOXL__trend_share_80,b,SPXL_SOXL,L10,trend_share_80,stress,0,sha256:acd49d7f6e3e633cb9e24e4f31a698d59c7e8a2578e14056df443689e9c014bb,sensitivity_evaluation,W5,False,L10__SPXL_SOXL__trend_share_80/stress/W5
OK,2026-03-19,2026-09-18,1000.0,1470.161201380528,470.1612013805279,470.1612013805279,0.0,0.47016120138052786,1.157962992034014,0.17184142666876934,2026-06-22,2026-09-16,62,0.3770881144346378,2.218040628023851,3.4289747387677525,6.738555507142234,4878.268972191547,12.431436600472235,12.191436600472235,0.24000000000000002,0.0,493.5731170900657,-23.411915709537265,19,24,24,1.0,4.1078920894820214,12.323676268446064,60.041666666666664,45.5,73,51,0.05970061200792176,-0.07904263697594738,0.31384935349721566,0.6861506465027843,0.9415480604916471,0.3502772219288899,-0.11786207484311906,"{'2026-03': -0.014773297015199471, '2026-04': 0.3502772219288899, '2026-05': 0.21085773971391797, '2026-06': 0.04608950745326523, '2026-07': -0.11786207484311906, '2026-08': 0.004393010518712659, '2026-09': -0.015300544572253716}",{'2026': 0.47016120138052675},932.7293861428001,1726.6579628326879,daily_mark_to_market_equity,L10__SPXL_SOXL__trend_share_80,b,SPXL_SOXL,L10,trend_share_80,stress,0,sha256:acd49d7f6e3e633cb9e24e4f31a698d59c7e8a2578e14056df443689e9c014bb,sensitivity_evaluation,W6,False,L10__SPXL_SOXL__trend_share_80/stress/W6
