status,start_date,end_date,starting_equity,ending_equity,net_pnl,daily_profit_sum,equity_reconciliation_error,net_return,cagr,max_drawdown,drawdown_peak_date,drawdown_trough_date,drawdown_recovery_sessions,annualized_volatility,sharpe_zero_rf,sortino_zero_mar,calmar,turnover,trading_costs,adverse_execution_costs,explicit_fees,dividend_income,realized_pnl,unrealized_pnl,buy_count,sell_count,completed_round_trips,win_rate,payoff_ratio,profit_factor,average_holding_days,median_holding_days,profitable_days,losing_days,best_day,worst_day,average_invested_exposure,average_cash_allocation,average_approx_3x_invested_exposure,best_month,worst_month,monthly_returns,calendar_year_returns,minimum_equity,maximum_equity,risk_definition,candidate_id,track_id,pair_id,strategy_id,variant,cost_scenario,execution_delay_sessions,protocol_hash,phase,window_id,benchmark,artifact_path
OK,2023-09-19,2024-03-18,1000.0,1006.1531466458101,6.153146645810125,6.153146645810125,0.0,0.006153146645810015,0.01245566645865459,0.07426938472688704,2023-10-11,2023-10-26,81,0.09721483743175457,0.17559849739982836,0.16353131710315472,0.16770929912046764,1992.24059654021,1.0061186074899764,0.9961186074899765,0.01,0.0661895533,1.7357782460801265,4.351178846430001,2,1,1,1.0,,,49.0,49.0,73,50,0.017834053532195027,-0.02413054546962945,0.285642530196382,0.7143574698036179,,0.05505896298870705,-0.02982157195027979,"{'2023-09': -0.02982157195027979, '2023-10': -0.020689399701815825, '2023-11': 0.05505896298870705, '2023-12': 0.0009772894036976787, '2024-01': 0.0006959046477763575, '2024-02': 0.0016487792626642683, '2024-03': 0.00039952427621137154}","{'2023': 0.003397523255810775, '2024': 0.002746292796357741}",930.0987796497201,1007.16182795581,daily_mark_to_market_equity,A01__QQQM_SMH__buffer_0.02,a,QQQM_SMH,A01,buffer_0.02,base,0,sha256:acd49d7f6e3e633cb9e24e4f31a698d59c7e8a2578e14056df443689e9c014bb,sensitivity_evaluation,W1,False,A01__QQQM_SMH__buffer_0.02/base/W1
OK,2024-03-19,2024-09-18,1000.0,1027.2849111068504,27.28491110685036,27.28491110685036,0.0,0.027284911106850274,0.05519786740395216,0.24634614575668423,2024-07-10,2024-08-07,49,0.37317436119676256,0.3295358331366454,0.4212821895734611,0.22406629190160346,2017.53129615709,1.0187702831498398,1.0087702831498397,0.01,0.0,27.026492850450218,0.25841825640000055,2,1,1,1.0,,,169.0,169.0,71,56,0.0756668958097706,-0.07441011078030824,0.9062836164490709,0.09371638355092915,,0.12208484326317293,-0.08832600259883283,"{'2024-03': 0.04204764418348028, '2024-04': -0.04800468968882543, '2024-05': 0.12208484326317293, '2024-06': 0.0833638598708848, '2024-07': -0.052174677662085944, '2024-08': -0.014173226188115229, '2024-09': -0.08832600259883283}",{'2024': 0.027284911106851162},923.7359542234801,1300.3324351434799,daily_mark_to_market_equity,A01__QQQM_SMH__buffer_0.02,a,QQQM_SMH,A01,buffer_0.02,base,0,sha256:acd49d7f6e3e633cb9e24e4f31a698d59c7e8a2578e14056df443689e9c014bb,sensitivity_evaluation,W2,False,A01__QQQM_SMH__buffer_0.02/base/W2
OK,2024-09-19,2025-03-18,1000.0,1006.3970439132802,6.397043913280186,6.397043913280186,0.0,0.006397043913280109,0.013023400849371702,0.09647758226212533,2025-02-19,2025-03-07,19,0.17191105314186103,0.16166774691731686,0.19881550901779957,0.13498888077426835,1985.8559468987198,1.002929438239896,0.9929294382398962,0.01,1.5408107915199998,4.8562331217601375,0.0,1,1,1,1.0,,,164.0,164.0,62,50,0.026846716888493605,-0.03568631091911112,0.9017697081518213,0.09823029184817866,,0.0530728856350311,-0.04162144391909062,"{'2024-09': 0.0068041263115201644, '2024-10': -0.008482756493349397, '2024-11': 0.0530728856350311, '2024-12': 0.004535877347709327, '2025-01': 0.02134716720123797, '2025-02': -0.026379443663392288, '2025-03': -0.04162144391909062}","{'2024': 0.05601270030303929, '2025': -0.04698395802959765}",992.9506826315201,1113.85951710304,daily_mark_to_market_equity,A01__QQQM_SMH__buffer_0.02,a,QQQM_SMH,A01,buffer_0.02,base,0,sha256:acd49d7f6e3e633cb9e24e4f31a698d59c7e8a2578e14056df443689e9c014bb,sensitivity_evaluation,W3,False,A01__QQQM_SMH__buffer_0.02/base/W3
OK,2025-03-19,2025-09-18,1000.0,1043.866577555355,43.86657755535498,43.86657755535498,0.0,0.04386657755535506,0.08946572390485064,0.024337094664069747,2025-05-19,2025-05-23,9,0.05167314819039031,1.6743414832007104,1.6910953433400209,3.6761053502797125,2032.220990593755,1.0261188046449041,1.0161188046449041,0.01,0.0,41.71617932313515,2.150398232220002,2,1,1,1.0,,,28.0,28.0,58,31,0.02338515292811061,-0.013828970682259967,0.153798867656878,0.846201132343122,,0.02311479139251915,0.0,"{'2025-03': 0.0, '2025-04': 0.0, '2025-05': 0.018913985933579847, '2025-06': 0.02311479139251915, '2025-07': 0.000349203629105288, '2025-08': 5.3243778791456364e-05, '2025-09': 0.0009407075410885479}",{'2025': 0.043866577555355724},999.5994476435801,1043.866577555355,daily_mark_to_market_equity,A01__QQQM_SMH__buffer_0.02,a,QQQM_SMH,A01,buffer_0.02,base,0,sha256:acd49d7f6e3e633cb9e24e4f31a698d59c7e8a2578e14056df443689e9c014bb,sensitivity_evaluation,W4,False,A01__QQQM_SMH__buffer_0.02/base/W4
OK,2025-09-19,2026-03-18,1000.0,1218.8964187606402,218.89641876064024,218.89641876064024,0.0,0.21889641876064014,0.4943109095432394,0.11705274652714992,2025-10-29,2025-11-20,28,0.31317356008647956,1.4414865650078659,1.997510911084574,4.222975745627514,990.4946903652599,0.4949998452598716,0.4949998452598716,0.0,3.3842451359,0.0,215.5121736247401,1,0,0,,,,,,69,53,0.053416049206249205,-0.057046430757241695,0.9743338282798097,0.025666171720190256,,0.11892820317957575,-0.030932043521928465,"{'2025-09': 0.009308190554740303, '2025-10': 0.11127205849609956, '2025-11': -0.029334422883130373, '2025-12': 0.02519733902527177, '2026-01': 0.11892820317957575, '2026-02': 0.007138170822163614, '2026-03': -0.030932043521928465}","{'2025': 0.11614672938064041, '2026': 0.09205751060796175}",993.0716564547402,1318.4294362906403,daily_mark_to_market_equity,A01__QQQM_SMH__buffer_0.02,a,QQQM_SMH,A01,buffer_0.02,base,0,sha256:acd49d7f6e3e633cb9e24e4f31a698d59c7e8a2578e14056df443689e9c014bb,sensitivity_evaluation,W5,False,A01__QQQM_SMH__buffer_0.02/base/W5
OK,2026-03-19,2026-09-18,1000.0,1471.428024553765,471.428024553765,471.428024553765,0.0,0.471428024553765,1.1616759537882824,0.24484286110662257,2026-06-22,2026-07-29,62,0.4583760792812979,1.9026940545163733,2.8383479267504357,4.7445775978022215,990.494952446235,0.49499997623494635,0.49499997623494635,0.0,0.0,0.0,471.4280245537651,1,0,0,,,,,,78,46,0.06827504148413754,-0.09162692461764388,0.9696656619582847,0.03033433804171526,,0.31855302839199795,-0.17488976565231373,"{'2026-03': -0.01230774584623473, '2026-04': 0.31855302839199795, '2026-05': 0.1806461223044007, '2026-06': 0.09451502577597659, '2026-07': -0.17488976565231373, '2026-08': 0.029581694693896043, '2026-09': 0.029213597503761957}",{'2026': 0.47142802455376565},934.445600523765,1716.127907143765,daily_mark_to_market_equity,A01__QQQM_SMH__buffer_0.02,a,QQQM_SMH,A01,buffer_0.02,base,0,sha256:acd49d7f6e3e633cb9e24e4f31a698d59c7e8a2578e14056df443689e9c014bb,sensitivity_evaluation,W6,False,A01__QQQM_SMH__buffer_0.02/base/W6
OK,2023-09-19,2024-03-18,1000.0,1003.6978954465502,3.6978954465502056,3.6978954465502056,0.0,0.0036978954465503033,0.007476234816982563,0.07434263827624854,2023-10-11,2023-10-26,97,0.09724815644025343,0.12491998893947376,0.11616221680486705,0.10056456147280851,1991.2479298813105,2.996858923149931,2.9868589231499314,0.01,0.0592368297,-0.24695870175982745,3.88561731861,2,1,1,,,,49.0,49.0,73,50,0.017852655800908668,-0.024155141248711764,0.28506167876418476,0.7149383212358152,,0.05398598583210035,-0.030811571850840047,"{'2023-09': -0.030811571850840047, '2023-10': -0.02071053336690354, '2023-11': 0.05398598583210035, '2023-12': 0.0008764359999799964, '2024-01': 0.0006241522130341348, '2024-02': 0.0014788851065816733, '2024-03': 0.0003584171326029839}","{'2023': 0.0012317299365498524, '2024': 0.0024631315970735645}",929.1087797491599,1004.6006222365503,daily_mark_to_market_equity,A01__QQQM_SMH__buffer_0.02,a,QQQM_SMH,A01,buffer_0.02,stress,0,sha256:acd49d7f6e3e633cb9e24e4f31a698d59c7e8a2578e14056df443689e9c014bb,sensitivity_evaluation,W1,False,A01__QQQM_SMH__buffer_0.02/stress/W1
OK,2024-03-19,2024-09-18,1000.0,1025.24122175575,25.241221755750075,25.241221755750075,0.0,0.025241221755750054,0.051012182093270075,0.2465338427457645,2024-07-10,2024-08-07,49,0.37355326142921214,0.31899906657695765,0.4079197359896569,0.20691756362989833,2016.51326207607,3.0348138542500447,3.024813854250045,0.01,0.0,25.018452511350016,0.22276924439999854,2,1,1,1.0,,,169.0,169.0,71,56,0.07573745814626731,-0.07447554388070665,0.9070176116694143,0.0929823883305857,,0.12220680066002942,-0.08933960199061519,"{'2024-03': 0.04105764427044001, '2024-04': -0.04805034003189601, '2024-05': 0.12220680066002942, '2024-06': 0.08343806797129716, '2024-07': -0.05221754526343947, '2024-08': -0.014185512724239624, '2024-09': -0.08933960199061519}",{'2024': 0.025241221755750054},922.74595431044,1299.3424352304398,daily_mark_to_market_equity,A01__QQQM_SMH__buffer_0.02,a,QQQM_SMH,A01,buffer_0.02,stress,0,sha256:acd49d7f6e3e633cb9e24e4f31a698d59c7e8a2578e14056df443689e9c014bb,sensitivity_evaluation,W2,False,A01__QQQM_SMH__buffer_0.02/stress/W2
OK,2024-09-19,2025-03-18,1000.0,1004.4111850368001,4.411185036800134,4.411185036800134,0.0,0.004411185036800047,0.008971348649399635,0.09745826489854104,2025-02-19,2025-03-07,19,0.172106086157326,0.13816382072800656,0.1702132977237364,0.09205323590297099,1985.8500877361598,2.9887883147199705,2.9787883147199707,0.01,1.5408107915199998,2.870374245280063,0.0,1,1,1,1.0,,,164.0,164.0,62,50,0.026872917730769608,-0.03571831856624674,0.9026191460694184,0.0973808539305816,,0.05312557142400243,-0.042609958377717416,"{'2024-09': 0.00581412645455992, '2024-10': -0.008491105876693772, '2024-11': 0.05312557142400243, '2024-12': 0.0045401529955808595, '2025-01': 0.021367198706216284, '2025-02': -0.026403679446285855, '2025-03': -0.042609958377717416}","{'2024': 0.05502270044608015, '2025': -0.047971968174599255}",991.96068277456,1112.86951724608,daily_mark_to_market_equity,A01__QQQM_SMH__buffer_0.02,a,QQQM_SMH,A01,buffer_0.02,stress,0,sha256:acd49d7f6e3e633cb9e24e4f31a698d59c7e8a2578e14056df443689e9c014bb,sensitivity_evaluation,W3,False,A01__QQQM_SMH__buffer_0.02/stress/W3
OK,2025-03-19,2025-09-18,1000.0,1041.6094265830848,41.60942658308477,41.60942658308477,0.0,0.04160942658308486,0.0847689413332029,0.02436063418120782,2025-05-19,2025-05-23,9,0.05130756199827356,1.602169639892916,1.6285917222240671,3.4797510074099387,2031.1882114542454,3.0568593469151186,3.046859346915119,0.01,0.0,39.69344186940494,1.9159847136800003,2,1,1,1.0,,,28.0,28.0,57,32,0.023408336466329116,-0.013842392272352622,0.15336625225266046,0.8466337477473396,,0.022036984284963257,0.0,"{'2025-03': 0.0, '2025-04': 0.0, '2025-05': 0.017923985980739632, '2025-06': 0.022036984284963257, '2025-07': 0.00031315166371492786, '2025-08': 4.7748584037554664e-05, '2025-09': 0.0008436234414477273}",{'2025': 0.0416094265830842},998.6094476907399,1041.6094265830848,daily_mark_to_market_equity,A01__QQQM_SMH__buffer_0.02,a,QQQM_SMH,A01,buffer_0.02,stress,0,sha256:acd49d7f6e3e633cb9e24e4f31a698d59c7e8a2578e14056df443689e9c014bb,sensitivity_evaluation,W4,False,A01__QQQM_SMH__buffer_0.02/stress/W4
OK,2025-09-19,2026-03-18,1000.0,1217.90641907012,217.9064190701199,217.9064190701199,0.0,0.21790641907011987,0.49184915133491103,0.11715459850446108,2025-10-29,2025-11-20,28,0.3134939240532909,1.4350559363379105,1.9908350885947204,4.198291467971546,991.4846900557802,1.484999535780137,1.484999535780137,0.0,3.3842451359,0.0,214.52217393421984,1,0,0,,,,,,69,53,0.05346089071149085,-0.05709940683562709,0.9751822056447219,0.02481779435527809,,0.11903378375063633,-0.03095640889500506,"{'2025-09': 0.008318190864219588, '2025-10': 0.11138130903275889, '2025-11': -0.029360337925090185, '2025-12': 0.025220272560872115, '2026-01': 0.11903378375063633, '2026-02': 0.007143833774259978, '2026-03': -0.03095640889500506}","{'2025': 0.11515672969011859, '2026': 0.09213923625655096}",992.0816567642198,1317.43943660012,daily_mark_to_market_equity,A01__QQQM_SMH__buffer_0.02,a,QQQM_SMH,A01,buffer_0.02,stress,0,sha256:acd49d7f6e3e633cb9e24e4f31a698d59c7e8a2578e14056df443689e9c014bb,sensitivity_evaluation,W5,False,A01__QQQM_SMH__buffer_0.02/stress/W5
OK,2026-03-19,2026-09-18,1000.0,1470.438024601295,470.43802460129496,470.43802460129496,0.0,0.4704380246012949,1.1587740677629137,0.24498418759695428,2026-06-22,2026-07-29,62,0.45864369933055343,1.8989285674970073,2.8325882004263874,4.729995348390885,991.484952398705,1.484999928704984,1.484999928704984,0.0,0.0,0.0,470.4380246012951,1,0,0,,,,,,78,46,0.0683272380647757,-0.09168328193089836,0.9703603801202654,0.029639619879734624,,0.3188726460695932,-0.17499270807959555,"{'2026-03': -0.013297745798704907, '2026-04': 0.3188726460695932, '2026-05': 0.18078355018092362, '2026-06': 0.09457592009179794, '2026-07': -0.17499270807959555, '2026-08': 0.02960280017574779, '2026-09': 0.029233841094455926}",{'2026': 0.47043802460129447},933.455600571295,1715.137907191295,daily_mark_to_market_equity,A01__QQQM_SMH__buffer_0.02,a,QQQM_SMH,A01,buffer_0.02,stress,0,sha256:acd49d7f6e3e633cb9e24e4f31a698d59c7e8a2578e14056df443689e9c014bb,sensitivity_evaluation,W6,False,A01__QQQM_SMH__buffer_0.02/stress/W6
OK,2023-09-19,2024-03-18,1000.0,1041.3486167483502,41.348616748350196,41.348616748350196,0.0,0.04134861674835011,0.08519614377071183,0.07426938472688704,2023-10-11,2023-10-26,19,0.10599862955017207,0.8233631569898617,0.8372059746263523,1.1471233279231554,2028.3268899643297,1.024170780249964,1.014170780249964,0.01,0.061955148599999996,37.82199475176009,3.464666847990002,2,1,1,1.0,,,56.0,56.0,73,50,0.021788829771800966,-0.02413054546962945,0.324113669447884,0.675886330552116,,0.09235420121182969,-0.02982157195027979,"{'2023-09': -0.02982157195027979, '2023-10': -0.020689399701815825, '2023-11': 0.09235420121182969, '2023-12': 0.0008835362869454855, '2024-01': 0.000629204205132794, '2024-02': 0.0014908479222057736, '2024-03': 0.00036131208049039465}","{'2023': 0.03876928136834912, '2024': 0.002483068594983928}",930.0987796497201,1042.29276876835,daily_mark_to_market_equity,A01__QQQM_SMH__buffer_0.04,a,QQQM_SMH,A01,buffer_0.04,base,0,sha256:acd49d7f6e3e633cb9e24e4f31a698d59c7e8a2578e14056df443689e9c014bb,sensitivity_evaluation,W1,False,A01__QQQM_SMH__buffer_0.04/base/W1
OK,2024-03-19,2024-09-18,1000.0,1027.2849111068504,27.28491110685036,27.28491110685036,0.0,0.027284911106850274,0.05519786740395216,0.24634614575668423,2024-07-10,2024-08-07,49,0.37317436119676256,0.3295358331366454,0.4212821895734611,0.22406629190160346,2017.53129615709,1.0187702831498398,1.0087702831498397,0.01,0.0,27.026492850450218,0.25841825640000055,2,1,1,1.0,,,169.0,169.0,71,56,0.0756668958097706,-0.07441011078030824,0.9062836164490709,0.09371638355092915,,0.12208484326317293,-0.08832600259883283,"{'2024-03': 0.04204764418348028, '2024-04': -0.04800468968882543, '2024-05': 0.12208484326317293, '2024-06': 0.0833638598708848, '2024-07': -0.052174677662085944, '2024-08': -0.014173226188115229, '2024-09': -0.08832600259883283}",{'2024': 0.027284911106851162},923.7359542234801,1300.3324351434799,daily_mark_to_market_equity,A01__QQQM_SMH__buffer_0.04,a,QQQM_SMH,A01,buffer_0.04,base,0,sha256:acd49d7f6e3e633cb9e24e4f31a698d59c7e8a2578e14056df443689e9c014bb,sensitivity_evaluation,W2,False,A01__QQQM_SMH__buffer_0.04/base/W2
OK,2024-09-19,2025-03-18,1000.0,1006.3970439132802,6.397043913280186,6.397043913280186,0.0,0.006397043913280109,0.013023400849371702,0.09647758226212533,2025-02-19,2025-03-07,19,0.17191105314186103,0.16166774691731686,0.19881550901779957,0.13498888077426835,1985.8559468987198,1.002929438239896,0.9929294382398962,0.01,1.5408107915199998,4.8562331217601375,0.0,1,1,1,1.0,,,164.0,164.0,62,50,0.026846716888493605,-0.03568631091911112,0.9017697081518213,0.09823029184817866,,0.0530728856350311,-0.04162144391909062,"{'2024-09': 0.0068041263115201644, '2024-10': -0.008482756493349397, '2024-11': 0.0530728856350311, '2024-12': 0.004535877347709327, '2025-01': 0.02134716720123797, '2025-02': -0.026379443663392288, '2025-03': -0.04162144391909062}","{'2024': 0.05601270030303929, '2025': -0.04698395802959765}",992.9506826315201,1113.85951710304,daily_mark_to_market_equity,A01__QQQM_SMH__buffer_0.04,a,QQQM_SMH,A01,buffer_0.04,base,0,sha256:acd49d7f6e3e633cb9e24e4f31a698d59c7e8a2578e14056df443689e9c014bb,sensitivity_evaluation,W3,False,A01__QQQM_SMH__buffer_0.04/base/W3
OK,2025-03-19,2025-09-18,1000.0,1044.9125659108252,44.91256591082515,44.91256591082515,0.0,0.04491256591082515,0.09164569736235717,0.024337094664069747,2025-05-19,2025-05-23,9,0.059504263406765505,1.494649188692247,1.4699961493098803,3.7656794546499004,2033.4481056992252,1.0267326691748313,1.0167326691748313,0.01,0.0,42.943384473605185,1.9691814372200018,2,1,1,1.0,,,35.0,35.0,58,31,0.02338515292811061,-0.013828970682259967,0.19236086657164575,0.8076391334283543,,0.02416274622502801,0.0,"{'2025-03': 0.0, '2025-04': 0.0, '2025-05': 0.018913985933579847, '2025-06': 0.02416274622502801, '2025-07': 0.0003434197517551141, '2025-08': 5.236220214444032e-05, '2025-09': 0.0009251327190773484}",{'2025': 0.04491256591082404},999.5994476435801,1048.3816433735801,daily_mark_to_market_equity,A01__QQQM_SMH__buffer_0.04,a,QQQM_SMH,A01,buffer_0.04,base,0,sha256:acd49d7f6e3e633cb9e24e4f31a698d59c7e8a2578e14056df443689e9c014bb,sensitivity_evaluation,W4,False,A01__QQQM_SMH__buffer_0.04/base/W4
OK,2025-09-19,2026-03-18,1000.0,1218.8964187606402,218.89641876064024,218.89641876064024,0.0,0.21889641876064014,0.4943109095432394,0.11705274652714992,2025-10-29,2025-11-20,28,0.31317356008647956,1.4414865650078659,1.997510911084574,4.222975745627514,990.4946903652599,0.4949998452598716,0.4949998452598716,0.0,3.3842451359,0.0,215.5121736247401,1,0,0,,,,,,69,53,0.053416049206249205,-0.057046430757241695,0.9743338282798097,0.025666171720190256,,0.11892820317957575,-0.030932043521928465,"{'2025-09': 0.009308190554740303, '2025-10': 0.11127205849609956, '2025-11': -0.029334422883130373, '2025-12': 0.02519733902527177, '2026-01': 0.11892820317957575, '2026-02': 0.007138170822163614, '2026-03': -0.030932043521928465}","{'2025': 0.11614672938064041, '2026': 0.09205751060796175}",993.0716564547402,1318.4294362906403,daily_mark_to_market_equity,A01__QQQM_SMH__buffer_0.04,a,QQQM_SMH,A01,buffer_0.04,base,0,sha256:acd49d7f6e3e633cb9e24e4f31a698d59c7e8a2578e14056df443689e9c014bb,sensitivity_evaluation,W5,False,A01__QQQM_SMH__buffer_0.04/base/W5
OK,2026-03-19,2026-09-18,1000.0,1471.428024553765,471.428024553765,471.428024553765,0.0,0.471428024553765,1.1616759537882824,0.24484286110662257,2026-06-22,2026-07-29,62,0.4583760792812979,1.9026940545163733,2.8383479267504357,4.7445775978022215,990.494952446235,0.49499997623494635,0.49499997623494635,0.0,0.0,0.0,471.4280245537651,1,0,0,,,,,,78,46,0.06827504148413754,-0.09162692461764388,0.9696656619582847,0.03033433804171526,,0.31855302839199795,-0.17488976565231373,"{'2026-03': -0.01230774584623473, '2026-04': 0.31855302839199795, '2026-05': 0.1806461223044007, '2026-06': 0.09451502577597659, '2026-07': -0.17488976565231373, '2026-08': 0.029581694693896043, '2026-09': 0.029213597503761957}",{'2026': 0.47142802455376565},934.445600523765,1716.127907143765,daily_mark_to_market_equity,A01__QQQM_SMH__buffer_0.04,a,QQQM_SMH,A01,buffer_0.04,base,0,sha256:acd49d7f6e3e633cb9e24e4f31a698d59c7e8a2578e14056df443689e9c014bb,sensitivity_evaluation,W6,False,A01__QQQM_SMH__buffer_0.04/base/W6
OK,2023-09-19,2024-03-18,1000.0,1038.9507933245202,38.95079332452019,38.95079332452019,0.0,0.03895079332452012,0.0801596109330851,0.07434263827624854,2023-10-11,2023-10-26,19,0.10578653026736451,0.7808615029331658,0.7909810669970682,1.0782454428805899,2027.29801846292,3.05101529068008,3.0410152906800803,0.01,0.0554466152,35.803153535279975,3.092193174040001,2,1,1,1.0,,,56.0,56.0,73,50,0.02181037934543384,-0.024155141248711764,0.32368966828846674,0.6763103317115333,,0.0913542215244314,-0.030811571850840047,"{'2023-09': -0.030811571850840047, '2023-10': -0.02071053336690354, '2023-11': 0.0913542215244314, '2023-12': 0.0007922687820149932, '2024-01': 0.0005642601411339765, '2024-02': 0.0013370550513791546, '2024-03': 0.00032408962200403124}","{'2023': 0.03664242316451927, '2024': 0.002226775702419914}",929.1087797491599,1039.7957599645201,daily_mark_to_market_equity,A01__QQQM_SMH__buffer_0.04,a,QQQM_SMH,A01,buffer_0.04,stress,0,sha256:acd49d7f6e3e633cb9e24e4f31a698d59c7e8a2578e14056df443689e9c014bb,sensitivity_evaluation,W1,False,A01__QQQM_SMH__buffer_0.04/stress/W1
OK,2024-03-19,2024-09-18,1000.0,1025.24122175575,25.241221755750075,25.241221755750075,0.0,0.025241221755750054,0.051012182093270075,0.2465338427457645,2024-07-10,2024-08-07,49,0.37355326142921214,0.31899906657695765,0.4079197359896569,0.20691756362989833,2016.51326207607,3.0348138542500447,3.024813854250045,0.01,0.0,25.018452511350016,0.22276924439999854,2,1,1,1.0,,,169.0,169.0,71,56,0.07573745814626731,-0.07447554388070665,0.9070176116694143,0.0929823883305857,,0.12220680066002942,-0.08933960199061519,"{'2024-03': 0.04105764427044001, '2024-04': -0.04805034003189601, '2024-05': 0.12220680066002942, '2024-06': 0.08343806797129716, '2024-07': -0.05221754526343947, '2024-08': -0.014185512724239624, '2024-09': -0.08933960199061519}",{'2024': 0.025241221755750054},922.74595431044,1299.3424352304398,daily_mark_to_market_equity,A01__QQQM_SMH__buffer_0.04,a,QQQM_SMH,A01,buffer_0.04,stress,0,sha256:acd49d7f6e3e633cb9e24e4f31a698d59c7e8a2578e14056df443689e9c014bb,sensitivity_evaluation,W2,False,A01__QQQM_SMH__buffer_0.04/stress/W2
OK,2024-09-19,2025-03-18,1000.0,1004.4111850368001,4.411185036800134,4.411185036800134,0.0,0.004411185036800047,0.008971348649399635,0.09745826489854104,2025-02-19,2025-03-07,19,0.172106086157326,0.13816382072800656,0.1702132977237364,0.09205323590297099,1985.8500877361598,2.9887883147199705,2.9787883147199707,0.01,1.5408107915199998,2.870374245280063,0.0,1,1,1,1.0,,,164.0,164.0,62,50,0.026872917730769608,-0.03571831856624674,0.9026191460694184,0.0973808539305816,,0.05312557142400243,-0.042609958377717416,"{'2024-09': 0.00581412645455992, '2024-10': -0.008491105876693772, '2024-11': 0.05312557142400243, '2024-12': 0.0045401529955808595, '2025-01': 0.021367198706216284, '2025-02': -0.026403679446285855, '2025-03': -0.042609958377717416}","{'2024': 0.05502270044608015, '2025': -0.047971968174599255}",991.96068277456,1112.86951724608,daily_mark_to_market_equity,A01__QQQM_SMH__buffer_0.04,a,QQQM_SMH,A01,buffer_0.04,stress,0,sha256:acd49d7f6e3e633cb9e24e4f31a698d59c7e8a2578e14056df443689e9c014bb,sensitivity_evaluation,W3,False,A01__QQQM_SMH__buffer_0.04/stress/W3
OK,2025-03-19,2025-09-18,1000.0,1042.6732742077947,42.67327420779475,42.67327420779475,0.0,0.042673274207794654,0.08698138245312159,0.02436063418120782,2025-05-19,2025-05-23,9,0.059389476510115086,1.4257266218966482,1.3852712284564872,3.570571349091577,2032.4143468223554,3.0587013122050326,3.048701312205033,0.01,0.0,40.919419200814986,1.7538550069800007,2,1,1,1.0,,,35.0,35.0,58,31,0.023408336466329116,-0.013842392272352622,0.19201176632101094,0.8079882336789891,,0.02310122054388808,0.0,"{'2025-03': 0.0, '2025-04': 0.0, '2025-05': 0.017923985980739632, '2025-06': 0.02310122054388808, '2025-07': 0.0003079683169977532, '2025-08': 4.6958483594927714e-05, '2025-09': 0.0008296645781598055}",{'2025': 0.04267327420779443},998.6094476907399,1047.39164342074,daily_mark_to_market_equity,A01__QQQM_SMH__buffer_0.04,a,QQQM_SMH,A01,buffer_0.04,stress,0,sha256:acd49d7f6e3e633cb9e24e4f31a698d59c7e8a2578e14056df443689e9c014bb,sensitivity_evaluation,W4,False,A01__QQQM_SMH__buffer_0.04/stress/W4
OK,2025-09-19,2026-03-18,1000.0,1217.90641907012,217.9064190701199,217.9064190701199,0.0,0.21790641907011987,0.49184915133491103,0.11715459850446108,2025-10-29,2025-11-20,28,0.3134939240532909,1.4350559363379105,1.9908350885947204,4.198291467971546,991.4846900557802,1.484999535780137,1.484999535780137,0.0,3.3842451359,0.0,214.52217393421984,1,0,0,,,,,,69,53,0.05346089071149085,-0.05709940683562709,0.9751822056447219,0.02481779435527809,,0.11903378375063633,-0.03095640889500506,"{'2025-09': 0.008318190864219588, '2025-10': 0.11138130903275889, '2025-11': -0.029360337925090185, '2025-12': 0.025220272560872115, '2026-01': 0.11903378375063633, '2026-02': 0.007143833774259978, '2026-03': -0.03095640889500506}","{'2025': 0.11515672969011859, '2026': 0.09213923625655096}",992.0816567642198,1317.43943660012,daily_mark_to_market_equity,A01__QQQM_SMH__buffer_0.04,a,QQQM_SMH,A01,buffer_0.04,stress,0,sha256:acd49d7f6e3e633cb9e24e4f31a698d59c7e8a2578e14056df443689e9c014bb,sensitivity_evaluation,W5,False,A01__QQQM_SMH__buffer_0.04/stress/W5
OK,2026-03-19,2026-09-18,1000.0,1470.438024601295,470.43802460129496,470.43802460129496,0.0,0.4704380246012949,1.1587740677629137,0.24498418759695428,2026-06-22,2026-07-29,62,0.45864369933055343,1.8989285674970073,2.8325882004263874,4.729995348390885,991.484952398705,1.484999928704984,1.484999928704984,0.0,0.0,0.0,470.4380246012951,1,0,0,,,,,,78,46,0.0683272380647757,-0.09168328193089836,0.9703603801202654,0.029639619879734624,,0.3188726460695932,-0.17499270807959555,"{'2026-03': -0.013297745798704907, '2026-04': 0.3188726460695932, '2026-05': 0.18078355018092362, '2026-06': 0.09457592009179794, '2026-07': -0.17499270807959555, '2026-08': 0.02960280017574779, '2026-09': 0.029233841094455926}",{'2026': 0.47043802460129447},933.455600571295,1715.137907191295,daily_mark_to_market_equity,A01__QQQM_SMH__buffer_0.04,a,QQQM_SMH,A01,buffer_0.04,stress,0,sha256:acd49d7f6e3e633cb9e24e4f31a698d59c7e8a2578e14056df443689e9c014bb,sensitivity_evaluation,W6,False,A01__QQQM_SMH__buffer_0.04/stress/W6
OK,2023-09-19,2024-03-18,1000.0,1296.7665210546954,296.76652105469543,296.76652105469543,0.0,0.2967665210546955,0.6894685172659258,0.05014282059756525,2024-03-07,2024-03-15,7,0.19014505120064762,2.851835662823907,5.351038668241503,13.750094411310476,2883.6732545351747,1.4915894134248344,1.4415894134248344,0.05,5.69508360812,-33.6725907280537,324.7440281746289,7,5,5,,,,24.4,35.0,75,50,0.04962085138286598,-0.02814057882370291,0.8485961051071288,0.1514038948928712,,0.09753200778723903,-0.022150115025820427,"{'2023-09': -0.01846338123296498, '2023-10': -0.022150115025820427, '2023-11': 0.0833180090205472, '2023-12': 0.07562674814109438, '2024-01': 0.04064441912386996, '2024-02': 0.09753200778723903, '2024-03': 0.01518684973606077}","{'2023': 0.11839766614610547, '2024': 0.15948607575624907}",953.7546618566903,1358.0331793961054,daily_mark_to_market_equity,A02__QQQM_SMH__sma_40,a,QQQM_SMH,A02,sma_40,base,0,sha256:acd49d7f6e3e633cb9e24e4f31a698d59c7e8a2578e14056df443689e9c014bb,sensitivity_evaluation,W1,False,A02__QQQM_SMH__sma_40/base/W1
OK,2024-03-19,2024-09-18,1000.0,1010.1985802450404,10.198580245040375,10.198580245040375,0.0,0.01019858024504039,0.020458734093899533,0.18260628476669993,2024-07-10,2024-09-06,49,0.2190645269356053,0.20129633722748408,0.2525834750697529,0.11203740397017478,4331.82370525576,2.27574678395975,2.16574678395975,0.10999999999999999,0.881007799,16.109355425699242,-6.791782979659098,8,11,11,1.0,1.9387248626616203,1.6156040522180168,118.54545454545455,140.0,75,52,0.03446690378521544,-0.05064606525301696,0.8203424411456521,0.17965755885434787,,0.07897831451828097,-0.04519522821703892,"{'2024-03': 0.030472995451590545, '2024-04': -0.04519522821703892, '2024-05': 0.07897831451828097, '2024-06': 0.0727323319469948, '2024-07': -0.03145542605291107, '2024-08': -0.04415587785461317, '2024-09': -0.0418251112430198}",{'2024': 0.01019858024504039},957.94320344437,1212.220231629435,daily_mark_to_market_equity,A02__QQQM_SMH__sma_40,a,QQQM_SMH,A02,sma_40,base,0,sha256:acd49d7f6e3e633cb9e24e4f31a698d59c7e8a2578e14056df443689e9c014bb,sensitivity_evaluation,W2,False,A02__QQQM_SMH__sma_40/base/W2
OK,2024-09-19,2025-03-18,1000.0,901.3490905205778,-98.65090947942224,-98.65090947942224,0.0,-0.09865090947942223,-0.19002720990646427,0.14230350069521513,2024-10-14,2025-03-07,105,0.18371780851874425,-1.0652304667166637,-1.0657889478529219,-1.3353656725104994,6980.718085653178,3.6203350978621143,3.4903350978621144,0.13,0.7492819734399999,-99.40019145286193,-1.7157022540541047e-15,13,13,13,1.0,0.20856737934644531,0.13035461209152832,78.53846153846153,56.0,60,53,0.01802022999020858,-0.06245819421956467,0.7070467560107573,0.2929532439892427,,0.009218893982160026,-0.04182174047302867,"{'2024-09': 0.009218893982160026, '2024-10': -0.012028148970683494, '2024-11': 0.0060716507242857265, '2024-12': -0.030396728715546106, '2025-01': -0.04182174047302867, '2025-02': -0.021553405657054214, '2025-03': -0.011545554302138328}","{'2024': -0.02735820593062066, '2025': -0.07329800547694532}",901.3490905205778,1050.895149101315,daily_mark_to_market_equity,A02__QQQM_SMH__sma_40,a,QQQM_SMH,A02,sma_40,base,0,sha256:acd49d7f6e3e633cb9e24e4f31a698d59c7e8a2578e14056df443689e9c014bb,sensitivity_evaluation,W3,False,A02__QQQM_SMH__sma_40/base/W3
OK,2025-03-19,2025-09-18,1000.0,1269.1579282220002,269.15792822200024,269.15792822200024,0.0,0.26915792822200024,0.6091891276124233,0.03825372358679624,2025-08-14,2025-08-21,20,0.1348364306008246,3.5775863548167384,5.038369727409799,15.924962866168999,1780.1836763743597,0.9098452553998538,0.8898452553998538,0.02,0.7671854473999999,65.41345180610556,202.9772909684948,6,2,2,1.0,,,120.0,120.0,61,33,0.02733245765908343,-0.02040948787833785,0.6962113534283756,0.3037886465716244,,0.11189259931812101,0.0,"{'2025-03': 0.0, '2025-04': 0.0, '2025-05': 0.04076505619742532, '2025-06': 0.11189259931812101, '2025-07': 0.029681005202946587, '2025-08': 0.007259770965221124, '2025-09': 0.05744048792634038}",{'2025': 0.26915792822200024},1000.0,1269.1579282220002,daily_mark_to_market_equity,A02__QQQM_SMH__sma_40,a,QQQM_SMH,A02,sma_40,base,0,sha256:acd49d7f6e3e633cb9e24e4f31a698d59c7e8a2578e14056df443689e9c014bb,sensitivity_evaluation,W4,False,A02__QQQM_SMH__sma_40/base/W4
OK,2025-09-19,2026-03-18,1000.0,1083.0652532889953,83.06525328899534,83.06525328899534,0.0,0.08306525328899528,0.17576358680364468,0.09023595150009922,2025-10-29,2025-11-20,49,0.21784334735594973,0.8530924024148162,1.1611599547758875,1.9478221693429079,2844.266846897695,1.492019348214783,1.422019348214783,0.07,2.04500258721,32.661340941479914,48.35890976030516,6,7,7,1.0,15.166816520893882,6.066726608357553,110.28571428571429,120.0,69,53,0.03827136684108523,-0.04603411145234115,0.8750682936717236,0.12493170632827644,,0.07957211047291235,-0.03546305779262349,"{'2025-09': 0.0027496066874097558, '2025-10': 0.07957211047291235, '2025-11': -0.03546305779262349, '2025-12': 0.00448138812485821, '2026-01': 0.06117115668489448, '2026-02': -0.007003546927559223, '2026-03': -0.020021445580846953}","{'2025': 0.048829555339078734, '2026': 0.032641812747969956}",989.0614699874102,1141.807227034475,daily_mark_to_market_equity,A02__QQQM_SMH__sma_40,a,QQQM_SMH,A02,sma_40,base,0,sha256:acd49d7f6e3e633cb9e24e4f31a698d59c7e8a2578e14056df443689e9c014bb,sensitivity_evaluation,W5,False,A02__QQQM_SMH__sma_40/base/W5
OK,2026-03-19,2026-09-18,1000.0,1242.5463357416006,242.54633574160061,242.54633574160061,0.0,0.24254633574160067,0.5425479001949693,0.13664469231318876,2026-06-22,2026-07-29,62,0.29233382662297375,1.621004653348603,2.1010871760678818,3.9705010930937075,4286.281321299895,2.2130973311997644,2.1430973311997645,0.07,0.7065509428,214.96101913713034,26.87876566167004,8,7,7,1.0,4.5732880601889265,27.43972836113356,118.0,133.0,76,48,0.05025008957652455,-0.07103022919419111,0.7719841931152752,0.22801580688472478,,0.1568374577794136,-0.09674365613246105,"{'2026-03': -0.010241684867094647, '2026-04': 0.1568374577794136, '2026-05': 0.1430277072302366, '2026-06': 0.0487980601760003, '2026-07': -0.09674365613246105, '2026-08': 0.012236537290981397, '2026-09': -0.009921958990473101}",{'2026': 0.24254633574160467},978.1485506372651,1389.3761687571853,daily_mark_to_market_equity,A02__QQQM_SMH__sma_40,a,QQQM_SMH,A02,sma_40,base,0,sha256:acd49d7f6e3e633cb9e24e4f31a698d59c7e8a2578e14056df443689e9c014bb,sensitivity_evaluation,W6,False,A02__QQQM_SMH__sma_40/base/W6
OK,2023-09-19,2024-03-18,1000.0,1293.144095640355,293.1440956403551,293.1440956403551,0.0,0.29314409564035504,0.6799584955375966,0.05016624557770488,2024-03-07,2024-03-15,7,0.19026025777026717,2.820518494636979,5.307889948869421,13.55410371470547,2881.5679255147347,4.37013196704503,4.32013196704503,0.05,5.6819529774,-35.582082125398045,323.0442247883532,7,5,5,,,,24.4,35.0,75,50,0.04964687491423092,-0.02815372513469061,0.8490528266102537,0.15094717338974628,,0.09758517647308573,-0.023441645644784126,"{'2023-09': -0.0194400821529348, '2023-10': -0.023441645644784126, '2023-11': 0.0826670826694087, '2023-12': 0.075672895756141, '2024-01': 0.04066747768140622, '2024-02': 0.09758517647308573, '2024-03': 0.015194394208863926}","{'2023': 0.11518647788515479, '2024': 0.15957655628382383}",951.8549068044751,1354.2695020851552,daily_mark_to_market_equity,A02__QQQM_SMH__sma_40,a,QQQM_SMH,A02,sma_40,stress,0,sha256:acd49d7f6e3e633cb9e24e4f31a698d59c7e8a2578e14056df443689e9c014bb,sensitivity_evaluation,W1,False,A02__QQQM_SMH__sma_40/stress/W1
OK,2024-03-19,2024-09-18,1000.0,1005.9262163282501,5.926216328250121,5.926216328250121,0.0,0.005926216328250078,0.011863049035530926,0.1841029932292757,2024-07-10,2024-09-06,49,0.219163336394279,0.16292855901840475,0.20486552812314376,0.06443702423000305,4326.50193464726,6.598273104950102,6.4882731049501015,0.10999999999999999,0.8795548132000002,12.48463803176461,-7.437976516714673,8,11,11,1.0,1.7337736226327451,1.4448113521939545,118.54545454545455,140.0,75,52,0.03447737616646074,-0.05065992024005028,0.8207154870182142,0.17928451298178583,,0.07865931833445794,-0.045863060867562866,"{'2024-03': 0.02948299551476996, '2024-04': -0.045863060867562866, '2024-05': 0.07865931833445794, '2024-06': 0.07275459233510939, '2024-07': -0.03178614366297594, '2024-08': -0.04522661610552414, '2024-09': -0.04262967862115252}",{'2024': 0.005926216328249412},956.6621426300749,1209.8967695721549,daily_mark_to_market_equity,A02__QQQM_SMH__sma_40,a,QQQM_SMH,A02,sma_40,stress,0,sha256:acd49d7f6e3e633cb9e24e4f31a698d59c7e8a2578e14056df443689e9c014bb,sensitivity_evaluation,W2,False,A02__QQQM_SMH__sma_40/stress/W2
OK,2024-09-19,2025-03-18,1000.0,894.9991567675025,-105.00084323249746,-105.00084323249746,0.0,-0.10500084323249748,-0.20156405768416163,0.1475235773200323,2024-10-14,2025-03-13,105,0.183580583625945,-1.1449937700694974,-1.1587737944965477,-1.3663175835744268,6954.732157734513,10.561884065087494,10.431884065087493,0.13,0.7481850275899998,-105.7490126045213,-1.5655566262710206e-05,13,13,13,1.0,0.17398532275369819,0.10874082672106138,78.53846153846153,56.0,63,57,0.01804044615287359,-0.06248835824887378,0.7074484449966242,0.2925515550033758,,0.008393894106479838,-0.043485088724351195,"{'2024-09': 0.008393894106479838, '2024-10': -0.012192847337536783, '2024-11': 0.00476278409351516, '2024-12': -0.03173831616708711, '2025-01': -0.043485088724351195, '2025-02': -0.022860136168401324, '2025-03': -0.011866804347267945}","{'2024': -0.030922164182179968, '2025': -0.0764424448814286}",894.9991541075026,1049.8814164195348,daily_mark_to_market_equity,A02__QQQM_SMH__sma_40,a,QQQM_SMH,A02,sma_40,stress,0,sha256:acd49d7f6e3e633cb9e24e4f31a698d59c7e8a2578e14056df443689e9c014bb,sensitivity_evaluation,W3,False,A02__QQQM_SMH__sma_40/stress/W3
OK,2025-03-19,2025-09-18,1000.0,1267.24150465433,267.2415046543299,267.2415046543299,0.0,0.26724150465432994,0.6043429939394342,0.03827409667893489,2025-08-14,2025-08-21,21,0.13471725609328614,3.558336192126982,5.004007017882949,15.789869556138985,1780.41058653747,2.688399715070075,2.668399715070075,0.02,0.7669388894,64.73727714076634,201.73728862416357,6,2,2,1.0,,,120.0,120.0,61,33,0.027349973233028235,-0.020420439771657306,0.696587508812738,0.303412491187262,,0.11196328866398875,0.0,"{'2025-03': 0.0, '2025-04': 0.0, '2025-05': 0.039774049677800516, '2025-06': 0.11196328866398875, '2025-07': 0.029697866959865538, '2025-08': 0.007263775429202868, '2025-09': 0.056761387143266395}",{'2025': 0.26724150465433016},1000.0,1267.24150465433,daily_mark_to_market_equity,A02__QQQM_SMH__sma_40,a,QQQM_SMH,A02,sma_40,stress,0,sha256:acd49d7f6e3e633cb9e24e4f31a698d59c7e8a2578e14056df443689e9c014bb,sensitivity_evaluation,W4,False,A02__QQQM_SMH__sma_40/stress/W4
OK,2025-09-19,2026-03-18,1000.0,1080.1736587861526,80.1736587861526,80.1736587861526,0.0,0.08017365878615257,0.16940261539005874,0.09060252849277195,2025-10-29,2025-11-20,49,0.21802083104805353,0.8276393102061168,1.1279950847387408,1.8697338607230292,2842.022107589353,4.33200929839752,4.26200929839752,0.07,2.0422262795500004,30.37010764651306,47.76132486008949,6,7,7,1.0,11.945839593842377,4.778335837536951,110.28571428571429,120.0,69,53,0.03828651792610693,-0.04607796620928384,0.8755989807429282,0.12440101925707181,,0.07965074846049669,-0.03582564867531213,"{'2025-09': 0.0017596070622301063, '2025-10': 0.07965074846049669, '2025-11': -0.03582564867531213, '2025-12': 0.003847893955615689, '2026-01': 0.06091370679575503, '2026-02': -0.007292859173420485, '2026-03': -0.020234634413645924}","{'2025': 0.046815857327520805, '2026': 0.03186596880925663}",988.07147036223,1139.345809629915,daily_mark_to_market_equity,A02__QQQM_SMH__sma_40,a,QQQM_SMH,A02,sma_40,stress,0,sha256:acd49d7f6e3e633cb9e24e4f31a698d59c7e8a2578e14056df443689e9c014bb,sensitivity_evaluation,W5,False,A02__QQQM_SMH__sma_40/stress/W5
OK,2026-03-19,2026-09-18,1000.0,1238.1667905328254,238.16679053282542,238.16679053282542,0.0,0.23816679053282552,0.5317153350558317,0.13699528798345784,2026-06-22,2026-07-29,62,0.2923728686933906,1.5968229379254393,2.06951860313878,3.881267325924642,4280.45455557042,6.490294333674989,6.420294333674989,0.07,0.7060994865000001,211.02387723493618,26.436813811389044,8,7,7,1.0,4.331047927285478,25.986287563712864,118.0,133.0,76,48,0.050276454782155255,-0.07106464151316194,0.772337060361481,0.22766293963851902,,0.1560063732894299,-0.09709462875185626,"{'2026-03': -0.01072611776235266, '2026-04': 0.1560063732894299, '2026-05': 0.1431090242012787, '2026-06': 0.04882231073589782, '2026-07': -0.09709462875185626, '2026-08': 0.011368383217727818, '2026-09': -0.011079910170330831}",{'2026': 0.23816679053282552},977.818550911795,1387.8372359219975,daily_mark_to_market_equity,A02__QQQM_SMH__sma_40,a,QQQM_SMH,A02,sma_40,stress,0,sha256:acd49d7f6e3e633cb9e24e4f31a698d59c7e8a2578e14056df443689e9c014bb,sensitivity_evaluation,W6,False,A02__QQQM_SMH__sma_40/stress/W6
OK,2023-09-19,2024-03-18,1000.0,1302.6922683727703,302.6922683727703,302.6922683727703,0.0,0.3026922683727702,0.7050838789223668,0.05014281625305628,2024-03-07,2024-03-15,7,0.1888186511606711,2.919321042336928,5.478304526209326,14.06151332553825,2576.642441053,1.3280739768898568,1.2880739768898568,0.04,5.72110712966,-29.436728840827932,326.4078900839383,7,4,4,,,,21.75,21.0,75,50,0.04962084564878144,-0.02814057639987999,0.8357022584363698,0.1642977415636302,,0.09753199687383796,-0.01846338123296498,"{'2023-09': -0.01846338123296498, '2023-10': -0.017685795509596813, '2023-11': 0.08332255356414775, '2023-12': 0.07562673528586084, '2024-01': 0.04064441504336869, '2024-02': 0.09753199687383796, '2024-03': 0.015186850035805}","{'2023': 0.12350834847234915, '2024': 0.15948606002265864}",958.0646841390802,1364.2388888723501,daily_mark_to_market_equity,A02__QQQM_SMH__sma_60,a,QQQM_SMH,A02,sma_60,base,0,sha256:acd49d7f6e3e633cb9e24e4f31a698d59c7e8a2578e14056df443689e9c014bb,sensitivity_evaluation,W1,False,A02__QQQM_SMH__sma_60/base/W1
OK,2024-03-19,2024-09-18,1000.0,993.5678353304454,-6.432164669554595,-6.432164669554595,0.0,-0.006432164669554541,-0.01279684889742927,0.19191219242245328,2024-07-10,2024-09-06,49,0.22953168267099158,0.058937447167469556,0.07302832019231952,-0.06668074985699589,4272.704215928115,2.2461856407547356,2.1361856407547357,0.10999999999999999,0.8758183812000001,-1.0898718417532316,-6.218111209001557,8,11,11,1.0,1.1603930686459585,0.9669942238716321,119.81818181818181,140.0,75,52,0.034631687709428816,-0.05087146036592649,0.8426454765160528,0.15735452348394718,,0.08625505049307236,-0.05693445907270378,"{'2024-03': 0.030472995451590545, '2024-04': -0.05693445907270378, '2024-05': 0.08625505049307236, '2024-06': 0.0730148610757071, '2024-07': -0.04176825718660648, '2024-08': -0.044641517391315166, '2024-09': -0.04182558723545704}",{'2024': -0.006432164669554763},943.9244627942301,1205.993895134675,daily_mark_to_market_equity,A02__QQQM_SMH__sma_60,a,QQQM_SMH,A02,sma_60,base,0,sha256:acd49d7f6e3e633cb9e24e4f31a698d59c7e8a2578e14056df443689e9c014bb,sensitivity_evaluation,W2,False,A02__QQQM_SMH__sma_60/base/W2
OK,2024-09-19,2025-03-18,1000.0,915.5738649413805,-84.42613505861948,-84.42613505861948,0.0,-0.08442613505861951,-0.16387829348174066,0.13189567162723026,2024-12-16,2025-03-10,61,0.18809788703443797,-0.8657479333331972,-0.8930162994396117,-1.242484241218326,6321.51722666116,3.28073813437964,3.1607381343796397,0.11999999999999998,0.7704053957600006,-85.19654045437942,-1.4923962066148973e-14,11,12,12,1.0,0.4936855433561021,0.16456184778536737,111.91666666666667,112.0,60,54,0.022083591855291962,-0.06245816361404166,0.7380075871071302,0.2619924128928698,,0.020306064258388323,-0.038916708920633036,"{'2024-09': 0.006310478568960054, '2024-10': -0.012245148400689243, '2024-11': 0.020306064258388323, '2024-12': -0.03014598056101403, '2025-01': -0.038916708920633036, '2025-02': -0.02015470218850879, '2025-03': -0.011545135313471677}","{'2024': -0.016401167899614988, '2025': -0.06915925979064486}",915.5738649413805,1054.6818337579202,daily_mark_to_market_equity,A02__QQQM_SMH__sma_60,a,QQQM_SMH,A02,sma_60,base,0,sha256:acd49d7f6e3e633cb9e24e4f31a698d59c7e8a2578e14056df443689e9c014bb,sensitivity_evaluation,W3,False,A02__QQQM_SMH__sma_60/base/W3
OK,2025-03-19,2025-09-18,1000.0,1257.9181190532902,257.9181190532902,257.9181190532902,0.0,0.2579181190532902,0.580870641214414,0.038295571472964696,2025-08-14,2025-08-21,19,0.1339492767461981,3.4683930812949675,4.811497535004519,15.168089125513845,989.8394101889098,0.49467236890993627,0.49467236890993627,0.0,0.7535514221999999,0.0,257.1645676310901,3,0,0,,,,,,60,34,0.027368441711071334,-0.02043198277394931,0.7007965036769723,0.2992034963230277,,0.11203780997015467,0.0,"{'2025-03': 0.0, '2025-04': 0.0, '2025-05': 0.020944348811090308, '2025-06': 0.11203780997015467, '2025-07': 0.029715642714264412, '2025-08': 0.007267998134876885, '2025-09': 0.06823893474869114}",{'2025': 0.2579181190532902},1000.0,1257.9181190532902,daily_mark_to_market_equity,A02__QQQM_SMH__sma_60,a,QQQM_SMH,A02,sma_60,base,0,sha256:acd49d7f6e3e633cb9e24e4f31a698d59c7e8a2578e14056df443689e9c014bb,sensitivity_evaluation,W4,False,A02__QQQM_SMH__sma_60/base/W4
OK,2025-09-19,2026-03-18,1000.0,1102.6808998686151,102.68089986861514,102.68089986861514,0.0,0.10268089986861506,0.21937651034047878,0.0984098660831415,2025-10-29,2025-11-20,29,0.2291850363259818,0.9811578061213908,1.3425615658292398,2.2292125685359503,1908.507933514235,0.9940827229948292,0.9540827229948292,0.04,2.13991110161,-1.4797012713654776,102.02069003837076,4,4,4,1.0,0.19224802963957596,0.576744088918728,123.0,130.0,69,53,0.03889392984622009,-0.04603411145234115,0.9161116391046416,0.08388836089535845,,0.07957211047291235,-0.022683895440445245,"{'2025-09': 0.0027496066874097558, '2025-10': 0.07957211047291235, '2025-11': -0.022683895440445245, '2025-12': 0.007095348499628784, '2026-01': 0.06383301669719654, '2026-02': -0.006660657430394679, '2026-03': -0.020670248435201377}","{'2025': 0.0654910405746445, '2026': 0.03490396247153149}",988.8214205074103,1163.1603121183603,daily_mark_to_market_equity,A02__QQQM_SMH__sma_60,a,QQQM_SMH,A02,sma_60,base,0,sha256:acd49d7f6e3e633cb9e24e4f31a698d59c7e8a2578e14056df443689e9c014bb,sensitivity_evaluation,W5,False,A02__QQQM_SMH__sma_60/base/W5
OK,2026-03-19,2026-09-18,1000.0,1235.6282172728654,235.6282172728654,235.6282172728654,0.0,0.23562821727286543,0.5254537521972089,0.1483169679240327,2026-06-22,2026-07-29,62,0.29470831449702634,1.5726049499898573,2.060910801060682,3.542775715765333,3824.282608929045,1.9820966199348438,1.9120966199348437,0.07,0.7065509428,201.6514027022893,33.27026362777608,8,7,7,1.0,4.300445845554975,25.802675073329848,120.0,133.0,76,48,0.05025008957652455,-0.07103022919419111,0.7817876037956183,0.2182123962043817,,0.1568374577794136,-0.10851175075732211,"{'2026-03': -0.010241684867094647, '2026-04': 0.1568374577794136, '2026-05': 0.1430277072302366, '2026-06': 0.0487980601760003, '2026-07': -0.10851175075732211, '2026-08': 0.012660599926936023, '2026-09': -0.002855388725807262}",{'2026': 0.2356282172728681},978.1485506372651,1389.3761687571853,daily_mark_to_market_equity,A02__QQQM_SMH__sma_60,a,QQQM_SMH,A02,sma_60,base,0,sha256:acd49d7f6e3e633cb9e24e4f31a698d59c7e8a2578e14056df443689e9c014bb,sensitivity_evaluation,W6,False,A02__QQQM_SMH__sma_60/base/W6
OK,2023-09-19,2024-03-18,1000.0,1299.4690329960602,299.46903299606015,299.46903299606015,0.0,0.2994690329960601,0.696581111208451,0.050166241970363235,2024-03-07,2024-03-15,7,0.18894598923973593,2.8909891023535357,5.441088546776452,13.885455315149398,2575.24879373971,3.9006523124200383,3.8606523124200383,0.04,5.70974352848,-31.044555064125277,324.8038445317051,7,4,4,,,,21.75,21.0,75,50,0.04964687046288696,-0.028153723117231855,0.8361493788383101,0.1638506211616899,,0.09758516777009518,-0.0194400821529348,"{'2023-09': -0.0194400821529348, '2023-10': -0.018667934820097543, '2023-11': 0.08267015405773193, '2023-12': 0.07567288654838045, '2024-01': 0.0406674742257509, '2024-02': 0.09758516777009518, '2024-03': 0.01519439387715793}","{'2023': 0.12064101416810113, '2024': 0.15957654285990297}",956.4672841754352,1360.8934079681003,daily_mark_to_market_equity,A02__QQQM_SMH__sma_60,a,QQQM_SMH,A02,sma_60,stress,0,sha256:acd49d7f6e3e633cb9e24e4f31a698d59c7e8a2578e14056df443689e9c014bb,sensitivity_evaluation,W1,False,A02__QQQM_SMH__sma_60/stress/W1
OK,2024-03-19,2024-09-18,1000.0,989.3310242868899,-10.668975713110058,-10.668975713110058,0.0,-0.010668975713110096,-0.021181096220321938,0.19340972561471925,2024-07-10,2024-09-06,49,0.22965373196974492,0.022107042010096795,0.027436760318101813,-0.1095141216554726,4267.45984793111,6.509697295010098,6.399697295010098,0.10999999999999999,0.8742166419,-4.688202315679403,-6.854990039330622,8,11,11,1.0,1.5168825307899778,0.8667900175942731,119.81818181818181,140.0,75,52,0.03464444987796478,-0.050888669256855645,0.843036768689833,0.15696323131016698,,0.08611093274174397,-0.05776355364396257,"{'2024-03': 0.02948299551476996, '2024-04': -0.05776355364396257, '2024-05': 0.08611093274174397, '2024-06': 0.07303891765753767, '2024-07': -0.04210698387512357, '2024-08': -0.04571928786417179, '2024-09': -0.042630163986668745}",{'2024': -0.01066897571311054},942.7858968621299,1203.666727356305,daily_mark_to_market_equity,A02__QQQM_SMH__sma_60,a,QQQM_SMH,A02,sma_60,stress,0,sha256:acd49d7f6e3e633cb9e24e4f31a698d59c7e8a2578e14056df443689e9c014bb,sensitivity_evaluation,W2,False,A02__QQQM_SMH__sma_60/stress/W2
OK,2024-09-19,2025-03-18,1000.0,909.9133906552727,-90.08660934472732,-90.08660934472732,0.0,-0.09008660934472734,-0.1743342285805517,0.1355113635660552,2024-12-16,2025-03-13,61,0.1880667491792977,-0.9334305327661333,-0.9706053720737602,-1.286491582645556,6293.191856733032,9.559604865487476,9.439604865487476,0.11999999999999998,0.7704053957600003,-90.85700446212569,-1.0278361641538619e-05,11,12,12,1.0,0.44341046873712026,0.14780348957904008,111.91666666666667,112.0,63,57,0.02210035703123947,-0.06248833157480127,0.7384768073981025,0.2615231926018975,,0.019665556407454376,-0.040365129364723584,"{'2024-09': 0.0056504786668798435, '2024-10': -0.012575628847359632, '2024-11': 0.019665556407454376, '2024-12': -0.03170024222490375, '2025-01': -0.040365129364723584, '2025-02': -0.021276799824635595, '2025-03': -0.011866386286375152}","{'2024': -0.0195657385941308, '2025': -0.07192819909157}",909.9133879952726,1052.5452269086,daily_mark_to_market_equity,A02__QQQM_SMH__sma_60,a,QQQM_SMH,A02,sma_60,stress,0,sha256:acd49d7f6e3e633cb9e24e4f31a698d59c7e8a2578e14056df443689e9c014bb,sensitivity_evaluation,W3,False,A02__QQQM_SMH__sma_60/stress/W3
OK,2025-03-19,2025-09-18,1000.0,1256.88844595016,256.8884459501601,256.8884459501601,0.0,0.25688844595016014,0.5782889433815779,0.03832165021781453,2025-08-14,2025-08-21,19,0.13383368496642625,3.459114158851445,4.791042890534572,15.090397728038067,990.6652049091401,1.4837721491400633,1.4837721491400633,0.0,0.7534284592999999,0.0,256.1350174908599,3,0,0,,,,,,60,34,0.02739087555268327,-0.020446000394715336,0.7013033032062007,0.2986966967937993,,0.11212832777824233,0.0,"{'2025-03': 0.0, '2025-04': 0.0, '2025-05': 0.01995341084086011, '2025-06': 0.11212832777824233, '2025-07': 0.029737231321201874, '2025-08': 0.007273126619563364, '2025-09': 0.06828672915578538}",{'2025': 0.25688844595016036},1000.0,1256.88844595016,daily_mark_to_market_equity,A02__QQQM_SMH__sma_60,a,QQQM_SMH,A02,sma_60,stress,0,sha256:acd49d7f6e3e633cb9e24e4f31a698d59c7e8a2578e14056df443689e9c014bb,sensitivity_evaluation,W4,False,A02__QQQM_SMH__sma_60/stress/W4
OK,2025-09-19,2026-03-18,1000.0,1100.8262682719676,100.82626827196759,100.82626827196759,0.0,0.10082626827196761,0.21521848328191906,0.09849877742300417,2025-10-29,2025-11-20,29,0.2294134360836406,0.9654847061224378,1.3229734483324982,2.1849863410756942,1905.2595244531876,2.896348816592536,2.856348816592536,0.04,2.13948957356,-2.671665279480475,101.35844397788792,4,4,4,1.0,0.10151406540207861,0.3045421962062358,123.0,130.0,69,53,0.03891888490750439,-0.04607796620928384,0.9168026641461855,0.0831973358538145,,0.07965074846049669,-0.02270465919376574,"{'2025-09': 0.0017596070622301063, '2025-10': 0.07965074846049669, '2025-11': -0.02270465919376574, '2025-12': 0.006807190866598978, '2026-01': 0.06365792407538029, '2026-02': -0.006925487699038779, '2026-03': -0.020699389003805968}","{'2025': 0.06418943558903978, '2026': 0.034426984010273776}",987.83142088223,1161.56038948159,daily_mark_to_market_equity,A02__QQQM_SMH__sma_60,a,QQQM_SMH,A02,sma_60,stress,0,sha256:acd49d7f6e3e633cb9e24e4f31a698d59c7e8a2578e14056df443689e9c014bb,sensitivity_evaluation,W5,False,A02__QQQM_SMH__sma_60/stress/W5
OK,2026-03-19,2026-09-18,1000.0,1231.6856781940228,231.68567819402278,231.68567819402278,0.0,0.23168567819402286,0.5157545547074329,0.14867156922495328,2026-06-22,2026-07-29,62,0.2947296159666663,1.5509622589662582,2.0281119005977066,3.469086641085025,3819.500556994857,5.7988509174775045,5.728850917477504,0.07,0.7060994865000001,198.1482806321406,32.8312980753821,8,7,7,1.0,4.0769587032860795,24.461752219716477,120.0,133.0,74,50,0.050276454782155255,-0.07106464151316194,0.7821437834311302,0.21785621656886978,,0.1560063732894299,-0.10886737606088015,"{'2026-03': -0.01072611776235266, '2026-04': 0.1560063732894299, '2026-05': 0.1431090242012787, '2026-06': 0.04882231073589782, '2026-07': -0.10886737606088015, '2026-08': 0.011798717376896306, '2026-09': -0.003684053580542357}",{'2026': 0.23168567819402286},977.818550911795,1387.8372359219975,daily_mark_to_market_equity,A02__QQQM_SMH__sma_60,a,QQQM_SMH,A02,sma_60,stress,0,sha256:acd49d7f6e3e633cb9e24e4f31a698d59c7e8a2578e14056df443689e9c014bb,sensitivity_evaluation,W6,False,A02__QQQM_SMH__sma_60/stress/W6
OK,2023-09-19,2024-03-18,1000.0,1303.1153681012122,303.1153681012122,303.1153681012122,0.0,0.3031153681012122,0.7062015913932289,0.07933536350206183,2023-10-11,2023-10-26,22,0.18830050306325077,2.93062634766048,4.86483419402747,8.901472939931454,2104.892142284798,1.0922080865678456,1.0522080865678456,0.04,5.43625478368,9.234331031528527,288.4447822860038,7,4,4,1.0,0.573325317933433,1.719975953800299,82.25,76.0,69,46,0.04501918818917128,-0.02830341162707617,0.8682227899965349,0.1317772100034651,,0.09287967110512718,-0.028608333684615128,"{'2023-09': 0.0, '2023-10': -0.028608333684615128, '2023-11': 0.09287967110512718, '2023-12': 0.07384477984152982, '2024-01': 0.0375405446281607, '2024-02': 0.0888078506594896, '2024-03': 0.011855076439184264}","{'2023': 0.14000887202689682, '2024': 0.14307476027297716}",953.839629615625,1362.3470052594919,daily_mark_to_market_equity,A03__QQQM_SMH__vol_42,a,QQQM_SMH,A03,vol_42,base,0,sha256:acd49d7f6e3e633cb9e24e4f31a698d59c7e8a2578e14056df443689e9c014bb,sensitivity_evaluation,W1,False,A03__QQQM_SMH__vol_42/base/W1
OK,2024-03-19,2024-09-18,1000.0,1041.6397541523302,41.63975415233017,41.63975415233017,0.0,0.04163975415233012,0.08483198121279023,0.18301821730368117,2024-07-10,2024-08-07,49,0.2689717936249824,0.4349836582364037,0.5644109763652762,0.46351659666769107,1866.1650575212802,0.9829498593698406,0.9329498593698405,0.05,0.6570051817000001,8.45704902944502,32.52569994118499,7,5,5,1.0,2.9567664313561166,1.9711776209040777,92.2,91.0,69,49,0.04864899554430924,-0.050889242431277126,0.8571754888628804,0.14282451113711958,,0.09641135479204621,-0.04681491740770116,"{'2024-03': 0.0, '2024-04': -0.04117213382726981, '2024-05': 0.09641135479204621, '2024-06': 0.07451187705879514, '2024-07': -0.034169690670393216, '2024-08': 0.001645598625199085, '2024-09': -0.04681491740770116}",{'2024': 0.041639754152331454},911.5762915627299,1195.457610826725,daily_mark_to_market_equity,A03__QQQM_SMH__vol_42,a,QQQM_SMH,A03,vol_42,base,0,sha256:acd49d7f6e3e633cb9e24e4f31a698d59c7e8a2578e14056df443689e9c014bb,sensitivity_evaluation,W2,False,A03__QQQM_SMH__vol_42/base/W2
OK,2024-09-19,2025-03-18,1000.0,986.8385795057203,-13.161420494279696,-13.161420494279696,0.0,-0.013161420494279708,-0.02652586379663402,0.09642467298613755,2024-12-16,2025-03-07,61,0.16132970475712058,-0.08779556656302993,-0.10362926044389205,-0.2750941535518352,3120.50881288882,1.5902512135899098,1.5602512135899098,0.03,1.20024835931,-14.361668853589777,-6.290458600552055e-15,5,3,3,1.0,0.480533245649451,0.2402666228247255,78.33333333333333,46.0,58,48,0.022311591547155896,-0.03486685987449256,0.782680389218947,0.217319610781053,,0.03550035247700656,-0.04144014160362064,"{'2024-09': 0.0, '2024-10': 0.006665849435050442, '2024-11': 0.03550035247700656, '2024-12': -0.005899415819947129, '2025-01': 0.020284432144499043, '2025-02': -0.026267410348430498, '2025-03': -0.04144014160362064}","{'2024': 0.03625327410020107, '2025': -0.0476859237307482}",986.8385795057203,1092.14865656749,daily_mark_to_market_equity,A03__QQQM_SMH__vol_42,a,QQQM_SMH,A03,vol_42,base,0,sha256:acd49d7f6e3e633cb9e24e4f31a698d59c7e8a2578e14056df443689e9c014bb,sensitivity_evaluation,W3,False,A03__QQQM_SMH__vol_42/base/W3
OK,2025-03-19,2025-09-18,1000.0,1211.4101756669052,211.41017566690516,211.41017566690516,0.0,0.21141017566690512,0.46636159371301944,0.03894211681881066,2025-08-14,2025-09-02,19,0.11776093286622566,3.2922762082679826,4.014028964391356,11.975763821029561,1174.588685605335,0.6070492845949639,0.5870492845949639,0.02,0.7915507515,4.196331945370016,206.4222929700352,4,2,2,1.0,,,45.5,45.5,50,25,0.02528788940947968,-0.020967215018598107,0.5719464357156089,0.4280535642843911,,0.09453654362087982,0.0,"{'2025-03': 0.0, '2025-04': 0.0, '2025-05': 0.0, '2025-06': 0.09453654362087982, '2025-07': 0.027089316139616848, '2025-08': 0.007427218441999672, '2025-09': 0.06964350704671007}",{'2025': 0.2114101756669049},1000.0,1211.4101756669052,daily_mark_to_market_equity,A03__QQQM_SMH__vol_42,a,QQQM_SMH,A03,vol_42,base,0,sha256:acd49d7f6e3e633cb9e24e4f31a698d59c7e8a2578e14056df443689e9c014bb,sensitivity_evaluation,W4,False,A03__QQQM_SMH__vol_42/base/W4
OK,2025-09-19,2026-03-18,1000.0,1081.7198083616177,81.71980836161765,81.71980836161765,0.0,0.08171980836161774,0.1728016804571788,0.09989623030039707,2025-10-29,2025-11-20,29,0.24181724779992686,0.7807363106144561,1.057090430654651,1.729811825106397,1438.7683815877729,0.7491834604724315,0.7191834604724314,0.03,2.25742566709,-1.737514644541987,81.19989733906968,7,3,3,1.0,0.2814837012347453,0.5629674024694906,102.66666666666667,95.0,64,51,0.042051295164543756,-0.04642385542752003,0.886537615117289,0.11346238488271099,,0.07333119562744828,-0.02681217142259651,"{'2025-09': 0.0, '2025-10': 0.052366246735499944, '2025-11': -0.023071533537803002, '2025-12': 0.011007966768739497, '2026-01': 0.07333119562744828, '2026-02': -0.003677107514938771, '2026-03': -0.02681217142259651}","{'2025': 0.039403686087005285, '2026': 0.04071192246192368}",959.7461898198902,1152.6255063681076,daily_mark_to_market_equity,A03__QQQM_SMH__vol_42,a,QQQM_SMH,A03,vol_42,base,0,sha256:acd49d7f6e3e633cb9e24e4f31a698d59c7e8a2578e14056df443689e9c014bb,sensitivity_evaluation,W5,False,A03__QQQM_SMH__vol_42/base/W5
OK,2026-03-19,2026-09-18,1000.0,1469.4187166906834,469.41871669068337,469.41871669068337,0.0,0.46941871669068336,1.1557883066208965,0.18336909403612311,2026-06-22,2026-07-29,62,0.3306807745570418,2.4768181356234953,3.7203161735765495,6.303070387604194,2496.4527334094832,1.2879855243668648,1.2479855243668647,0.04,0.46182606105,241.11021967315497,227.84667095647833,7,4,4,1.0,,,92.5,92.5,72,45,0.057046570295043786,-0.06337875493002376,0.8359161831212321,0.16408381687876794,,0.3363830014323308,-0.1266031273417325,"{'2026-03': 0.0, '2026-04': 0.3363830014323308, '2026-05': 0.131844503578177, '2026-06': 0.05616866655423469, '2026-07': -0.1266031273417325, '2026-08': 0.03516267395950523, '2026-09': 0.017359261334714438}",{'2026': 0.4694187166906836},1000.0,1616.7137215858152,daily_mark_to_market_equity,A03__QQQM_SMH__vol_42,a,QQQM_SMH,A03,vol_42,base,0,sha256:acd49d7f6e3e633cb9e24e4f31a698d59c7e8a2578e14056df443689e9c014bb,sensitivity_evaluation,W6,False,A03__QQQM_SMH__vol_42/base/W6
OK,2023-09-19,2024-03-18,1000.0,1300.3138448961893,300.31384489618927,300.31384489618927,0.0,0.3003138448961893,0.69880761812755,0.07941124628475349,2023-10-11,2023-10-26,22,0.18841780827409016,2.905844427838319,4.815792701727318,8.799857083488654,2105.0078032757206,3.195374341210355,3.1553743412103548,0.04,5.4260698376,8.080972431185836,286.80680262740367,7,4,4,1.0,0.5344132943584738,1.6032398830754215,82.25,76.0,69,46,0.04501600333986544,-0.02833151257372213,0.8682788039050129,0.13172119609498711,,0.0923127546918916,-0.029877099993845246,"{'2023-09': 0.0, '2023-10': -0.029877099993845246, '2023-11': 0.0923127546918916, '2023-12': 0.07369018820613227, '2024-01': 0.03752412255297011, '2024-02': 0.08873300744476609, '2024-03': 0.011756139503571017}","{'2023': 0.13776546035173443, '2024': 0.14286633775488577}",952.8496297468748,1359.4152269109493,daily_mark_to_market_equity,A03__QQQM_SMH__vol_42,a,QQQM_SMH,A03,vol_42,stress,0,sha256:acd49d7f6e3e633cb9e24e4f31a698d59c7e8a2578e14056df443689e9c014bb,sensitivity_evaluation,W1,False,A03__QQQM_SMH__vol_42/stress/W1
OK,2024-03-19,2024-09-18,1000.0,1039.6056015977101,39.60560159771012,39.60560159771012,0.0,0.039605601597710205,0.08060777542787156,0.18315836146172504,2024-07-10,2024-08-07,49,0.2690695669144538,0.42050357195870625,0.5457171068845301,0.44009880184867417,1865.1938448666,2.8465984877900357,2.796598487790036,0.05,0.6562572555000001,7.012702967020125,31.936641375189943,7,5,5,1.0,2.568856873735459,1.7125712491569727,92.2,91.0,69,49,0.04865634033377031,-0.05089112932745843,0.8573106150008287,0.14268938499917128,,0.09630080306810584,-0.0472704590463483,"{'2024-03': 0.0, '2024-04': -0.042162133641809874, '2024-05': 0.09630080306810584, '2024-06': 0.07445746522754826, '2024-07': -0.034297857080936356, '2024-08': 0.0014858611431822766, '2024-09': -0.0472704590463483}",{'2024': 0.039605601597711315},910.58629174819,1193.8991840271601,daily_mark_to_market_equity,A03__QQQM_SMH__vol_42,a,QQQM_SMH,A03,vol_42,stress,0,sha256:acd49d7f6e3e633cb9e24e4f31a698d59c7e8a2578e14056df443689e9c014bb,sensitivity_evaluation,W2,False,A03__QQQM_SMH__vol_42/stress/W2
OK,2024-09-19,2025-03-18,1000.0,983.79173741584,-16.208262584160025,-16.208262584160025,0.0,-0.01620826258415997,-0.0326149965746112,0.09770304368406946,2024-12-16,2025-03-07,61,0.1613228293219745,-0.1270732335115283,-0.1502722960262981,-0.33381761043263275,3117.42574321582,4.706110038060102,4.676110038060102,0.03,1.1986313338999999,-17.40689391806012,0.0,5,3,3,1.0,0.3595341305895853,0.17976706529479264,78.33333333333333,46.0,58,48,0.022316032040061717,-0.03487837807022487,0.7828712651870063,0.21712873481299366,,0.035143268239700154,-0.042392750536223156,"{'2024-09': 0.0, '2024-10': 0.005675849485149875, '2024-11': 0.035143268239700154, '2024-12': -0.006466585081243648, '2025-01': 0.02008728698429474, '2025-02': -0.026272469388182396, '2025-03': -0.042392750536223156}","{'2024': 0.0342867503706894, '2025': -0.048821096216065896}",983.79173741584,1090.3192463738899,daily_mark_to_market_equity,A03__QQQM_SMH__vol_42,a,QQQM_SMH,A03,vol_42,stress,0,sha256:acd49d7f6e3e633cb9e24e4f31a698d59c7e8a2578e14056df443689e9c014bb,sensitivity_evaluation,W3,False,A03__QQQM_SMH__vol_42/stress/W3
OK,2025-03-19,2025-09-18,1000.0,1210.0856258350748,210.08562583507478,210.08562583507478,0.0,0.21008562583507473,0.4631632820834861,0.03894536115903913,2025-08-14,2025-09-02,19,0.1175547012503082,3.2793556141559637,3.9909788930555785,11.892643136421063,1175.457594970505,1.7809832464250943,1.7609832464250943,0.02,0.7915507515,4.0255194768399996,205.26855560673502,4,2,2,1.0,,,45.5,45.5,50,25,0.025289969535565948,-0.020968975579665372,0.5720471399767715,0.4279528600232285,,0.09354654395964035,0.0,"{'2025-03': 0.0, '2025-04': 0.0, '2025-05': 0.0, '2025-06': 0.09354654395964035, '2025-07': 0.026970393775455737, '2025-08': 0.007347753566346649, '2025-09': 0.06964947872656069}",{'2025': 0.2100856258350745},1000.0,1210.0856258350748,daily_mark_to_market_equity,A03__QQQM_SMH__vol_42,a,QQQM_SMH,A03,vol_42,stress,0,sha256:acd49d7f6e3e633cb9e24e4f31a698d59c7e8a2578e14056df443689e9c014bb,sensitivity_evaluation,W4,False,A03__QQQM_SMH__vol_42/stress/W4
OK,2025-09-19,2026-03-18,1000.0,1080.2050445490077,80.20504454900765,80.20504454900765,0.0,0.08020504454900768,0.16947156429617372,0.09991052820351765,2025-10-29,2025-11-20,29,0.2419360083121007,0.7686935608783187,1.0419265148843155,1.6962332933618398,1438.8457397100128,2.1864643248525626,2.156464324852563,0.03,2.25384089886,-2.362176047510271,80.3133796976578,7,3,3,1.0,0.2297947398567875,0.459589479713575,102.66666666666667,95.0,64,51,0.042052898893073065,-0.046469366968919235,0.8866702503222362,0.11332974967776377,,0.07318327891858223,-0.02700799354448513,"{'2025-09': 0.0, '2025-10': 0.05137624708650024, '2025-11': -0.023085755438864375, '2025-12': 0.010937576289543616, '2026-01': 0.07318327891858223, '2026-02': -0.0037138600168489244, '2026-03': -0.02700799354448513}","{'2025': 0.03833846525623996, '2026': 0.04032074385536277}",958.83985625203,1151.2445936518975,daily_mark_to_market_equity,A03__QQQM_SMH__vol_42,a,QQQM_SMH,A03,vol_42,stress,0,sha256:acd49d7f6e3e633cb9e24e4f31a698d59c7e8a2578e14056df443689e9c014bb,sensitivity_evaluation,W5,False,A03__QQQM_SMH__vol_42/stress/W5
OK,2026-03-19,2026-09-18,1000.0,1466.8045892762696,466.80458927626955,466.80458927626955,0.0,0.46680458927626955,1.1481404183755761,0.18354943110261646,2026-06-22,2026-07-29,62,0.3305274012093268,2.4671001425931105,3.704141932925484,6.2552109885521165,2496.60260403466,3.7827417806305377,3.7427417806305376,0.04,0.4604664099000001,240.05439715366458,226.28972571270504,7,4,4,1.0,,,92.5,92.5,72,45,0.05710006774248577,-0.0633831894799819,0.8359901560870976,0.1640098439129024,,0.33539300169698993,-0.12678304579893818,"{'2026-03': 0.0, '2026-04': 0.33539300169698993, '2026-05': 0.13148377667925004, '2026-06': 0.05572251971144038, '2026-07': -0.12678304579893818, '2026-08': 0.035127974225651615, '2026-09': 0.017299526508576024}",{'2026': 0.46680458927627},1000.0,1614.3247581757348,daily_mark_to_market_equity,A03__QQQM_SMH__vol_42,a,QQQM_SMH,A03,vol_42,stress,0,sha256:acd49d7f6e3e633cb9e24e4f31a698d59c7e8a2578e14056df443689e9c014bb,sensitivity_evaluation,W6,False,A03__QQQM_SMH__vol_42/stress/W6
OK,2023-09-19,2024-03-18,1000.0,1307.3098360684214,307.3098360684214,307.3098360684214,0.0,0.30730983606842144,0.7173022039100092,0.07928448529543841,2023-10-11,2023-10-26,22,0.19023005259290107,2.9369031185275474,4.898570810307163,9.047195062654696,2105.730040336579,1.1026210024583416,1.0526210024583416,0.05,5.40543247778,8.087472288086005,293.8169313025557,8,5,5,1.0,0.40924764658858986,1.6369905863543595,84.2,92.0,69,46,0.04665059478940625,-0.028261216056105765,0.8679680583182317,0.13203194168176835,,0.09460579530029634,-0.028545317904619005,"{'2023-09': 0.0, '2023-10': -0.028545317904619005, '2023-11': 0.09460579530029634, '2023-12': 0.07358579201912185, '2024-01': 0.03562113364830055, '2024-02': 0.09170095123286215, '2024-03': 0.0128774243193992}","{'2023': 0.14160810716787164, '2024': 0.14514764555380344}",953.8720150109,1369.2938122078515,daily_mark_to_market_equity,A03__QQQM_SMH__vol_84,a,QQQM_SMH,A03,vol_84,base,0,sha256:acd49d7f6e3e633cb9e24e4f31a698d59c7e8a2578e14056df443689e9c014bb,sensitivity_evaluation,W1,False,A03__QQQM_SMH__vol_84/base/W1
OK,2024-03-19,2024-09-18,1000.0,1034.772417026375,34.772417026375024,34.772417026375024,0.0,0.03477241702637501,0.07060396557330861,0.19020619796052474,2024-07-10,2024-08-07,49,0.2743652235472326,0.3839653693115259,0.4912148291445419,0.3711969763885492,1785.1341531905052,0.9324382043248483,0.8924382043248482,0.04,0.6817366507,2.153304118425125,31.93737625725011,7,4,4,1.0,3.7661478823808383,1.2553826274602795,99.5,106.5,69,49,0.05164168417297699,-0.051191171291336435,0.8611967342541836,0.13880326574581636,,0.09676745272200704,-0.047625123187311824,"{'2024-03': 0.0, '2024-04': -0.0412079976057399, '2024-05': 0.09676745272200704, '2024-06': 0.07477818666526015, '2024-07': -0.03579872953850394, '2024-08': -0.0029626826903821346, '2024-09': -0.047625123187311824}",{'2024': 0.03477241702637568},911.38206636426,1200.0001656904751,daily_mark_to_market_equity,A03__QQQM_SMH__vol_84,a,QQQM_SMH,A03,vol_84,base,0,sha256:acd49d7f6e3e633cb9e24e4f31a698d59c7e8a2578e14056df443689e9c014bb,sensitivity_evaluation,W2,False,A03__QQQM_SMH__vol_84/base/W2
OK,2024-09-19,2025-03-18,1000.0,987.9525879264903,-12.04741207350969,-12.04741207350969,0.0,-0.012047412073509678,-0.024294673048564586,0.09618801112210373,2024-12-16,2025-03-11,61,0.16154308552874833,-0.07315973099534206,-0.08618018463262003,-0.2525748559009527,3073.37943086338,1.5666867899199128,1.5366867899199128,0.03,1.2210960564099997,-13.268486571093671,-2.155882614757644e-05,5,3,3,1.0,0.4985973687092738,0.2492986843546369,78.33333333333333,46.0,61,52,0.022309670738743126,-0.03492055863499455,0.7852246264925866,0.21477537350741338,,0.03601985843041633,-0.041436583175100794,"{'2024-09': 0.0, '2024-10': 0.006665849435050442, '2024-11': 0.03601985843041633, '2024-12': -0.005341402150415897, '2025-01': 0.02034517766676114, '2025-02': -0.026265225835302553, '2025-03': -0.041436583175100794}","{'2024': 0.03735512464980606, '2025': -0.04762355296600218}",987.9525767264903,1093.0952331723952,daily_mark_to_market_equity,A03__QQQM_SMH__vol_84,a,QQQM_SMH,A03,vol_84,base,0,sha256:acd49d7f6e3e633cb9e24e4f31a698d59c7e8a2578e14056df443689e9c014bb,sensitivity_evaluation,W3,False,A03__QQQM_SMH__vol_84/base/W3
OK,2025-03-19,2025-09-18,1000.0,1208.3112443549753,208.31124435497532,208.31124435497532,0.0,0.20831124435497528,0.4588842494135903,0.03935850030362298,2025-08-14,2025-09-02,19,0.1171788120795579,3.2646188089504062,3.9522730478127834,11.659088783201165,1339.556335567245,0.6995373157249515,0.6695373157249515,0.03,0.7961569607,11.408855886083,196.10623150819222,5,3,3,1.0,,,61.0,62.0,50,25,0.025083970729114835,-0.02129505777520635,0.56304057656699,0.43695942343301,,0.09425196157970017,0.0,"{'2025-03': 0.0, '2025-04': 0.0, '2025-05': 0.0, '2025-06': 0.09425196157970017, '2025-07': 0.02604100128457909, '2025-08': 0.0071820196037806205, '2025-09': 0.0685351259194329}",{'2025': 0.20831124435497594},1000.0,1208.3112443549753,daily_mark_to_market_equity,A03__QQQM_SMH__vol_84,a,QQQM_SMH,A03,vol_84,base,0,sha256:acd49d7f6e3e633cb9e24e4f31a698d59c7e8a2578e14056df443689e9c014bb,sensitivity_evaluation,W4,False,A03__QQQM_SMH__vol_84/base/W4
OK,2025-09-19,2026-03-18,1000.0,1082.62689321285,82.62689321285006,82.62689321285006,0.0,0.08262689321285,0.17479815047838,0.09938827563513053,2025-10-29,2025-11-20,29,0.2434454765671115,0.7841332476445627,1.0600280864035916,1.7587401467763721,1458.621952894195,0.7791043038599325,0.7291043038599324,0.05,2.2866289767100003,-0.3453005204724451,80.68556475661259,7,5,5,1.0,0.22389341617754216,0.8955736647101686,93.0,95.0,64,51,0.042883989838727654,-0.04641340293251217,0.8883057901211197,0.11169420987888035,,0.07373373443256526,-0.02707639350866009,"{'2025-09': 0.0, '2025-10': 0.05235129910440017, '2025-11': -0.02302348210023586, '2025-12': 0.0111058855855104, '2026-01': 0.07373373443256526, '2026-02': -0.0030761939976184927, '2026-03': -0.02707639350866009}","{'2025': 0.03954071874589493, '2026': 0.041447317733676714}",960.2722208763101,1154.8583953361601,daily_mark_to_market_equity,A03__QQQM_SMH__vol_84,a,QQQM_SMH,A03,vol_84,base,0,sha256:acd49d7f6e3e633cb9e24e4f31a698d59c7e8a2578e14056df443689e9c014bb,sensitivity_evaluation,W5,False,A03__QQQM_SMH__vol_84/base/W5
OK,2026-03-19,2026-09-18,1000.0,1464.0398530077716,464.0398530077716,464.0398530077716,0.0,0.4640398530077716,1.1400666656938987,0.186469148955966,2026-06-22,2026-07-29,62,0.33553832535314576,2.4240857790381742,3.574134362812148,6.113969372827037,2472.182823826201,1.2758541338283635,1.2358541338283635,0.04,0.47950293460000004,235.1102015572058,228.45014851596594,7,4,4,1.0,,,92.5,92.5,72,45,0.057046570295043786,-0.0664288741221789,0.8371586722818056,0.16284132771819437,,0.3363830014323308,-0.12904900754028226,"{'2026-03': 0.0, '2026-04': 0.3363830014323308, '2026-05': 0.12989933323867953, '2026-06': 0.057388386630681465, '2026-07': -0.12904900754028226, '2026-08': 0.035258081926741625, '2026-09': 0.016963391515486093}",{'2026': 0.46403985300777184},1000.0,1616.7227433889652,daily_mark_to_market_equity,A03__QQQM_SMH__vol_84,a,QQQM_SMH,A03,vol_84,base,0,sha256:acd49d7f6e3e633cb9e24e4f31a698d59c7e8a2578e14056df443689e9c014bb,sensitivity_evaluation,W6,False,A03__QQQM_SMH__vol_84/base/W6
OK,2023-09-19,2024-03-18,1000.0,1304.5087074350656,304.5087074350656,304.5087074350656,0.0,0.30450870743506564,0.7098850204637144,0.07936032103997637,2023-10-11,2023-10-26,22,0.19034920652814077,2.9124193147771535,4.849812070534526,8.945087559639815,2105.8423448211543,3.2065720482643036,3.156572048264304,0.05,5.39540763283,6.959548486143336,292.15375131609227,8,5,5,1.0,0.3812064842444306,1.5248259369777224,84.2,92.0,69,46,0.04665033741703284,-0.02828927445202345,0.8680201609117195,0.13197983908828048,,0.09406445812447561,-0.029811267233860295,"{'2023-09': 0.0, '2023-10': -0.029811267233860295, '2023-11': 0.09406445812447561, '2023-12': 0.07345183982109393, '2024-01': 0.03556261389783422, '2024-02': 0.09159680292903127, '2024-03': 0.012806927315535344}","{'2023': 0.1394143928671594, '2024': 0.14489400485144888}",952.8820150326999,1366.3554459060056,daily_mark_to_market_equity,A03__QQQM_SMH__vol_84,a,QQQM_SMH,A03,vol_84,stress,0,sha256:acd49d7f6e3e633cb9e24e4f31a698d59c7e8a2578e14056df443689e9c014bb,sensitivity_evaluation,W1,False,A03__QQQM_SMH__vol_84/stress/W1
OK,2024-03-19,2024-09-18,1000.0,1032.8368484750852,32.83684847508516,32.83684847508516,0.0,0.03283684847508517,0.06661071105495298,0.1903136034249131,2024-07-10,2024-08-07,49,0.27445689692384856,0.3703889245471094,0.4739560367982478,0.3500049910054578,1784.3588817699251,2.715380050015028,2.6753800500150278,0.04,0.6810187951,0.7767143882901202,31.379115291694863,7,4,4,1.0,3.2417952718698313,1.0805984239566104,99.5,106.5,69,49,0.05164562631077785,-0.05119356816073728,0.8613350726296949,0.1386649273703051,,0.0966596121337342,-0.048114390847971755,"{'2024-03': 0.0, '2024-04': -0.04219799729722007, '2024-05': 0.0966596121337342, '2024-06': 0.07475706888209466, '2024-07': -0.035879078312447854, '2024-08': -0.0030863215321903503, '2024-09': -0.048114390847971755}",{'2024': 0.03283684847508517},910.39206667278,1198.5275789357247,daily_mark_to_market_equity,A03__QQQM_SMH__vol_84,a,QQQM_SMH,A03,vol_84,stress,0,sha256:acd49d7f6e3e633cb9e24e4f31a698d59c7e8a2578e14056df443689e9c014bb,sensitivity_evaluation,W2,False,A03__QQQM_SMH__vol_84/stress/W2
OK,2024-09-19,2025-03-18,1000.0,984.94963526042,-15.050364739580004,-15.050364739580004,0.0,-0.015050364739579991,-0.030303213395817874,0.09744231860964003,2024-12-16,2025-03-07,61,0.16153755093899694,-0.11177362985352146,-0.13222268879242347,-0.3109861693379283,3070.4214009328202,4.635605924400102,4.605605924400102,0.03,1.21946306482,-16.269827804400038,0.0,5,3,3,1.0,0.3706697306986926,0.1853348653493463,78.33333333333333,46.0,58,48,0.022313805026044076,-0.034931733470910276,0.7854086994685343,0.2145913005314657,,0.0356737060407899,-0.04238853563784373,"{'2024-09': 0.0, '2024-10': 0.005675849485149875, '2024-11': 0.0356737060407899, '2024-12': -0.005885310942896349, '2025-01': 0.020160828559078636, '2025-02': -0.026269932166165355, '2025-03': -0.04238853563784373}","{'2024': 0.035422176528049354, '2025': -0.048745856918839814}",984.94963526042,1091.2871892499302,daily_mark_to_market_equity,A03__QQQM_SMH__vol_84,a,QQQM_SMH,A03,vol_84,stress,0,sha256:acd49d7f6e3e633cb9e24e4f31a698d59c7e8a2578e14056df443689e9c014bb,sensitivity_evaluation,W3,False,A03__QQQM_SMH__vol_84/stress/W3
OK,2025-03-19,2025-09-18,1000.0,1206.81201677032,206.81201677032004,206.81201677032004,0.0,0.20681201677032002,0.45527364166068796,0.03935587221434855,2025-08-14,2025-09-02,19,0.11694463975979172,3.2498288701321516,3.9265277018156413,11.568124806917686,1339.95458253148,2.037766840380094,2.007766840380094,0.03,0.7961569607,11.049328733407215,194.9665310762128,5,3,3,1.0,,,61.0,62.0,50,25,0.02508591896492951,-0.021293464273459795,0.5631290521134776,0.43687094788652236,,0.09326196181769952,0.0,"{'2025-03': 0.0, '2025-04': 0.0, '2025-05': 0.0, '2025-06': 0.09326196181769952, '2025-07': 0.025893081702947685, '2025-08': 0.007048044306231738, '2025-09': 0.06847187944730138}",{'2025': 0.20681201677031913},1000.0,1206.81201677032,daily_mark_to_market_equity,A03__QQQM_SMH__vol_84,a,QQQM_SMH,A03,vol_84,stress,0,sha256:acd49d7f6e3e633cb9e24e4f31a698d59c7e8a2578e14056df443689e9c014bb,sensitivity_evaluation,W4,False,A03__QQQM_SMH__vol_84/stress/W4
OK,2025-09-19,2026-03-18,1000.0,1081.1324772854477,81.13247728544775,81.13247728544775,0.0,0.08113247728544781,0.17150989872284228,0.09938617631507796,2025-10-29,2025-11-20,29,0.2435676282686688,0.7723298229878077,1.0452076531323646,1.7256916915599496,1458.7412453981376,2.236254286962564,2.1862542869625643,0.05,2.2843455774100003,-0.9635670161124859,79.81169872414999,7,5,5,1.0,0.1841053096688436,0.7364212386753743,93.0,95.0,64,51,0.042882305902441464,-0.0464589044440914,0.8884367288899593,0.11156327111004072,,0.07362088540610223,-0.02725116105619063,"{'2025-09': 0.0, '2025-10': 0.051361299393199555, '2025-11': -0.0230440176254757, '2025-12': 0.011043559943054282, '2026-01': 0.07362088540610223, '2026-02': -0.0031486740052570905, '2026-03': -0.02725116105619063}","{'2025': 0.03847692378707568, '2026': 0.04107510963538541}",959.3828518392401,1153.4697376117574,daily_mark_to_market_equity,A03__QQQM_SMH__vol_84,a,QQQM_SMH,A03,vol_84,stress,0,sha256:acd49d7f6e3e633cb9e24e4f31a698d59c7e8a2578e14056df443689e9c014bb,sensitivity_evaluation,W5,False,A03__QQQM_SMH__vol_84/stress/W5
OK,2026-03-19,2026-09-18,1000.0,1461.4542911369572,461.4542911369572,461.4542911369572,0.0,0.46145429113695724,1.1325298762305547,0.18661187797890366,2026-06-22,2026-07-29,62,0.3353710592074902,2.4146457512179236,3.558970022440533,6.068905626460639,2472.3228262107473,3.746354091793033,3.706354091793033,0.04,0.4780946867500001,234.06406105934946,226.91213539085766,7,4,4,1.0,,,92.5,92.5,72,45,0.05710006774248577,-0.06643203659447827,0.837209532692398,0.16279046730760205,,0.33539300169698993,-0.12919108045820016,"{'2026-03': 0.0, '2026-04': 0.33539300169698993, '2026-05': 0.1295271626890242, '2026-06': 0.056971151520231356, '2026-07': -0.12919108045820016, '2026-08': 0.03519956168685634, '2026-09': 0.016879235870159714}",{'2026': 0.4614542911369579},1000.0,1614.3612171737097,daily_mark_to_market_equity,A03__QQQM_SMH__vol_84,a,QQQM_SMH,A03,vol_84,stress,0,sha256:acd49d7f6e3e633cb9e24e4f31a698d59c7e8a2578e14056df443689e9c014bb,sensitivity_evaluation,W6,False,A03__QQQM_SMH__vol_84/stress/W6
OK,2023-09-19,2024-03-18,1000.0,1379.0114462764752,379.0114462764752,379.0114462764752,0.0,0.3790114462764753,0.91267770206239,0.08374381525274244,2023-10-12,2023-10-26,19,0.21017370689401116,3.1903260013535393,5.660983819329022,10.898449029434465,990.4949476238248,0.4949999738249174,0.4949999738249174,0.0,6.067016550299999,0.0,372.94442972617514,2,0,0,,,,,,76,47,0.049930853585110624,-0.031343763034122785,0.9739437373287556,0.02605626267124439,,0.130412911410982,-0.031105567658320066,"{'2023-09': 0.008008570826174566, '2023-10': -0.031105567658320066, '2023-11': 0.130412911410982, '2023-12': 0.07597219048277526, '2024-01': 0.04099541636618764, '2024-02': 0.09822656538809738, '2024-03': 0.015425973010460448}","{'2023': 0.18789715208662394, '2024': 0.16088454615295888}",961.2061274761752,1444.7558253366249,daily_mark_to_market_equity,A04__QQQM_SMH__buffer_0.005,a,QQQM_SMH,A04,buffer_0.005,base,0,sha256:acd49d7f6e3e633cb9e24e4f31a698d59c7e8a2578e14056df443689e9c014bb,sensitivity_evaluation,W1,False,A04__QQQM_SMH__buffer_0.005/base/W1
OK,2024-03-19,2024-09-18,1000.0,1030.79388615169,30.793886151690003,30.793886151690003,0.0,0.030793886151690097,0.06240397040773704,0.19276715052908255,2024-07-10,2024-08-07,49,0.2821108238659804,0.3539080882288005,0.4651473688692665,0.3237272026715062,990.49465424721,0.49499982720990565,0.49499982720990565,0.0,0.8574314889000001,0.0,29.936454662790055,2,0,0,,,,,,72,53,0.051979642365725054,-0.0523414327576468,0.9747605119725239,0.02523948802747611,,0.09257326542311506,-0.04569530848738568,"{'2024-03': -0.013603118087210042, '2024-04': -0.04569530848738568, '2024-05': 0.09257326542311506, '2024-06': 0.0727019787898775, '2024-07': -0.03505019645277607, '2024-08': -0.0013395538892574388, '2024-09': -0.030426220918441382}",{'2024': 0.03079388615168943},898.2446327127901,1174.28943385169,daily_mark_to_market_equity,A04__QQQM_SMH__buffer_0.005,a,QQQM_SMH,A04,buffer_0.005,base,0,sha256:acd49d7f6e3e633cb9e24e4f31a698d59c7e8a2578e14056df443689e9c014bb,sensitivity_evaluation,W2,False,A04__QQQM_SMH__buffer_0.005/base/W2
OK,2024-09-19,2025-03-18,1000.0,991.9391673783052,-8.060832621694772,-8.060832621694772,0.0,-0.008060832621694769,-0.016288930784017608,0.11460980668209908,2025-01-23,2025-03-11,37,0.21473380536647013,0.030342546311788836,0.0365391380809173,-0.14212510478443882,2999.3634011344743,1.529679319444818,1.499679319444818,0.03,2.9933356477499995,-11.054168269444862,0.0,3,3,3,1.0,0.7722661758579791,0.38613308792898954,103.66666666666667,128.0,61,56,0.026387955035213295,-0.06295563075399113,0.8519923644429637,0.14800763555703633,,0.02733084932551111,-0.02944106740547614,"{'2024-09': 0.01844809458604013, '2024-10': -0.01187857403269732, '2024-11': 0.02733084932551111, '2024-12': 0.004541209756057318, '2025-01': 0.01111383031173574, '2025-02': -0.026724539626189925, '2025-03': -0.02944106740547614}","{'2024': 0.03854974567378977, '2025': -0.044880448423050834}",984.3503197999052,1111.77007293379,daily_mark_to_market_equity,A04__QQQM_SMH__buffer_0.005,a,QQQM_SMH,A04,buffer_0.005,base,0,sha256:acd49d7f6e3e633cb9e24e4f31a698d59c7e8a2578e14056df443689e9c014bb,sensitivity_evaluation,W3,False,A04__QQQM_SMH__buffer_0.005/base/W3
OK,2025-03-19,2025-09-18,1000.0,1214.9740360080602,214.97403600806024,214.97403600806024,0.0,0.2149740360080603,0.47498433613474944,0.038258012108955075,2025-08-14,2025-08-21,19,0.13091923419007398,3.018305077724383,4.112827998217009,12.41529054834424,991.7095506518399,0.4956069718399245,0.4956069718399245,0.0,0.7357730099,0.0,214.23826299816017,2,0,0,,,,,,54,33,0.027375385493208837,-0.020382164083414422,0.6756418948498301,0.32435810515016994,,0.11176640858728049,-0.013574144651839481,"{'2025-03': 0.0, '2025-04': 0.0, '2025-05': -0.013574144651839481, '2025-06': 0.11176640858728049, '2025-07': 0.029705831492701673, '2025-08': 0.007297634007743303, '2025-09': 0.06811500470929088}",{'2025': 0.21497403600806098},972.2751479281601,1214.9740360080602,daily_mark_to_market_equity,A04__QQQM_SMH__buffer_0.005,a,QQQM_SMH,A04,buffer_0.005,base,0,sha256:acd49d7f6e3e633cb9e24e4f31a698d59c7e8a2578e14056df443689e9c014bb,sensitivity_evaluation,W4,False,A04__QQQM_SMH__buffer_0.005/base/W4
OK,2025-09-19,2026-03-18,1000.0,1103.8763748567103,103.8763748567103,103.8763748567103,0.0,0.1038763748567102,0.22206054678596443,0.0984098660831415,2025-10-29,2025-11-20,29,0.2372436783872291,0.9650227779055339,1.3369441162824431,2.256486627045674,990.4946249925899,0.49499981258988207,0.49499981258988207,0.0,2.3369694893000004,0.0,101.53940536741015,2,0,0,,,,,,70,52,0.038538214163257756,-0.04603411145234115,0.9742080747527663,0.025791925247233727,,0.07957211047291235,-0.026144152984193925,"{'2025-09': 0.0027496066874097558, '2025-10': 0.07957211047291235, '2025-11': -0.022683895440445245, '2025-12': 0.009837933276064081, '2026-01': 0.06797059002115602, '2026-02': -0.006573874834877702, '2026-03': -0.026144152984193925}","{'2025': 0.06839265213670997, '2026': 0.03321224893210761}",988.8214205074103,1171.3506692767103,daily_mark_to_market_equity,A04__QQQM_SMH__buffer_0.005,a,QQQM_SMH,A04,buffer_0.005,base,0,sha256:acd49d7f6e3e633cb9e24e4f31a698d59c7e8a2578e14056df443689e9c014bb,sensitivity_evaluation,W5,False,A04__QQQM_SMH__buffer_0.005/base/W5
OK,2026-03-19,2026-09-18,1000.0,1318.73286935886,318.73286935885994,318.73286935885994,0.0,0.31873286935886,0.7370855841884238,0.18600672514180505,2026-06-22,2026-07-29,62,0.33466894886968684,1.8087027946014869,2.616103553469935,3.9626824440164485,999.9999009554399,0.4997500754398978,0.4997500754398978,0.0,0.7080334943000001,0.0,318.02483586456015,2,0,0,,,,,,77,48,0.05190896846617066,-0.072797716416098,0.9285393659999467,0.07146063400005331,,0.20577655870172906,-0.12871598861289102,"{'2026-03': -0.012781054388520174, '2026-04': 0.20577655870172906, '2026-05': 0.14656351284030555, '2026-06': 0.051578141774580866, '2026-07': -0.12871598861289102, '2026-08': 0.03531909160267266, '2026-09': 0.018598140021874876}",{'2026': 0.31873286935886047},960.95636718148,1453.47906632886,daily_mark_to_market_equity,A04__QQQM_SMH__buffer_0.005,a,QQQM_SMH,A04,buffer_0.005,base,0,sha256:acd49d7f6e3e633cb9e24e4f31a698d59c7e8a2578e14056df443689e9c014bb,sensitivity_evaluation,W6,False,A04__QQQM_SMH__buffer_0.005/base/W6
OK,2023-09-19,2024-03-18,1000.0,1378.021446328825,378.02144632882505,378.02144632882505,0.0,0.37802144632882495,0.9099078152242792,0.08382291923397589,2023-10-12,2023-10-26,19,0.2104529370731801,3.1794716085925403,5.6490953551328635,10.855119620499531,991.484947571475,1.4849999214750411,1.4849999214750411,0.0,6.067016550299999,0.0,371.95442977852497,2,0,0,,,,,,76,47,0.04996933031759565,-0.031374620454174384,0.9747825472274972,0.025217452772502758,,0.13054524056297656,-0.031136147541594106,"{'2023-09': 0.007018570878524866, '2023-10': -0.031136147541594106, '2023-11': 0.13054524056297656, '2023-12': 0.07604037749189074, '2024-01': 0.04102961066688238, '2024-02': 0.09830526712205767, '2024-03': 0.015437226438626217}","{'2023': 0.18690715213897646, '2024': 0.16101874004671313}",960.216127528525,1443.7658253889747,daily_mark_to_market_equity,A04__QQQM_SMH__buffer_0.005,a,QQQM_SMH,A04,buffer_0.005,stress,0,sha256:acd49d7f6e3e633cb9e24e4f31a698d59c7e8a2578e14056df443689e9c014bb,sensitivity_evaluation,W1,False,A04__QQQM_SMH__buffer_0.005/stress/W1
OK,2024-03-19,2024-09-18,1000.0,1029.8038864972698,29.803886497269787,29.803886497269787,0.0,0.029803886497269838,0.06036840866384363,0.1929298024547932,2024-07-10,2024-08-07,49,0.28244949102936573,0.3470687135092018,0.4565535589808726,0.3129034907812597,991.4846539016302,1.4849994816300685,1.4849994816300685,0.0,0.8574314889000001,0.0,28.946455008369895,2,0,0,,,,,,72,53,0.052030543518532424,-0.05239021865324156,0.9757002466147364,0.02429975338526358,,0.09267072821977362,-0.04574121677199916,"{'2024-03': -0.01459311774163019, '2024-04': -0.04574121677199916, '2024-05': 0.09267072821977362, '2024-06': 0.07277202912359804, '2024-07': -0.03508167734206891, '2024-08': -0.001340800773601769, '2024-09': -0.030454580295685374}",{'2024': 0.029803886497269394},897.2546330583699,1173.2994341972699,daily_mark_to_market_equity,A04__QQQM_SMH__buffer_0.005,a,QQQM_SMH,A04,buffer_0.005,stress,0,sha256:acd49d7f6e3e633cb9e24e4f31a698d59c7e8a2578e14056df443689e9c014bb,sensitivity_evaluation,W2,False,A04__QQQM_SMH__buffer_0.005/stress/W2
OK,2024-09-19,2025-03-18,1000.0,988.997454691415,-11.002545308585013,-11.002545308585013,0.0,-0.011002545308585021,-0.02219960805199106,0.11602672734725061,2025-01-23,2025-03-11,37,0.21478247941196554,0.0020572299759767836,0.002479497689392281,-0.19133184706271134,2995.4168800554253,4.523104006334961,4.493104006334961,0.03,2.9933356477499995,-13.995880956335009,0.0,3,3,3,1.0,0.5970226994419856,0.2985113497209928,103.66666666666667,128.0,61,56,0.02641337510931785,-0.06301246570086239,0.8528209793349998,0.14717902066500022,,0.027357762595094703,-0.029993680566767544,"{'2024-09': 0.017458094798119994, '2024-10': -0.011890132037723822, '2024-11': 0.027357762595094703, '2024-12': 0.004545562500695377, '2025-01': 0.010640161990593588, '2025-02': -0.02767613934250923, '2025-03': -0.029993680566767544}","{'2024': 0.0375597458858703, '2025': -0.04680433236448733}",981.899896456215,1110.78007314587,daily_mark_to_market_equity,A04__QQQM_SMH__buffer_0.005,a,QQQM_SMH,A04,buffer_0.005,stress,0,sha256:acd49d7f6e3e633cb9e24e4f31a698d59c7e8a2578e14056df443689e9c014bb,sensitivity_evaluation,W3,False,A04__QQQM_SMH__buffer_0.005/stress/W3
OK,2025-03-19,2025-09-18,1000.0,1213.9144539612798,213.91445396127983,213.91445396127983,0.0,0.21391445396127984,0.4724180475190569,0.0382799593740063,2025-08-14,2025-08-21,19,0.13101148315576494,3.0030359259763104,4.104292896662622,12.34113241613962,992.4553323986202,1.486453318620077,1.486453318620077,0.0,0.7357730099,0.0,213.17868095138002,2,0,0,,,,,,54,33,0.027395355109232078,-0.02039313489721728,0.6760993986636288,0.3239006013363712,,0.11183860221396058,-0.014557278898620019,"{'2025-03': 0.0, '2025-04': 0.0, '2025-05': -0.014557278898620019, '2025-06': 0.11183860221396058, '2025-07': 0.029724591611763884, '2025-08': 0.00730298214283942, '2025-09': 0.06815368718137682}",{'2025': 0.21391445396127895},971.29430058138,1213.9144539612798,daily_mark_to_market_equity,A04__QQQM_SMH__buffer_0.005,a,QQQM_SMH,A04,buffer_0.005,stress,0,sha256:acd49d7f6e3e633cb9e24e4f31a698d59c7e8a2578e14056df443689e9c014bb,sensitivity_evaluation,W4,False,A04__QQQM_SMH__buffer_0.005/stress/W4
OK,2025-09-19,2026-03-18,1000.0,1102.8863752315299,102.88637523152988,102.88637523152988,0.0,0.10288637523152988,0.2198376230473167,0.09849877742300417,2025-10-29,2025-11-20,29,0.23752635812729683,0.9564724150465607,1.3268178610473296,2.231881743092317,991.4846246177701,1.4849994377700777,1.4849994377700777,0.0,2.3369694893000004,0.0,100.54940574222995,2,0,0,,,,,,70,52,0.03857336757916774,-0.04607796620928384,0.9751030805110796,0.024896919488920366,,0.07965074846049669,-0.02616700704185959,"{'2025-09': 0.0017596070622301063, '2025-10': 0.07965074846049669, '2025-11': -0.02270465919376574, '2025-12': 0.009847147659241218, '2026-01': 0.0680336317032113, '2026-02': -0.006579583614193418, '2026-03': -0.02616700704185959}","{'2025': 0.06740265251152988, '2026': 0.03324305278472872}",987.83142088223,1170.3606696515299,daily_mark_to_market_equity,A04__QQQM_SMH__buffer_0.005,a,QQQM_SMH,A04,buffer_0.005,stress,0,sha256:acd49d7f6e3e633cb9e24e4f31a698d59c7e8a2578e14056df443689e9c014bb,sensitivity_evaluation,W5,False,A04__QQQM_SMH__buffer_0.005/stress/W5
OK,2026-03-19,2026-09-18,1000.0,1317.55056334069,317.5505633406899,317.5505633406899,0.0,0.3175505633406899,0.733978596789965,0.1860757548373888,2026-06-22,2026-07-29,62,0.334775679900143,1.8029039870379242,2.609523797412753,3.9445149500072554,999.9999954030601,1.4977533630600797,1.4977533630600797,0.0,0.7066329937500001,0.0,316.84393034694,2,0,0,,,,,,77,48,0.05192688535310053,-0.07281931181247758,0.9285667435995227,0.07143325640047726,,0.20527336581037847,-0.1287696953531252,"{'2026-03': -0.013276054285560335, '2026-04': 0.20527336581037847, '2026-05': 0.14660107933539357, '2026-06': 0.051625729629184214, '2026-07': -0.1287696953531252, '2026-08': 0.035313135214703806, '2026-09': 0.018609721594200934}",{'2026': 0.31755056334068876},960.4613672844398,1452.26896108069,daily_mark_to_market_equity,A04__QQQM_SMH__buffer_0.005,a,QQQM_SMH,A04,buffer_0.005,stress,0,sha256:acd49d7f6e3e633cb9e24e4f31a698d59c7e8a2578e14056df443689e9c014bb,sensitivity_evaluation,W6,False,A04__QQQM_SMH__buffer_0.005/stress/W6
OK,2023-09-19,2024-03-18,1000.0,1379.0114462764752,379.0114462764752,379.0114462764752,0.0,0.3790114462764753,0.91267770206239,0.08374381525274244,2023-10-12,2023-10-26,19,0.21017370689401116,3.1903260013535393,5.660983819329022,10.898449029434465,990.4949476238248,0.4949999738249174,0.4949999738249174,0.0,6.067016550299999,0.0,372.94442972617514,2,0,0,,,,,,76,47,0.049930853585110624,-0.031343763034122785,0.9739437373287556,0.02605626267124439,,0.130412911410982,-0.031105567658320066,"{'2023-09': 0.008008570826174566, '2023-10': -0.031105567658320066, '2023-11': 0.130412911410982, '2023-12': 0.07597219048277526, '2024-01': 0.04099541636618764, '2024-02': 0.09822656538809738, '2024-03': 0.015425973010460448}","{'2023': 0.18789715208662394, '2024': 0.16088454615295888}",961.2061274761752,1444.7558253366249,daily_mark_to_market_equity,A04__QQQM_SMH__buffer_0.015,a,QQQM_SMH,A04,buffer_0.015,base,0,sha256:acd49d7f6e3e633cb9e24e4f31a698d59c7e8a2578e14056df443689e9c014bb,sensitivity_evaluation,W1,False,A04__QQQM_SMH__buffer_0.015/base/W1
OK,2024-03-19,2024-09-18,1000.0,1030.79388615169,30.793886151690003,30.793886151690003,0.0,0.030793886151690097,0.06240397040773704,0.19276715052908255,2024-07-10,2024-08-07,49,0.2821108238659804,0.3539080882288005,0.4651473688692665,0.3237272026715062,990.49465424721,0.49499982720990565,0.49499982720990565,0.0,0.8574314889000001,0.0,29.936454662790055,2,0,0,,,,,,72,53,0.051979642365725054,-0.0523414327576468,0.9747605119725239,0.02523948802747611,,0.09257326542311506,-0.04569530848738568,"{'2024-03': -0.013603118087210042, '2024-04': -0.04569530848738568, '2024-05': 0.09257326542311506, '2024-06': 0.0727019787898775, '2024-07': -0.03505019645277607, '2024-08': -0.0013395538892574388, '2024-09': -0.030426220918441382}",{'2024': 0.03079388615168943},898.2446327127901,1174.28943385169,daily_mark_to_market_equity,A04__QQQM_SMH__buffer_0.015,a,QQQM_SMH,A04,buffer_0.015,base,0,sha256:acd49d7f6e3e633cb9e24e4f31a698d59c7e8a2578e14056df443689e9c014bb,sensitivity_evaluation,W2,False,A04__QQQM_SMH__buffer_0.015/base/W2
OK,2024-09-19,2025-03-18,1000.0,991.1374753878875,-8.862524612112452,-8.862524612112452,0.0,-0.008862524612112455,-0.017901532541176213,0.11533090181672723,2025-01-23,2025-03-11,37,0.2279063604723429,0.034223443565165,0.04135452770602408,-0.15521887247204227,1969.1537153680574,1.0045741448624348,0.9845741448624348,0.02,2.9933356477499995,-11.855860259862443,0.0,2,2,2,,,,165.5,165.5,59,58,0.026387955035213295,-0.06295563075399113,0.9055851974407673,0.09441480255923274,,0.02733084932551111,-0.034913559189018395,"{'2024-09': 0.01844809458604013, '2024-10': -0.01187857403269732, '2024-11': 0.02733084932551111, '2024-12': 0.004541209756057318, '2025-01': 0.013780328587644775, '2025-02': -0.034913559189018395, '2025-03': -0.024569076266243273}","{'2024': 0.03854974567378977, '2025': -0.045652382549227544}",983.5486278094875,1111.77007293379,daily_mark_to_market_equity,A04__QQQM_SMH__buffer_0.015,a,QQQM_SMH,A04,buffer_0.015,base,0,sha256:acd49d7f6e3e633cb9e24e4f31a698d59c7e8a2578e14056df443689e9c014bb,sensitivity_evaluation,W3,False,A04__QQQM_SMH__buffer_0.015/base/W3
OK,2025-03-19,2025-09-18,1000.0,1214.9740360080602,214.97403600806024,214.97403600806024,0.0,0.2149740360080603,0.47498433613474944,0.038258012108955075,2025-08-14,2025-08-21,19,0.13091923419007398,3.018305077724383,4.112827998217009,12.41529054834424,991.7095506518399,0.4956069718399245,0.4956069718399245,0.0,0.7357730099,0.0,214.23826299816017,2,0,0,,,,,,54,33,0.027375385493208837,-0.020382164083414422,0.6756418948498301,0.32435810515016994,,0.11176640858728049,-0.013574144651839481,"{'2025-03': 0.0, '2025-04': 0.0, '2025-05': -0.013574144651839481, '2025-06': 0.11176640858728049, '2025-07': 0.029705831492701673, '2025-08': 0.007297634007743303, '2025-09': 0.06811500470929088}",{'2025': 0.21497403600806098},972.2751479281601,1214.9740360080602,daily_mark_to_market_equity,A04__QQQM_SMH__buffer_0.015,a,QQQM_SMH,A04,buffer_0.015,base,0,sha256:acd49d7f6e3e633cb9e24e4f31a698d59c7e8a2578e14056df443689e9c014bb,sensitivity_evaluation,W4,False,A04__QQQM_SMH__buffer_0.015/base/W4
OK,2025-09-19,2026-03-18,1000.0,1103.8763748567103,103.8763748567103,103.8763748567103,0.0,0.1038763748567102,0.22206054678596443,0.0984098660831415,2025-10-29,2025-11-20,29,0.2372436783872291,0.9650227779055339,1.3369441162824431,2.256486627045674,990.4946249925899,0.49499981258988207,0.49499981258988207,0.0,2.3369694893000004,0.0,101.53940536741015,2,0,0,,,,,,70,52,0.038538214163257756,-0.04603411145234115,0.9742080747527663,0.025791925247233727,,0.07957211047291235,-0.026144152984193925,"{'2025-09': 0.0027496066874097558, '2025-10': 0.07957211047291235, '2025-11': -0.022683895440445245, '2025-12': 0.009837933276064081, '2026-01': 0.06797059002115602, '2026-02': -0.006573874834877702, '2026-03': -0.026144152984193925}","{'2025': 0.06839265213670997, '2026': 0.03321224893210761}",988.8214205074103,1171.3506692767103,daily_mark_to_market_equity,A04__QQQM_SMH__buffer_0.015,a,QQQM_SMH,A04,buffer_0.015,base,0,sha256:acd49d7f6e3e633cb9e24e4f31a698d59c7e8a2578e14056df443689e9c014bb,sensitivity_evaluation,W5,False,A04__QQQM_SMH__buffer_0.015/base/W5
OK,2026-03-19,2026-09-18,1000.0,1318.73286935886,318.73286935885994,318.73286935885994,0.0,0.31873286935886,0.7370855841884238,0.18600672514180505,2026-06-22,2026-07-29,62,0.33466894886968684,1.8087027946014869,2.616103553469935,3.9626824440164485,999.9999009554399,0.4997500754398978,0.4997500754398978,0.0,0.7080334943000001,0.0,318.02483586456015,2,0,0,,,,,,77,48,0.05190896846617066,-0.072797716416098,0.9285393659999467,0.07146063400005331,,0.20577655870172906,-0.12871598861289102,"{'2026-03': -0.012781054388520174, '2026-04': 0.20577655870172906, '2026-05': 0.14656351284030555, '2026-06': 0.051578141774580866, '2026-07': -0.12871598861289102, '2026-08': 0.03531909160267266, '2026-09': 0.018598140021874876}",{'2026': 0.31873286935886047},960.95636718148,1453.47906632886,daily_mark_to_market_equity,A04__QQQM_SMH__buffer_0.015,a,QQQM_SMH,A04,buffer_0.015,base,0,sha256:acd49d7f6e3e633cb9e24e4f31a698d59c7e8a2578e14056df443689e9c014bb,sensitivity_evaluation,W6,False,A04__QQQM_SMH__buffer_0.015/base/W6
OK,2023-09-19,2024-03-18,1000.0,1378.021446328825,378.02144632882505,378.02144632882505,0.0,0.37802144632882495,0.9099078152242792,0.08382291923397589,2023-10-12,2023-10-26,19,0.2104529370731801,3.1794716085925403,5.6490953551328635,10.855119620499531,991.484947571475,1.4849999214750411,1.4849999214750411,0.0,6.067016550299999,0.0,371.95442977852497,2,0,0,,,,,,76,47,0.04996933031759565,-0.031374620454174384,0.9747825472274972,0.025217452772502758,,0.13054524056297656,-0.031136147541594106,"{'2023-09': 0.007018570878524866, '2023-10': -0.031136147541594106, '2023-11': 0.13054524056297656, '2023-12': 0.07604037749189074, '2024-01': 0.04102961066688238, '2024-02': 0.09830526712205767, '2024-03': 0.015437226438626217}","{'2023': 0.18690715213897646, '2024': 0.16101874004671313}",960.216127528525,1443.7658253889747,daily_mark_to_market_equity,A04__QQQM_SMH__buffer_0.015,a,QQQM_SMH,A04,buffer_0.015,stress,0,sha256:acd49d7f6e3e633cb9e24e4f31a698d59c7e8a2578e14056df443689e9c014bb,sensitivity_evaluation,W1,False,A04__QQQM_SMH__buffer_0.015/stress/W1
OK,2024-03-19,2024-09-18,1000.0,1029.8038864972698,29.803886497269787,29.803886497269787,0.0,0.029803886497269838,0.06036840866384363,0.1929298024547932,2024-07-10,2024-08-07,49,0.28244949102936573,0.3470687135092018,0.4565535589808726,0.3129034907812597,991.4846539016302,1.4849994816300685,1.4849994816300685,0.0,0.8574314889000001,0.0,28.946455008369895,2,0,0,,,,,,72,53,0.052030543518532424,-0.05239021865324156,0.9757002466147364,0.02429975338526358,,0.09267072821977362,-0.04574121677199916,"{'2024-03': -0.01459311774163019, '2024-04': -0.04574121677199916, '2024-05': 0.09267072821977362, '2024-06': 0.07277202912359804, '2024-07': -0.03508167734206891, '2024-08': -0.001340800773601769, '2024-09': -0.030454580295685374}",{'2024': 0.029803886497269394},897.2546330583699,1173.2994341972699,daily_mark_to_market_equity,A04__QQQM_SMH__buffer_0.015,a,QQQM_SMH,A04,buffer_0.015,stress,0,sha256:acd49d7f6e3e633cb9e24e4f31a698d59c7e8a2578e14056df443689e9c014bb,sensitivity_evaluation,W2,False,A04__QQQM_SMH__buffer_0.015/stress/W2
OK,2024-09-19,2025-03-18,1000.0,989.1683270981625,-10.831672901837464,-10.831672901837464,0.0,-0.010831672901837508,-0.021856774515217836,0.11587289634966746,2025-01-23,2025-03-11,37,0.2281225863289908,0.016547924235883447,0.020028691545270698,-0.18862715271448,1969.1645666541726,2.9737224345874576,2.9537224345874575,0.02,2.9933356477499995,-13.825008549587466,0.0,2,2,2,,,,165.5,165.5,59,58,0.02641337510931785,-0.06301246570086239,0.9064566432911199,0.09354335670888014,,0.027357762595094703,-0.03494641911789553,"{'2024-09': 0.017458094798119994, '2024-10': -0.011890132037723822, '2024-11': 0.027357762595094703, '2024-12': 0.004545562500695377, '2025-01': 0.013793477249621322, '2025-02': -0.03494641911789553, '2025-03': -0.02555760927223638}","{'2024': 0.0375597458858703, '2025': -0.04663964555254696}",982.0707688629625,1110.78007314587,daily_mark_to_market_equity,A04__QQQM_SMH__buffer_0.015,a,QQQM_SMH,A04,buffer_0.015,stress,0,sha256:acd49d7f6e3e633cb9e24e4f31a698d59c7e8a2578e14056df443689e9c014bb,sensitivity_evaluation,W3,False,A04__QQQM_SMH__buffer_0.015/stress/W3
OK,2025-03-19,2025-09-18,1000.0,1213.9144539612798,213.91445396127983,213.91445396127983,0.0,0.21391445396127984,0.4724180475190569,0.0382799593740063,2025-08-14,2025-08-21,19,0.13101148315576494,3.0030359259763104,4.104292896662622,12.34113241613962,992.4553323986202,1.486453318620077,1.486453318620077,0.0,0.7357730099,0.0,213.17868095138002,2,0,0,,,,,,54,33,0.027395355109232078,-0.02039313489721728,0.6760993986636288,0.3239006013363712,,0.11183860221396058,-0.014557278898620019,"{'2025-03': 0.0, '2025-04': 0.0, '2025-05': -0.014557278898620019, '2025-06': 0.11183860221396058, '2025-07': 0.029724591611763884, '2025-08': 0.00730298214283942, '2025-09': 0.06815368718137682}",{'2025': 0.21391445396127895},971.29430058138,1213.9144539612798,daily_mark_to_market_equity,A04__QQQM_SMH__buffer_0.015,a,QQQM_SMH,A04,buffer_0.015,stress,0,sha256:acd49d7f6e3e633cb9e24e4f31a698d59c7e8a2578e14056df443689e9c014bb,sensitivity_evaluation,W4,False,A04__QQQM_SMH__buffer_0.015/stress/W4
OK,2025-09-19,2026-03-18,1000.0,1102.8863752315299,102.88637523152988,102.88637523152988,0.0,0.10288637523152988,0.2198376230473167,0.09849877742300417,2025-10-29,2025-11-20,29,0.23752635812729683,0.9564724150465607,1.3268178610473296,2.231881743092317,991.4846246177701,1.4849994377700777,1.4849994377700777,0.0,2.3369694893000004,0.0,100.54940574222995,2,0,0,,,,,,70,52,0.03857336757916774,-0.04607796620928384,0.9751030805110796,0.024896919488920366,,0.07965074846049669,-0.02616700704185959,"{'2025-09': 0.0017596070622301063, '2025-10': 0.07965074846049669, '2025-11': -0.02270465919376574, '2025-12': 0.009847147659241218, '2026-01': 0.0680336317032113, '2026-02': -0.006579583614193418, '2026-03': -0.02616700704185959}","{'2025': 0.06740265251152988, '2026': 0.03324305278472872}",987.83142088223,1170.3606696515299,daily_mark_to_market_equity,A04__QQQM_SMH__buffer_0.015,a,QQQM_SMH,A04,buffer_0.015,stress,0,sha256:acd49d7f6e3e633cb9e24e4f31a698d59c7e8a2578e14056df443689e9c014bb,sensitivity_evaluation,W5,False,A04__QQQM_SMH__buffer_0.015/stress/W5
OK,2026-03-19,2026-09-18,1000.0,1317.55056334069,317.5505633406899,317.5505633406899,0.0,0.3175505633406899,0.733978596789965,0.1860757548373888,2026-06-22,2026-07-29,62,0.334775679900143,1.8029039870379242,2.609523797412753,3.9445149500072554,999.9999954030601,1.4977533630600797,1.4977533630600797,0.0,0.7066329937500001,0.0,316.84393034694,2,0,0,,,,,,77,48,0.05192688535310053,-0.07281931181247758,0.9285667435995227,0.07143325640047726,,0.20527336581037847,-0.1287696953531252,"{'2026-03': -0.013276054285560335, '2026-04': 0.20527336581037847, '2026-05': 0.14660107933539357, '2026-06': 0.051625729629184214, '2026-07': -0.1287696953531252, '2026-08': 0.035313135214703806, '2026-09': 0.018609721594200934}",{'2026': 0.31755056334068876},960.4613672844398,1452.26896108069,daily_mark_to_market_equity,A04__QQQM_SMH__buffer_0.015,a,QQQM_SMH,A04,buffer_0.015,stress,0,sha256:acd49d7f6e3e633cb9e24e4f31a698d59c7e8a2578e14056df443689e9c014bb,sensitivity_evaluation,W6,False,A04__QQQM_SMH__buffer_0.015/stress/W6
OK,2023-09-19,2024-03-18,1000.0,1108.9988871504802,108.99888715048019,108.99888715048019,0.0,0.10899888715048012,0.23216535862155263,0.03639495138015547,2024-03-07,2024-03-15,7,0.11796767835936667,1.8269920289322725,2.7021126158284674,6.379053957141482,2537.71172720312,1.2987502419797863,1.2687502419797863,0.03,3.7071184324599997,78.91130257622027,26.38046614180001,4,3,3,1.0,,,53.0,50.0,44,32,0.035969591126273626,-0.02040736277937505,0.4409178997506765,0.5590821002493235,,0.06900666143475909,-0.022945373960107984,"{'2023-09': 0.0, '2023-10': 0.0, '2023-11': -0.0017357809050398965, '2023-12': 0.04832100289900376, '2024-01': -0.022945373960107984, '2024-02': 0.06900666143475909, '2024-03': 0.0145934674059367}","{'2023': 0.04650134731982036, '2024': 0.05972045806794335}",989.4082937149601,1138.3594583558101,daily_mark_to_market_equity,A05__QQQM_SMH__atr_2.5,a,QQQM_SMH,A05,atr_2.5,base,0,sha256:acd49d7f6e3e633cb9e24e4f31a698d59c7e8a2578e14056df443689e9c014bb,sensitivity_evaluation,W1,False,A05__QQQM_SMH__atr_2.5/base/W1
OK,2024-03-19,2024-09-18,1000.0,1029.0489930175702,29.048993017570183,29.048993017570183,0.0,0.029048993017570135,0.05881756325973009,0.05043660228190061,2024-06-18,2024-07-17,63,0.08565937584012855,0.7061791842986526,0.3951077132228993,1.1661682309800836,2128.22201316664,1.0941183390298685,1.0641183390298685,0.03,0.8133246366000001,28.23566838097007,0.0,3,3,3,1.0,1.0599779033252827,2.1199558066505655,34.0,32.0,28,15,0.02320897637548547,-0.033622348068249486,0.2141727806480213,0.7858272193519786,,0.050306330489734874,-0.01759740259909104,"{'2024-03': 0.0, '2024-04': 0.0, '2024-05': -0.002689097188335099, '2024-06': 0.050306330489734874, '2024-07': -0.01759740259909104, '2024-08': 0.0, '2024-09': 0.0}",{'2024': 0.029048993017569913},997.3109028116652,1074.510279731665,daily_mark_to_market_equity,A05__QQQM_SMH__atr_2.5,a,QQQM_SMH,A05,atr_2.5,base,0,sha256:acd49d7f6e3e633cb9e24e4f31a698d59c7e8a2578e14056df443689e9c014bb,sensitivity_evaluation,W2,False,A05__QQQM_SMH__atr_2.5/base/W2
OK,2024-09-19,2025-03-18,1000.0,947.3890304107455,-52.61096958925452,-52.61096958925452,0.0,-0.052610969589254486,-0.10386773569992369,0.05511840978617599,2024-12-16,2025-02-25,61,0.0757093807375609,-1.4243667518597745,-0.9490427907538479,-1.8844472491652744,3622.750413313535,1.8613625192547345,1.8113625192547345,0.05,0.0,-52.61096958925464,0.0,5,5,5,1.0,0.02416517127417515,0.006041292818543788,15.6,15.0,23,24,0.012186928446137113,-0.024205720929783348,0.1790242486082826,0.8209757513917174,,0.015159082416491776,-0.028450331257359962,"{'2024-09': 0.0, '2024-10': -0.028450331257359962, '2024-11': 0.015159082416491776, '2024-12': 0.000324219205241727, '2025-01': -0.023859906906448014, '2025-02': -0.01626911972562539, '2025-03': 0.0}","{'2024': -0.013402759659625119, '2025': -0.039740846949970265}",947.3890304107455,1002.6537083830303,daily_mark_to_market_equity,A05__QQQM_SMH__atr_2.5,a,QQQM_SMH,A05,atr_2.5,base,0,sha256:acd49d7f6e3e633cb9e24e4f31a698d59c7e8a2578e14056df443689e9c014bb,sensitivity_evaluation,W3,False,A05__QQQM_SMH__atr_2.5/base/W3
OK,2025-03-19,2025-09-18,1000.0,1079.5812300905502,79.5812300905502,79.5812300905502,0.0,0.07958123009055029,0.16512992848456176,0.0187421614707588,2025-08-14,2025-08-21,24,0.06038861404643402,2.546676547070736,3.5770319151201404,8.810612838983094,1889.02302906457,0.9643065148498591,0.9443065148498591,0.02,0.43027974539999997,56.477965194950066,22.67298515020009,4,2,2,1.0,,,96.5,96.5,46,29,0.01737555723621731,-0.009310331029470764,0.29121931020411757,0.7087806897958824,,0.04848579409878018,-0.004960885509910029,"{'2025-03': 0.0, '2025-04': 0.0, '2025-05': -0.004960885509910029, '2025-06': 0.04848579409878018, '2025-07': 0.014325476660205672, '2025-08': -0.001248950844749075, '2025-09': 0.021452179277378747}",{'2025': 0.07958123009054985},987.72181797009,1079.5812300905502,daily_mark_to_market_equity,A05__QQQM_SMH__atr_2.5,a,QQQM_SMH,A05,atr_2.5,base,0,sha256:acd49d7f6e3e633cb9e24e4f31a698d59c7e8a2578e14056df443689e9c014bb,sensitivity_evaluation,W4,False,A05__QQQM_SMH__atr_2.5/base/W4
OK,2025-09-19,2026-03-18,1000.0,938.8007424516127,-61.19925754838732,-61.19925754838732,0.0,-0.06119925754838729,-0.12027505454059062,0.10264290594483927,2025-10-08,2026-03-03,110,0.1023388207210441,-1.2026154336800512,-1.0452715139098996,-1.1717814634479167,5441.472292348567,2.8007213943372555,2.7207213943372555,0.08,0.60881098095,-61.80806852933718,0.0,8,8,8,1.0,0.8240518986314102,0.27468396621047003,16.5,16.5,34,34,0.020797015289604426,-0.03711520582359462,0.2583863952883658,0.7416136047116342,,0.017481769775106626,-0.04292726897697807,"{'2025-09': 0.013192874063244986, '2025-10': 0.017481769775106626, '2025-11': -0.03430951369604662, '2025-12': -0.012638883062608741, '2026-01': 0.003566281694976192, '2026-02': -0.04292726897697807, '2026-03': -0.0056261744470156305}","{'2025': -0.017047035907084895, '2026': -0.04491793936655686}",936.2457773041127,1043.336909583245,daily_mark_to_market_equity,A05__QQQM_SMH__atr_2.5,a,QQQM_SMH,A05,atr_2.5,base,0,sha256:acd49d7f6e3e633cb9e24e4f31a698d59c7e8a2578e14056df443689e9c014bb,sensitivity_evaluation,W5,False,A05__QQQM_SMH__atr_2.5/base/W5
OK,2026-03-19,2026-09-18,1000.0,1100.90125213142,100.90125213142005,100.90125213142005,0.0,0.1009012521314201,0.21150617341826727,0.046313354812989926,2026-06-03,2026-06-05,74,0.10211631125152346,1.9195438834328191,1.4307844081667993,4.566850625965541,1534.47352790284,0.7972621885799361,0.7672621885799361,0.03,0.0,100.90125213142007,0.0,3,3,3,1.0,3.482139140403651,6.964278280807302,44.666666666666664,53.0,36,20,0.019664035377648936,-0.04047167335256707,0.18924295422546872,0.8107570457745312,,0.07800897130380213,-0.01773629097789975,"{'2026-03': 0.0, '2026-04': 0.04869195135781035, '2026-05': 0.07800897130380213, '2026-06': -0.008597620471577305, '2026-07': -0.01773629097789975, '2026-08': 0.0, '2026-09': 0.0}",{'2026': 0.1009012521314201},1000.0,1151.89052823781,daily_mark_to_market_equity,A05__QQQM_SMH__atr_2.5,a,QQQM_SMH,A05,atr_2.5,base,0,sha256:acd49d7f6e3e633cb9e24e4f31a698d59c7e8a2578e14056df443689e9c014bb,sensitivity_evaluation,W6,False,A05__QQQM_SMH__atr_2.5/base/W6
OK,2023-09-19,2024-03-18,1000.0,1106.3375514933955,106.3375514933955,106.3375514933955,0.0,0.10633755149339552,0.22620574078351607,0.03642083711483313,2024-03-07,2024-03-15,7,0.11793616406668246,1.7863465246370847,2.6979302615437186,6.210888016392934,2536.5545462209247,3.8338825325549295,3.8038825325549297,0.03,3.70576354595,76.78830366446012,25.843484282985017,4,3,3,1.0,,,53.0,50.0,44,31,0.035997305799204016,-0.020421877415368384,0.4412349880945253,0.5587650119054747,,0.06906130863010462,-0.024396173976132363,"{'2023-09': 0.0, '2023-10': 0.0, '2023-11': -0.0024065385151198493, '2023-12': 0.04835349276754641, '2024-01': -0.024396173976132363, '2024-02': 0.06906130863010462, '2024-03': 0.014262120813355983}","{'2023': 0.045830589709740854, '2024': 0.057855414040288045}",988.7375361048801,1136.0321540536202,daily_mark_to_market_equity,A05__QQQM_SMH__atr_2.5,a,QQQM_SMH,A05,atr_2.5,stress,0,sha256:acd49d7f6e3e633cb9e24e4f31a698d59c7e8a2578e14056df443689e9c014bb,sensitivity_evaluation,W1,False,A05__QQQM_SMH__atr_2.5/stress/W1
OK,2024-03-19,2024-09-18,1000.0,1026.9373630443151,26.937363044315134,26.937363044315134,0.0,0.026937363044315044,0.05448546753226857,0.05098989572835855,2024-06-18,2024-07-17,63,0.08562916928263233,0.6587937144027656,0.36796040325477797,1.0685542057691624,2127.357570478815,3.2211023822849345,3.1911023822849347,0.03,0.8133246366000001,26.124038407715,0.0,3,3,3,1.0,1.0072267838926061,2.0144535677852122,34.0,32.0,28,15,0.023219981845747695,-0.03364623142228129,0.21432073374571614,0.7856792662542839,,0.050033503636430554,-0.018617364851323592,"{'2024-03': 0.0, '2024-04': 0.0, '2024-05': -0.003442345075049702, '2024-06': 0.050033503636430554, '2024-07': -0.018617364851323592, '2024-08': 0.0, '2024-09': 0.0}",{'2024': 0.026937363044315044},996.5576549249499,1073.73711412495,daily_mark_to_market_equity,A05__QQQM_SMH__atr_2.5,a,QQQM_SMH,A05,atr_2.5,stress,0,sha256:acd49d7f6e3e633cb9e24e4f31a698d59c7e8a2578e14056df443689e9c014bb,sensitivity_evaluation,W2,False,A05__QQQM_SMH__atr_2.5/stress/W2
OK,2024-09-19,2025-03-18,1000.0,943.8708789213952,-56.12912107860484,-56.12912107860484,0.0,-0.05612912107860479,-0.11060750999341917,0.058193614366092605,2024-10-14,2025-02-25,105,0.07576804014794546,-1.5237568612122727,-1.0126102535465618,-1.9006812207537727,3617.7990378747354,5.476584588605019,5.426584588605019,0.05,0.0,-56.129121078604925,0.0,5,5,5,,,,15.6,15.0,23,24,0.012195327848936621,-0.024211701086188087,0.17912048438635553,0.8208795156136445,,0.014474431482924155,-0.029132368905215422,"{'2024-09': 0.0, '2024-10': -0.029132368905215422, '2024-11': 0.014474431482924155, '2024-12': -0.0006599306618109146, '2025-01': -0.02433061809372128, '2025-02': -0.017131351778552184, '2025-03': 0.0}","{'2024': -0.015729591063494808, '2025': -0.041045153494720155}",943.8708789213952,1002.19205700766,daily_mark_to_market_equity,A05__QQQM_SMH__atr_2.5,a,QQQM_SMH,A05,atr_2.5,stress,0,sha256:acd49d7f6e3e633cb9e24e4f31a698d59c7e8a2578e14056df443689e9c014bb,sensitivity_evaluation,W3,False,A05__QQQM_SMH__atr_2.5/stress/W3
OK,2025-03-19,2025-09-18,1000.0,1077.667052574775,77.66705257477497,77.66705257477497,0.0,0.07766705257477491,0.1610103121842903,0.019409456842365502,2025-08-14,2025-09-12,24,0.06045286457699097,2.4857487944562995,3.5059045049762187,8.295456874035192,1888.885591806035,2.851485277325099,2.831485277325099,0.02,0.43019977210000004,55.461825837084966,21.77502696558995,4,2,2,1.0,,,96.5,96.5,44,30,0.017389931248802393,-0.009313485576909475,0.29133648047920235,0.7086635195207976,,0.04850558108180558,-0.005438074832270212,"{'2025-03': 0.0, '2025-04': 0.0, '2025-05': -0.005438074832270212, '2025-06': 0.04850558108180558, '2025-07': 0.014330752423051152, '2025-08': -0.001754544486298859, '2025-09': 0.02062239929601417}",{'2025': 0.07766705257477446},987.2456634177299,1077.667052574775,daily_mark_to_market_equity,A05__QQQM_SMH__atr_2.5,a,QQQM_SMH,A05,atr_2.5,stress,0,sha256:acd49d7f6e3e633cb9e24e4f31a698d59c7e8a2578e14056df443689e9c014bb,sensitivity_evaluation,W4,False,A05__QQQM_SMH__atr_2.5/stress/W4
OK,2025-09-19,2026-03-18,1000.0,933.6405939838501,-66.35940601614993,-66.35940601614993,0.0,-0.06635940601614998,-0.13005921025865907,0.10667098083810522,2025-10-08,2026-03-03,110,0.10204340020599358,-1.3160933880338526,-1.1456823016967905,-1.2192557829392252,5430.257965843331,8.225254777100028,8.145254777100028,0.08,0.60881098095,-66.96821699709994,0.0,8,8,8,1.0,0.7347563606374775,0.2449187868791592,16.5,16.5,33,36,0.01996138212294296,-0.037144819034997556,0.2585603228699739,0.7414396771300261,,0.015931973433447766,-0.04388544835744679,"{'2025-09': 0.012362296247835136, '2025-10': 0.015931973433447766, '2025-11': -0.035003952841400454, '2025-12': -0.013110563830595834, '2026-01': 0.0028137926609517194, '2026-02': -0.04388544835744679, '2026-03': -0.00584323040028123}","{'2025': -0.020522135961930532, '2026': -0.046797657953440264}",931.301158828225,1042.506331767835,daily_mark_to_market_equity,A05__QQQM_SMH__atr_2.5,a,QQQM_SMH,A05,atr_2.5,stress,0,sha256:acd49d7f6e3e633cb9e24e4f31a698d59c7e8a2578e14056df443689e9c014bb,sensitivity_evaluation,W5,False,A05__QQQM_SMH__atr_2.5/stress/W5
OK,2026-03-19,2026-09-18,1000.0,1099.3774387451301,99.37743874513012,99.37743874513012,0.0,0.09937743874513005,0.20816153827587613,0.04633247831200471,2026-06-03,2026-06-05,74,0.10198093375451954,1.8949903912953723,1.4108994604077165,4.492777979069202,1533.8875538316202,2.33106017486997,2.30106017486997,0.03,0.0,99.37743874513004,0.0,3,3,3,1.0,3.389224041839083,6.778448083678166,44.666666666666664,53.0,36,20,0.019672651929114382,-0.040488381701408116,0.1893136592148497,0.8106863407851503,,0.07804328964663432,-0.01786492828302777,"{'2026-03': 0.0, '2026-04': 0.04813064096059505, '2026-05': 0.07804328964663432, '2026-06': -0.009341472074990254, '2026-07': -0.01786492828302777, '2026-08': 0.0, '2026-09': 0.0}",{'2026': 0.09937743874513028},1000.0,1151.320687850595,daily_mark_to_market_equity,A05__QQQM_SMH__atr_2.5,a,QQQM_SMH,A05,atr_2.5,stress,0,sha256:acd49d7f6e3e633cb9e24e4f31a698d59c7e8a2578e14056df443689e9c014bb,sensitivity_evaluation,W6,False,A05__QQQM_SMH__atr_2.5/stress/W6
OK,2023-09-19,2024-03-18,1000.0,1105.9796879936,105.97968799360001,105.97968799360001,0.0,0.10597968799359991,0.22540547685958945,0.02471352985184405,2024-03-07,2024-03-15,7,0.08316614379665555,2.4838932023335043,3.8684165291497457,9.120731769637123,479.3521353295199,0.23955628951994426,0.23955628951994426,0.0,2.5435497531199998,0.0,103.43613824048009,2,0,0,,,,,,51,33,0.02358030954528756,-0.013860665905798486,0.3375332319576286,0.6624667680423715,,0.044969392663164465,-0.0012398438395199163,"{'2023-09': 0.0, '2023-10': 0.0, '2023-11': -0.0012398438395199163, '2023-12': 0.03449786447707859, '2024-01': 0.01798664868126143, '2024-02': 0.044969392663164465, '2024-03': 0.006261117726628074}","{'2023': 0.03321524867281034, '2024': 0.07042524722148391}",992.43449497048,1130.34464552281,daily_mark_to_market_equity,A05__QQQM_SMH__atr_3.5,a,QQQM_SMH,A05,atr_3.5,base,0,sha256:acd49d7f6e3e633cb9e24e4f31a698d59c7e8a2578e14056df443689e9c014bb,sensitivity_evaluation,W1,False,A05__QQQM_SMH__atr_3.5/base/W1
OK,2024-03-19,2024-09-18,1000.0,1034.3532131500301,34.353213150030115,34.353213150030115,0.0,0.03435321315003015,0.06973847805218969,0.035693919835342536,2024-07-10,2024-07-17,49,0.06475022516210534,1.0674774138676606,0.627784717857025,1.9537915245480477,1111.41732114784,0.5757172475699592,0.5557172475699592,0.02,0.5809460776,33.772267072430026,0.0,2,2,2,1.0,,,59.5,59.5,27,17,0.016587802940734253,-0.02546224131752306,0.17571770113457574,0.8242822988654243,,0.037827216072839454,-0.0019205667977044705,"{'2024-03': 0.0, '2024-04': 0.0, '2024-05': -0.0019205667977044705, '2024-06': 0.037827216072839454, '2024-07': -0.0014295595920442716, '2024-08': 0.0, '2024-09': 0.0}",{'2024': 0.03435321315003059},998.0794332022951,1070.846122429895,daily_mark_to_market_equity,A05__QQQM_SMH__atr_3.5,a,QQQM_SMH,A05,atr_3.5,base,0,sha256:acd49d7f6e3e633cb9e24e4f31a698d59c7e8a2578e14056df443689e9c014bb,sensitivity_evaluation,W2,False,A05__QQQM_SMH__atr_3.5/base/W2
OK,2024-09-19,2025-03-18,1000.0,950.4005787875952,-49.59942121240476,-49.59942121240476,0.0,-0.04959942121240479,-0.09807796765799703,0.06146256822537166,2024-12-16,2025-02-28,61,0.0650009382411468,-1.5707511522716366,-1.461053045394847,-1.5957349406286376,1888.5701164409152,0.9842727838148672,0.9442727838148671,0.04,0.48247340140999995,-50.08189461381482,0.0,4,4,4,1.0,0.11103094198011652,0.03701031399337218,34.75,22.0,36,38,0.012963248340523759,-0.017282250183820902,0.21495768335698592,0.785042316643014,,0.015054384790676112,-0.02352087341818554,"{'2024-09': 0.0, '2024-10': -0.020315350404774724, '2024-11': 0.015054384790676112, '2024-12': 0.001501458873743866, '2025-01': -0.02352087341818554, '2025-02': -0.022725590085589276, '2025-03': 0.0}","{'2024': -0.0040737001648391, '2025': -0.04571193777601812}",950.4005787875952,1012.6400360937502,daily_mark_to_market_equity,A05__QQQM_SMH__atr_3.5,a,QQQM_SMH,A05,atr_3.5,base,0,sha256:acd49d7f6e3e633cb9e24e4f31a698d59c7e8a2578e14056df443689e9c014bb,sensitivity_evaluation,W3,False,A05__QQQM_SMH__atr_3.5/base/W3
OK,2025-03-19,2025-09-18,1000.0,1069.04791917172,69.04791917171997,69.04791917171997,0.0,0.06904791917171993,0.142550761722535,0.013664600045216191,2025-08-14,2025-08-21,19,0.04431143722482741,3.0126195720968227,4.040437760499718,10.432121046414402,341.09523634697996,0.17046238697997726,0.17046238697997726,0.0,0.3073335987,0.0,68.74058557302004,2,0,0,,,,,,55,32,0.008965865440097476,-0.006978861459328134,0.24247416183722018,0.7575258381627799,,0.03458304192403405,-0.0035434810969801056,"{'2025-03': 0.0, '2025-04': 0.0, '2025-05': -0.0035434810969801056, '2025-06': 0.03458304192403405, '2025-07': 0.01035508185376166, '2025-08': 0.002875352739890369, '2025-09': 0.023416645048672136}",{'2025': 0.06904791917171993},991.2299966330199,1069.04791917172,daily_mark_to_market_equity,A05__QQQM_SMH__atr_3.5,a,QQQM_SMH,A05,atr_3.5,base,0,sha256:acd49d7f6e3e633cb9e24e4f31a698d59c7e8a2578e14056df443689e9c014bb,sensitivity_evaluation,W4,False,A05__QQQM_SMH__atr_3.5/base/W4
OK,2025-09-19,2026-03-18,1000.0,989.3032265345201,-10.69677346547985,-10.69677346547985,0.0,-0.010696773465479814,-0.02158607306613569,0.0731876802346646,2025-10-29,2026-03-09,95,0.10268206563195674,-0.16173841986592422,-0.1829361992396555,-0.2949413480099847,2383.29747463376,1.2316461093298663,1.1916461093298663,0.04,1.04682016385,-11.74359362932982,0.0,4,4,4,1.0,0.43091063840492266,0.43091063840492266,55.0,62.0,55,50,0.019884563170055936,-0.02935930521338781,0.3405442970418654,0.6594557029581346,,0.04793831695140671,-0.049214285091652044,"{'2025-09': 0.009847583282335037, '2025-10': 0.04793831695140671, '2025-11': -0.049214285091652044, '2025-12': -0.004079046444337209, '2026-01': 0.012614920978311961, '2026-02': -0.010754906852407653, '2026-03': -0.014442131189681406}","{'2025': 0.0020723260833463986, '2026': -0.012742692534713496}",989.3032265345201,1067.425632392335,daily_mark_to_market_equity,A05__QQQM_SMH__atr_3.5,a,QQQM_SMH,A05,atr_3.5,base,0,sha256:acd49d7f6e3e633cb9e24e4f31a698d59c7e8a2578e14056df443689e9c014bb,sensitivity_evaluation,W5,False,A05__QQQM_SMH__atr_3.5/base/W5
OK,2026-03-19,2026-09-18,1000.0,1067.40574801906,67.40574801905996,67.40574801905996,0.0,0.06740574801905996,0.1390504754615911,0.04048510315504583,2026-06-03,2026-07-17,74,0.08931059989246312,1.4940956990096161,1.3938072265324615,3.4346084022330237,864.12947296514,0.45208170093996514,0.4320817009399651,0.02,0.0,67.40574801906004,0.0,2,2,2,1.0,,,78.5,78.5,44,25,0.014332838579132812,-0.02996477405658904,0.17355096373058834,0.8264490362694117,,0.05640631765790993,-0.025975479089181075,"{'2026-03': 0.0, '2026-04': 0.034753200766960424, '2026-05': 0.05640631765790993, '2026-06': 0.0025173065553225626, '2026-07': -0.025975479089181075, '2026-08': 0.0, '2026-09': 0.0}",{'2026': 0.06740574801906085},1000.0,1108.39313174696,daily_mark_to_market_equity,A05__QQQM_SMH__atr_3.5,a,QQQM_SMH,A05,atr_3.5,base,0,sha256:acd49d7f6e3e633cb9e24e4f31a698d59c7e8a2578e14056df443689e9c014bb,sensitivity_evaluation,W6,False,A05__QQQM_SMH__atr_3.5/base/W6
OK,2023-09-19,2024-03-18,1000.0,1105.50057541456,105.50057541455999,105.50057541455999,0.0,0.10550057541455993,0.22433448512001353,0.024724009473249486,2024-03-07,2024-03-15,7,0.0832473101821783,2.4710500959605053,3.8595021645879184,9.073547935772133,479.83124790855993,0.7186688685600024,0.7186688685600024,0.0,2.5435497531199998,0.0,102.95702566144004,2,0,0,,,,,,51,33,0.023590864368718822,-0.013866543436527379,0.3376872735756591,0.6623127264243409,,0.044989886325678574,-0.0017189564185600137,"{'2023-09': 0.0, '2023-10': 0.0, '2023-11': -0.0017189564185600137, '2023-12': 0.03451442129835258, '2024-01': 0.01799499314538644, '2024-02': 0.044989886325678574, '2024-03': 0.006263848227630264}","{'2023': 0.03273613609376924, '2024': 0.07045791928615475}",991.95538239144,1129.86553294377,daily_mark_to_market_equity,A05__QQQM_SMH__atr_3.5,a,QQQM_SMH,A05,atr_3.5,stress,0,sha256:acd49d7f6e3e633cb9e24e4f31a698d59c7e8a2578e14056df443689e9c014bb,sensitivity_evaluation,W1,False,A05__QQQM_SMH__atr_3.5/stress/W1
OK,2024-03-19,2024-09-18,1000.0,1033.2370609320901,33.23706093209012,33.23706093209012,0.0,0.03323706093209022,0.06743577525468569,0.03570517117708383,2024-07-10,2024-07-17,49,0.06475042341256987,1.0343798314121209,0.6104628009627971,1.888683712514088,1111.24279575552,1.6869414655099528,1.6669414655099528,0.02,0.5809460776,32.65611485449003,0.0,2,2,2,1.0,,,59.5,59.5,27,17,0.01659342539207631,-0.02547025048942464,0.1757876628658402,0.8242123371341599,,0.03784194732638202,-0.002458714610515389,"{'2024-03': 0.0, '2024-04': 0.0, '2024-05': -0.002458714610515389, '2024-06': 0.03784194732638202, '2024-07': -0.0019831437161242915, '2024-08': 0.0, '2024-09': 0.0}",{'2024': 0.033237060932089335},997.5412853894849,1070.2965534170849,daily_mark_to_market_equity,A05__QQQM_SMH__atr_3.5,a,QQQM_SMH,A05,atr_3.5,stress,0,sha256:acd49d7f6e3e633cb9e24e4f31a698d59c7e8a2578e14056df443689e9c014bb,sensitivity_evaluation,W2,False,A05__QQQM_SMH__atr_3.5/stress/W2
OK,2024-09-19,2025-03-18,1000.0,948.5584851705653,-51.44151482943471,-51.44151482943471,0.0,-0.05144151482943471,-0.10162167914615217,0.06267882352620247,2024-12-16,2025-02-28,61,0.06515101546188204,-1.6279666284702694,-1.5133602301269156,-1.6213080180688124,1887.408358485745,2.8710021686950675,2.8310021686950675,0.04,0.48239116926,-51.92390599869502,0.0,4,4,4,1.0,0.07246005840769267,0.024153352802564223,34.75,22.0,36,38,0.012968180667503715,-0.0172852994970063,0.21504672490163362,0.7849532750983663,,0.014897876192204285,-0.02417467704499654,"{'2024-09': 0.0, '2024-10': -0.020802940810549897, '2024-11': 0.014897876192204285, '2024-12': 0.001502182107405714, '2025-01': -0.02417467704499654, '2025-02': -0.02333036572690672, '2025-03': 0.0}","{'2024': -0.004722138185714431, '2025': -0.04694103871511368}",948.5584851705653,1011.9887494050251,daily_mark_to_market_equity,A05__QQQM_SMH__atr_3.5,a,QQQM_SMH,A05,atr_3.5,stress,0,sha256:acd49d7f6e3e633cb9e24e4f31a698d59c7e8a2578e14056df443689e9c014bb,sensitivity_evaluation,W3,False,A05__QQQM_SMH__atr_3.5/stress/W3
OK,2025-03-19,2025-09-18,1000.0,1068.70296504664,68.70296504663997,68.70296504663997,0.0,0.06870296504663997,0.14181504771805153,0.01366823118537297,2025-08-14,2025-08-21,19,0.044329414977968155,2.996962272674598,4.0355494200395015,10.37552305010868,341.40852921516,0.51134577516003,0.51134577516003,0.0,0.30729282179999995,0.0,68.39567222483998,2,0,0,,,,,,55,32,0.008968300508152671,-0.006980804497706328,0.24253511234779437,0.7574648876522057,,0.03459310629519741,-0.003884347715160219,"{'2025-03': 0.0, '2025-04': 0.0, '2025-05': -0.003884347715160219, '2025-06': 0.03459310629519741, '2025-07': 0.01035783985650296, '2025-08': 0.002876023328573618, '2025-09': 0.023423077010151117}",{'2025': 0.06870296504663997},990.8896576248399,1068.70296504664,daily_mark_to_market_equity,A05__QQQM_SMH__atr_3.5,a,QQQM_SMH,A05,atr_3.5,stress,0,sha256:acd49d7f6e3e633cb9e24e4f31a698d59c7e8a2578e14056df443689e9c014bb,sensitivity_evaluation,W4,False,A05__QQQM_SMH__atr_3.5/stress/W4
OK,2025-09-19,2026-03-18,1000.0,986.9473261801053,-13.052673819894721,-13.052673819894721,0.0,-0.013052673819894722,-0.02630817472450908,0.0748154976707861,2025-10-29,2026-03-09,95,0.10271411889586748,-0.20882493660067736,-0.23644531510506173,-0.3516407100608231,2381.802410610315,3.6126800221449766,3.5726800221449766,0.04,1.04612641225,-14.098800232144931,0.0,4,4,4,1.0,0.3635229613650471,0.3635229613650471,55.0,62.0,55,50,0.019897843938720072,-0.029378338023312578,0.34074699403270936,0.6592530059672906,,0.04797006403506332,-0.049883315565958264,"{'2025-09': 0.00917925572530498, '2025-10': 0.04797006403506332, '2025-11': -0.049883315565958264, '2025-12': -0.00425191583670248, '2026-01': 0.012264512061955113, '2026-02': -0.011088683822986778, '2026-03': -0.014630760053166436}","{'2025': 0.0005611032587859999, '2026': -0.01360614262771187}",986.9473261801053,1066.7573048353051,daily_mark_to_market_equity,A05__QQQM_SMH__atr_3.5,a,QQQM_SMH,A05,atr_3.5,stress,0,sha256:acd49d7f6e3e633cb9e24e4f31a698d59c7e8a2578e14056df443689e9c014bb,sensitivity_evaluation,W5,False,A05__QQQM_SMH__atr_3.5/stress/W5
OK,2026-03-19,2026-09-18,1000.0,1066.5383098602852,66.53830986028515,66.53830986028515,0.0,0.0665383098602852,0.1372036948313311,0.04075094774775101,2026-06-03,2026-07-17,74,0.08925732954923675,1.476852868560759,1.3763996337212687,3.3668835306757545,863.9861181474351,1.3161318497149879,1.2961318497149878,0.02,0.0,66.53830986028503,0.0,2,2,2,1.0,,,78.5,78.5,44,25,0.014337414583668107,-0.029973932392820646,0.17361336990228132,0.8263866300977187,,0.05642426563484837,-0.026160759821986623,"{'2026-03': 0.0, '2026-04': 0.03435349779642438, '2026-05': 0.05642426563484837, '2026-06': 0.002263313906083475, '2026-07': -0.026160759821986623, '2026-08': 0.0, '2026-09': 0.0}",{'2026': 0.06653830986028453},1000.0,1107.989084506425,daily_mark_to_market_equity,A05__QQQM_SMH__atr_3.5,a,QQQM_SMH,A05,atr_3.5,stress,0,sha256:acd49d7f6e3e633cb9e24e4f31a698d59c7e8a2578e14056df443689e9c014bb,sensitivity_evaluation,W6,False,A05__QQQM_SMH__atr_3.5/stress/W6
OK,2023-09-19,2024-03-18,1000.0,989.8214032082003,-10.178596791799691,-10.178596791799691,0.0,-0.010178596791799666,-0.020433553973248864,0.018214762634934933,2023-11-01,2024-02-23,93,0.02917688433706324,-0.6923806727899402,-0.31709553869802065,-1.1218128055129528,3947.80290594869,2.0138994117998585,1.9738994117998585,0.04,0.0,-10.17859679179988,0.0,4,4,4,1.0,0.6903266546790374,0.2301088848930125,3.75,3.0,5,5,0.011126622395063013,-0.011710317972135065,0.03541980731296799,0.964580192687032,,0.0020610754879502036,-0.006642931868560686,"{'2023-09': 0.0, '2023-10': 0.0020610754879502036, '2023-11': -0.006449542548240261, '2023-12': 0.0008461755444906238, '2024-01': 0.0, '2024-02': -0.006642931868560686, '2024-03': 0.0}","{'2023': -0.003559309171564773, '2024': -0.006642931868560686}",984.7720534984603,1003.0422296238751,daily_mark_to_market_equity,A06__QQQM_SMH__confirm_2,a,QQQM_SMH,A06,confirm_2,base,0,sha256:acd49d7f6e3e633cb9e24e4f31a698d59c7e8a2578e14056df443689e9c014bb,sensitivity_evaluation,W1,False,A06__QQQM_SMH__confirm_2/base/W1
OK,2024-03-19,2024-09-18,1000.0,1010.79924958989,10.799249589889996,10.799249589889996,0.0,0.010799249589890092,0.021670146076373298,2.659892889556037e-05,2024-09-11,2024-09-12,5,0.012821445093162565,1.6687297359291033,,814.6999513198542,1993.59071219605,1.0167983101098654,0.9967983101098654,0.02,0.0,10.79924958989009,0.0,2,2,2,1.0,,,1.0,1.0,3,1,0.009011191228450066,-2.659892889556037e-05,0.007839750733882217,0.9921602492661178,,0.008984352611519864,0.0,"{'2024-03': 0.0, '2024-04': 0.0, '2024-05': 0.0, '2024-06': 0.0017987364954399343, '2024-07': 0.0, '2024-08': 0.0, '2024-09': 0.008984352611519864}",{'2024': 0.01079924958988987},1000.0,1010.8261364824201,daily_mark_to_market_equity,A06__QQQM_SMH__confirm_2,a,QQQM_SMH,A06,confirm_2,base,0,sha256:acd49d7f6e3e633cb9e24e4f31a698d59c7e8a2578e14056df443689e9c014bb,sensitivity_evaluation,W2,False,A06__QQQM_SMH__confirm_2/base/W2
OK,2024-09-19,2025-03-18,1000.0,1016.2767155715005,16.276715571500517,16.276715571500517,0.0,0.016276715571500455,0.03330484719445459,0.005946208081974547,2025-01-08,2025-01-16,6,0.024151892124618927,1.3816471647187072,1.035662543720837,5.601022825860327,6012.7099854623,3.066359828499606,3.006359828499606,0.060000000000000005,0.0,16.276715571500397,0.0,6,6,6,1.0,0.9622672987731844,4.811336493865922,2.0,1.0,8,7,0.009037665805282424,-0.005946208081974547,0.040255170095463096,0.9597448299045369,,0.01233228858052171,-0.0036399774573189214,"{'2024-09': 0.0, '2024-10': 0.0, '2024-11': 0.0007850977496000056, '2024-12': 0.006773470005382087, '2025-01': 0.01233228858052171, '2025-02': -0.0036399774573189214, '2025-03': 0.0}","{'2024': 0.007563885591040265, '2025': 0.008647421870772387}",999.800305310575,1020.8113665414605,daily_mark_to_market_equity,A06__QQQM_SMH__confirm_2,a,QQQM_SMH,A06,confirm_2,base,0,sha256:acd49d7f6e3e633cb9e24e4f31a698d59c7e8a2578e14056df443689e9c014bb,sensitivity_evaluation,W3,False,A06__QQQM_SMH__confirm_2/base/W3
OK,2025-03-19,2025-09-18,1000.0,1018.0783742581402,18.07837425814023,18.07837425814023,0.0,0.018078374258140295,0.03640747000690592,0.004820002015816005,2025-07-29,2025-08-05,6,0.017536030965143477,2.0361724067296776,2.026545148255447,7.55341385489904,4027.45193766737,2.053731001859701,2.0137310018597008,0.04,0.0,18.07837425814026,0.0,4,4,4,1.0,15.281055645507438,45.843166936522316,2.5,2.5,8,2,0.006766092940875934,-0.004820002015816005,0.023412961244939846,0.9765870387550601,,0.012165002704690009,-0.0003958311273581927,"{'2025-03': 0.0, '2025-04': 0.0, '2025-05': 0.0, '2025-06': 0.0, '2025-07': 0.012165002704690009, '2025-08': 0.0062406013102616065, '2025-09': -0.0003958311273581927}",{'2025': 0.018078374258140295},1000.0,1018.4815209467702,daily_mark_to_market_equity,A06__QQQM_SMH__confirm_2,a,QQQM_SMH,A06,confirm_2,base,0,sha256:acd49d7f6e3e633cb9e24e4f31a698d59c7e8a2578e14056df443689e9c014bb,sensitivity_evaluation,W4,False,A06__QQQM_SMH__confirm_2/base/W4
OK,2025-09-19,2026-03-18,1000.0,953.9658656641503,-46.03413433584967,-46.03413433584967,0.0,-0.046034134335849686,-0.09119917718443205,0.046034134335849686,2025-09-19,2026-03-09,123,0.05973631982603682,-1.572878958289077,-0.4843562186449124,-1.9811207161858042,4778.9008690474,2.439439535849753,2.3894395358497533,0.05,0.0,-46.0341343358498,0.0,5,5,5,1.0,0.3900329606221601,0.26002197374810676,1.6,1.0,2,8,0.014590509690992182,-0.03396073026800994,0.023729214567105958,0.976270785432894,,0.01679545228964252,-0.03434319335550984,"{'2025-09': 0.0, '2025-10': 0.0, '2025-11': -0.03434319335550984, '2025-12': 0.0, '2026-01': -0.0026290876381350747, '2026-02': 0.01679545228964252, '2026-03': -0.0258636802282608}","{'2025': -0.03434319335550984, '2026': -0.01210672456290618}",953.9658656641503,1000.0,daily_mark_to_market_equity,A06__QQQM_SMH__confirm_2,a,QQQM_SMH,A06,confirm_2,base,0,sha256:acd49d7f6e3e633cb9e24e4f31a698d59c7e8a2578e14056df443689e9c014bb,sensitivity_evaluation,W5,False,A06__QQQM_SMH__confirm_2/base/W5
OK,2026-03-19,2026-09-18,1000.0,987.5512893688788,-12.44871063112123,-12.44871063112123,0.0,-0.012448710631121185,-0.02469238031783727,0.02011673585797691,2026-04-01,2026-07-23,117,0.040486801146407056,-0.5937095567112661,-0.1583805106354595,-1.227454617496803,3907.2899637771316,1.993642368121294,1.953642368121294,0.04,0.0,-12.448710631121298,0.0,4,4,4,1.0,0.384200370990734,0.384200370990734,1.0,1.0,3,3,0.01419702892924768,-0.01789228744240212,0.015632545646520297,0.9843674543534797,,0.0033216535939599723,-0.013483720256937337,"{'2026-03': 0.0, '2026-04': -0.013483720256937337, '2026-05': 0.0, '2026-06': 0.0, '2026-07': -0.002264973981094154, '2026-08': 0.0, '2026-09': 0.0033216535939599723}",{'2026': -0.012448710631121185},984.2818460375188,1004.4888835807876,daily_mark_to_market_equity,A06__QQQM_SMH__confirm_2,a,QQQM_SMH,A06,confirm_2,base,0,sha256:acd49d7f6e3e633cb9e24e4f31a698d59c7e8a2578e14056df443689e9c014bb,sensitivity_evaluation,W6,False,A06__QQQM_SMH__confirm_2/base/W6
OK,2023-09-19,2024-03-18,1000.0,985.89807305471,-14.10192694528996,-14.10192694528996,0.0,-0.01410192694529,-0.028252830031245124,0.020169680579801286,2023-11-01,2024-02-23,93,0.0298911724605918,-0.942955858691844,-0.41876661801119014,-1.400757434876714,3942.9380781672403,5.954388785289971,5.914388785289971,0.04,0.0,-14.101926945289991,0.0,4,4,4,1.0,0.3805455759066021,0.1268485253022007,3.75,3.0,5,5,0.011132225860358336,-0.012700317225503244,0.03544148442430527,0.9645585155756947,,0.0015660755638500223,-0.008617334984691083,"{'2023-09': 0.0, '2023-10': 0.0015660755638500223, '2023-11': -0.007438376382198131, '2023-12': 0.0003537660753962779, '2024-01': 0.0, '2024-02': -0.008617334984691083, '2024-03': 0.0}","{'2023': -0.00553226534429474, '2024': -0.008617334984691083}",981.83767895505,1002.048680771625,daily_mark_to_market_equity,A06__QQQM_SMH__confirm_2,a,QQQM_SMH,A06,confirm_2,stress,0,sha256:acd49d7f6e3e633cb9e24e4f31a698d59c7e8a2578e14056df443689e9c014bb,sensitivity_evaluation,W1,False,A06__QQQM_SMH__confirm_2/stress/W1
OK,2024-03-19,2024-09-18,1000.0,1008.7977175817699,8.797717581769916,8.797717581769916,0.0,0.008797717581769948,0.017636302687457972,0.0005268556303822391,2024-09-11,2024-09-12,5,0.012067451710089945,1.4462856368048234,,33.47464024378491,1992.58684888337,3.00890683823003,2.98890683823003,0.02,0.0,8.797717581769925,0.0,2,2,2,1.0,,,1.0,1.0,3,1,0.008516189054339263,-0.0005268556303822391,0.007843612434687742,0.9921563875653122,,0.007984846621804431,0.0,"{'2024-03': 0.0, '2024-04': 0.0, '2024-05': 0.0, '2024-06': 0.0008064317263201115, '2024-07': 0.0, '2024-08': 0.0, '2024-09': 0.007984846621804431}",{'2024': 0.008797717581769948},1000.0,1009.3294885056999,daily_mark_to_market_equity,A06__QQQM_SMH__confirm_2,a,QQQM_SMH,A06,confirm_2,stress,0,sha256:acd49d7f6e3e633cb9e24e4f31a698d59c7e8a2578e14056df443689e9c014bb,sensitivity_evaluation,W2,False,A06__QQQM_SMH__confirm_2/stress/W2
OK,2024-09-19,2025-03-18,1000.0,1010.260342546125,10.260342546125003,10.260342546125003,0.0,0.010260342546124956,0.020929881193844535,0.006441207354618839,2025-01-07,2025-01-16,7,0.023219481607764617,0.912234558069368,0.6489629101092429,3.2493723678738906,5998.771931434136,9.05820136387508,8.99820136387508,0.060000000000000005,0.0,10.260342546124924,0.0,6,6,6,1.0,1.440040892838835,2.88008178567767,2.0,1.0,6,8,0.008540351961740633,-0.006441207354618839,0.040279073833404844,0.9597209261665951,,0.008835752017287923,-0.004133659479085394,"{'2024-09': 0.0, '2024-10': 0.0, '2024-11': -0.00020619295120016812, '2024-12': 0.005776176373313069, '2025-01': 0.008835752017287923, '2025-02': -0.004133659479085394, '2025-03': 0.0}","{'2024': 0.005568792415259871, '2025': 0.0046655685481213904}",999.305305331725,1015.511541195805,daily_mark_to_market_equity,A06__QQQM_SMH__confirm_2,a,QQQM_SMH,A06,confirm_2,stress,0,sha256:acd49d7f6e3e633cb9e24e4f31a698d59c7e8a2578e14056df443689e9c014bb,sensitivity_evaluation,W3,False,A06__QQQM_SMH__confirm_2/stress/W3
OK,2025-03-19,2025-09-18,1000.0,1014.0504753950624,14.050475395062449,14.050475395062449,0.0,0.014050475395062545,0.02823956701641528,0.0053150005542532686,2025-07-29,2025-08-05,6,0.017423934639926787,1.5976587010671432,0.7071861162255076,5.313182327670105,4021.441142601423,6.072206989937532,6.032206989937532,0.04,0.0,14.050475395062431,0.0,4,4,4,1.0,3.661111557737426,10.983334673212278,2.5,2.5,7,3,0.006769437351666463,-0.0053150005542532686,0.023424543217858012,0.976575456782142,,0.011162326634069908,-0.0013859688813665505,"{'2025-03': 0.0, '2025-04': 0.0, '2025-05': 0.0, '2025-06': 0.0, '2025-07': 0.011162326634069908, '2025-08': 0.00424812283229925, '2025-09': -0.0013859688813665505}",{'2025': 0.014050475395062323},1000.0,1015.457868401005,daily_mark_to_market_equity,A06__QQQM_SMH__confirm_2,a,QQQM_SMH,A06,confirm_2,stress,0,sha256:acd49d7f6e3e633cb9e24e4f31a698d59c7e8a2578e14056df443689e9c014bb,sensitivity_evaluation,W4,False,A06__QQQM_SMH__confirm_2/stress/W4
OK,2025-09-19,2026-03-18,1000.0,949.26567353534,-50.734326464659944,-50.734326464659944,0.0,-0.05073432646465992,-0.10026206849172747,0.05073432646465992,2025-09-19,2026-03-09,123,0.059916837703152266,-1.7353947330381967,-0.5162856858887758,-1.9762175922758562,4770.46846952255,7.20560476465987,7.15560476465987,0.05,0.0,-50.734326464659915,0.0,5,5,5,1.0,0.32844987084256266,0.21896658056170845,1.6,1.0,2,7,0.013600511277748861,-0.03445573016403003,0.02374492540688899,0.976255074593111,,0.014797597861297529,-0.03529933802653007,"{'2025-09': 0.0, '2025-10': 0.0, '2025-11': -0.03529933802653007, '2025-12': 0.0, '2026-01': -0.003616972670923757, '2026-02': 0.014797597861297529, '2026-03': -0.026828350589227057}","{'2025': -0.03529933802653007, '2026': -0.015999769717743195}",949.26567353534,1000.0,daily_mark_to_market_equity,A06__QQQM_SMH__confirm_2,a,QQQM_SMH,A06,confirm_2,stress,0,sha256:acd49d7f6e3e633cb9e24e4f31a698d59c7e8a2578e14056df443689e9c014bb,sensitivity_evaluation,W5,False,A06__QQQM_SMH__confirm_2/stress/W5
OK,2026-03-19,2026-09-18,1000.0,983.6412893948117,-16.35871060518832,-16.35871060518832,0.0,-0.016358710605188342,-0.03238440681354915,0.022546942832180616,2026-04-01,2026-07-23,117,0.04087788063117269,-0.7801598869575731,-0.2074939013876709,-1.436310326175476,3902.460115024969,5.893666626188434,5.853666626188434,0.04,0.0,-16.358710605188435,0.0,4,4,4,1.0,0.2616355510495091,0.2616355510495091,1.0,1.0,3,3,0.013207021231561367,-0.018381206113830872,0.015644029356767584,0.9843559706432324,,0.0023277957518683667,-0.014460734820812338,"{'2026-03': 0.0, '2026-04': -0.014460734820812338, '2026-05': 0.0, '2026-06': 0.0, '2026-07': -0.0042437418112767356, '2026-08': 0.0, '2026-09': 0.0023277957518683667}",{'2026': -0.01635871060518812},981.3568909928917,1003.9938836923625,daily_mark_to_market_equity,A06__QQQM_SMH__confirm_2,a,QQQM_SMH,A06,confirm_2,stress,0,sha256:acd49d7f6e3e633cb9e24e4f31a698d59c7e8a2578e14056df443689e9c014bb,sensitivity_evaluation,W6,False,A06__QQQM_SMH__confirm_2/stress/W6
OK,2023-09-19,2024-03-18,1000.0,998.1434415875154,-1.85655841248456,-1.85655841248456,0.0,-0.0018565584124845547,-0.0037429126578079064,0.016479994566059974,2023-09-19,2023-12-06,77,0.03228589428611809,-0.10002024548419684,-0.05068834112838408,-0.22711856140513031,4947.174151455584,2.52358724248482,2.47358724248482,0.05,0.0,-1.8565584124847612,0.0,5,5,5,1.0,1.28992373185131,0.85994915456754,3.2,3.0,5,5,0.011126621461219566,-0.01171031828426583,0.03937421538778316,0.9606257846122168,,0.01147528376310758,-0.0074214114260600095,"{'2023-09': 0.0, '2023-10': 0.0, '2023-11': -0.0074214114260600095, '2023-12': 0.000846144916491598, '2024-01': 0.01147528376310758, '2024-02': -0.006642764715035665, '2024-03': 0.0}","{'2023': -0.006581546099119762, '2024': 0.004756291437995275}",983.52000543394,1004.8182125549004,daily_mark_to_market_equity,A06__QQQM_SMH__confirm_4,a,QQQM_SMH,A06,confirm_4,base,0,sha256:acd49d7f6e3e633cb9e24e4f31a698d59c7e8a2578e14056df443689e9c014bb,sensitivity_evaluation,W1,False,A06__QQQM_SMH__confirm_4/base/W1
OK,2024-03-19,2024-09-18,1000.0,894.3238702341855,-105.6761297658145,-105.6761297658145,0.0,-0.10567612976581453,-0.1998186280599804,0.11757052526477463,2024-03-19,2024-08-12,126,0.08463892148727215,-2.574271110069075,-0.9060708933009292,-1.699563964777558,7449.502487331994,3.8047257758145845,3.7247257758145844,0.08,0.0,-105.6761297658146,0.0,8,8,8,1.0,0.18997668722836858,0.11398601233702114,1.25,1.0,4,9,0.009011190850077622,-0.04465515629505257,0.03892252058954799,0.961077479410452,,0.008983052202060637,-0.050173194901183105,"{'2024-03': 0.0, '2024-04': -0.024367473524149807, '2024-05': 0.0, '2024-06': 0.0017984868623621697, '2024-07': -0.050173194901183105, '2024-08': -0.04522753165065896, '2024-09': 0.008983052202060637}",{'2024': -0.10567612976581431},882.4294747352254,1000.0,daily_mark_to_market_equity,A06__QQQM_SMH__confirm_4,a,QQQM_SMH,A06,confirm_4,base,0,sha256:acd49d7f6e3e633cb9e24e4f31a698d59c7e8a2578e14056df443689e9c014bb,sensitivity_evaluation,W2,False,A06__QQQM_SMH__confirm_4/base/W2
OK,2024-09-19,2025-03-18,1000.0,1024.2380548404205,24.238054840420546,24.238054840420546,0.0,0.02423805484042063,0.049796632240703076,0.008351987577003506,2024-12-16,2024-12-27,14,0.03014064164893344,1.642972837525873,1.6217580679566683,5.9622493186907874,10075.73995119392,5.137877319579473,5.037877319579473,0.09999999999999999,0.0,24.238054840420567,0.0,10,10,10,1.0,1.800299043104391,4.200697767243579,1.6,1.0,11,9,0.009037739302442338,-0.0059462058906902815,0.05638911702128013,0.9436108829787199,,0.012332519720505752,-0.0036399009966966434,"{'2024-09': 0.0, '2024-10': 0.0, '2024-11': 0.011871426877095193, '2024-12': 0.003543170878404389, '2025-01': 0.012332519720505752, '2025-02': -0.0036399009966966434, '2025-03': 0.0}","{'2024': 0.015456660249495657, '2025': 0.008647729572986762}",1000.0,1028.8081504873405,daily_mark_to_market_equity,A06__QQQM_SMH__confirm_4,a,QQQM_SMH,A06,confirm_4,base,0,sha256:acd49d7f6e3e633cb9e24e4f31a698d59c7e8a2578e14056df443689e9c014bb,sensitivity_evaluation,W3,False,A06__QQQM_SMH__confirm_4/base/W3
OK,2025-03-19,2025-09-18,1000.0,1018.6362149000201,18.63621490002015,18.63621490002015,0.0,0.0186362149000201,0.03754121945229838,0.004820002015816005,2025-07-29,2025-08-05,6,0.018141186926255513,2.028763159585463,1.1356723255881092,7.788631483786386,5036.06579783345,2.568038199979656,2.518038199979656,0.05,0.0,18.636214900020306,0.0,5,5,5,1.0,11.800550074588879,47.202200298355514,2.4,2.0,7,4,0.006766092940875934,-0.004820002015816005,0.031213781094818992,0.968786218905181,,0.012165002704690009,-0.0003958257104906826,"{'2025-03': 0.0, '2025-04': 0.0, '2025-05': 0.0, '2025-06': 0.0, '2025-07': 0.012165002704690009, '2025-08': 0.006791950167739369, '2025-09': -0.0003958257104906826}",{'2025': 0.0186362149000201},1000.0,1020.2452970374303,daily_mark_to_market_equity,A06__QQQM_SMH__confirm_4,a,QQQM_SMH,A06,confirm_4,base,0,sha256:acd49d7f6e3e633cb9e24e4f31a698d59c7e8a2578e14056df443689e9c014bb,sensitivity_evaluation,W4,False,A06__QQQM_SMH__confirm_4/base/W4
OK,2025-09-19,2026-03-18,1000.0,953.4653753420805,-46.534624657919494,-46.534624657919494,0.0,-0.046534624657919466,-0.09216641221539024,0.046534624657919466,2025-09-19,2026-03-09,123,0.05975313460728615,-1.5902611939021696,-0.493531641751811,-1.9805985949798557,5732.876319938699,2.9264272579197734,2.8664272579197734,0.060000000000000005,0.0,-46.5346246579198,0.0,6,6,6,1.0,0.5156924438487624,0.2578462219243812,1.5,1.0,3,8,0.014590512122800492,-0.03396073026800994,0.027725274007249254,0.9722747259927508,,0.016795444097415402,-0.03434319335550984,"{'2025-09': 0.0, '2025-10': 0.0, '2025-11': -0.03434319335550984, '2025-12': 0.0, '2026-01': -0.003152355101982529, '2026-02': 0.016795444097415402, '2026-03': -0.02586366745252855}","{'2025': -0.03434319335550984, '2026': -0.012625014620642805}",953.4653753420805,1000.0,daily_mark_to_market_equity,A06__QQQM_SMH__confirm_4,a,QQQM_SMH,A06,confirm_4,base,0,sha256:acd49d7f6e3e633cb9e24e4f31a698d59c7e8a2578e14056df443689e9c014bb,sensitivity_evaluation,W5,False,A06__QQQM_SMH__confirm_4/base/W5
OK,2026-03-19,2026-09-18,1000.0,1013.350217990284,13.350217990284023,13.350217990284023,0.0,0.013350217990284019,0.026822852903902294,0.043529952113132375,2026-07-22,2026-08-04,41,0.0696392242598646,0.4123021121655411,0.21261118961595335,0.6161930257628336,9014.814819618055,4.597411896716011,4.507411896716011,0.09,0.0,13.350217990283854,0.0,9,9,9,1.0,1.018134620958456,1.27266827619807,1.8888888888888888,1.0,7,6,0.029868410644554144,-0.018515252265506876,0.035133560118047164,0.9648664398819529,,0.042086396307609464,-0.020737491225312432,"{'2026-03': 0.0, '2026-04': -0.013483720256937337, '2026-05': 0.0, '2026-06': 0.042086396307609464, '2026-07': -0.020737491225312432, '2026-08': 0.0032569034114255935, '2026-09': 0.0033219132751063363}",{'2026': 0.013350217990284019},986.5162797430626,1042.6302318995035,daily_mark_to_market_equity,A06__QQQM_SMH__confirm_4,a,QQQM_SMH,A06,confirm_4,base,0,sha256:acd49d7f6e3e633cb9e24e4f31a698d59c7e8a2578e14056df443689e9c014bb,sensitivity_evaluation,W6,False,A06__QQQM_SMH__confirm_4/base/W6
OK,2023-09-19,2024-03-18,1000.0,993.2124747128851,-6.787525287114931,-6.787525287114931,0.0,-0.006787525287114904,-0.01364960917839897,0.01697499445817996,2023-09-19,2023-12-06,77,0.032379819822165284,-0.40794940681266495,-0.19625427026827877,-0.8041009504908236,4939.343844172015,7.459017277114924,7.409017277114924,0.05,0.0,-6.787525287114866,0.0,5,5,5,1.0,0.8714694372155549,0.58097962481037,3.2,3.0,5,5,0.011132224244863709,-0.012700316971846926,0.03940170604621978,0.9605982939537803,,0.00948277296718869,-0.008617186778730024,"{'2023-09': 0.0, '2023-10': 0.0, '2023-11': -0.007916411318180105, '2023-12': 0.0003537454150270847, '2024-01': 0.00948277296718869, '2024-02': -0.008617186778730024, '2024-03': 0.0}","{'2023': -0.007565466297360213, '2024': 0.0007838713626202587}",983.0250055418201,1001.8455650705401,daily_mark_to_market_equity,A06__QQQM_SMH__confirm_4,a,QQQM_SMH,A06,confirm_4,stress,0,sha256:acd49d7f6e3e633cb9e24e4f31a698d59c7e8a2578e14056df443689e9c014bb,sensitivity_evaluation,W1,False,A06__QQQM_SMH__confirm_4/stress/W1
OK,2024-03-19,2024-09-18,1000.0,887.192228811575,-112.80777118842502,-112.80777118842502,0.0,-0.112807771188425,-0.2125037395099254,0.12330453211090497,2024-03-19,2024-08-12,126,0.08568356914533601,-2.727073676310278,-0.9858951931624722,-1.7234057489370394,7426.159502090764,11.219010678424969,11.139010678424969,0.08,0.0,-112.80777118842498,0.0,8,8,8,1.0,0.14554847009324695,0.08732908205594817,1.25,1.0,5,9,0.008516190240329236,-0.04469947640618288,0.0389539147823772,0.9610460852176228,,0.007983478177061354,-0.052104067215665184,"{'2024-03': 0.0, '2024-04': -0.026324104052450004, '2024-05': 0.0, '2024-06': 0.000806161417353346, '2024-07': -0.052104067215665184, '2024-08': -0.04711768597866195, '2024-09': 0.007983478177061354}",{'2024': -0.11280777118842478},876.695467889095,1000.0,daily_mark_to_market_equity,A06__QQQM_SMH__confirm_4,a,QQQM_SMH,A06,confirm_4,stress,0,sha256:acd49d7f6e3e633cb9e24e4f31a698d59c7e8a2578e14056df443689e9c014bb,sensitivity_evaluation,W2,False,A06__QQQM_SMH__confirm_4/stress/W2
OK,2024-09-19,2025-03-18,1000.0,1014.14989434786,14.149894347860027,14.149894347860027,0.0,0.01414989434785996,0.028921586886381467,0.009827928828810562,2024-12-16,2024-12-27,61,0.029281435539545837,0.9976586299218558,0.8769328202442804,2.94279571923617,10032.77628607295,15.149230352140052,15.049230352140052,0.09999999999999999,0.0,14.14989434785999,0.0,10,10,10,1.0,1.5452132344787424,2.3178198517181134,1.6,1.0,10,10,0.008540388165849233,-0.006441205943942263,0.056428975897950644,0.9435710241020494,,0.00887119858033536,-0.004133622640436818,"{'2024-09': 0.0, '2024-10': 0.0, '2024-11': 0.00887119858033536, '2024-12': 0.0005639264322596649, '2025-01': 0.008835868410028036, '2025-02': -0.004133622640436818, '2025-03': 0.0}","{'2024': 0.009440127715960367, '2025': 0.0046657216238836785}",1000.0,1019.4593011717451,daily_mark_to_market_equity,A06__QQQM_SMH__confirm_4,a,QQQM_SMH,A06,confirm_4,stress,0,sha256:acd49d7f6e3e633cb9e24e4f31a698d59c7e8a2578e14056df443689e9c014bb,sensitivity_evaluation,W3,False,A06__QQQM_SMH__confirm_4/stress/W3
OK,2025-03-19,2025-09-18,1000.0,1013.60195846173,13.601958461729964,13.601958461729964,0.0,0.013601958461729957,0.027332045237971725,0.005417915341167423,2025-08-26,2025-09-05,16,0.01808768241977609,1.4911393740999859,0.9035061784609331,5.044753104629051,5027.06086328384,7.590638978270019,7.540638978270019,0.05,0.0,13.601958461729945,0.0,5,5,5,1.0,5.552664697024902,8.328997045537353,2.4,2.0,7,4,0.006769437351666463,-0.0053150005542532686,0.031236955770587133,0.9687630442294128,,0.011162326634069908,-0.001385973605528834,"{'2025-03': 0.0, '2025-04': 0.0, '2025-05': 0.0, '2025-06': 0.0, '2025-07': 0.011162326634069908, '2025-08': 0.003803946251497381, '2025-09': -0.001385973605528834}",{'2025': 0.013601958461729735},1000.0,1016.715653881565,daily_mark_to_market_equity,A06__QQQM_SMH__confirm_4,a,QQQM_SMH,A06,confirm_4,stress,0,sha256:acd49d7f6e3e633cb9e24e4f31a698d59c7e8a2578e14056df443689e9c014bb,sensitivity_evaluation,W4,False,A06__QQQM_SMH__confirm_4/stress/W4
OK,2025-09-19,2026-03-18,1000.0,947.8278300905451,-52.17216990945485,-52.17216990945485,0.0,-0.052172169909454835,-0.1030253106337925,0.052172169909454835,2025-09-19,2026-03-09,123,0.059935914026066996,-1.786199744436984,-0.5586724668795017,-1.9747177626039638,5719.725551989295,8.639490379454823,8.579490379454823,0.060000000000000005,0.0,-52.17216990945485,0.0,6,6,6,1.0,0.42793853837325285,0.21396926918662643,1.5,1.0,3,8,0.013600507861153854,-0.03445573016403003,0.027742963827651308,0.9722570361723487,,0.01479756248867825,-0.03529933802653007,"{'2025-09': 0.0, '2025-10': 0.0, '2025-11': -0.03529933802653007, '2025-12': 0.0, '2026-01': -0.005126143531277827, '2026-02': 0.01479756248867825, '2026-03': -0.026828356558044053}","{'2025': -0.03529933802653007, '2026': -0.017490225256411196}",947.8278300905451,1000.0,daily_mark_to_market_equity,A06__QQQM_SMH__confirm_4,a,QQQM_SMH,A06,confirm_4,stress,0,sha256:acd49d7f6e3e633cb9e24e4f31a698d59c7e8a2578e14056df443689e9c014bb,sensitivity_evaluation,W5,False,A06__QQQM_SMH__confirm_4/stress/W5
OK,2026-03-19,2026-09-18,1000.0,1004.3584892702775,4.35848927027746,4.35848927027746,0.0,0.004358489270277488,0.008717995574251791,0.046413909960204336,2026-07-22,2026-08-04,41,0.06938506653005377,0.1587132643163173,0.07899378779467572,0.18783152683595652,8982.197287076713,13.563336254722472,13.473336254722472,0.09,0.0,4.358489270277391,0.0,9,9,9,1.0,0.8660624590747805,1.0825780738434756,1.8888888888888888,1.0,7,6,0.02887562476575134,-0.019505254985235143,0.035162484824245395,0.9648375151757546,,0.040063239723224786,-0.023665451395999626,"{'2026-03': 0.0, '2026-04': -0.014460734820812338, '2026-05': 0.0, '2026-06': 0.040063239723224786, '2026-07': -0.023665451395999626, '2026-08': 0.0012592785874223633, '2026-09': 0.0023280054549119633}",{'2026': 0.004358489270277044},985.5392651791876,1038.5606712626175,daily_mark_to_market_equity,A06__QQQM_SMH__confirm_4,a,QQQM_SMH,A06,confirm_4,stress,0,sha256:acd49d7f6e3e633cb9e24e4f31a698d59c7e8a2578e14056df443689e9c014bb,sensitivity_evaluation,W6,False,A06__QQQM_SMH__confirm_4/stress/W6
OK,2023-09-19,2024-03-18,1000.0,1193.5173828929255,193.51738289292553,193.51738289292553,0.0,0.19351738289292553,0.42901576177920253,0.045242673350174845,2024-03-07,2024-03-15,7,0.1495429454400543,2.460268775455337,4.018469788189028,9.482546675760144,2681.758026346315,1.3706937521948066,1.3406937521948066,0.03,4.2460180651199995,-11.263169461512618,200.53453428931792,5,3,3,1.0,0.7752306532084653,0.38761532660423265,21.0,21.0,57,39,0.04309903342533983,-0.025408575164935665,0.5555000735469285,0.44449992645307146,,0.08526103071510072,-0.01491078597513984,"{'2023-09': -0.01491078597513984, '2023-10': 0.00034115675753576546, '2023-11': 0.0047162283553165985, '2023-12': 0.05541537387835338, '2024-01': 0.03614922272506482, '2024-02': 0.08526103071510072, '2024-03': 0.0157379993951392}","{'2023': 0.04493802750033504, '2024': 0.14218963372212268}",978.7811956289055,1245.9722957503354,daily_mark_to_market_equity,A07__QQQM_SMH__corr_0.80,a,QQQM_SMH,A07,corr_0.80,base,0,sha256:acd49d7f6e3e633cb9e24e4f31a698d59c7e8a2578e14056df443689e9c014bb,sensitivity_evaluation,W1,False,A07__QQQM_SMH__corr_0.80/base/W1
OK,2024-03-19,2024-09-18,1000.0,1022.3127830623528,22.312783062352764,22.312783062352764,0.0,0.022312783062352848,0.04502890914626412,0.16431417140816018,2024-07-10,2024-08-05,49,0.2156207293510928,0.31056180970441705,0.3862979198825292,0.27404154346743026,4009.4201149072373,2.054716038047277,2.004716038047277,0.05,0.4451235754,21.867659486952697,0.0,7,5,5,1.0,0.8880083418283511,3.5520333673134044,86.8,112.0,69,52,0.04605300975611715,-0.04562599139383228,0.6795900317397399,0.32040996826026014,,0.07739912794353576,-0.04113983954917422,"{'2024-03': 0.025748407061459755, '2024-04': -0.04113983954917422, '2024-05': 0.07739912794353576, '2024-06': 0.05896393653232268, '2024-07': -0.03218876490351208, '2024-08': -0.03809733652795444, '2024-09': -0.021393516267277812}",{'2024': 0.022312783062352626},949.9341805614602,1183.11992285253,daily_mark_to_market_equity,A07__QQQM_SMH__corr_0.80,a,QQQM_SMH,A07,corr_0.80,base,0,sha256:acd49d7f6e3e633cb9e24e4f31a698d59c7e8a2578e14056df443689e9c014bb,sensitivity_evaluation,W2,False,A07__QQQM_SMH__corr_0.80/base/W2
OK,2024-09-19,2025-03-18,1000.0,909.4195085053105,-90.58049149468945,-90.58049149468945,0.0,-0.0905804914946895,-0.17524335432704985,0.1136057742487977,2024-12-16,2025-03-05,61,0.13099868162120348,-1.4189285744267301,-1.5099850172865725,-1.5425567537021954,5806.448772872849,3.0032023088396382,2.903202308839638,0.09999999999999999,0.73309651415,-91.31358800883962,-5.644692730748567e-15,9,10,10,1.0,0.08893406304603514,0.00988156256067057,28.1,14.0,57,49,0.019607754892764007,-0.03922989601255167,0.5197383881372889,0.4802616118627111,,0.021795658847603594,-0.03233836359605258,"{'2024-09': 0.0034020631557603043, '2024-10': -0.03233836359605258, '2024-11': 0.021795658847603594, '2024-12': -0.012719083719229918, '2025-01': -0.030598380286060767, '2025-02': -0.0275694134541159, '2025-03': -0.015085330545352327}","{'2024': -0.020502552117003914, '2025': -0.07154479016677939}",909.4195085053105,1025.9763456091953,daily_mark_to_market_equity,A07__QQQM_SMH__corr_0.80,a,QQQM_SMH,A07,corr_0.80,base,0,sha256:acd49d7f6e3e633cb9e24e4f31a698d59c7e8a2578e14056df443689e9c014bb,sensitivity_evaluation,W3,False,A07__QQQM_SMH__corr_0.80/base/W3
OK,2025-03-19,2025-09-18,1000.0,1182.34057814649,182.3405781464901,182.3405781464901,0.0,0.18234057814649018,0.3969699508098259,0.03877879598572409,2025-08-14,2025-08-21,19,0.11104132335372188,3.0500269027453615,3.8435193588469225,10.236778649753985,1508.2530234058697,0.7638766117098829,0.7538766117098828,0.01,0.3638823082,13.680557303384125,168.29613853490605,4,1,1,1.0,,,104.0,104.0,52,27,0.024778580345057755,-0.020737405963221267,0.5149287757462983,0.48507122425370175,,0.09594328439194988,-0.012990027615254696,"{'2025-03': 0.0, '2025-04': 0.0, '2025-05': -0.012990027615254696, '2025-06': 0.09594328439194988, '2025-07': 0.024290538411570584, '2025-08': 0.0030288117341350507, '2025-09': 0.0638892123224899}",{'2025': 0.1823405781464893},987.0099723847452,1182.34057814649,daily_mark_to_market_equity,A07__QQQM_SMH__corr_0.80,a,QQQM_SMH,A07,corr_0.80,base,0,sha256:acd49d7f6e3e633cb9e24e4f31a698d59c7e8a2578e14056df443689e9c014bb,sensitivity_evaluation,W4,False,A07__QQQM_SMH__corr_0.80/base/W4
OK,2025-09-19,2026-03-18,1000.0,1103.4490644221578,103.44906442215779,103.44906442215779,0.0,0.10344906442215773,0.2211008213953487,0.08147753222324927,2025-10-29,2025-11-20,29,0.20699858091331272,1.0699164268818906,1.4290057022735208,2.713641606001642,2042.0133430546625,1.0508815391222923,1.0208815391222923,0.03,2.02633012628,-6.3333173422823315,107.75605163816006,3,3,3,,,,58.666666666666664,21.0,70,52,0.03398779656060502,-0.04603411145234115,0.7575312205294465,0.24246877947055345,,0.06616155015064651,-0.02191734053618366,"{'2025-09': 0.0027496066874097558, '2025-10': 0.06616155015064651, '2025-11': -0.019317051135588015, '2025-12': 0.011447382623974267, '2026-01': 0.06564156177583857, '2026-02': -0.0016607509127414266, '2026-03': -0.02191734053618366}","{'2025': 0.06044325876507828, '2026': 0.04055455612699044}",989.0614699874102,1162.762937622988,daily_mark_to_market_equity,A07__QQQM_SMH__corr_0.80,a,QQQM_SMH,A07,corr_0.80,base,0,sha256:acd49d7f6e3e633cb9e24e4f31a698d59c7e8a2578e14056df443689e9c014bb,sensitivity_evaluation,W5,False,A07__QQQM_SMH__corr_0.80/base/W5
OK,2026-03-19,2026-09-18,1000.0,1193.3832255629177,193.3832255629177,193.3832255629177,0.0,0.19338322556291776,0.423132006742617,0.17244577451716714,2026-06-22,2026-07-29,62,0.2896938443745183,1.3558735858677067,1.7858817992652147,2.4537104949503634,4954.881858130212,2.537489822782282,2.477489822782282,0.060000000000000005,0.34584581070000003,193.0373797522177,0.0,6,6,6,1.0,3.513153999467921,7.026307998935842,110.83333333333333,126.0,62,47,0.04638239155484847,-0.06559671515376508,0.6236431411011853,0.37635685889881465,,0.14808678425726307,-0.12061724697822063,"{'2026-03': -0.025106822547305008, '2026-04': 0.14808678425726307, '2026-05': 0.12622212231441665, '2026-06': 0.0547487104845219, '2026-07': -0.12061724697822063, '2026-08': 0.026621269962851413, '2026-09': -0.005769867064610912}",{'2026': 0.19338322556291843},967.22281310889,1346.38199271671,daily_mark_to_market_equity,A07__QQQM_SMH__corr_0.80,a,QQQM_SMH,A07,corr_0.80,base,0,sha256:acd49d7f6e3e633cb9e24e4f31a698d59c7e8a2578e14056df443689e9c014bb,sensitivity_evaluation,W6,False,A07__QQQM_SMH__corr_0.80/base/W6
OK,2023-09-19,2024-03-18,1000.0,1190.3814137673498,190.38141376734984,190.38141376734984,0.0,0.19038141376734985,0.421448992023687,0.04526065086307274,2024-03-07,2024-03-15,7,0.14959293571793797,2.423988420386581,3.9329163996421,9.311598131867319,2680.1406082787803,4.048547194710036,4.0185471947100355,0.03,4.23661837206,-13.221007059644183,199.3658024549342,5,3,3,1.0,0.6675864614005771,0.33379323070028855,21.0,21.0,56,40,0.043118083331466606,-0.02541867145188459,0.5557765954059672,0.44422340459403276,,0.08530002069815623,-0.015405785925420301,"{'2023-09': -0.015405785925420301, '2023-10': -0.00014711985050208654, '2023-11': 0.003973728641339047, '2023-12': 0.05440286136189565, '2024-01': 0.03616635170669413, '2024-02': 0.08530002069815623, '2024-03': 0.01574463082013522}","{'2023': 0.0421309778675798, '2024': 0.1422570090019981}",976.6014099546348,1242.72020391758,daily_mark_to_market_equity,A07__QQQM_SMH__corr_0.80,a,QQQM_SMH,A07,corr_0.80,stress,0,sha256:acd49d7f6e3e633cb9e24e4f31a698d59c7e8a2578e14056df443689e9c014bb,sensitivity_evaluation,W1,False,A07__QQQM_SMH__corr_0.80/stress/W1
OK,2024-03-19,2024-09-18,1000.0,1018.3381679698974,18.338167969897427,18.338167969897427,0.0,0.018338167969897512,0.036935395060915255,0.1644585829796419,2024-07-10,2024-08-05,49,0.21570611512872775,0.27468488190750484,0.3416137883511411,0.22458782260994817,4002.8647365845327,6.0543509875025325,6.004350987502533,0.05,0.44468531240000003,17.893482657497348,3.1098506291407306e-15,7,5,5,1.0,1.9550196565502669,2.9325294848254004,86.8,112.0,69,53,0.04610100867923772,-0.04566869846895749,0.6801009709960425,0.3198990290039575,,0.07747999728070698,-0.041639819318650795,"{'2024-03': 0.025005907204379563, '2024-04': -0.041639819318650795, '2024-05': 0.07747999728070698, '2024-06': 0.0590180394328057, '2024-07': -0.032220727384165815, '2024-08': -0.04024784856168362, '2024-09': -0.02188727843087057}",{'2024': 0.018338167969897956},949.1916807043799,1181.8507704402398,daily_mark_to_market_equity,A07__QQQM_SMH__corr_0.80,a,QQQM_SMH,A07,corr_0.80,stress,0,sha256:acd49d7f6e3e633cb9e24e4f31a698d59c7e8a2578e14056df443689e9c014bb,sensitivity_evaluation,W2,False,A07__QQQM_SMH__corr_0.80/stress/W2
OK,2024-09-19,2025-03-18,1000.0,903.9589318901952,-96.04106810980477,-96.04106810980477,0.0,-0.09604106810980473,-0.18526118994976026,0.1161250260039356,2024-12-16,2025-03-04,61,0.13101316917848163,-1.5128597826730172,-1.610467013221817,-1.5953597284316783,5793.448534417244,8.789974840854997,8.689974840854997,0.09999999999999999,0.7314715610499999,-96.77253967085491,0.0,9,10,10,1.0,0.038887858870325795,0.004320873207813977,49.2,36.5,57,48,0.019622442312136945,-0.039272742562604934,0.5204117298993787,0.47958827010062133,,0.021074509392988494,-0.03403618879489756,"{'2024-09': 0.002907063227280071, '2024-10': -0.03403618879489756, '2024-11': 0.021074509392988494, '2024-12': -0.013694969695098203, '2025-01': -0.03152214577867829, '2025-02': -0.02809902410404952, '2025-03': -0.01565631601426587}","{'2024': -0.02435858189666462, '2025': -0.07347216393548739}",903.9589318901952,1022.7226230915101,daily_mark_to_market_equity,A07__QQQM_SMH__corr_0.80,a,QQQM_SMH,A07,corr_0.80,stress,0,sha256:acd49d7f6e3e633cb9e24e4f31a698d59c7e8a2578e14056df443689e9c014bb,sensitivity_evaluation,W3,False,A07__QQQM_SMH__corr_0.80/stress/W3
OK,2025-03-19,2025-09-18,1000.0,1180.8166064186348,180.81660641863482,180.81660641863482,0.0,0.18081660641863473,0.39337840276116354,0.03878794999802315,2025-08-14,2025-08-21,19,0.11116924957459923,3.023593830853208,3.8165952845318816,10.141768327050341,1506.231404553795,2.2671013895650685,2.2571013895650687,0.01,0.3638823082,13.16946311995917,167.2832609904757,4,1,1,1.0,,,104.0,104.0,52,27,0.024799020608456512,-0.020745424862772976,0.5151695916674909,0.4848304083325091,,0.09601551414996146,-0.013732527325765131,"{'2025-03': 0.0, '2025-04': 0.0, '2025-05': -0.013732527325765131, '2025-06': 0.09601551414996146, '2025-07': 0.024307223250484622, '2025-08': 0.002807260700682157, '2025-09': 0.06346532814054351}",{'2025': 0.1808166064186345},986.2674726742349,1180.8166064186348,daily_mark_to_market_equity,A07__QQQM_SMH__corr_0.80,a,QQQM_SMH,A07,corr_0.80,stress,0,sha256:acd49d7f6e3e633cb9e24e4f31a698d59c7e8a2578e14056df443689e9c014bb,sensitivity_evaluation,W4,False,A07__QQQM_SMH__corr_0.80/stress/W4
OK,2025-09-19,2026-03-18,1000.0,1101.4088930097175,101.40889300971753,101.40889300971753,0.0,0.10140889300971745,0.21652393401457326,0.08155218689370647,2025-10-29,2025-11-20,29,0.20735226591238318,1.0502925053548642,1.4036625935795692,2.655035287978069,2041.7796275840228,3.0915432515625234,3.0615432515625236,0.03,2.02600711628,-7.87816606104243,107.26105195447992,3,3,3,,,,58.666666666666664,21.0,70,52,0.03402149495667861,-0.04607796620928384,0.7582591061497129,0.24174089385028708,,0.065977433591075,-0.022192456096356006,"{'2025-09': 0.0017596070622301063, '2025-10': 0.065977433591075, '2025-11': -0.019335679151964325, '2025-12': 0.011462474773958897, '2026-01': 0.06571509431545697, '2026-02': -0.0021335956011331314, '2026-03': -0.022192456096356006}","{'2025': 0.05920903568768088, '2026': 0.03984091515480692}",988.07147036223,1160.9882981367875,daily_mark_to_market_equity,A07__QQQM_SMH__corr_0.80,a,QQQM_SMH,A07,corr_0.80,stress,0,sha256:acd49d7f6e3e633cb9e24e4f31a698d59c7e8a2578e14056df443689e9c014bb,sensitivity_evaluation,W5,False,A07__QQQM_SMH__corr_0.80/stress/W5
OK,2026-03-19,2026-09-18,1000.0,1188.2578859729451,188.25788597294513,188.25788597294513,0.0,0.18825788597294513,0.4109590169892521,0.172532857466982,2026-06-22,2026-07-29,62,0.2898240198700093,1.3258833936507846,1.7495021061888918,2.381917409951309,4945.048357341429,7.4780121647549125,7.418012164754913,0.060000000000000005,0.34534575770000003,187.91254021524517,0.0,6,6,6,1.0,3.251038036209686,6.502076072419372,87.33333333333333,122.5,62,47,0.04640792787946624,-0.06563021698071392,0.6239254203894938,0.37607457961050617,,0.1473193501523935,-0.12067965759060251,"{'2026-03': -0.026072207981914786, '2026-04': 0.1473193501523935, '2026-05': 0.12629488719406612, '2026-06': 0.054782004194120715, '2026-07': -0.12067965759060251, '2026-08': 0.024899145186151994, '2026-09': -0.006754622865825954}",{'2026': 0.18825788597294424},966.72781332667,1344.288128911245,daily_mark_to_market_equity,A07__QQQM_SMH__corr_0.80,a,QQQM_SMH,A07,corr_0.80,stress,0,sha256:acd49d7f6e3e633cb9e24e4f31a698d59c7e8a2578e14056df443689e9c014bb,sensitivity_evaluation,W6,False,A07__QQQM_SMH__corr_0.80/stress/W6
OK,2023-09-19,2024-03-18,1000.0,1208.1269522688858,208.12695226888582,208.12695226888582,0.0,0.20812695226888578,0.4645342861017645,0.05029703989015899,2024-03-07,2024-03-15,7,0.17063691347383378,2.3194918903072326,3.669452436549707,9.23581759714361,3973.9318206983053,2.036715490124717,1.986715490124717,0.05,4.774433129009999,8.383066163357599,194.96945297651786,8,5,5,1.0,0.9705279230116702,1.4557918845175053,39.2,28.0,56,40,0.04987492271462668,-0.028225820379704336,0.650700173191539,0.34929982680846094,,0.09002956455815969,-0.01491078597513984,"{'2023-09': -0.01491078597513984, '2023-10': 0.00034115675753576546, '2023-11': 0.0047162283553165985, '2023-12': 0.05661904213314606, '2024-01': 0.043728933139978166, '2024-02': 0.09002956455815969, '2024-03': 0.015081754650162482}","{'2023': 0.04612974666897496, '2024': 0.15485383731390212}",978.7811956289055,1265.2554398624056,daily_mark_to_market_equity,A07__QQQM_SMH__corr_0.90,a,QQQM_SMH,A07,corr_0.90,base,0,sha256:acd49d7f6e3e633cb9e24e4f31a698d59c7e8a2578e14056df443689e9c014bb,sensitivity_evaluation,W1,False,A07__QQQM_SMH__corr_0.90/base/W1
OK,2024-03-19,2024-09-18,1000.0,1018.5045131237553,18.50451312375526,18.50451312375526,0.0,0.01850451312375534,0.03727349437477012,0.19084752491348989,2024-07-10,2024-08-05,49,0.24692914972037383,0.27055655247263866,0.32992427578667677,0.19530509704889276,4482.333551512265,2.291171754944768,2.241171754944768,0.05,0.8789294087,17.625583715055246,0.0,6,5,5,1.0,0.5072710403946976,2.0290841615787905,86.8,112.0,71,50,0.052864804330756465,-0.0513360649620368,0.847906894442339,0.15209310555766098,,0.09400811854010893,-0.057524707310605216,"{'2024-03': 0.030472995451590545, '2024-04': -0.057524707310605216, '2024-05': 0.09400811854010893, '2024-06': 0.07356135657604779, '2024-07': -0.03564945153768451, '2024-08': -0.053838264130824376, '2024-09': -0.021392271974957855}",{'2024': 0.01850451312375556},938.00037537159,1215.0278699454548,daily_mark_to_market_equity,A07__QQQM_SMH__corr_0.90,a,QQQM_SMH,A07,corr_0.90,base,0,sha256:acd49d7f6e3e633cb9e24e4f31a698d59c7e8a2578e14056df443689e9c014bb,sensitivity_evaluation,W2,False,A07__QQQM_SMH__corr_0.90/base/W2
OK,2024-09-19,2025-03-18,1000.0,843.5447551111307,-156.4552448888693,-156.4552448888693,0.0,-0.1564552448888693,-0.29195464279891103,0.17592331962639884,2024-11-07,2025-03-04,87,0.1674611634879269,-1.9958461959941345,-1.9334458465388076,-1.6595562397237795,7738.10094070462,3.9590121630195485,3.8690121630195486,0.09,0.73309651415,-157.18834140301956,-5.644692730748567e-15,9,9,9,,,,25.77777777777778,14.0,58,48,0.021100735716237384,-0.06025453493725608,0.5940936847065555,0.40590631529344445,,0.00979438720538206,-0.06568327903225679,"{'2024-09': 0.0034020631557603043, '2024-10': -0.03233836359605258, '2024-11': 0.00979438720538206, '2024-12': -0.027079611283996385, '2025-01': -0.06568327903225679, '2025-02': -0.037905008317642985, '2025-03': -0.01624424929135171}","{'2024': -0.046086993861719217, '2025': -0.11570054115726192}",843.5447551111306,1023.6241058644002,daily_mark_to_market_equity,A07__QQQM_SMH__corr_0.90,a,QQQM_SMH,A07,corr_0.90,base,0,sha256:acd49d7f6e3e633cb9e24e4f31a698d59c7e8a2578e14056df443689e9c014bb,sensitivity_evaluation,W3,False,A07__QQQM_SMH__corr_0.90/base/W3
OK,2025-03-19,2025-09-18,1000.0,1193.3917657086954,193.3917657086954,193.3917657086954,0.0,0.19339176570869543,0.4231523336460359,0.03873350295871747,2025-08-14,2025-08-21,19,0.11585909999876555,3.087432037141421,3.825305836985231,10.924711201489718,1000.3636508695049,0.49993185950491337,0.49993185950491337,0.0,0.3638823082,0.0,193.0278834004952,3,0,0,,,,,,52,27,0.024631929856832935,-0.02069774014365955,0.5510459765760101,0.44895402342398993,,0.09594328439194988,-0.012990027615254696,"{'2025-03': 0.0, '2025-04': 0.0, '2025-05': -0.012990027615254696, '2025-06': 0.09594328439194988, '2025-07': 0.02444811310924111, '2025-08': 0.0073162270635001025, '2025-09': 0.0690982520550274}",{'2025': 0.19339176570869387},987.0099723847452,1193.3917657086954,daily_mark_to_market_equity,A07__QQQM_SMH__corr_0.90,a,QQQM_SMH,A07,corr_0.90,base,0,sha256:acd49d7f6e3e633cb9e24e4f31a698d59c7e8a2578e14056df443689e9c014bb,sensitivity_evaluation,W4,False,A07__QQQM_SMH__corr_0.90/base/W4
OK,2025-09-19,2026-03-18,1000.0,1101.7460351276352,101.7460351276352,101.7460351276352,0.0,0.10174603512763514,0.21727967193044884,0.09147590743579181,2025-10-29,2025-11-20,29,0.2255123341156244,0.9858073700496215,1.3231819751772338,2.375266646936084,3513.77887886318,1.7967640680146904,1.7567640680146903,0.04,2.02498543565,-8.03499878717491,107.75604847916021,5,4,4,1.0,0.492605721700773,0.492605721700773,105.25,105.5,71,51,0.03880689898191947,-0.04603411145234115,0.8515144506609335,0.14848554933906655,,0.07957211047291235,-0.025559344791154737,"{'2025-09': 0.0027496066874097558, '2025-10': 0.07957211047291235, '2025-11': -0.02105121062251669, '2025-12': 0.011331717702175226, '2026-01': 0.06275368541048909, '2026-02': -0.0073509687987012295, '2026-03': -0.025559344791154737}","{'2025': 0.07176052823716961, '2026': 0.02797780483648271}",989.0614699874102,1168.774621721545,daily_mark_to_market_equity,A07__QQQM_SMH__corr_0.90,a,QQQM_SMH,A07,corr_0.90,base,0,sha256:acd49d7f6e3e633cb9e24e4f31a698d59c7e8a2578e14056df443689e9c014bb,sensitivity_evaluation,W5,False,A07__QQQM_SMH__corr_0.90/base/W5
OK,2026-03-19,2026-09-18,1000.0,1214.137624393278,214.13762439327797,214.13762439327797,0.0,0.214137624393278,0.47295837691335385,0.17141195486741623,2026-06-22,2026-07-29,62,0.2929647780892351,1.4608141600769158,1.9722400525795254,2.7591913135765695,5464.962561738698,2.8025354228222197,2.73253542282222,0.07,0.37234721109999996,213.76527718217787,0.0,6,7,7,1.0,3.059374601784983,7.648436504462458,77.85714285714286,119.0,64,45,0.04616513142339773,-0.06533724859090617,0.6499852070455284,0.3500147929544716,,0.15497530763434408,-0.11976461243272407,"{'2026-03': -0.025106822547305008, '2026-04': 0.15497530763434408, '2026-05': 0.1389367808621904, '2026-06': 0.053777197827368894, '2026-07': -0.11976461243272407, '2026-08': 0.026606390422756254, '2026-09': -0.005769723647148339}",{'2026': 0.21413762439327755},967.22281310889,1368.2836273083303,daily_mark_to_market_equity,A07__QQQM_SMH__corr_0.90,a,QQQM_SMH,A07,corr_0.90,base,0,sha256:acd49d7f6e3e633cb9e24e4f31a698d59c7e8a2578e14056df443689e9c014bb,sensitivity_evaluation,W6,False,A07__QQQM_SMH__corr_0.90/base/W6
OK,2023-09-19,2024-03-18,1000.0,1203.5822299846,203.58222998459996,203.58222998459996,0.0,0.20358222998459996,0.4534381018064657,0.05033385093405662,2024-03-07,2024-03-15,7,0.17078460269595924,2.2730737726648083,3.5891483796729777,9.008611369722614,3964.8573225656705,5.995041126260027,5.945041126260027,0.05,4.76028218086,5.329732404574543,193.4922153991656,8,5,5,1.0,0.8457102039940544,1.2685653059910815,39.2,28.0,55,41,0.049907788227117056,-0.02824660656897271,0.650863464411225,0.349136535588775,,0.08987333572650136,-0.015405785925420301,"{'2023-09': -0.015405785925420301, '2023-10': -0.00014711985050208654, '2023-11': 0.003973728641339047, '2023-12': 0.05534328112659126, '2024-01': 0.04298416178394904, '2024-02': 0.08987333572650136, '2024-03': 0.01510869233486889}","{'2023': 0.04306045236438005, '2024': 0.15389498974518068}",976.6014099546348,1260.55257232603,daily_mark_to_market_equity,A07__QQQM_SMH__corr_0.90,a,QQQM_SMH,A07,corr_0.90,stress,0,sha256:acd49d7f6e3e633cb9e24e4f31a698d59c7e8a2578e14056df443689e9c014bb,sensitivity_evaluation,W1,False,A07__QQQM_SMH__corr_0.90/stress/W1
OK,2024-03-19,2024-09-18,1000.0,1013.8668418107275,13.866841810727465,13.866841810727465,0.0,0.013866841810727504,0.027867957505108842,0.1909557803125096,2024-07-10,2024-08-05,49,0.24702736082183568,0.23388397681079523,0.2854752372479086,0.14593932406498197,4474.280226566553,6.761464783872541,6.711464783872541,0.05,0.8754076296000001,12.991434181127431,0.0,6,5,5,1.0,0.4294316143147202,1.7177264572588808,86.8,112.0,71,50,0.05291232224859743,-0.0513781586749148,0.8481243224011907,0.15187567759880927,,0.0940675297652862,-0.058486293165660785,"{'2024-03': 0.02948299551476996, '2024-04': -0.058486293165660785, '2024-05': 0.0940675297652862, '2024-06': 0.07358328751563836, '2024-07': -0.03568511468648716, '2024-08': -0.05583714234011672, '2024-09': -0.02188607542330301}",{'2024': 0.013866841810727504},937.0103754347699,1212.74555051963,daily_mark_to_market_equity,A07__QQQM_SMH__corr_0.90,a,QQQM_SMH,A07,corr_0.90,stress,0,sha256:acd49d7f6e3e633cb9e24e4f31a698d59c7e8a2578e14056df443689e9c014bb,sensitivity_evaluation,W2,False,A07__QQQM_SMH__corr_0.90/stress/W2
OK,2024-09-19,2025-03-18,1000.0,837.0484506941,-162.95154930590002,-162.95154930590002,0.0,-0.16295154930590006,-0.30297543156987605,0.18046024811386863,2024-11-07,2025-03-04,87,0.1672155255784738,-2.0936150217208116,-2.028962917378958,-1.6789039954034728,7697.92830680416,11.63655035564996,11.546550355649961,0.09,0.73147048975,-163.6830197956499,0.0,9,9,9,,,,25.77777777777778,14.0,57,48,0.021096654523455882,-0.06010876028084278,0.5947635165123419,0.40523648348765806,,0.00906719653793675,-0.06703271731183558,"{'2024-09': 0.002907063227280071, '2024-10': -0.03403618879489756, '2024-11': 0.00906719653793675, '2024-12': -0.028910692705974017, '2025-01': -0.06703271731183558, '2025-02': -0.03865383128557043, '2025-03': -0.016886688785617943}","{'2024': -0.050705845822479945, '2025': -0.11824122479788257}",837.0484506941,1021.3640628995399,daily_mark_to_market_equity,A07__QQQM_SMH__corr_0.90,a,QQQM_SMH,A07,corr_0.90,stress,0,sha256:acd49d7f6e3e633cb9e24e4f31a698d59c7e8a2578e14056df443689e9c014bb,sensitivity_evaluation,W3,False,A07__QQQM_SMH__corr_0.90/stress/W3
OK,2025-03-19,2025-09-18,1000.0,1192.338311739335,192.33831173933504,192.33831173933504,0.0,0.19233831173933513,0.4206460390940887,0.03874276013223166,2025-08-14,2025-08-21,19,0.11608538730474958,3.066522605713772,3.7998297250678403,10.857410201503335,1000.3638241988651,1.4982982888650718,1.4982982888650718,0.0,0.3638823082,0.0,191.97442943113495,3,0,0,,,,,,52,27,0.024645791532199368,-0.020705845673675616,0.5512010151854282,0.4487989848145718,,0.09601551414996146,-0.013732527325765131,"{'2025-03': 0.0, '2025-04': 0.0, '2025-05': -0.013732527325765131, '2025-06': 0.09601551414996146, '2025-07': 0.02422713064151183, '2025-08': 0.007314138358461841, '2025-09': 0.06912105280799663}",{'2025': 0.19233831173933424},986.2674726742349,1192.338311739335,daily_mark_to_market_equity,A07__QQQM_SMH__corr_0.90,a,QQQM_SMH,A07,corr_0.90,stress,0,sha256:acd49d7f6e3e633cb9e24e4f31a698d59c7e8a2578e14056df443689e9c014bb,sensitivity_evaluation,W4,False,A07__QQQM_SMH__corr_0.90/stress/W4
OK,2025-09-19,2026-03-18,1000.0,1098.3430610017974,98.34306100179742,98.34306100179742,0.0,0.09834306100179746,0.20966248796919285,0.09197363321851049,2025-10-29,2025-11-20,45,0.22592284077757663,0.9565785863230656,1.2843581428437847,2.2795934077223827,3502.749520839208,5.292996149972491,5.252996149972491,0.04,2.02450479677,-10.942495749452485,107.26105195447992,5,4,4,1.0,0.3835416349828961,0.3835416349828961,66.75,56.0,71,51,0.03883836863405388,-0.04607796620928384,0.8522401116258761,0.1477598883741239,,0.07965074846049669,-0.02601763678117086,"{'2025-09': 0.0017596070622301063, '2025-10': 0.07965074846049669, '2025-11': -0.02177723474807347, '2025-12': 0.011352838607308735, '2026-01': 0.06262496698980446, '2026-02': -0.008210211163515502, '2026-03': -0.02601763678117086}","{'2025': 0.07000860314080048, '2026': 0.026480588826881757}",988.07147036223,1166.7382466612999,daily_mark_to_market_equity,A07__QQQM_SMH__corr_0.90,a,QQQM_SMH,A07,corr_0.90,stress,0,sha256:acd49d7f6e3e633cb9e24e4f31a698d59c7e8a2578e14056df443689e9c014bb,sensitivity_evaluation,W5,False,A07__QQQM_SMH__corr_0.90/stress/W5
OK,2026-03-19,2026-09-18,1000.0,1208.4221669174526,208.4221669174526,208.4221669174526,0.0,0.20842216691745263,0.45915156291785153,0.1715543106577484,2026-06-22,2026-07-29,62,0.29320737928995416,1.4278636183261189,1.9322869070759983,2.6764210188449353,5451.220963525588,8.247318115397418,8.177318115397417,0.07,0.37165875785,208.0505081596026,0.0,6,7,7,1.0,2.8269538395332408,7.067384598833102,77.85714285714286,119.0,64,45,0.046206712911954995,-0.06539178495105569,0.6503246735215917,0.34967532647840827,,0.15394758697018074,-0.11986676137983687,"{'2026-03': -0.026072207981914786, '2026-04': 0.15394758697018074, '2026-05': 0.13879402051736278, '2026-06': 0.053832278128195465, '2026-07': -0.11986676137983687, '2026-08': 0.024906222898157138, '2026-09': -0.006754483110592013}",{'2026': 0.20842216691745308},966.72781332667,1365.6279660462048,daily_mark_to_market_equity,A07__QQQM_SMH__corr_0.90,a,QQQM_SMH,A07,corr_0.90,stress,0,sha256:acd49d7f6e3e633cb9e24e4f31a698d59c7e8a2578e14056df443689e9c014bb,sensitivity_evaluation,W6,False,A07__QQQM_SMH__corr_0.90/stress/W6
OK,2023-09-19,2024-03-18,1000.0,1196.5240673186054,196.52406731860538,196.52406731860538,0.0,0.19652406731860528,0.4362896106769072,0.05023974876248738,2024-03-07,2024-03-15,7,0.16743218926516507,2.2443028332506954,3.242554199484333,8.684151920016616,2063.652358638945,1.0915759759848518,1.0315759759848517,0.060000000000000005,4.12490254459,-8.59385110887176,200.99301588288682,11,6,6,1.0,0.06259195478110059,0.01251839095622012,15.166666666666666,14.0,57,39,0.04981339105020277,-0.02819363408516873,0.5767017607167509,0.42329823928324906,,0.09785048271859131,-0.0015628267193364964,"{'2023-09': -0.0012031282462253712, '2023-10': 7.97002271446523e-06, '2023-11': -0.0015628267193364964, '2023-12': 0.03414795236048973, '2024-01': 0.041124765352387405, '2024-02': 0.09785048271859131, '2024-03': 0.015059291614484493}","{'2023': 0.03129770958590927, '2024': 0.1602120863809906}",985.8681323010852,1253.0327907810852,daily_mark_to_market_equity,A08__QQQM_SMH__er_0.20,a,QQQM_SMH,A08,er_0.20,base,0,sha256:acd49d7f6e3e633cb9e24e4f31a698d59c7e8a2578e14056df443689e9c014bb,sensitivity_evaluation,W1,False,A08__QQQM_SMH__er_0.20/base/W1
OK,2024-03-19,2024-09-18,1000.0,924.855308124923,-75.144691875077,-75.144691875077,0.0,-0.075144691875077,-0.14436876771045548,0.15488146993592744,2024-07-10,2024-09-06,49,0.1793908849788554,-0.7738720964047591,-0.7985271812180933,-0.9321242093723611,6116.724192785148,3.2583439127771943,3.058343912777194,0.2,0.8479183027,-75.99260993027178,-2.47505456914757e-07,22,20,20,1.0,0.3216100375573855,0.3216100375573855,69.05,56.0,74,53,0.026047202755352883,-0.049439371717609815,0.5661784913384582,0.4338215086615418,,0.03988460135929528,-0.06134358811270446,"{'2024-03': 0.028416532475609824, '2024-04': -0.06134358811270446, '2024-05': 0.03988460135929528, '2024-06': 0.033303140906767226, '2024-07': -0.05158465868777995, '2024-08': -0.054256920996867186, '2024-09': -0.005938042269838073}",{'2024': -0.07514469187507589},923.850651907973,1093.16104078079,daily_mark_to_market_equity,A08__QQQM_SMH__er_0.20,a,QQQM_SMH,A08,er_0.20,base,0,sha256:acd49d7f6e3e633cb9e24e4f31a698d59c7e8a2578e14056df443689e9c014bb,sensitivity_evaluation,W2,False,A08__QQQM_SMH__er_0.20/base/W2
OK,2024-09-19,2025-03-18,1000.0,959.0490677720528,-40.95093222794719,-40.95093222794719,0.0,-0.04095093222794721,-0.08134591087246312,0.07370090378715322,2024-12-16,2025-03-13,61,0.08906535028750093,-0.91735774868846,-0.9821738428671256,-1.1037301673720112,4138.554967176143,2.2492676255372843,2.069267625537284,0.18000000000000002,0.7303422025899999,-41.68125428885369,-2.0141683560379817e-05,20,18,18,1.0,0.4022158032929218,0.2011079016464609,68.22222222222223,56.0,64,55,0.01879735168916996,-0.025062709090751256,0.29007806747714365,0.7099219325228563,,0.017596211959694186,-0.0251907108433157,"{'2024-09': 0.000477066574950058, '2024-10': -0.01543224760100792, '2024-11': 0.017596211959694186, '2024-12': -0.004217455194823194, '2025-01': -0.0251907108433157, '2025-02': -0.010358660986990897, '2025-03': -0.004020030471537206}","{'2024': -0.0018570675439452122, '2025': -0.039166599705121374}",959.0490651120529,1035.3557172117555,daily_mark_to_market_equity,A08__QQQM_SMH__er_0.20,a,QQQM_SMH,A08,er_0.20,base,0,sha256:acd49d7f6e3e633cb9e24e4f31a698d59c7e8a2578e14056df443689e9c014bb,sensitivity_evaluation,W3,False,A08__QQQM_SMH__er_0.20/base/W3
OK,2025-03-19,2025-09-18,1000.0,1165.7500007864699,165.75000078646985,165.75000078646985,0.0,0.16575000078646984,0.3581191587923569,0.038078933482132094,2025-08-14,2025-08-21,19,0.10723883499889711,2.8925763528494617,3.234650379694027,9.404653073080379,1228.7857824833698,0.6541441576299258,0.6141441576299258,0.04,0.4677271641,3.7693361081247687,161.51293751424527,10,4,4,1.0,,,41.25,23.5,52,27,0.023863002118626575,-0.020200677748964724,0.527329123896979,0.47267087610302105,,0.06752625161482007,-0.0014745271687901518,"{'2025-03': 0.0, '2025-04': 0.0, '2025-05': -0.0014745271687901518, '2025-06': 0.05261182402135445, '2025-07': 0.03136152220200117, '2025-08': 0.007368910420897379, '2025-09': 0.06752625161482007}",{'2025': 0.1657500007864694},998.52547283121,1165.7500007864699,daily_mark_to_market_equity,A08__QQQM_SMH__er_0.20,a,QQQM_SMH,A08,er_0.20,base,0,sha256:acd49d7f6e3e633cb9e24e4f31a698d59c7e8a2578e14056df443689e9c014bb,sensitivity_evaluation,W4,False,A08__QQQM_SMH__er_0.20/base/W4
OK,2025-09-19,2026-03-18,1000.0,1062.3712543902884,62.371254390288414,62.371254390288414,0.0,0.062371254390288344,0.1306261202615513,0.08981319188091152,2025-10-29,2025-11-20,80,0.18246310239676564,0.764996182591461,0.9414046752942891,1.454420197366507,4130.012426610477,2.264984230652204,2.064984230652204,0.20000000000000004,1.2912786759400006,56.04827214364031,5.031703570707356,17,20,20,1.0,3.0094109878876125,9.028232963662838,107.6,105.0,69,53,0.032624859113606464,-0.04603411145234115,0.6553391287644231,0.34466087123557687,,0.08010272725366385,-0.03468148447606889,"{'2025-09': 0.0027496066874097558, '2025-10': 0.08010272725366385, '2025-11': -0.03468148447606889, '2025-12': 0.0011474651888947474, '2026-01': 0.028774565956260822, '2026-02': 0.0018026194408760077, '2026-03': -0.015200820925328373}","{'2025': 0.046709706247180405, '2026': 0.014962647283801811}",989.0614699874102,1104.5425888574832,daily_mark_to_market_equity,A08__QQQM_SMH__er_0.20,a,QQQM_SMH,A08,er_0.20,base,0,sha256:acd49d7f6e3e633cb9e24e4f31a698d59c7e8a2578e14056df443689e9c014bb,sensitivity_evaluation,W5,False,A08__QQQM_SMH__er_0.20/base/W5
OK,2026-03-19,2026-09-18,1000.0,1141.632636380117,141.632636380117,141.632636380117,0.0,0.14163263638011703,0.3026177372104293,0.11886495972601785,2026-06-22,2026-07-29,62,0.26775364535696455,1.1158065987867676,1.2441071232566214,2.545895257172165,3083.320608499067,1.6616959654328007,1.5416959654328009,0.12,0.64902547955,140.98360304336273,7.857204522378684e-06,13,12,12,1.0,3.168832173173928,9.506496519521786,106.75,112.0,71,50,0.05094528724408964,-0.0719287278216767,0.5185595461462992,0.4814404538537008,,0.13186997267463818,-0.09854960251819744,"{'2026-03': -0.0145313564376649, '2026-04': 0.07438856452548093, '2026-05': 0.13186997267463818, '2026-06': 0.04966460801687811, '2026-07': -0.09854960251819744, '2026-08': 0.006914445756023957, '2026-09': -0.00013655831553049946}",{'2026': 0.1416326363801168},981.03468226017,1273.50238769566,daily_mark_to_market_equity,A08__QQQM_SMH__er_0.20,a,QQQM_SMH,A08,er_0.20,base,0,sha256:acd49d7f6e3e633cb9e24e4f31a698d59c7e8a2578e14056df443689e9c014bb,sensitivity_evaluation,W6,False,A08__QQQM_SMH__er_0.20/base/W6
OK,2023-09-19,2024-03-18,1000.0,1194.07484838185,194.07484838184996,194.07484838184996,0.0,0.19407484838184996,0.4303629899039296,0.05024032772881226,2024-03-07,2024-03-15,7,0.16745023973767242,2.2193735441917255,3.212720679209722,8.566086436118555,2062.4125917615497,3.1513716522000634,3.0913716522000634,0.060000000000000005,4.118997794049999,-9.658165533334117,199.61401612113417,11,6,6,1.0,0.013128399018812385,0.002625679803762477,33.833333333333336,17.5,57,39,0.049814077715186755,-0.02819395832273608,0.576755639880371,0.42324436011962896,,0.09785184766450383,-0.002347282087378888,"{'2023-09': -0.001253250281439855, '2023-10': -1.7019698982490006e-05, '2023-11': -0.002347282087378888, '2023-12': 0.0329336699918501, '2024-01': 0.04110982713845668, '2024-02': 0.09785184766450383, '2024-03': 0.01505939708286319}","{'2023': 0.029200080518470894, '2024': 0.16019700249180246}",983.84751763947,1250.4685144394698,daily_mark_to_market_equity,A08__QQQM_SMH__er_0.20,a,QQQM_SMH,A08,er_0.20,stress,0,sha256:acd49d7f6e3e633cb9e24e4f31a698d59c7e8a2578e14056df443689e9c014bb,sensitivity_evaluation,W1,False,A08__QQQM_SMH__er_0.20/stress/W1
OK,2024-03-19,2024-09-18,1000.0,919.1132188183575,-80.8867811816425,-80.8867811816425,0.0,-0.0808867811816425,-0.15493882056864094,0.1563704476061163,2024-07-10,2024-09-06,49,0.17925855073085936,-0.8434704606923871,-0.8670489484883314,-0.9908446445003375,6099.537272128183,9.34914304744249,9.149143047442491,0.2,0.8449173208000001,-81.73169850244237,-3.184439299003272e-16,22,20,20,1.0,0.293300972558985,0.293300972558985,69.05,56.0,70,51,0.026051833022418647,-0.04944757148408929,0.566391715181094,0.433608284818906,,0.03918451688111513,-0.062438089126189644,"{'2024-03': 0.027467042798564822, '2024-04': -0.062438089126189644, '2024-05': 0.03918451688111513, '2024-06': 0.03193722918819164, '2024-07': -0.05228209428644859, '2024-08': -0.05544946707188292, '2024-09': -0.006081155505988978}",{'2024': -0.08088678118164261},918.1783574433125,1088.3667539121752,daily_mark_to_market_equity,A08__QQQM_SMH__er_0.20,a,QQQM_SMH,A08,er_0.20,stress,0,sha256:acd49d7f6e3e633cb9e24e4f31a698d59c7e8a2578e14056df443689e9c014bb,sensitivity_evaluation,W2,False,A08__QQQM_SMH__er_0.20/stress/W2
OK,2024-09-19,2025-03-18,1000.0,955.0612212358201,-44.938778764179915,-44.938778764179915,0.0,-0.044938778764179954,-0.0890804977650641,0.07571699582624258,2024-12-16,2025-03-04,61,0.08893196404976098,-1.0148241553771495,-1.0619656753280708,-1.1764927648409143,4130.882441725911,6.37623525612002,6.19623525612002,0.18000000000000002,0.7292204319400001,-45.66799919612001,-2.2598806143875645e-15,20,18,18,1.0,0.3322620334687037,0.16613101673435188,48.666666666666664,19.0,56,49,0.018800853659316052,-0.025072348353416207,0.2901532491408354,0.7098467508591646,,0.016704701909430852,-0.026217772129474293,"{'2024-09': 0.00040765342484960776, '2024-10': -0.01601431721414126, '2024-11': 0.016704701909430852, '2024-12': -0.005302157869931157, '2025-01': -0.026217772129474293, '2025-02': -0.010700751482888626, '2025-03': -0.004159245954961532}","{'2024': -0.0044758662425247175, '2025': -0.04064483335922142}",955.0612212358201,1033.299559683645,daily_mark_to_market_equity,A08__QQQM_SMH__er_0.20,a,QQQM_SMH,A08,er_0.20,stress,0,sha256:acd49d7f6e3e633cb9e24e4f31a698d59c7e8a2578e14056df443689e9c014bb,sensitivity_evaluation,W3,False,A08__QQQM_SMH__er_0.20/stress/W3
OK,2025-03-19,2025-09-18,1000.0,1164.3885579688801,164.38855796888015,164.38855796888015,0.0,0.1643885579688802,0.3549552907820157,0.03809124770174255,2025-08-14,2025-08-21,19,0.10727557159299134,2.8699824383686106,3.210125444044259,9.318552481172143,1229.5891069696002,1.8821473685200496,1.8421473685200496,0.04,0.4673962074,3.554671339589663,160.36649042189018,10,4,4,1.0,,,41.25,23.5,52,27,0.02386957033814663,-0.020207257777205112,0.5274775048281422,0.47252249517185785,,0.06752605353528462,-0.0015687578463700058,"{'2025-03': 0.0, '2025-04': 0.0, '2025-05': -0.0015687578463700058, '2025-06': 0.051831396912194405, '2025-07': 0.031016333533292917, '2025-08': 0.007371380123680771, '2025-09': 0.06752605353528462}",{'2025': 0.1643885579688793},998.43124215363,1164.3885579688801,daily_mark_to_market_equity,A08__QQQM_SMH__er_0.20,a,QQQM_SMH,A08,er_0.20,stress,0,sha256:acd49d7f6e3e633cb9e24e4f31a698d59c7e8a2578e14056df443689e9c014bb,sensitivity_evaluation,W4,False,A08__QQQM_SMH__er_0.20/stress/W4
OK,2025-09-19,2026-03-18,1000.0,1058.1739242305025,58.17392423050251,58.17392423050251,0.0,0.058173924230502605,0.12158026283131607,0.09008919240833835,2025-10-29,2025-11-20,80,0.1826031383891219,0.7204700216765191,0.8882690827035535,1.3495543647482293,4122.337077608848,6.3833089208675045,6.183308920867504,0.20000000000000004,1.28901549637,52.00879190868257,4.876116825449806,17,20,20,1.0,3.8939210930230055,7.231567744185582,107.6,105.0,69,53,0.03265744073615262,-0.04607796620928384,0.6555445787757063,0.34445542122429373,,0.08011761567646136,-0.03509934552758087,"{'2025-09': 0.0017596070622301063, '2025-10': 0.08011761567646136, '2025-11': -0.03509934552758087, '2025-12': 0.0003378801498088446, '2026-01': 0.027787928025770237, '2026-02': 0.0013706468568812635, '2026-03': -0.015547411154713364}","{'2025': 0.04439282806761535, '2026': 0.013195318650729426}",988.07147036223,1100.5677811569426,daily_mark_to_market_equity,A08__QQQM_SMH__er_0.20,a,QQQM_SMH,A08,er_0.20,stress,0,sha256:acd49d7f6e3e633cb9e24e4f31a698d59c7e8a2578e14056df443689e9c014bb,sensitivity_evaluation,W5,False,A08__QQQM_SMH__er_0.20/stress/W5
OK,2026-03-19,2026-09-18,1000.0,1138.421607328697,138.42160732869706,138.42160732869706,0.0,0.13842160732869702,0.29531534266989046,0.11958554500298324,2026-06-22,2026-07-29,62,0.2677545181109838,1.0949094524846201,1.2070037653932946,2.4694902938521825,3078.916927776682,4.738696044902987,4.618696044902987,0.12,0.6477531616000001,137.77385416709737,8.551210874321712e-16,13,12,12,1.0,4.4325206915305175,8.865041383061035,106.75,112.0,62,47,0.0509532946583553,-0.07193865150107004,0.5185887421645552,0.4814112578354448,,0.13164453408576082,-0.09928112714332771,"{'2026-03': -0.015089941332995127, '2026-04': 0.07362070972511847, '2026-05': 0.13164453408576082, '2026-06': 0.049686454218677456, '2026-07': -0.09928112714332771, '2026-08': 0.006388364538619795, '2026-09': -0.0001584412001612856}",{'2026': 0.13842160732869746},980.74826878051,1271.6487372328625,daily_mark_to_market_equity,A08__QQQM_SMH__er_0.20,a,QQQM_SMH,A08,er_0.20,stress,0,sha256:acd49d7f6e3e633cb9e24e4f31a698d59c7e8a2578e14056df443689e9c014bb,sensitivity_evaluation,W6,False,A08__QQQM_SMH__er_0.20/stress/W6
OK,2023-09-19,2024-03-18,1000.0,1115.8985548716703,115.89855487167029,115.89855487167029,0.0,0.11589855487167022,0.2476838977004967,0.040756010238881424,2024-03-07,2024-03-15,7,0.12745852378643913,1.7982470604418694,2.318919023384268,6.077236124163231,2812.63817176117,1.5461578150698148,1.4061578150698146,0.14,2.1542639267399997,37.88634287289571,75.85794807203436,23,14,14,1.0,5.921697729769871,5.921697729769871,56.785714285714285,50.0,57,39,0.031960855057438176,-0.024906334778316497,0.4129114944153051,0.5870885055846948,,0.0749613073560973,-0.0007787039513461602,"{'2023-09': -0.0006065406008499696, '2023-10': -1.0158855857644866e-06, '2023-11': -0.0007787039513461602, '2023-12': 0.016355877738494673, '2024-01': 0.009785102501149279, '2024-02': 0.0749613073560973, '2024-03': 0.012883222354085566}","{'2023': 0.01494742526495596, '2024': 0.09946439302544308}",982.5889584113801,1159.254677052555,daily_mark_to_market_equity,A08__QQQM_SMH__er_0.40,a,QQQM_SMH,A08,er_0.40,base,0,sha256:acd49d7f6e3e633cb9e24e4f31a698d59c7e8a2578e14056df443689e9c014bb,sensitivity_evaluation,W1,False,A08__QQQM_SMH__er_0.40/base/W1
OK,2024-03-19,2024-09-18,1000.0,939.3878485356479,-60.61215146435211,-60.61215146435211,0.0,-0.06061215146435206,-0.11732430669721816,0.09492404622133443,2024-07-10,2024-09-06,49,0.10636745543678465,-1.1129549033116428,-1.0878714800962115,-1.2359808854297365,3952.1330816727723,2.1960518128523074,1.9760518128523075,0.22,0.4956418635,-61.10779303532916,-2.9252312393616265e-07,26,22,22,1.0,0.22438275551427933,0.22438275551427933,88.54545454545455,77.0,73,54,0.015450703369555896,-0.030512570344531142,0.320101885734633,0.6798981142653671,,0.019855852605720203,-0.03985581323689469,"{'2024-03': 0.015500448895420238, '2024-04': -0.03666185060827032, '2024-05': 0.019855852605720203, '2024-06': 0.011204943969073788, '2024-07': -0.03985581323689469, '2024-08': -0.02732703266287828, '2024-09': -0.002977912738498012}",{'2024': -0.060612151464352726},938.8829117883479,1037.3526198199602,daily_mark_to_market_equity,A08__QQQM_SMH__er_0.40,a,QQQM_SMH,A08,er_0.40,base,0,sha256:acd49d7f6e3e633cb9e24e4f31a698d59c7e8a2578e14056df443689e9c014bb,sensitivity_evaluation,W2,False,A08__QQQM_SMH__er_0.40/base/W2
OK,2024-09-19,2025-03-18,1000.0,980.82103539279,-19.17896460720999,-19.17896460720999,0.0,-0.019178964607210025,-0.03853330581485348,0.03967980229274737,2024-12-16,2025-03-11,61,0.048909606761224494,-0.7868235566779631,-0.8205217551276136,-0.971106295605121,2279.59407502698,1.3297924505398844,1.1397924505398842,0.19000000000000006,0.4983009033299997,-19.677214255845254,-5.1254694777891836e-05,20,19,19,1.0,0.4759528155785563,0.27763914242082455,66.84210526315789,63.0,58,53,0.009642750010848244,-0.01597238326017969,0.15482545079159538,0.8451745492084046,,0.008797170709753832,-0.01258794823023801,"{'2024-09': 0.0002385326023199852, '2024-10': -0.007678779238500355, '2024-11': 0.008797170709753832, '2024-12': -0.0007779263751033216, '2025-01': -0.01258794823023801, '2025-02': -0.00518118332485884, '2025-03': -0.0020113048260173017}","{'2024': 0.0005106935943499646, '2025': -0.01967960795183965}",980.8210228427901,1021.34790581775,daily_mark_to_market_equity,A08__QQQM_SMH__er_0.40,a,QQQM_SMH,A08,er_0.40,base,0,sha256:acd49d7f6e3e633cb9e24e4f31a698d59c7e8a2578e14056df443689e9c014bb,sensitivity_evaluation,W3,False,A08__QQQM_SMH__er_0.40/base/W3
OK,2025-03-19,2025-09-18,1000.0,1099.3503505375177,99.35035053751767,99.35035053751767,0.0,0.09935035053751773,0.20810212380122728,0.032460463596668654,2025-07-30,2025-08-01,9,0.08152453174558905,2.34669890732642,2.3478970845125144,6.410941211036318,1934.2147218965126,1.0569331020823658,0.9669331020823658,0.09,0.2314123846,30.521109034095574,68.59782911882199,19,9,9,1.0,,,68.44444444444444,76.0,52,27,0.0197531990078903,-0.017777381427824923,0.38847507037754825,0.6115249296224518,,0.03856357751461026,-0.0007372629056450197,"{'2025-03': 0.0, '2025-04': 0.0, '2025-05': -0.0007372629056450197, '2025-06': 0.02620164743598119, '2025-07': 0.022564258673606563, '2025-08': 0.009485353725656731, '2025-09': 0.03856357751461026}",{'2025': 0.09935035053751684},999.262737094355,1099.3503505375177,daily_mark_to_market_equity,A08__QQQM_SMH__er_0.40,a,QQQM_SMH,A08,er_0.40,base,0,sha256:acd49d7f6e3e633cb9e24e4f31a698d59c7e8a2578e14056df443689e9c014bb,sensitivity_evaluation,W4,False,A08__QQQM_SMH__er_0.40/base/W4
OK,2025-09-19,2026-03-18,1000.0,1026.3993483063255,26.399348306325464,26.399348306325464,0.0,0.0263993483063254,0.0542965757163858,0.0509749321416576,2025-10-29,2025-11-20,95,0.11510417034530941,0.5174212183080266,0.5966094640578758,1.0651622951747628,3473.63588394305,1.9968066101047346,1.7368066101047346,0.26,0.6309121164300002,24.110068129303585,1.6583680605916205,22,26,26,1.0,2.877174457756933,3.9234197151230905,88.15384615384616,84.0,69,53,0.025171094223919832,-0.03576200253295991,0.3782482664526497,0.6217517335473504,,0.04032996112210707,-0.02113144389841637,"{'2025-09': 0.000551275527042483, '2025-10': 0.04032996112210707, '2025-11': -0.02113144389841637, '2025-12': 0.0004301178919248194, '2026-01': 0.014328568661975849, '2026-02': 0.0006500826811624005, '2026-03': -0.00794926640657534}","{'2025': 0.019345926720638618, '2026': 0.006919556355494905}",986.8360615962076,1049.4831084797227,daily_mark_to_market_equity,A08__QQQM_SMH__er_0.40,a,QQQM_SMH,A08,er_0.40,base,0,sha256:acd49d7f6e3e633cb9e24e4f31a698d59c7e8a2578e14056df443689e9c014bb,sensitivity_evaluation,W5,False,A08__QQQM_SMH__er_0.40/base/W5
OK,2026-03-19,2026-09-18,1000.0,1067.5891592922155,67.58915929221553,67.58915929221553,0.0,0.06758915929221554,0.1394411505783386,0.07939164874074045,2026-06-22,2026-07-29,62,0.19676079671597704,0.7581681344593848,0.7697742912458095,1.7563705098718183,2879.6953808016997,1.6498648742848159,1.439864874284816,0.21000000000000002,0.5031906564999999,67.085966853143,1.7825722350833752e-06,22,21,21,1.0,2.628099975534268,6.570249938835672,89.0,91.0,71,50,0.03588996993008142,-0.060739412718681884,0.3497101850869485,0.6502898149130515,,0.06922105306790716,-0.06440006284923627,"{'2026-03': -0.007270678218832205, '2026-04': 0.03835552312153134, '2026-05': 0.06922105306790716, '2026-06': 0.031841240587310526, '2026-07': -0.06440006284923627, '2026-08': 0.0034332378563570742, '2026-09': -7.326906724380855e-05}",{'2026': 0.0675891592922162},990.517341130085,1149.7664915886203,daily_mark_to_market_equity,A08__QQQM_SMH__er_0.40,a,QQQM_SMH,A08,er_0.40,base,0,sha256:acd49d7f6e3e633cb9e24e4f31a698d59c7e8a2578e14056df443689e9c014bb,sensitivity_evaluation,W6,False,A08__QQQM_SMH__er_0.40/base/W6
OK,2023-09-19,2024-03-18,1000.0,1112.8859153724848,112.88591537248476,112.88591537248476,0.0,0.11288591537248482,0.24089590288790208,0.04092311332525156,2024-03-07,2024-03-15,7,0.12756486275132134,1.7540935162357276,2.263871246031839,5.886548781694416,2809.194866081035,4.352344732955011,4.212344732955011,0.14,2.15177163544,35.70764266511864,75.0265010719263,23,14,14,1.0,5.133436098847458,5.133436098847458,56.785714285714285,50.0,57,39,0.03197184166065559,-0.02490912286303759,0.4129722169211372,0.5870277830788628,,0.07445695824730958,-0.0011692208122895398,"{'2023-09': -0.0006315943233403676, '2023-10': -1.3509538007494548e-05, '2023-11': -0.0011692208122895398, '2023-12': 0.015496898168250173, '2024-01': 0.009102326586309273, '2024-02': 0.07445695824730958, '2024-03': 0.01259586504281196}","{'2023': 0.013655231702234039, '2024': 0.09789391951700588}",981.1059428322197,1156.3257376975046,daily_mark_to_market_equity,A08__QQQM_SMH__er_0.40,a,QQQM_SMH,A08,er_0.40,stress,0,sha256:acd49d7f6e3e633cb9e24e4f31a698d59c7e8a2578e14056df443689e9c014bb,sensitivity_evaluation,W1,False,A08__QQQM_SMH__er_0.40/stress/W1
OK,2024-03-19,2024-09-18,1000.0,935.631055783735,-64.36894421626505,-64.36894421626505,0.0,-0.06436894421626504,-0.1243557888691943,0.0959677370875136,2024-07-10,2024-09-06,49,0.10626525001346379,-1.1889144221315353,-1.1554019545590333,-1.2958082856095006,3944.7474642098355,6.136989061464989,5.91698906146499,0.22,0.4946447352000001,-64.86358895146495,-2.7008946111445665e-17,26,22,22,1.0,0.20165060860056636,0.20165060860056636,81.86363636363636,74.0,69,52,0.015454097315592108,-0.030515130326656426,0.32015754887151254,0.6798424511284875,,0.019511066911329422,-0.04059936270272024,"{'2024-03': 0.014934900879254531, '2024-04': -0.03736096805113265, '2024-05': 0.019511066911329422, '2024-06': 0.01027809677398328, '2024-07': -0.04059936270272024, '2024-08': -0.027932779898528493, '2024-09': -0.003049048883618566}",{'2024': -0.06436894421626538},935.1605124064349,1034.43267543756,daily_mark_to_market_equity,A08__QQQM_SMH__er_0.40,a,QQQM_SMH,A08,er_0.40,stress,0,sha256:acd49d7f6e3e633cb9e24e4f31a698d59c7e8a2578e14056df443689e9c014bb,sensitivity_evaluation,W2,False,A08__QQQM_SMH__er_0.40/stress/W2
OK,2024-09-19,2025-03-18,1000.0,978.5841731408424,-21.41582685915762,-21.41582685915762,0.0,-0.02141582685915766,-0.04297748411845037,0.04081232610884833,2024-12-16,2025-03-04,61,0.048836538673055645,-0.8838417943394732,-0.9015771131903845,-1.0530515708373853,2277.1892129962926,3.6057426268675,3.4157426268675,0.19000000000000006,0.49774996271,-21.913576821867544,-2.3071962364425765e-15,20,19,19,1.0,0.3992057346122686,0.23287001185715667,49.78947368421053,49.0,53,48,0.009643459815765754,-0.01597301402517981,0.15484308088519605,0.845156919114804,,0.008348587434461097,-0.013101621334857816,"{'2024-09': 0.00020382612696012714, '2024-10': -0.007970516402341699, '2024-11': 0.008348587434461097, '2024-12': -0.0015260039438057538, '2025-01': -0.013101621334857816, '2025-02': -0.005351258933787961, '2025-03': -0.002080588767302105}","{'2024': -0.001011372370224639, '2025': -0.020425111882749425}",978.5841731408424,1020.2217978583948,daily_mark_to_market_equity,A08__QQQM_SMH__er_0.40,a,QQQM_SMH,A08,er_0.40,stress,0,sha256:acd49d7f6e3e633cb9e24e4f31a698d59c7e8a2578e14056df443689e9c014bb,sensitivity_evaluation,W3,False,A08__QQQM_SMH__er_0.40/stress/W3
OK,2025-03-19,2025-09-18,1000.0,1097.3261093569447,97.3261093569447,97.3261093569447,0.0,0.09732610935694463,0.2036663382744488,0.03246808695793979,2025-07-30,2025-08-01,9,0.08157070957586263,2.300552258583893,2.3007262552254875,6.272816089789483,1933.0667416241754,2.988034627755047,2.898034627755047,0.09,0.2313305147,29.31278658774743,67.78199225449755,19,9,9,1.0,,,68.44444444444444,76.0,52,27,0.019757993289570175,-0.017781619058928944,0.38853743147854114,0.6114625685214589,,0.0381898251034678,-0.0007843781369352154,"{'2025-03': 0.0, '2025-04': 0.0, '2025-05': -0.0007843781369352154, '2025-06': 0.02582188157528198, '2025-07': 0.02191492240808146, '2025-08': 0.00905079686500998, '2025-09': 0.0381898251034678}",{'2025': 0.09732610935694419},999.2156218630649,1097.3261093569447,daily_mark_to_market_equity,A08__QQQM_SMH__er_0.40,a,QQQM_SMH,A08,er_0.40,stress,0,sha256:acd49d7f6e3e633cb9e24e4f31a698d59c7e8a2578e14056df443689e9c014bb,sensitivity_evaluation,W4,False,A08__QQQM_SMH__er_0.40/stress/W4
OK,2025-09-19,2026-03-18,1000.0,1022.8936691001202,22.893669100120178,22.893669100120178,0.0,0.02289366910012025,0.047002464627090346,0.05147680556240408,2025-10-29,2025-11-20,95,0.11533990898522513,0.4563036336364826,0.5264439042015214,0.9130804468841874,3469.172070041115,5.463656588960025,5.203656588960025,0.26,0.6294703290799999,20.680390849332145,1.583807921707877,22,26,26,1.0,2.6674718041738847,3.1120504382028655,88.15384615384616,84.0,69,53,0.02517495530794145,-0.03576729201372919,0.37832031737189925,0.6216796826281008,,0.03984766871146306,-0.021714413078302908,"{'2025-09': -0.0004909626931823841, '2025-10': 0.03984766871146306, '2025-11': -0.021714413078302908, '2025-12': -2.2901768146343926e-06, '2026-01': 0.01384371774025217, '2026-02': 0.00042329251468986584, '2026-03': -0.00813041455319985}","{'2025': 0.016766217684268225, '2026': 0.006026411292271661}",985.6614018366275,1047.9041722995325,daily_mark_to_market_equity,A08__QQQM_SMH__er_0.40,a,QQQM_SMH,A08,er_0.40,stress,0,sha256:acd49d7f6e3e633cb9e24e4f31a698d59c7e8a2578e14056df443689e9c014bb,sensitivity_evaluation,W5,False,A08__QQQM_SMH__er_0.40/stress/W5
OK,2026-03-19,2026-09-18,1000.0,1064.703771336789,64.70377133678903,64.70377133678903,0.0,0.06470377133678906,0.1333028773389564,0.08018389472906895,2026-06-22,2026-07-29,62,0.19684718367393367,0.7306296910506609,0.7376040049552658,1.6624644860338806,2876.045773564164,4.524223290860975,4.3142232908609754,0.21000000000000002,0.5024514936500001,64.20131746952067,2.3736185108689724e-06,22,21,21,1.0,2.410223763499419,6.025559408748548,89.0,91.0,72,49,0.03589542707804405,-0.06074450424168709,0.34975999784829703,0.650240002151703,,0.0686178865895124,-0.0650234775375309,"{'2026-03': -0.00754997066649743, '2026-04': 0.03794219366505813, '2026-05': 0.0686178865895124, '2026-06': 0.03130148001566768, '2026-07': -0.0650234775375309, '2026-08': 0.0031705199537839235, '2026-09': -8.420303490708214e-05}",{'2026': 0.06470377133678928},990.374134390255,1147.95894211023,daily_mark_to_market_equity,A08__QQQM_SMH__er_0.40,a,QQQM_SMH,A08,er_0.40,stress,0,sha256:acd49d7f6e3e633cb9e24e4f31a698d59c7e8a2578e14056df443689e9c014bb,sensitivity_evaluation,W6,False,A08__QQQM_SMH__er_0.40/stress/W6
OK,2023-09-19,2024-03-18,1000.0,1276.4188237113258,276.4188237113258,276.4188237113258,0.0,0.27641882371132587,0.6364004614283176,0.06325185225721641,2023-10-11,2023-10-26,24,0.182036977170279,2.795215458176014,4.69748441127361,10.061372730088085,10032.398507730453,5.106047177374313,5.016047177374313,0.08999999999999998,4.5685702387,242.79373410926053,29.05651936336507,12,9,9,1.0,3.5943417195540617,12.580196018439214,15.333333333333334,6.0,62,47,0.048577274304502094,-0.027766194734056726,0.5804681776635248,0.41953182233647524,,0.10105766923557846,-0.022478127189212715,"{'2023-09': 0.00532278295964983, '2023-10': -0.022478127189212715, '2023-11': 0.06143764195009438, '2023-12': 0.05681129328510082, '2024-01': 0.030470021660839786, '2024-02': 0.10105766923557846, '2024-03': 0.02052543397592088}","{'2023': 0.10236125168968035, '2024': 0.1578952196975829}",963.81153646063,1340.8627367413255,daily_mark_to_market_equity,A09__QQQM_SMH__throttle_0.8,a,QQQM_SMH,A09,throttle_0.8,base,0,sha256:acd49d7f6e3e633cb9e24e4f31a698d59c7e8a2578e14056df443689e9c014bb,sensitivity_evaluation,W1,False,A09__QQQM_SMH__throttle_0.8/base/W1
OK,2024-03-19,2024-09-18,1000.0,995.4695143664853,-4.530485633514672,-4.530485633514672,0.0,-0.004530485633514658,-0.00902200428422939,0.15705659952240592,2024-06-18,2024-07-30,63,0.2182384645699191,0.06774764703191762,0.07989678191702207,-0.057444286401618534,8215.772443144406,4.237801343514552,4.107801343514552,0.13,0.0,-0.8275764144148354,-3.702909219099978,15,13,13,1.0,1.591637750937698,0.9947735943360613,47.61538461538461,21.0,60,51,0.03687254476241586,-0.05099302269431483,0.5421567711991382,0.4578432288008618,,0.08419708619271393,-0.08934860317442395,"{'2024-03': 0.0, '2024-04': -0.04888464956249061, '2024-05': 0.08419708619271393, '2024-06': 0.062247878906999565, '2024-07': -0.08934860317442395, '2024-08': 0.03998129460537303, '2024-09': -0.040416041620685905}",{'2024': -0.0045304856335161015},920.8858292800951,1141.2890948575102,daily_mark_to_market_equity,A09__QQQM_SMH__throttle_0.8,a,QQQM_SMH,A09,throttle_0.8,base,0,sha256:acd49d7f6e3e633cb9e24e4f31a698d59c7e8a2578e14056df443689e9c014bb,sensitivity_evaluation,W2,False,A09__QQQM_SMH__throttle_0.8/base/W2
OK,2024-09-19,2025-03-18,1000.0,957.8036176357709,-42.196382364229066,-42.196382364229066,0.0,-0.04219638236422907,-0.08376507278800083,0.0879955973231683,2024-11-07,2025-03-07,87,0.12540018481322737,-0.6418801250609568,-0.7519312837036898,-0.9519234522651098,13237.36331989234,6.7186726741293405,6.618672674129341,0.09999999999999999,0.46555498989999994,-42.661937354129236,0.0,15,10,10,1.0,0.19460756240827948,0.45408431228598545,15.2,15.5,49,46,0.020481307032798934,-0.022910831920347152,0.4749511649446391,0.5250488350553608,,0.017087898601710005,-0.0349533438574714,"{'2024-09': 0.0, '2024-10': -0.0013750811561100695, '2024-11': 0.003130469716221551, '2024-12': 0.017087898601710005, '2025-01': 0.001797149425016853, '2025-02': -0.027633332042598435, '2025-03': -0.0349533438574714}","{'2024': 0.018868904856205626, '2025': -0.05993439090091124}",957.8036176357709,1050.2181950268152,daily_mark_to_market_equity,A09__QQQM_SMH__throttle_0.8,a,QQQM_SMH,A09,throttle_0.8,base,0,sha256:acd49d7f6e3e633cb9e24e4f31a698d59c7e8a2578e14056df443689e9c014bb,sensitivity_evaluation,W3,False,A09__QQQM_SMH__throttle_0.8/base/W3
OK,2025-03-19,2025-09-18,1000.0,1205.9907344137785,205.99073441377845,205.99073441377845,0.0,0.20599073441377835,0.45329763015624613,0.03913864356550323,2025-08-14,2025-09-03,20,0.10684278911420794,3.5338749369662565,4.151270778023502,11.58184313152289,6137.583801741118,3.1086331312219264,3.0686331312219264,0.04,0.0,153.78686206291792,52.203872350860095,6,4,4,1.0,,,22.75,16.5,47,24,0.026569780431155543,-0.019809257421087745,0.38120238838391196,0.618797611616088,,0.09940591684541933,-0.0031054848361675713,"{'2025-03': 0.0, '2025-04': 0.0, '2025-05': 0.0, '2025-06': 0.09940591684541933, '2025-07': 0.037239410023565345, '2025-08': -0.0031054848361675713, '2025-09': 0.060859048901926505}",{'2025': 0.20599073441377858},1000.0,1205.9907344137785,daily_mark_to_market_equity,A09__QQQM_SMH__throttle_0.8,a,QQQM_SMH,A09,throttle_0.8,base,0,sha256:acd49d7f6e3e633cb9e24e4f31a698d59c7e8a2578e14056df443689e9c014bb,sensitivity_evaluation,W4,False,A09__QQQM_SMH__throttle_0.8/base/W4
OK,2025-09-19,2026-03-18,1000.0,1050.6899720795284,50.68997207952839,50.68997207952839,0.0,0.05068997207952841,0.1055426885955506,0.10083481187629162,2025-10-29,2025-12-17,46,0.22134879333814317,0.5641089491752976,0.7712291124552783,1.0466890018601394,8778.13815586223,4.488902310411927,4.388902310411927,0.09999999999999999,2.7343531549400004,54.68813875019369,-6.7325198256055625,13,10,10,1.0,0.9207887244681935,2.1485070237591186,17.0,6.5,58,52,0.03764565628305516,-0.03946442354275426,0.6013206383817669,0.39867936161823314,,0.08592638974455857,-0.05369558692831389,"{'2025-09': 0.0, '2025-10': 0.03550441398564996, '2025-11': -0.05369558692831389, '2025-12': 0.024867867438298052, '2026-01': 0.08592638974455857, '2026-02': -0.011712216065580372, '2026-03': -0.025144882180218153}","{'2025': 0.004270479613680989, '2026': 0.04622210192188869}",941.0476929396102,1117.5085127339205,daily_mark_to_market_equity,A09__QQQM_SMH__throttle_0.8,a,QQQM_SMH,A09,throttle_0.8,base,0,sha256:acd49d7f6e3e633cb9e24e4f31a698d59c7e8a2578e14056df443689e9c014bb,sensitivity_evaluation,W5,False,A09__QQQM_SMH__throttle_0.8/base/W5
OK,2026-03-19,2026-09-18,1000.0,1341.7981823615044,341.79818236150436,341.79818236150436,0.0,0.3417981823615044,0.798254228817485,0.14045093873615,2026-06-03,2026-07-29,74,0.29551218454890776,2.12338087906697,2.64187893378094,5.6835093876950085,9281.14258360254,4.760481562496375,4.640481562496375,0.12,0.0,309.4832501897838,32.31493217172002,13,12,12,1.0,2.5248347627833287,3.53476866789666,57.166666666666664,36.0,68,43,0.059811294588000274,-0.07158920605013597,0.5368981682257136,0.46310183177428643,,0.19172360465303195,-0.07839955894902506,"{'2026-03': 0.005773428177749951, '2026-04': 0.19172360465303195, '2026-05': 0.1341952665212831, '2026-06': 0.02694206530742549, '2026-07': -0.07839955894902506, '2026-08': 0.016296329304696933, '2026-09': 0.026159086114991847}",{'2026': 0.3417981823615044},1000.0,1427.428424192225,daily_mark_to_market_equity,A09__QQQM_SMH__throttle_0.8,a,QQQM_SMH,A09,throttle_0.8,base,0,sha256:acd49d7f6e3e633cb9e24e4f31a698d59c7e8a2578e14056df443689e9c014bb,sensitivity_evaluation,W6,False,A09__QQQM_SMH__throttle_0.8/base/W6
OK,2023-09-19,2024-03-18,1000.0,1264.674442218895,264.6744422188949,264.6744422188949,0.0,0.2646744422188949,0.6061592160342983,0.06355117701278468,2023-10-11,2023-10-26,24,0.18234806114236224,2.688359870996465,4.525152534999164,9.538127294044553,9989.403650876684,15.072749845604902,14.982749845604902,0.08999999999999998,4.5445401745,232.16986055368807,27.96004149070698,12,9,9,1.0,3.1847210979327736,11.146523842764708,19.333333333333332,6.0,65,48,0.04860797148159457,-0.027783921302877657,0.5808240716258503,0.41917592837414974,,0.09956845177632268,-0.023725276310237464,"{'2023-09': 0.004876662558949807, '2023-10': -0.023725276310237464, '2023-11': 0.059121368540706376, '2023-12': 0.05467121236148431, '2024-01': 0.02844017126345344, '2024-02': 0.09956845177632268, '2024-03': 0.020539482658362695}","{'2023': 0.09584120849791922, '2024': 0.1540672429652441}",962.2890665533099,1328.5682275588947,daily_mark_to_market_equity,A09__QQQM_SMH__throttle_0.8,a,QQQM_SMH,A09,throttle_0.8,stress,0,sha256:acd49d7f6e3e633cb9e24e4f31a698d59c7e8a2578e14056df443689e9c014bb,sensitivity_evaluation,W1,False,A09__QQQM_SMH__throttle_0.8/stress/W1
OK,2024-03-19,2024-09-18,1000.0,987.443590273185,-12.55640972681499,-12.55640972681499,0.0,-0.012556409726815043,-0.02490466055466567,0.15922390161787348,2024-06-18,2024-07-30,63,0.2182518490967464,-0.005828386731274302,-0.006888783531304626,-0.15641282685331478,8185.5993751538945,12.40764137681501,12.277641376815009,0.13,0.0,-8.541984813865001,-4.014424912950051,15,13,13,1.0,1.5158953988412134,0.9474346242757584,43.23076923076923,8.0,60,51,0.0361223450334649,-0.0510095003735187,0.5424634978196232,0.4575365021803768,,0.08425551231116346,-0.0919626648389249,"{'2024-03': 0.0, '2024-04': -0.05137993755440984, '2024-05': 0.08425551231116346, '2024-06': 0.06186362292515657, '2024-07': -0.0919626648389249, '2024-08': 0.03934938659158216, '2024-09': -0.04202464106448034}",{'2024': -0.012556409726813933},919.9105924124651,1138.4264979955901,daily_mark_to_market_equity,A09__QQQM_SMH__throttle_0.8,a,QQQM_SMH,A09,throttle_0.8,stress,0,sha256:acd49d7f6e3e633cb9e24e4f31a698d59c7e8a2578e14056df443689e9c014bb,sensitivity_evaluation,W2,False,A09__QQQM_SMH__throttle_0.8/stress/W2
OK,2024-09-19,2025-03-18,1000.0,945.3392439797552,-54.660756020244776,-54.660756020244776,0.0,-0.05466075602024478,-0.10779767922837613,0.09777984922038352,2024-11-07,2025-03-07,87,0.12547310679866136,-0.8552288181690875,-1.0070241335171721,-1.102452909140959,13156.276028458897,19.834334642875245,19.734334642875243,0.09999999999999999,0.46238455262999995,-55.123140572875464,-9.278633517079365e-15,15,10,10,1.0,0.14151544806910152,0.3302027121612369,20.9,20.0,50,47,0.02034854688383092,-0.02291429157138003,0.4751390434257911,0.5248609565742088,,0.013999224605050875,-0.0357552847509498,"{'2024-09': 0.0, '2024-10': -0.002061151068329936, '2024-11': -0.000524267824250968, '2024-12': 0.013999224605050875, '2025-01': -0.001412748344662873, '2025-02': -0.029265206103987085, '2025-03': -0.0357552847509498}","{'2024': 0.011378707575375069, '2025': -0.06529647411100703}",945.3392439797552,1047.7922081022898,daily_mark_to_market_equity,A09__QQQM_SMH__throttle_0.8,a,QQQM_SMH,A09,throttle_0.8,stress,0,sha256:acd49d7f6e3e633cb9e24e4f31a698d59c7e8a2578e14056df443689e9c014bb,sensitivity_evaluation,W3,False,A09__QQQM_SMH__throttle_0.8/stress/W3
OK,2025-03-19,2025-09-18,1000.0,1199.5810498637297,199.58104986372973,199.58104986372973,0.0,0.19958104986372982,0.437921909719422,0.040632856025320296,2025-08-14,2025-09-03,21,0.10683312806029457,3.435065157268684,4.039436228820239,10.777532089955274,6124.91999783215,9.225959266270154,9.185959266270155,0.04,0.0,148.4084170817,51.17263278203,6,4,4,1.0,,,22.75,16.5,47,24,0.0265876955997717,-0.019822734064663505,0.38146198023073835,0.6185380197692616,,0.09871984693626046,-0.005452483143930986,"{'2025-03': 0.0, '2025-04': 0.0, '2025-05': 0.0, '2025-06': 0.09871984693626046, '2025-07': 0.03650980197643339, '2025-08': -0.005452483143930986, '2025-09': 0.05911635878222321}",{'2025': 0.19958104986372915},1000.0,1199.5810498637297,daily_mark_to_market_equity,A09__QQQM_SMH__throttle_0.8,a,QQQM_SMH,A09,throttle_0.8,stress,0,sha256:acd49d7f6e3e633cb9e24e4f31a698d59c7e8a2578e14056df443689e9c014bb,sensitivity_evaluation,W4,False,A09__QQQM_SMH__throttle_0.8/stress/W4
OK,2025-09-19,2026-03-18,1000.0,1041.7532469010048,41.753246901004786,41.753246901004786,0.0,0.04175324690100468,0.08654537440507126,0.10266810879314592,2025-10-29,2025-12-17,46,0.2216750939019386,0.485265962372402,0.6710217922604015,0.8429625851922676,8744.988256975426,13.21599320699523,13.115993206995231,0.09999999999999999,2.7270658780000003,46.428442064309785,-7.402261041304916,13,10,10,1.0,0.8194056540401072,1.9119465260935833,17.0,6.5,57,50,0.03769281947490799,-0.03949158495898175,0.601807786862875,0.39819221313712505,,0.08536374880351372,-0.05467043766092039,"{'2025-09': 0.0, '2025-10': 0.034523686785274954, '2025-11': -0.05467043766092039, '2025-12': 0.022157686633384355, '2026-01': 0.08536374880351372, '2026-02': -0.013101578809727621, '2026-03': -0.027083610678619308}","{'2025': -0.0003647156742251356, '2026': 0.04213332926081814}",938.2489645018998,1111.8065977720896,daily_mark_to_market_equity,A09__QQQM_SMH__throttle_0.8,a,QQQM_SMH,A09,throttle_0.8,stress,0,sha256:acd49d7f6e3e633cb9e24e4f31a698d59c7e8a2578e14056df443689e9c014bb,sensitivity_evaluation,W5,False,A09__QQQM_SMH__throttle_0.8/stress/W5
OK,2026-03-19,2026-09-18,1000.0,1332.3143523456865,332.31435234568653,332.31435234568653,0.0,0.3323143523456866,0.7729754802888424,0.14364529519126767,2026-06-03,2026-07-29,74,0.29591357684904457,2.0732291152378015,2.5929464144305743,5.381140254260359,9252.887841113885,13.998533733313742,13.878533733313743,0.12,0.0,300.8733494015264,31.44100294415989,13,12,12,1.0,2.4278938980384948,3.3990514572538935,57.166666666666664,36.0,69,42,0.05982313473651546,-0.07162418364658774,0.5371779605954674,0.4628220394045326,,0.19085968623152927,-0.08008616708167693,"{'2026-03': 0.0056264135332499965, '2026-04': 0.19085968623152927, '2026-05': 0.1342723669576551, '2026-06': 0.025062446515654146, '2026-07': -0.08008616708167693, '2026-08': 0.014358867664682196, '2026-09': 0.02542283867545181}",{'2026': 0.33231435234568885},1000.0,1426.316492946345,daily_mark_to_market_equity,A09__QQQM_SMH__throttle_0.8,a,QQQM_SMH,A09,throttle_0.8,stress,0,sha256:acd49d7f6e3e633cb9e24e4f31a698d59c7e8a2578e14056df443689e9c014bb,sensitivity_evaluation,W6,False,A09__QQQM_SMH__throttle_0.8/stress/W6
OK,2023-09-19,2024-03-18,1000.0,1276.4188237113258,276.4188237113258,276.4188237113258,0.0,0.27641882371132587,0.6364004614283176,0.06325185225721641,2023-10-11,2023-10-26,24,0.182036977170279,2.795215458176014,4.69748441127361,10.061372730088085,10032.398507730453,5.106047177374313,5.016047177374313,0.08999999999999998,4.5685702387,242.79373410926053,29.05651936336507,12,9,9,1.0,3.5943417195540617,12.580196018439214,15.333333333333334,6.0,62,47,0.048577274304502094,-0.027766194734056726,0.5804681776635248,0.41953182233647524,,0.10105766923557846,-0.022478127189212715,"{'2023-09': 0.00532278295964983, '2023-10': -0.022478127189212715, '2023-11': 0.06143764195009438, '2023-12': 0.05681129328510082, '2024-01': 0.030470021660839786, '2024-02': 0.10105766923557846, '2024-03': 0.02052543397592088}","{'2023': 0.10236125168968035, '2024': 0.1578952196975829}",963.81153646063,1340.8627367413255,daily_mark_to_market_equity,A09__QQQM_SMH__throttle_1.2,a,QQQM_SMH,A09,throttle_1.2,base,0,sha256:acd49d7f6e3e633cb9e24e4f31a698d59c7e8a2578e14056df443689e9c014bb,sensitivity_evaluation,W1,False,A09__QQQM_SMH__throttle_1.2/base/W1
OK,2024-03-19,2024-09-18,1000.0,1011.4301538795605,11.430153879560521,11.430153879560521,0.0,0.011430153879560478,0.022943307192847096,0.1570563627216135,2024-06-18,2024-07-30,63,0.22492406472220566,0.21259076157626042,0.2566469633243353,0.14608327096887316,9613.862572830669,4.936805890439437,4.8068058904394375,0.13,0.0,17.08408818148546,-5.65393430192497,17,13,13,1.0,1.294351399344563,1.1094440565810542,18.46153846153846,8.0,59,51,0.036872722456386064,-0.05099303669369337,0.571581248891716,0.428418751108284,,0.08419708772312506,-0.08934826153526065,"{'2024-03': 0.0, '2024-04': -0.040907841069890316, '2024-05': 0.08419708772312506, '2024-06': 0.062247962563698245, '2024-07': -0.08934826153526065, '2024-08': 0.046215864125547235, '2024-09': -0.03890173892894355}",{'2024': 0.011430153879560478},920.8858292800951,1150.8608548501102,daily_mark_to_market_equity,A09__QQQM_SMH__throttle_1.2,a,QQQM_SMH,A09,throttle_1.2,base,0,sha256:acd49d7f6e3e633cb9e24e4f31a698d59c7e8a2578e14056df443689e9c014bb,sensitivity_evaluation,W2,False,A09__QQQM_SMH__throttle_1.2/base/W2
OK,2024-09-19,2025-03-18,1000.0,957.8036176357709,-42.196382364229066,-42.196382364229066,0.0,-0.04219638236422907,-0.08376507278800083,0.0879955973231683,2024-11-07,2025-03-07,87,0.12540018481322737,-0.6418801250609568,-0.7519312837036898,-0.9519234522651098,13237.36331989234,6.7186726741293405,6.618672674129341,0.09999999999999999,0.46555498989999994,-42.661937354129236,0.0,15,10,10,1.0,0.19460756240827948,0.45408431228598545,15.2,15.5,49,46,0.020481307032798934,-0.022910831920347152,0.4749511649446391,0.5250488350553608,,0.017087898601710005,-0.0349533438574714,"{'2024-09': 0.0, '2024-10': -0.0013750811561100695, '2024-11': 0.003130469716221551, '2024-12': 0.017087898601710005, '2025-01': 0.001797149425016853, '2025-02': -0.027633332042598435, '2025-03': -0.0349533438574714}","{'2024': 0.018868904856205626, '2025': -0.05993439090091124}",957.8036176357709,1050.2181950268152,daily_mark_to_market_equity,A09__QQQM_SMH__throttle_1.2,a,QQQM_SMH,A09,throttle_1.2,base,0,sha256:acd49d7f6e3e633cb9e24e4f31a698d59c7e8a2578e14056df443689e9c014bb,sensitivity_evaluation,W3,False,A09__QQQM_SMH__throttle_1.2/base/W3
OK,2025-03-19,2025-09-18,1000.0,1205.9907344137785,205.99073441377845,205.99073441377845,0.0,0.20599073441377835,0.45329763015624613,0.03913864356550323,2025-08-14,2025-09-03,20,0.10684278911420794,3.5338749369662565,4.151270778023502,11.58184313152289,6137.583801741118,3.1086331312219264,3.0686331312219264,0.04,0.0,153.78686206291792,52.203872350860095,6,4,4,1.0,,,22.75,16.5,47,24,0.026569780431155543,-0.019809257421087745,0.38120238838391196,0.618797611616088,,0.09940591684541933,-0.0031054848361675713,"{'2025-03': 0.0, '2025-04': 0.0, '2025-05': 0.0, '2025-06': 0.09940591684541933, '2025-07': 0.037239410023565345, '2025-08': -0.0031054848361675713, '2025-09': 0.060859048901926505}",{'2025': 0.20599073441377858},1000.0,1205.9907344137785,daily_mark_to_market_equity,A09__QQQM_SMH__throttle_1.2,a,QQQM_SMH,A09,throttle_1.2,base,0,sha256:acd49d7f6e3e633cb9e24e4f31a698d59c7e8a2578e14056df443689e9c014bb,sensitivity_evaluation,W4,False,A09__QQQM_SMH__throttle_1.2/base/W4
OK,2025-09-19,2026-03-18,1000.0,1050.6899720795284,50.68997207952839,50.68997207952839,0.0,0.05068997207952841,0.1055426885955506,0.10083481187629162,2025-10-29,2025-12-17,46,0.22134879333814317,0.5641089491752976,0.7712291124552783,1.0466890018601394,8778.13815586223,4.488902310411927,4.388902310411927,0.09999999999999999,2.7343531549400004,54.68813875019369,-6.7325198256055625,13,10,10,1.0,0.9207887244681935,2.1485070237591186,17.0,6.5,58,52,0.03764565628305516,-0.03946442354275426,0.6013206383817669,0.39867936161823314,,0.08592638974455857,-0.05369558692831389,"{'2025-09': 0.0, '2025-10': 0.03550441398564996, '2025-11': -0.05369558692831389, '2025-12': 0.024867867438298052, '2026-01': 0.08592638974455857, '2026-02': -0.011712216065580372, '2026-03': -0.025144882180218153}","{'2025': 0.004270479613680989, '2026': 0.04622210192188869}",941.0476929396102,1117.5085127339205,daily_mark_to_market_equity,A09__QQQM_SMH__throttle_1.2,a,QQQM_SMH,A09,throttle_1.2,base,0,sha256:acd49d7f6e3e633cb9e24e4f31a698d59c7e8a2578e14056df443689e9c014bb,sensitivity_evaluation,W5,False,A09__QQQM_SMH__throttle_1.2/base/W5
OK,2026-03-19,2026-09-18,1000.0,1330.0264798094663,330.0264798094663,330.0264798094663,0.0,0.3300264798094663,0.7669039877919495,0.14014352979191846,2026-06-03,2026-07-29,74,0.3047551260296008,2.0105915608140337,2.5548979770923292,5.472275380323508,10042.92332605522,5.151371750534344,5.021371750534344,0.13,0.0,304.939946640509,25.086533168956862,13,13,13,1.0,2.9130494905627717,3.3985577389899007,66.23076923076923,66.0,71,41,0.059811294588000274,-0.07158920605013597,0.571725701114307,0.428274298885693,,0.19172360465303195,-0.0780699421673513,"{'2026-03': 0.005773428177749951, '2026-04': 0.19172360465303195, '2026-05': 0.1341952665212831, '2026-06': 0.02694206530742549, '2026-07': -0.0780699421673513, '2026-08': 0.0142914887453518, '2026-09': 0.018802632267828967}",{'2026': 0.33002647980946587},1000.0,1427.428424192225,daily_mark_to_market_equity,A09__QQQM_SMH__throttle_1.2,a,QQQM_SMH,A09,throttle_1.2,base,0,sha256:acd49d7f6e3e633cb9e24e4f31a698d59c7e8a2578e14056df443689e9c014bb,sensitivity_evaluation,W6,False,A09__QQQM_SMH__throttle_1.2/base/W6
OK,2023-09-19,2024-03-18,1000.0,1264.674442218895,264.6744422188949,264.6744422188949,0.0,0.2646744422188949,0.6061592160342983,0.06355117701278468,2023-10-11,2023-10-26,24,0.18234806114236224,2.688359870996465,4.525152534999164,9.538127294044553,9989.403650876684,15.072749845604902,14.982749845604902,0.08999999999999998,4.5445401745,232.16986055368807,27.96004149070698,12,9,9,1.0,3.1847210979327736,11.146523842764708,19.333333333333332,6.0,65,48,0.04860797148159457,-0.027783921302877657,0.5808240716258503,0.41917592837414974,,0.09956845177632268,-0.023725276310237464,"{'2023-09': 0.004876662558949807, '2023-10': -0.023725276310237464, '2023-11': 0.059121368540706376, '2023-12': 0.05467121236148431, '2024-01': 0.02844017126345344, '2024-02': 0.09956845177632268, '2024-03': 0.020539482658362695}","{'2023': 0.09584120849791922, '2024': 0.1540672429652441}",962.2890665533099,1328.5682275588947,daily_mark_to_market_equity,A09__QQQM_SMH__throttle_1.2,a,QQQM_SMH,A09,throttle_1.2,stress,0,sha256:acd49d7f6e3e633cb9e24e4f31a698d59c7e8a2578e14056df443689e9c014bb,sensitivity_evaluation,W1,False,A09__QQQM_SMH__throttle_1.2/stress/W1
OK,2024-03-19,2024-09-18,1000.0,1001.9496442352649,1.949644235264941,1.949644235264941,0.0,0.0019496442352648913,0.0038950758923175233,0.15922367419581085,2024-06-18,2024-07-30,63,0.2249023378443011,0.12950343858444552,0.15679253269677615,0.024462919298843828,9571.118865887605,14.485560214735038,14.355560214735037,0.13,0.0,8.072186845064785,-6.122542609800082,17,13,13,1.0,1.2253231097759796,1.050276951236554,16.307692307692307,8.0,59,51,0.03612250730118349,-0.05100951603189485,0.5718820637414779,0.4281179362585221,,0.08425552855814522,-0.09196233762146733,"{'2024-03': 0.0, '2024-04': -0.04378969559959989, '2024-05': 0.08425552855814522, '2024-06': 0.061863712026021034, '2024-07': -0.09196233762146733, '2024-08': 0.04522235434932309, '2024-09': -0.041086352505810275}",{'2024': 0.0019496442352666676},919.9105924124651,1147.5354847304002,daily_mark_to_market_equity,A09__QQQM_SMH__throttle_1.2,a,QQQM_SMH,A09,throttle_1.2,stress,0,sha256:acd49d7f6e3e633cb9e24e4f31a698d59c7e8a2578e14056df443689e9c014bb,sensitivity_evaluation,W2,False,A09__QQQM_SMH__throttle_1.2/stress/W2
OK,2024-09-19,2025-03-18,1000.0,945.3392439797552,-54.660756020244776,-54.660756020244776,0.0,-0.05466075602024478,-0.10779767922837613,0.09777984922038352,2024-11-07,2025-03-07,87,0.12547310679866136,-0.8552288181690875,-1.0070241335171721,-1.102452909140959,13156.276028458897,19.834334642875245,19.734334642875243,0.09999999999999999,0.46238455262999995,-55.123140572875464,-9.278633517079365e-15,15,10,10,1.0,0.14151544806910152,0.3302027121612369,20.9,20.0,50,47,0.02034854688383092,-0.02291429157138003,0.4751390434257911,0.5248609565742088,,0.013999224605050875,-0.0357552847509498,"{'2024-09': 0.0, '2024-10': -0.002061151068329936, '2024-11': -0.000524267824250968, '2024-12': 0.013999224605050875, '2025-01': -0.001412748344662873, '2025-02': -0.029265206103987085, '2025-03': -0.0357552847509498}","{'2024': 0.011378707575375069, '2025': -0.06529647411100703}",945.3392439797552,1047.7922081022898,daily_mark_to_market_equity,A09__QQQM_SMH__throttle_1.2,a,QQQM_SMH,A09,throttle_1.2,stress,0,sha256:acd49d7f6e3e633cb9e24e4f31a698d59c7e8a2578e14056df443689e9c014bb,sensitivity_evaluation,W3,False,A09__QQQM_SMH__throttle_1.2/stress/W3
OK,2025-03-19,2025-09-18,1000.0,1199.5810498637297,199.58104986372973,199.58104986372973,0.0,0.19958104986372982,0.437921909719422,0.040632856025320296,2025-08-14,2025-09-03,21,0.10683312806029457,3.435065157268684,4.039436228820239,10.777532089955274,6124.91999783215,9.225959266270154,9.185959266270155,0.04,0.0,148.4084170817,51.17263278203,6,4,4,1.0,,,22.75,16.5,47,24,0.0265876955997717,-0.019822734064663505,0.38146198023073835,0.6185380197692616,,0.09871984693626046,-0.005452483143930986,"{'2025-03': 0.0, '2025-04': 0.0, '2025-05': 0.0, '2025-06': 0.09871984693626046, '2025-07': 0.03650980197643339, '2025-08': -0.005452483143930986, '2025-09': 0.05911635878222321}",{'2025': 0.19958104986372915},1000.0,1199.5810498637297,daily_mark_to_market_equity,A09__QQQM_SMH__throttle_1.2,a,QQQM_SMH,A09,throttle_1.2,stress,0,sha256:acd49d7f6e3e633cb9e24e4f31a698d59c7e8a2578e14056df443689e9c014bb,sensitivity_evaluation,W4,False,A09__QQQM_SMH__throttle_1.2/stress/W4
OK,2025-09-19,2026-03-18,1000.0,1041.7532469010048,41.753246901004786,41.753246901004786,0.0,0.04175324690100468,0.08654537440507126,0.10266810879314592,2025-10-29,2025-12-17,46,0.2216750939019386,0.485265962372402,0.6710217922604015,0.8429625851922676,8744.988256975426,13.21599320699523,13.115993206995231,0.09999999999999999,2.7270658780000003,46.428442064309785,-7.402261041304916,13,10,10,1.0,0.8194056540401072,1.9119465260935833,17.0,6.5,57,50,0.03769281947490799,-0.03949158495898175,0.601807786862875,0.39819221313712505,,0.08536374880351372,-0.05467043766092039,"{'2025-09': 0.0, '2025-10': 0.034523686785274954, '2025-11': -0.05467043766092039, '2025-12': 0.022157686633384355, '2026-01': 0.08536374880351372, '2026-02': -0.013101578809727621, '2026-03': -0.027083610678619308}","{'2025': -0.0003647156742251356, '2026': 0.04213332926081814}",938.2489645018998,1111.8065977720896,daily_mark_to_market_equity,A09__QQQM_SMH__throttle_1.2,a,QQQM_SMH,A09,throttle_1.2,stress,0,sha256:acd49d7f6e3e633cb9e24e4f31a698d59c7e8a2578e14056df443689e9c014bb,sensitivity_evaluation,W5,False,A09__QQQM_SMH__throttle_1.2/stress/W5
OK,2026-03-19,2026-09-18,1000.0,1319.8478772769195,319.84787727691946,319.84787727691946,0.0,0.31984787727691955,0.7400182615142801,0.14319492925069066,2026-06-03,2026-07-29,74,0.30516330609348397,1.9582443934319032,2.492868678097807,5.167908286883076,10009.669227325205,15.143705587081277,15.013705587081276,0.13,0.0,295.59762034535737,24.25025693156154,13,13,13,1.0,2.7897787366997995,3.2547418594830995,54.92307692307692,14.0,71,42,0.05982313473651546,-0.07162418364658774,0.5720445050149342,0.4279554949850658,,0.19085968623152927,-0.07960239569945937,"{'2026-03': 0.0056264135332499965, '2026-04': 0.19085968623152927, '2026-05': 0.1342723669576551, '2026-06': 0.025062446515654146, '2026-07': -0.07960239569945937, '2026-08': 0.011928360400220495, '2026-09': 0.01773261017366834}",{'2026': 0.3198478772769211},1000.0,1426.316492946345,daily_mark_to_market_equity,A09__QQQM_SMH__throttle_1.2,a,QQQM_SMH,A09,throttle_1.2,stress,0,sha256:acd49d7f6e3e633cb9e24e4f31a698d59c7e8a2578e14056df443689e9c014bb,sensitivity_evaluation,W6,False,A09__QQQM_SMH__throttle_1.2/stress/W6
OK,2023-09-19,2024-03-18,1000.0,1287.3728721781304,287.37287217813036,287.37287217813036,0.0,0.28737287217813035,0.66486313258926,0.06035528782170563,2023-10-11,2023-10-26,27,0.1814584120294085,2.8986875033007404,4.742771077154123,11.015822417305326,5502.36881515516,2.86103265086964,2.7510326508696403,0.10999999999999999,4.603802029,55.913902660860174,226.85516748826998,15,11,11,1.0,1.7322028349863128,4.619207559963501,32.81818181818182,28.0,70,51,0.0518152508983567,-0.027760199208855196,0.6141503172233235,0.38584968277667653,,0.10394829677394957,-0.026449078539773074,"{'2023-09': 0.007541902846330162, '2023-10': -0.026449078539773074, '2023-11': 0.039837692584107076, '2023-12': 0.0684920746283475, '2024-01': 0.048516232260083614, '2024-02': 0.10394829677394957, '2024-03': 0.020520682687289682}","{'2023': 0.0898297284150753, '2024': 0.18126055714257228}",962.7386940247952,1352.3550907381305,daily_mark_to_market_equity,A10__QQQM_SMH__trend_share_0.70,a,QQQM_SMH,A10,trend_share_0.70,base,0,sha256:acd49d7f6e3e633cb9e24e4f31a698d59c7e8a2578e14056df443689e9c014bb,sensitivity_evaluation,W1,False,A10__QQQM_SMH__trend_share_0.70/base/W1
OK,2024-03-19,2024-09-18,1000.0,1028.9474471294952,28.94744712949523,28.94744712949523,0.0,0.028947447129495263,0.058609034854967934,0.18697721522718147,2024-07-10,2024-08-07,49,0.268161657823052,0.344557918103186,0.4420297629021115,0.31345549126804917,5195.827096626885,2.7177937805046395,2.5977937805046394,0.12000000000000001,0.0,13.399596668214192,15.547850461280946,12,12,12,1.0,0.6731231273754591,1.3462462547509182,50.916666666666664,18.5,66,52,0.06278990032682441,-0.0504384342312133,0.6564270077574608,0.34357299224253923,,0.07499452475884016,-0.04967939534928001,"{'2024-03': 0.0, '2024-04': -0.026993791581720217, '2024-05': 0.07499452475884016, '2024-06': 0.0619678950614313, '2024-07': -0.04967939534928001, '2024-08': -0.002224398651858195, '2024-09': -0.02308468677599307}",{'2024': 0.02894744712949504},912.1808185452052,1173.306987426175,daily_mark_to_market_equity,A10__QQQM_SMH__trend_share_0.70,a,QQQM_SMH,A10,trend_share_0.70,base,0,sha256:acd49d7f6e3e633cb9e24e4f31a698d59c7e8a2578e14056df443689e9c014bb,sensitivity_evaluation,W2,False,A10__QQQM_SMH__trend_share_0.70/base/W2
OK,2024-09-19,2025-03-18,1000.0,999.4292093370157,-0.5707906629843364,-0.5707906629843364,0.0,-0.0005707906629843773,-0.0011578891944640235,0.0736820355530664,2025-02-19,2025-03-07,19,0.11908429970893122,0.049369439613809386,0.06168429207996637,-0.015714674354104972,8750.803930568496,4.515402637514511,4.375402637514512,0.14,1.2556889645299998,-1.8264796275144377,0.0,16,14,14,1.0,0.2629567807484213,0.9641748627442114,35.642857142857146,31.0,53,53,0.019878631887183307,-0.02785523485911645,0.4946278775842743,0.5053721224157257,,0.037313091771256524,-0.031098629703678937,"{'2024-09': 0.0, '2024-10': -0.00029927455259026736, '2024-11': -0.009357463265177057, '2024-12': 0.02857785193529594, '2025-01': 0.037313091771256524, '2025-02': -0.023800769570761604, '2025-03': -0.031098629703678937}","{'2024': 0.018648025775489963, '2025': -0.018866984426581968}",977.8200122563651,1078.9267267786756,daily_mark_to_market_equity,A10__QQQM_SMH__trend_share_0.70,a,QQQM_SMH,A10,trend_share_0.70,base,0,sha256:acd49d7f6e3e633cb9e24e4f31a698d59c7e8a2578e14056df443689e9c014bb,sensitivity_evaluation,W3,False,A10__QQQM_SMH__trend_share_0.70/base/W3
OK,2025-03-19,2025-09-18,1000.0,1221.393457966023,221.3934579660231,221.3934579660231,0.0,0.22139345796602306,0.49057973817638745,0.034758612470768835,2025-08-14,2025-08-21,18,0.11672190925242157,3.4602216461003854,4.324035789950308,14.113904534853148,2388.045930154942,1.2438635189773417,1.1938635189773417,0.05,0.0,72.88657029321708,148.50688767280582,6,5,5,1.0,,,48.8,56.0,50,25,0.02674406563139753,-0.020027883756573273,0.4326232958629652,0.5673767041370348,,0.10041000668154032,0.0,"{'2025-03': 0.0, '2025-04': 0.0, '2025-05': 0.0, '2025-06': 0.10041000668154032, '2025-07': 0.029550427892310882, '2025-08': 0.010183060992683401, '2025-09': 0.06721851993678807}",{'2025': 0.22139345796602306},1000.0,1221.393457966023,daily_mark_to_market_equity,A10__QQQM_SMH__trend_share_0.70,a,QQQM_SMH,A10,trend_share_0.70,base,0,sha256:acd49d7f6e3e633cb9e24e4f31a698d59c7e8a2578e14056df443689e9c014bb,sensitivity_evaluation,W4,False,A10__QQQM_SMH__trend_share_0.70/base/W4
OK,2025-09-19,2026-03-18,1000.0,1130.3148827963305,130.3148827963305,130.3148827963305,0.0,0.13031488279633052,0.2821845588838445,0.09117177547227795,2025-10-29,2025-11-20,27,0.23492603866087197,1.1768664961206359,1.6296637752474747,3.0950868009546078,4768.7275343478805,2.504255292239797,2.384255292239797,0.12,2.87359991857,84.04820106534574,43.39308181241468,12,12,12,1.0,4.355882454271906,47.91470699699096,51.333333333333336,7.0,63,52,0.04888025193729906,-0.04010008456522063,0.6864987380980463,0.3135012619019537,,0.08477397494050742,-0.023215307565239263,"{'2025-09': 0.0, '2025-10': 0.04895733006035008, '2025-11': -0.019682092285838837, '2025-12': 0.02073379157287003, '2026-01': 0.08477397494050742, '2026-02': 0.01630507196033837, '2026-03': -0.023215307565239263}","{'2025': 0.049632454614705335, '2026': 0.07686731467468033}",963.6873385215001,1196.6342382551604,daily_mark_to_market_equity,A10__QQQM_SMH__trend_share_0.70,a,QQQM_SMH,A10,trend_share_0.70,base,0,sha256:acd49d7f6e3e633cb9e24e4f31a698d59c7e8a2578e14056df443689e9c014bb,sensitivity_evaluation,W5,False,A10__QQQM_SMH__trend_share_0.70/base/W5
OK,2026-03-19,2026-09-18,1000.0,1324.0254320055874,324.0254320055874,324.0254320055874,0.0,0.3240254320055873,0.7510279533267732,0.190246666316081,2026-06-22,2026-07-29,62,0.3235549151484992,1.8838092955632637,2.602662870018827,3.9476536849218418,5064.293551402961,2.632063070412786,2.5320630704127858,0.09999999999999999,0.0,232.60028573449958,91.42514627108766,12,10,10,1.0,32.34549291561063,129.3819716624425,62.7,41.0,74,45,0.0631329209481617,-0.06974074316960943,0.6486330925113931,0.3513669074886069,,0.171900033942195,-0.12388369866659665,"{'2026-03': 0.009719588782222344, '2026-04': 0.171900033942195, '2026-05': 0.1301394976073338, '2026-06': 0.07166373837008222, '2026-07': -0.12388369866659665, '2026-08': 0.038557362549392904, '2026-09': 0.015364883732152279}",{'2026': 0.3240254320055882},1000.0,1453.2453932397498,daily_mark_to_market_equity,A10__QQQM_SMH__trend_share_0.70,a,QQQM_SMH,A10,trend_share_0.70,base,0,sha256:acd49d7f6e3e633cb9e24e4f31a698d59c7e8a2578e14056df443689e9c014bb,sensitivity_evaluation,W6,False,A10__QQQM_SMH__trend_share_0.70/base/W6
OK,2023-09-19,2024-03-18,1000.0,1280.531070610205,280.531070610205,280.531070610205,0.0,0.2805310706102051,0.6470565740380254,0.06084938920149263,2023-10-11,2023-10-26,28,0.18154976479289725,2.8380346209916234,4.652663012178788,10.633739837476513,5488.768697306735,8.34179437179508,8.23179437179508,0.10999999999999999,4.584710192000001,50.860341024358966,225.08601939384565,15,11,11,1.0,1.5020527268765156,4.005473938337375,48.54545454545455,30.0,70,51,0.051603677149412164,-0.027767058488446072,0.6142326305058953,0.38576736949410473,,0.10344595187196015,-0.027904197820486365,"{'2023-09': 0.006786362436629778, '2023-10': -0.027904197820486365, '2023-11': 0.03801005127768131, '2023-12': 0.06818642717370182, '2024-01': 0.047900203281122655, '2024-02': 0.10344595187196015, '2024-03': 0.020526118489673673}","{'2023': 0.08516307133407519, '2024': 0.18003561348245034}",960.80558991975,1345.1847157502048,daily_mark_to_market_equity,A10__QQQM_SMH__trend_share_0.70,a,QQQM_SMH,A10,trend_share_0.70,stress,0,sha256:acd49d7f6e3e633cb9e24e4f31a698d59c7e8a2578e14056df443689e9c014bb,sensitivity_evaluation,W1,False,A10__QQQM_SMH__trend_share_0.70/stress/W1
OK,2024-03-19,2024-09-18,1000.0,1023.6953514358552,23.695351435855173,23.695351435855173,0.0,0.023695351435855105,0.04785159555569307,0.18763450280812333,2024-07-10,2024-08-07,49,0.26807403107247,0.3067057806035952,0.39373878122534156,0.25502556747053357,5184.2204883258255,7.895258234145078,7.7752582341450776,0.12000000000000001,0.0,8.719551323899335,14.975800111955563,12,12,12,1.0,0.6076827257689296,1.2153654515378591,50.916666666666664,18.5,66,52,0.0624736532627761,-0.050453138511090345,0.6566430152942525,0.3433569847057475,,0.0745825105738609,-0.0504037104610181,"{'2024-03': 0.0, '2024-04': -0.02861157594658481, '2024-05': 0.0745825105738609, '2024-06': 0.061542007832318335, '2024-07': -0.0504037104610181, '2024-08': -0.002662430563570073, '2024-09': -0.02451708696089372}",{'2024': 0.023695351435855994},910.9316414489651,1170.280204854085,daily_mark_to_market_equity,A10__QQQM_SMH__trend_share_0.70,a,QQQM_SMH,A10,trend_share_0.70,stress,0,sha256:acd49d7f6e3e633cb9e24e4f31a698d59c7e8a2578e14056df443689e9c014bb,sensitivity_evaluation,W2,False,A10__QQQM_SMH__trend_share_0.70/stress/W2
OK,2024-09-19,2025-03-18,1000.0,990.8820419499677,-9.117958050032257,-9.117958050032257,0.0,-0.009117958050032238,-0.018415054483823523,0.07458845660377167,2025-02-19,2025-03-07,19,0.11900036707905906,-0.09854150286730132,-0.12390162874474543,-0.24688879918306741,8716.567355328969,13.214857438152547,13.074857438152547,0.14,1.25016203312,-10.368120083152398,-3.2356265237621323e-14,16,14,14,1.0,0.32351046161316427,0.8087761540329107,70.0,68.0,53,53,0.019881529797505015,-0.02787428398795755,0.49476302853182785,0.5052369714681721,,0.03550694986233127,-0.031810274851081455,"{'2024-09': 0.0, '2024-10': -0.000983391596750094, '2024-11': -0.011759179406312548, '2024-12': 0.02619855934519988, '2025-01': 0.03550694986233127, '2025-02': -0.02446788261653321, '2025-03': -0.031810274851081455}","{'2024': 0.01313401817466553, '2025': -0.021963507122964576}",975.2830749451499,1070.7474409855154,daily_mark_to_market_equity,A10__QQQM_SMH__trend_share_0.70,a,QQQM_SMH,A10,trend_share_0.70,stress,0,sha256:acd49d7f6e3e633cb9e24e4f31a698d59c7e8a2578e14056df443689e9c014bb,sensitivity_evaluation,W3,False,A10__QQQM_SMH__trend_share_0.70/stress/W3
OK,2025-03-19,2025-09-18,1000.0,1218.8381772371204,218.83817723712036,218.83817723712036,0.0,0.2188381772371204,0.48436211054591394,0.03507253255464282,2025-08-14,2025-08-21,18,0.11657141616807924,3.428837091240054,4.248834399911925,13.810297553827352,2385.80608401574,3.627277492880056,3.5772774928800564,0.05,0.0,71.22750386920495,147.6106733679152,6,5,5,1.0,,,48.8,56.0,49,26,0.0267480703088252,-0.02003383157780958,0.4328063247778323,0.5671936752221677,,0.0997170068446196,0.0,"{'2025-03': 0.0, '2025-04': 0.0, '2025-05': 0.0, '2025-06': 0.0997170068446196, '2025-07': 0.029281986101739488, '2025-08': 0.00926722317606643, '2025-09': 0.06690209074353803}",{'2025': 0.2188381772371204},1000.0,1218.8381772371204,daily_mark_to_market_equity,A10__QQQM_SMH__trend_share_0.70,a,QQQM_SMH,A10,trend_share_0.70,stress,0,sha256:acd49d7f6e3e633cb9e24e4f31a698d59c7e8a2578e14056df443689e9c014bb,sensitivity_evaluation,W4,False,A10__QQQM_SMH__trend_share_0.70/stress/W4
OK,2025-09-19,2026-03-18,1000.0,1125.2993397059422,125.2993397059422,125.2993397059422,0.0,0.1252993397059421,0.2706661089038527,0.09150568790077773,2025-10-29,2025-11-20,27,0.2350632245761524,1.1378324719931487,1.5799170059872762,2.957915678393061,4758.530770996627,7.256824003897557,7.136824003897557,0.12,2.8690985648400003,79.680165252909,42.75007588819335,12,12,12,1.0,7.790527923222887,38.95263961611443,51.333333333333336,7.0,63,52,0.04889538081247902,-0.04012759103876107,0.6868548796886502,0.3131451203113498,,0.0841830274237041,-0.02433566398715481,"{'2025-09': 0.0, '2025-10': 0.04797333920944946, '2025-11': -0.020299530155994172, '2025-12': 0.020161303228451555, '2026-01': 0.0841830274237041, '2026-02': 0.015670019495744203, '2026-03': -0.02433566398715481}","{'2025': 0.04739958228390462, '2026': 0.07437444003192373}",962.43932022375,1192.7040994318975,daily_mark_to_market_equity,A10__QQQM_SMH__trend_share_0.70,a,QQQM_SMH,A10,trend_share_0.70,stress,0,sha256:acd49d7f6e3e633cb9e24e4f31a698d59c7e8a2578e14056df443689e9c014bb,sensitivity_evaluation,W5,False,A10__QQQM_SMH__trend_share_0.70/stress/W5
OK,2026-03-19,2026-09-18,1000.0,1318.782894572704,318.782894572704,318.782894572704,0.0,0.31878289457270403,0.7372171068767381,0.1909893764817111,2026-06-22,2026-07-29,62,0.323599511883042,1.8592162104010073,2.570953924113025,3.859990123311037,5055.034386831294,7.681802231296059,7.581802231296059,0.09999999999999999,0.0,228.08498408142896,90.697910491275,12,10,10,1.0,32.34031378414133,75.46073216299644,62.7,41.0,74,45,0.0631311378128887,-0.0697493738389181,0.6487897151438301,0.3512102848561699,,0.17148211090204057,-0.1246855432700531,"{'2026-03': 0.009472089056667521, '2026-04': 0.17148211090204057, '2026-05': 0.13015834924189784, '2026-06': 0.07117411506779292, '2026-07': -0.1246855432700531, '2026-08': 0.03697327061837141, '2026-09': 0.014874401177935148}",{'2026': 0.31878289457270426},1000.0,1451.7367436450925,daily_mark_to_market_equity,A10__QQQM_SMH__trend_share_0.70,a,QQQM_SMH,A10,trend_share_0.70,stress,0,sha256:acd49d7f6e3e633cb9e24e4f31a698d59c7e8a2578e14056df443689e9c014bb,sensitivity_evaluation,W6,False,A10__QQQM_SMH__trend_share_0.70/stress/W6
OK,2023-09-19,2024-03-18,1000.0,1357.533756551745,357.533756551745,357.533756551745,0.0,0.3575337565517449,0.8530405336798426,0.06226343517781474,2024-03-07,2024-03-15,7,0.21901053831129016,2.924901099139415,4.807253335251246,13.700505461089493,4439.159679347114,2.3393676554547063,2.219367655454706,0.12,5.918194197199999,15.770796581465516,335.8447657730799,14,12,12,1.0,0.4155866958828809,2.0779334794144044,59.333333333333336,36.0,71,50,0.06230353378842568,-0.035001735145887225,0.7157246791034391,0.28427532089656093,,0.12719032677674824,-0.026449055660376475,"{'2023-09': 0.008492465722135245, '2023-10': -0.026449055660376475, '2023-11': 0.039325769263314436, '2023-12': 0.0863609031213064, '2024-01': 0.058504251433354026, '2024-02': 0.12719032677674824, '2024-03': 0.02636920844730084}","{'2023': 0.10855479102942556, '2024': 0.224597798446311}",963.6469988078201,1445.085400171745,daily_mark_to_market_equity,A10__QQQM_SMH__trend_share_0.90,a,QQQM_SMH,A10,trend_share_0.90,base,0,sha256:acd49d7f6e3e633cb9e24e4f31a698d59c7e8a2578e14056df443689e9c014bb,sensitivity_evaluation,W1,False,A10__QQQM_SMH__trend_share_0.90/base/W1
OK,2024-03-19,2024-09-18,1000.0,1043.1479684690753,43.147968469075295,43.147968469075295,0.0,0.043147968469075204,0.0879693107469568,0.22209822373057986,2024-07-10,2024-08-07,49,0.31619456638083926,0.42255549448497554,0.5418268462789532,0.3960829099365941,4379.9780055285655,2.3098709209247157,2.1898709209247156,0.12000000000000001,0.0,27.38556660540997,15.762401863665136,12,12,12,1.0,1.5814213000511164,2.213989820071563,50.916666666666664,18.5,67,51,0.06976365870495793,-0.06359088296668458,0.7641186000699253,0.23588139993007473,,0.09009575378880408,-0.05112642378941856,"{'2024-03': 0.0, '2024-04': -0.03907404697546535, '2024-05': 0.09009575378880408, '2024-06': 0.07637226202050673, '2024-07': -0.05112642378941856, '2024-08': -0.001879670183953186, '2024-09': -0.02312815257232359}",{'2024': 0.043147968469074316},896.4730638533101,1207.1610384911648,daily_mark_to_market_equity,A10__QQQM_SMH__trend_share_0.90,a,QQQM_SMH,A10,trend_share_0.90,base,0,sha256:acd49d7f6e3e633cb9e24e4f31a698d59c7e8a2578e14056df443689e9c014bb,sensitivity_evaluation,W2,False,A10__QQQM_SMH__trend_share_0.90/base/W2
OK,2024-09-19,2025-03-18,1000.0,983.4516938175557,-16.54830618244432,-16.54830618244432,0.0,-0.016548306182444295,-0.03329337378665398,0.07914886623162487,2025-02-19,2025-03-11,19,0.12875045423702702,-0.20146643552790583,-0.2389025296987143,-0.42064245985814536,8856.51395923281,4.5682536388244825,4.428253638824483,0.14,1.3828876563799994,-17.931174616565006,-1.9222259132205616e-05,16,14,14,1.0,0.27275674130604827,0.6818918532651208,76.85714285714286,74.0,57,56,0.02216448008645755,-0.031176454132562315,0.5183091824937006,0.4816908175062994,,0.03731126773117488,-0.031104407356691843,"{'2024-09': 0.0, '2024-10': -0.004027832574239998, '2024-11': -0.019364896784209162, '2024-12': 0.02734786698869418, '2025-01': 0.03731126773117488, '2025-02': -0.024797522915960823, '2025-03': -0.031104407356691843}","{'2024': 0.003395528035611939, '2025': -0.01987634353633405}",962.3938029836153,1067.9811823578932,daily_mark_to_market_equity,A10__QQQM_SMH__trend_share_0.90,a,QQQM_SMH,A10,trend_share_0.90,base,0,sha256:acd49d7f6e3e633cb9e24e4f31a698d59c7e8a2578e14056df443689e9c014bb,sensitivity_evaluation,W3,False,A10__QQQM_SMH__trend_share_0.90/base/W3
OK,2025-03-19,2025-09-18,1000.0,1272.0696599918053,272.06965999180534,272.06965999180534,0.0,0.2720696599918053,0.6165660935861055,0.0445858220332932,2025-08-14,2025-09-03,19,0.14556094993648958,3.3554619070989267,4.048742648877593,13.82874791734696,1488.685913240165,0.7941272481949138,0.7441272481949137,0.05,0.0,32.219304801111015,239.85035519069424,6,5,5,1.0,,,48.8,56.0,49,26,0.034138133736516973,-0.025652129944256252,0.533868357003924,0.466131642996076,,0.1290986052178804,0.0,"{'2025-03': 0.0, '2025-04': 0.0, '2025-05': 0.0, '2025-06': 0.1290986052178804, '2025-07': 0.03344466204316343, '2025-08': 0.0068966647340633624, '2025-09': 0.08269690383373618}",{'2025': 0.2720696599918051},1000.0,1272.0696599918053,daily_mark_to_market_equity,A10__QQQM_SMH__trend_share_0.90,a,QQQM_SMH,A10,trend_share_0.90,base,0,sha256:acd49d7f6e3e633cb9e24e4f31a698d59c7e8a2578e14056df443689e9c014bb,sensitivity_evaluation,W4,False,A10__QQQM_SMH__trend_share_0.90/base/W4
OK,2025-09-19,2026-03-18,1000.0,1147.8180375370903,147.81803753709028,147.81803753709028,0.0,0.14781803753709033,0.3227945217147823,0.10843728048433998,2025-10-29,2025-11-20,27,0.2793350440553569,1.142500856654692,1.5775041933501,2.976785477033416,3350.38537282373,1.795086175829863,1.675086175829863,0.12,3.07936398292,94.3677984145297,50.370875139640425,12,12,12,1.0,16.74422109313532,184.1864320244885,51.333333333333336,7.0,64,51,0.0522011285339663,-0.051397808789389265,0.8198757026527957,0.18012429734720425,,0.10609678336878248,-0.030597119404465634,"{'2025-09': 0.0, '2025-10': 0.061368913349470144, '2025-11': -0.025730508295934484, '2025-12': 0.02379727006213006, '2026-01': 0.10609678336878248, '2026-02': 0.011151373706481449, '2026-03': -0.030597119404465634}","{'2025': 0.058667141372624076, '2026': 0.08421050647597839}",959.3506071688352,1235.8371155697253,daily_mark_to_market_equity,A10__QQQM_SMH__trend_share_0.90,a,QQQM_SMH,A10,trend_share_0.90,base,0,sha256:acd49d7f6e3e633cb9e24e4f31a698d59c7e8a2578e14056df443689e9c014bb,sensitivity_evaluation,W5,False,A10__QQQM_SMH__trend_share_0.90/base/W5
OK,2026-03-19,2026-09-18,1000.0,1351.2996275763992,351.2996275763992,351.2996275763992,0.0,0.3512996275763991,0.8237589941474579,0.22780079043666346,2026-06-22,2026-07-29,62,0.3822201410567241,1.7550909818481482,2.3407496645695183,3.616137558471254,4093.289175400624,2.156564175600838,2.046564175600838,0.10999999999999999,0.0,235.6910115865331,115.60861598986624,11,11,11,1.0,48.62392060012133,218.80764270054598,63.27272727272727,69.0,76,43,0.06687444041282431,-0.0855663186845611,0.7396526511809042,0.2603473488190958,,0.18054352923592365,-0.15875921891828726,"{'2026-03': 0.009719588782222344, '2026-04': 0.18054352923592365, '2026-05': 0.16609718517261607, '2026-06': 0.08610744955632765, '2026-07': -0.15875921891828726, '2026-08': 0.04789750843781837, '2026-09': 0.015365037319366337}",{'2026': 0.3512996275764002},1000.0,1536.6372244450297,daily_mark_to_market_equity,A10__QQQM_SMH__trend_share_0.90,a,QQQM_SMH,A10,trend_share_0.90,base,0,sha256:acd49d7f6e3e633cb9e24e4f31a698d59c7e8a2578e14056df443689e9c014bb,sensitivity_evaluation,W6,False,A10__QQQM_SMH__trend_share_0.90/base/W6
OK,2023-09-19,2024-03-18,1000.0,1351.5748354497946,351.5748354497946,351.5748354497946,0.0,0.3515748354497945,0.8366632368798967,0.06226691786764427,2024-03-07,2024-03-15,7,0.21913531871262712,2.8827903442784937,4.749118518399984,13.436721545433224,4431.231162889305,6.764945407905117,6.644945407905117,0.12,5.894332007699998,12.17440077328827,333.5061026688066,14,12,12,1.0,0.5879945224941662,1.7639835674824986,56.916666666666664,33.0,71,50,0.06223861178651635,-0.035003692959275745,0.7157516452201971,0.2842483547798029,,0.12705759726908883,-0.027903860740383646,"{'2023-09': 0.007739924372689888, '2023-10': -0.027903860740383646, '2023-11': 0.037507964895853396, '2023-12': 0.08626705484836039, '2024-01': 0.05828821379004756, '2024-02': 0.12705759726908883, '2024-03': 0.026370819937067802}","{'2023': 0.10404234418052916, '2024': 0.22420561364699765}",961.7159254238301,1438.7473595597946,daily_mark_to_market_equity,A10__QQQM_SMH__trend_share_0.90,a,QQQM_SMH,A10,trend_share_0.90,stress,0,sha256:acd49d7f6e3e633cb9e24e4f31a698d59c7e8a2578e14056df443689e9c014bb,sensitivity_evaluation,W1,False,A10__QQQM_SMH__trend_share_0.90/stress/W1
OK,2024-03-19,2024-09-18,1000.0,1038.6441556833602,38.64415568336017,38.64415568336017,0.0,0.038644155683360104,0.07861405882539096,0.22231967323101343,2024-07-10,2024-08-07,49,0.3162066406294075,0.3953918375080414,0.5074754746630353,0.3536081970744115,4370.970336294351,6.675397196640075,6.555397196640075,0.12000000000000001,0.0,23.44970434977155,15.194451333588484,12,12,12,1.0,1.3945303284396293,1.9523424598154813,50.916666666666664,18.5,67,51,0.06963605017519314,-0.06359350621011228,0.7643474785915076,0.23565252140849235,,0.08926184160805217,-0.05137068846636139,"{'2024-03': 0.0, '2024-04': -0.04030696078331464, '2024-05': 0.08926184160805217, '2024-06': 0.07626433488359652, '2024-07': -0.05137068846636139, '2024-08': -0.002322331570382863, '2024-09': -0.024569329372834292}",{'2024': 0.03864415568336166},895.416067662015,1204.5219435042952,daily_mark_to_market_equity,A10__QQQM_SMH__trend_share_0.90,a,QQQM_SMH,A10,trend_share_0.90,stress,0,sha256:acd49d7f6e3e633cb9e24e4f31a698d59c7e8a2578e14056df443689e9c014bb,sensitivity_evaluation,W2,False,A10__QQQM_SMH__trend_share_0.90/stress/W2
OK,2024-09-19,2025-03-18,1000.0,974.8581727092297,-25.141827290770266,-25.141827290770266,0.0,-0.025141827290770302,-0.05035708498361546,0.08005639026533218,2025-02-19,2025-03-13,19,0.1286973153481864,-0.34129270395962036,-0.4071087896586613,-0.6290201796098496,8821.415854902394,13.37209420130005,13.232094201300049,0.14,1.3772063605299998,-26.51901521156601,-1.8439734433154376e-05,16,14,14,1.0,0.31206865450019705,0.5617235781003547,70.0,68.0,56,57,0.022165452698549304,-0.03120398419686543,0.5184961961375829,0.4815038038624171,,0.035505691580380416,-0.03181938695602482,"{'2024-09': 0.0, '2024-10': -0.004911058524529888, '2024-11': -0.021449805065577254, '2024-12': 0.024885050413225862, '2025-01': 0.035505691580380416, '2025-02': -0.025655812689059143, '2025-03': -0.03181938695602482}","{'2024': -0.0020238419259722695, '2025': -0.023164867394640853}",959.5383506379098,1059.6933983055771,daily_mark_to_market_equity,A10__QQQM_SMH__trend_share_0.90,a,QQQM_SMH,A10,trend_share_0.90,stress,0,sha256:acd49d7f6e3e633cb9e24e4f31a698d59c7e8a2578e14056df443689e9c014bb,sensitivity_evaluation,W3,False,A10__QQQM_SMH__trend_share_0.90/stress/W3
OK,2025-03-19,2025-09-18,1000.0,1270.44564175402,270.44564175402,270.44564175402,0.0,0.27044564175401997,0.6124495148186704,0.04484488297291789,2025-08-14,2025-09-03,19,0.145398549393994,3.341584589675945,4.028686098548974,13.65706573899485,1487.9932458624803,2.280051315980078,2.230051315980078,0.05,0.0,31.642704104030226,238.8029376499897,6,5,5,1.0,,,48.8,56.0,49,26,0.03413991251463577,-0.025654735016834795,0.5340887139572964,0.4659112860427036,,0.1282076052536396,0.0,"{'2025-03': 0.0, '2025-04': 0.0, '2025-05': 0.0, '2025-06': 0.1282076052536396, '2025-07': 0.03336696828581198, '2025-08': 0.006581051986251474, '2025-09': 0.08258932080200765}",{'2025': 0.27044564175401886},1000.0,1270.44564175402,daily_mark_to_market_equity,A10__QQQM_SMH__trend_share_0.90,a,QQQM_SMH,A10,trend_share_0.90,stress,0,sha256:acd49d7f6e3e633cb9e24e4f31a698d59c7e8a2578e14056df443689e9c014bb,sensitivity_evaluation,W4,False,A10__QQQM_SMH__trend_share_0.90/stress/W4
OK,2025-09-19,2026-03-18,1000.0,1144.2755600492578,144.27556004925782,144.27556004925782,0.0,0.1442755600492578,0.3145235999772995,0.10859726975486239,2025-10-29,2025-11-20,27,0.27958241715611354,1.1192454537604999,1.547794831888972,2.896238558181771,3345.195532340663,5.13683729528256,5.01683729528256,0.12,3.07574101954,91.43950750056678,49.76031152915078,12,12,12,1.0,29.77624000249689,148.88120001248444,51.333333333333336,7.0,64,51,0.05220736607946552,-0.05144300660912793,0.8201930486766174,0.17980695132338265,,0.10590108166710777,-0.031891704383579134,"{'2025-09': 0.0, '2025-10': 0.060381667174009834, '2025-11': -0.025970499889070076, '2025-12': 0.023619399527643692, '2026-01': 0.10590108166710777, '2026-02': 0.010921815686317338, '2026-03': -0.031891704383579134}","{'2025': 0.057238157265935286, '2026': 0.08232525678831482}",958.2984195518201,1233.6756339350377,daily_mark_to_market_equity,A10__QQQM_SMH__trend_share_0.90,a,QQQM_SMH,A10,trend_share_0.90,stress,0,sha256:acd49d7f6e3e633cb9e24e4f31a698d59c7e8a2578e14056df443689e9c014bb,sensitivity_evaluation,W5,False,A10__QQQM_SMH__trend_share_0.90/stress/W5
OK,2026-03-19,2026-09-18,1000.0,1347.06262714462,347.0626271446199,347.0626271446199,0.0,0.34706262714462,0.8123634563716362,0.22799828225349994,2026-06-22,2026-07-29,62,0.38230208541207034,1.7384585883970847,2.3197271395216115,3.563024459405399,4087.9641774730553,6.241225485380021,6.13122548538002,0.10999999999999999,0.0,232.167057672326,114.89556947229387,11,11,11,1.0,44.88533912924407,119.69423767798419,63.27272727272727,69.0,76,43,0.06687425296385618,-0.08559016149820742,0.7398158525446243,0.26018414745537566,,0.17989312903658283,-0.158973718890287,"{'2026-03': 0.009472089056667521, '2026-04': 0.17989312903658283, '2026-05': 0.16615354283248163, '2026-06': 0.08597111228614196, '2026-07': -0.158973718890287, '2026-08': 0.046296702857151484, '2026-09': 0.014874561452565604}",{'2026': 0.3470626271446209},1000.0,1535.2970750064474,daily_mark_to_market_equity,A10__QQQM_SMH__trend_share_0.90,a,QQQM_SMH,A10,trend_share_0.90,stress,0,sha256:acd49d7f6e3e633cb9e24e4f31a698d59c7e8a2578e14056df443689e9c014bb,sensitivity_evaluation,W6,False,A10__QQQM_SMH__trend_share_0.90/stress/W6
