candidate_id,cost_scenario,phase,window_id,metric,before,after
A01__QQQM_SMH__primary,base,continuous,,sortino_zero_mar,0.5932822009887297,0.8709189892427669
A01__QQQM_SMH__primary,base,evaluation,W1,sortino_zero_mar,0.8372059746263523,1.163815055507967
A01__QQQM_SMH__primary,base,evaluation,W2,sortino_zero_mar,0.4212821895734611,0.44854856665437676
A01__QQQM_SMH__primary,base,evaluation,W3,sortino_zero_mar,0.19881550901779957,0.21317828851608905
A01__QQQM_SMH__primary,base,evaluation,W4,sortino_zero_mar,1.6910953433400209,3.190426510717954
A01__QQQM_SMH__primary,base,evaluation,W5,sortino_zero_mar,1.997510911084574,2.0576829479482903
A01__QQQM_SMH__primary,base,evaluation,W6,sortino_zero_mar,2.8383479267504357,2.8110825159600195
A01__QQQM_SMH__primary,base,delay,,sortino_zero_mar,0.5498770782271911,0.8063057147899595
A01__QQQM_SMH__primary,base,stress,stress_2020,sortino_zero_mar,4.584671809886232,4.782208123770278
A01__QQQM_SMH__primary,base,stress,stress_2022,win_rate,,0.0
A01__QQQM_SMH__primary,base,stress,stress_2022,sortino_zero_mar,-1.6816957965899644,-2.6172678947206363
A01__QQQM_SMH__primary,stress,continuous,,sortino_zero_mar,0.5665445613304458,0.8315133973770946
A01__QQQM_SMH__primary,stress,evaluation,W1,sortino_zero_mar,0.7909810669970682,1.100455712866821
A01__QQQM_SMH__primary,stress,evaluation,W2,sortino_zero_mar,0.4079197359896569,0.4340879221878782
A01__QQQM_SMH__primary,stress,evaluation,W3,sortino_zero_mar,0.1702132977237364,0.182148024504195
A01__QQQM_SMH__primary,stress,evaluation,W4,sortino_zero_mar,1.6285917222240671,3.02715887720177
A01__QQQM_SMH__primary,stress,evaluation,W5,sortino_zero_mar,1.9908350885947204,2.048374415386309
A01__QQQM_SMH__primary,stress,evaluation,W6,sortino_zero_mar,2.8325882004263874,2.8052992152628247
A01__QQQM_SMH__primary,stress,delay,,sortino_zero_mar,0.5216742368213616,0.7661660052499412
A01__QQQM_SMH__primary,stress,stress,stress_2020,sortino_zero_mar,4.551017226534115,4.74016702310166
A01__QQQM_SMH__primary,stress,stress,stress_2022,win_rate,,0.0
A01__QQQM_SMH__primary,stress,stress,stress_2022,sortino_zero_mar,-1.768190983632747,-2.6795778393638994
A01__QQQM_SMH__primary,severe,continuous,,sortino_zero_mar,0.526146859734805,0.7722146388223209
A01__QQQM_SMH__primary,severe,evaluation,W1,sortino_zero_mar,0.7282425956883497,1.0053399144164983
A01__QQQM_SMH__primary,severe,evaluation,W2,sortino_zero_mar,0.38787754159418664,0.4124484365775951
A01__QQQM_SMH__primary,severe,evaluation,W3,win_rate,,0.0
A01__QQQM_SMH__primary,severe,evaluation,W3,sortino_zero_mar,0.1272715954671296,0.1356607497097491
A01__QQQM_SMH__primary,severe,evaluation,W4,sortino_zero_mar,1.4956663065653801,2.769563186260111
A01__QQQM_SMH__primary,severe,evaluation,W5,sortino_zero_mar,1.9804883194201857,2.034296141113619
A01__QQQM_SMH__primary,severe,evaluation,W6,sortino_zero_mar,2.823965783821004,2.7966417477081564
A01__QQQM_SMH__primary,severe,delay,,sortino_zero_mar,0.4804248749296589,0.7062290797962524
A01__QQQM_SMH__primary,severe,stress,stress_2020,sortino_zero_mar,4.4975626507536095,4.675798751641749
A01__QQQM_SMH__primary,severe,stress,stress_2022,win_rate,,0.0
A01__QQQM_SMH__primary,severe,stress,stress_2022,sortino_zero_mar,-1.9023731587759505,-2.7703576496334312
A02__QQQM_SMH__primary,base,continuous,,win_rate,1.0,0.6976744186046512
A02__QQQM_SMH__primary,base,continuous,,sortino_zero_mar,1.5628799612339417,1.758571911839988
A02__QQQM_SMH__primary,base,evaluation,W1,win_rate,,0.0
A02__QQQM_SMH__primary,base,evaluation,W1,sortino_zero_mar,5.319989483114195,5.128810650706727
A02__QQQM_SMH__primary,base,evaluation,W2,win_rate,1.0,0.4
A02__QQQM_SMH__primary,base,evaluation,W2,sortino_zero_mar,0.1495693627417117,0.1573364869304337
A02__QQQM_SMH__primary,base,evaluation,W3,win_rate,1.0,0.3333333333333333
A02__QQQM_SMH__primary,base,evaluation,W3,sortino_zero_mar,-0.9089430164052744,-1.0446979193910881
A02__QQQM_SMH__primary,base,evaluation,W4,sortino_zero_mar,5.086942157131651,6.2700633785618445
A02__QQQM_SMH__primary,base,evaluation,W5,win_rate,1.0,0.2857142857142857
A02__QQQM_SMH__primary,base,evaluation,W5,sortino_zero_mar,1.1373176243890473,1.1583387183628788
A02__QQQM_SMH__primary,base,evaluation,W6,win_rate,1.0,0.8571428571428571
A02__QQQM_SMH__primary,base,evaluation,W6,sortino_zero_mar,2.1010871760678818,2.344178674796477
A02__QQQM_SMH__primary,base,delay,,win_rate,1.0,0.6976744186046512
A02__QQQM_SMH__primary,base,delay,,sortino_zero_mar,1.649592076615918,1.8588129866932466
A02__QQQM_SMH__primary,base,stress,stress_2020,win_rate,,0.0
A02__QQQM_SMH__primary,base,stress,stress_2020,sortino_zero_mar,3.8256910385575504,3.9791446762749954
A02__QQQM_SMH__primary,base,stress,stress_2022,win_rate,1.0,0.058823529411764705
A02__QQQM_SMH__primary,base,stress,stress_2022,sortino_zero_mar,-1.7802294022666982,-2.455949036490083
A02__QQQM_SMH__primary,stress,continuous,,win_rate,1.0,0.6976744186046512
A02__QQQM_SMH__primary,stress,continuous,,sortino_zero_mar,1.5290196620908352,1.718232138250658
A02__QQQM_SMH__primary,stress,evaluation,W1,win_rate,,0.0
A02__QQQM_SMH__primary,stress,evaluation,W1,sortino_zero_mar,5.2807733645201935,5.069432150413219
A02__QQQM_SMH__primary,stress,evaluation,W2,win_rate,1.0,0.3
A02__QQQM_SMH__primary,stress,evaluation,W2,sortino_zero_mar,0.10732800802246792,0.11262809745431367
A02__QQQM_SMH__primary,stress,evaluation,W3,win_rate,1.0,0.3333333333333333
A02__QQQM_SMH__primary,stress,evaluation,W3,sortino_zero_mar,-0.9803410696672133,-1.1251577696294854
A02__QQQM_SMH__primary,stress,evaluation,W4,sortino_zero_mar,5.05916065212282,6.23580318589827
A02__QQQM_SMH__primary,stress,evaluation,W5,win_rate,1.0,0.2857142857142857
A02__QQQM_SMH__primary,stress,evaluation,W5,sortino_zero_mar,1.1047800817482574,1.1229433748972286
A02__QQQM_SMH__primary,stress,evaluation,W6,win_rate,1.0,0.8571428571428571
A02__QQQM_SMH__primary,stress,evaluation,W6,sortino_zero_mar,2.06951860313878,2.3078143496591523
A02__QQQM_SMH__primary,stress,delay,,win_rate,1.0,0.6976744186046512
A02__QQQM_SMH__primary,stress,delay,,sortino_zero_mar,1.6132405634031968,1.8177880698459266
A02__QQQM_SMH__primary,stress,stress,stress_2020,win_rate,,0.0
A02__QQQM_SMH__primary,stress,stress,stress_2020,sortino_zero_mar,3.754868290413911,3.8986885371436144
A02__QQQM_SMH__primary,stress,stress,stress_2022,win_rate,,0.0
A02__QQQM_SMH__primary,stress,stress,stress_2022,sortino_zero_mar,-1.8708032330997186,-2.533978091428637
A02__QQQM_SMH__primary,severe,continuous,,win_rate,1.0,0.6744186046511628
A02__QQQM_SMH__primary,severe,continuous,,sortino_zero_mar,1.477986653620954,1.6578083880372572
A02__QQQM_SMH__primary,severe,evaluation,W1,max_drawdown,0.05020140116007121,0.050576997152729786
A02__QQQM_SMH__primary,severe,evaluation,W1,win_rate,,0.0
A02__QQQM_SMH__primary,severe,evaluation,W1,sortino_zero_mar,5.218583550311407,4.979514935262849
A02__QQQM_SMH__primary,severe,evaluation,W2,win_rate,1.0,0.2
A02__QQQM_SMH__primary,severe,evaluation,W2,sortino_zero_mar,0.043729050967321305,0.04572556246116446
A02__QQQM_SMH__primary,severe,evaluation,W3,win_rate,1.0,0.3333333333333333
A02__QQQM_SMH__primary,severe,evaluation,W3,sortino_zero_mar,-1.0870271702446341,-1.2450189576935815
A02__QQQM_SMH__primary,severe,evaluation,W4,sortino_zero_mar,5.017539312099791,6.184475899504158
A02__QQQM_SMH__primary,severe,evaluation,W5,win_rate,1.0,0.2857142857142857
A02__QQQM_SMH__primary,severe,evaluation,W5,sortino_zero_mar,1.0555194328742945,1.0698529904317722
A02__QQQM_SMH__primary,severe,evaluation,W6,win_rate,1.0,0.8571428571428571
A02__QQQM_SMH__primary,severe,evaluation,W6,sortino_zero_mar,2.0198300116434944,2.2533268026549513
A02__QQQM_SMH__primary,severe,delay,,win_rate,1.0,0.6744186046511628
A02__QQQM_SMH__primary,severe,delay,,sortino_zero_mar,1.5615483918602262,1.7563414837168725
A02__QQQM_SMH__primary,severe,stress,stress_2020,win_rate,,0.0
A02__QQQM_SMH__primary,severe,stress,stress_2020,sortino_zero_mar,3.646424644377445,3.7777325165573443
A02__QQQM_SMH__primary,severe,stress,stress_2022,win_rate,,0.0
A02__QQQM_SMH__primary,severe,stress,stress_2022,sortino_zero_mar,-1.9342211610328854,-2.648216326030409
A03__QQQM_SMH__primary,base,continuous,,win_rate,1.0,0.9259259259259259
A03__QQQM_SMH__primary,base,continuous,,sortino_zero_mar,2.0053277342904576,2.233827931287101
A03__QQQM_SMH__primary,base,evaluation,W1,win_rate,1.0,0.8
A03__QQQM_SMH__primary,base,evaluation,W1,sortino_zero_mar,4.93715077183602,5.001741962611281
A03__QQQM_SMH__primary,base,evaluation,W2,win_rate,1.0,0.4
A03__QQQM_SMH__primary,base,evaluation,W2,sortino_zero_mar,0.4857489825378823,0.5168158022407935
A03__QQQM_SMH__primary,base,evaluation,W3,win_rate,1.0,0.3333333333333333
A03__QQQM_SMH__primary,base,evaluation,W3,sortino_zero_mar,-0.09107420877702724,-0.10018925726496503
A03__QQQM_SMH__primary,base,evaluation,W4,sortino_zero_mar,3.9745066834077676,5.503791092440947
A03__QQQM_SMH__primary,base,evaluation,W5,win_rate,1.0,0.8
A03__QQQM_SMH__primary,base,evaluation,W5,sortino_zero_mar,1.0522821216632536,1.0774546747647789
A03__QQQM_SMH__primary,base,evaluation,W6,sortino_zero_mar,3.6163322846241632,3.7936586218121198
A03__QQQM_SMH__primary,base,delay,,win_rate,1.0,0.9230769230769231
A03__QQQM_SMH__primary,base,delay,,sortino_zero_mar,1.9715715423621942,2.1969033942826566
A03__QQQM_SMH__primary,base,stress,stress_2020,sortino_zero_mar,4.584671809886232,4.782208123770278
A03__QQQM_SMH__primary,base,stress,stress_2022,win_rate,,0.0
A03__QQQM_SMH__primary,base,stress,stress_2022,sortino_zero_mar,-0.9833049519056745,-1.8618728166936205
A03__QQQM_SMH__primary,stress,continuous,,win_rate,1.0,0.9259259259259259
A03__QQQM_SMH__primary,stress,continuous,,sortino_zero_mar,1.98461499057544,2.2152353475824875
A03__QQQM_SMH__primary,stress,evaluation,W1,win_rate,1.0,0.8
A03__QQQM_SMH__primary,stress,evaluation,W1,sortino_zero_mar,4.888649555275558,4.950588386382785
A03__QQQM_SMH__primary,stress,evaluation,W2,win_rate,1.0,0.4
A03__QQQM_SMH__primary,stress,evaluation,W2,sortino_zero_mar,0.46804627991484304,0.4976871473432979
A03__QQQM_SMH__primary,stress,evaluation,W3,win_rate,1.0,0.3333333333333333
A03__QQQM_SMH__primary,stress,evaluation,W3,sortino_zero_mar,-0.13734795992401833,-0.15032508172167822
A03__QQQM_SMH__primary,stress,evaluation,W4,sortino_zero_mar,3.9499491792616666,5.469804646843668
A03__QQQM_SMH__primary,stress,evaluation,W5,win_rate,1.0,0.8
A03__QQQM_SMH__primary,stress,evaluation,W5,sortino_zero_mar,1.0375482460060503,1.0608047866253847
A03__QQQM_SMH__primary,stress,evaluation,W6,sortino_zero_mar,3.6010912765694454,3.77584040523818
A03__QQQM_SMH__primary,stress,delay,,win_rate,1.0,0.9230769230769231
A03__QQQM_SMH__primary,stress,delay,,sortino_zero_mar,1.9506001117864045,2.179101809415071
A03__QQQM_SMH__primary,stress,stress,stress_2020,sortino_zero_mar,4.551017226534115,4.74016702310166
A03__QQQM_SMH__primary,stress,stress,stress_2022,win_rate,,0.0
A03__QQQM_SMH__primary,stress,stress,stress_2022,sortino_zero_mar,-1.0175207709728895,-1.8978939551382938
A03__QQQM_SMH__primary,severe,continuous,,win_rate,1.0,0.9259259259259259
A03__QQQM_SMH__primary,severe,continuous,,sortino_zero_mar,1.9669151339281103,2.187260340849131
A03__QQQM_SMH__primary,severe,evaluation,W1,win_rate,1.0,0.8
A03__QQQM_SMH__primary,severe,evaluation,W1,sortino_zero_mar,4.812527957963035,4.872899840653357
A03__QQQM_SMH__primary,severe,evaluation,W2,win_rate,1.0,0.4
A03__QQQM_SMH__primary,severe,evaluation,W2,sortino_zero_mar,0.4402317577323604,0.4690463676505887
A03__QQQM_SMH__primary,severe,evaluation,W3,win_rate,1.0,0.3333333333333333
A03__QQQM_SMH__primary,severe,evaluation,W3,sortino_zero_mar,-0.20668115062706943,-0.22534007265696446
A03__QQQM_SMH__primary,severe,evaluation,W4,sortino_zero_mar,3.9131132048547412,5.4188299743393475
A03__QQQM_SMH__primary,severe,evaluation,W5,win_rate,1.0,0.8
A03__QQQM_SMH__primary,severe,evaluation,W5,sortino_zero_mar,1.0151332449806427,1.0357663961061363
A03__QQQM_SMH__primary,severe,evaluation,W6,sortino_zero_mar,3.5781233987584518,3.749084988929748
A03__QQQM_SMH__primary,severe,delay,,win_rate,1.0,0.9230769230769231
A03__QQQM_SMH__primary,severe,delay,,sortino_zero_mar,1.9276598748717326,2.152362769894398
A03__QQQM_SMH__primary,severe,stress,stress_2020,sortino_zero_mar,4.4975626507536095,4.675798751641749
A03__QQQM_SMH__primary,severe,stress,stress_2022,win_rate,,0.0
A03__QQQM_SMH__primary,severe,stress,stress_2022,sortino_zero_mar,-1.0695573798550213,-1.9512271822645753
A04__QQQM_SMH__primary,base,continuous,,win_rate,1.0,0.75
A04__QQQM_SMH__primary,base,continuous,,sortino_zero_mar,1.9096475404000375,2.0986490428591136
A04__QQQM_SMH__primary,base,evaluation,W1,sortino_zero_mar,5.660983819329022,5.455494673661929
A04__QQQM_SMH__primary,base,evaluation,W2,sortino_zero_mar,0.4651473688692665,0.4833108488453794
A04__QQQM_SMH__primary,base,evaluation,W3,win_rate,1.0,0.3333333333333333
A04__QQQM_SMH__primary,base,evaluation,W3,sortino_zero_mar,0.0365391380809173,0.03912452536677757
A04__QQQM_SMH__primary,base,evaluation,W4,sortino_zero_mar,4.112827998217009,5.086239169566281
A04__QQQM_SMH__primary,base,evaluation,W5,sortino_zero_mar,1.3369441162824431,1.3384899283830494
A04__QQQM_SMH__primary,base,evaluation,W6,sortino_zero_mar,2.616103553469935,2.6676262403888287
A04__QQQM_SMH__primary,base,delay,,win_rate,1.0,0.75
A04__QQQM_SMH__primary,base,delay,,sortino_zero_mar,1.8950534673039967,2.0865964284453877
A04__QQQM_SMH__primary,base,stress,stress_2020,sortino_zero_mar,4.60288486387061,4.950341340229357
A04__QQQM_SMH__primary,base,stress,stress_2022,win_rate,,0.0
A04__QQQM_SMH__primary,base,stress,stress_2022,sortino_zero_mar,-1.1577156091721323,-1.9565125398174172
A04__QQQM_SMH__primary,stress,continuous,,win_rate,1.0,0.75
A04__QQQM_SMH__primary,stress,continuous,,sortino_zero_mar,1.9017231296574932,2.0892030393339094
A04__QQQM_SMH__primary,stress,evaluation,W1,sortino_zero_mar,5.6490953551328635,5.433783349378335
A04__QQQM_SMH__primary,stress,evaluation,W2,sortino_zero_mar,0.4565535589808726,0.47389213045569534
A04__QQQM_SMH__primary,stress,evaluation,W3,win_rate,1.0,0.3333333333333333
A04__QQQM_SMH__primary,stress,evaluation,W3,sortino_zero_mar,0.002479497689392281,0.0026507748178808835
A04__QQQM_SMH__primary,stress,evaluation,W4,sortino_zero_mar,4.104292896662622,5.0604422257077655
A04__QQQM_SMH__primary,stress,evaluation,W5,sortino_zero_mar,1.3268178610473296,1.3264033135203943
A04__QQQM_SMH__primary,stress,evaluation,W6,sortino_zero_mar,2.609523797412753,2.658747148443158
A04__QQQM_SMH__primary,stress,delay,,win_rate,1.0,0.75
A04__QQQM_SMH__primary,stress,delay,,sortino_zero_mar,1.8877782323874195,2.0774062372016107
A04__QQQM_SMH__primary,stress,stress,stress_2020,sortino_zero_mar,4.564583770386214,4.904744385841383
A04__QQQM_SMH__primary,stress,stress,stress_2022,win_rate,,0.0
A04__QQQM_SMH__primary,stress,stress,stress_2022,sortino_zero_mar,-1.1715861332643145,-1.9791142375896524
A04__QQQM_SMH__primary,severe,continuous,,win_rate,1.0,0.75
A04__QQQM_SMH__primary,severe,continuous,,sortino_zero_mar,1.8897318829508718,2.0749974350816354
A04__QQQM_SMH__primary,severe,evaluation,W1,sortino_zero_mar,5.627375140269866,5.40009015803125
A04__QQQM_SMH__primary,severe,evaluation,W2,sortino_zero_mar,0.4435932022210223,0.4597758039312135
A04__QQQM_SMH__primary,severe,evaluation,W3,win_rate,1.0,0.3333333333333333
A04__QQQM_SMH__primary,severe,evaluation,W3,sortino_zero_mar,-0.048655648646760974,-0.05190066662035718
A04__QQQM_SMH__primary,severe,evaluation,W4,sortino_zero_mar,4.08991878047797,5.021065230178515
A04__QQQM_SMH__primary,severe,evaluation,W5,sortino_zero_mar,1.3112350655096008,1.3081733344594528
A04__QQQM_SMH__primary,severe,evaluation,W6,sortino_zero_mar,2.599554954414877,2.645421136213529
A04__QQQM_SMH__primary,severe,delay,,win_rate,1.0,0.75
A04__QQQM_SMH__primary,severe,delay,,sortino_zero_mar,1.8766814104710243,2.0635671017921067
A04__QQQM_SMH__primary,severe,stress,stress_2020,sortino_zero_mar,4.504422110807522,4.835168708666669
A04__QQQM_SMH__primary,severe,stress,stress_2022,win_rate,,0.0
A04__QQQM_SMH__primary,severe,stress,stress_2022,sortino_zero_mar,-1.1893433052088274,-2.0117735685766696
A05__QQQM_SMH__primary,base,continuous,,win_rate,1.0,0.6
A05__QQQM_SMH__primary,base,continuous,,sortino_zero_mar,0.6336313461463154,0.9003881870937659
A05__QQQM_SMH__primary,base,evaluation,W1,sortino_zero_mar,2.5223564936816127,2.926315032810527
A05__QQQM_SMH__primary,base,evaluation,W2,win_rate,1.0,0.6666666666666666
A05__QQQM_SMH__primary,base,evaluation,W2,sortino_zero_mar,0.39406598922898706,0.9080240375014632
A05__QQQM_SMH__primary,base,evaluation,W3,win_rate,1.0,0.25
A05__QQQM_SMH__primary,base,evaluation,W3,sortino_zero_mar,-0.8701501169730667,-1.3781006763806973
A05__QQQM_SMH__primary,base,evaluation,W4,sortino_zero_mar,4.04762181882951,5.024967528089545
A05__QQQM_SMH__primary,base,evaluation,W5,win_rate,1.0,0.42857142857142855
A05__QQQM_SMH__primary,base,evaluation,W5,sortino_zero_mar,-0.9260989690596261,-1.1658369299940943
A05__QQQM_SMH__primary,base,evaluation,W6,sortino_zero_mar,1.435816832688558,2.2047262588533214
A05__QQQM_SMH__primary,base,delay,,win_rate,1.0,0.6
A05__QQQM_SMH__primary,base,delay,,sortino_zero_mar,0.7655903810968431,1.091341561601712
A05__QQQM_SMH__primary,base,stress,stress_2020,sortino_zero_mar,3.8704759175085526,5.387426291092177
A05__QQQM_SMH__primary,stress,continuous,,win_rate,1.0,0.6
A05__QQQM_SMH__primary,stress,continuous,,sortino_zero_mar,0.5900734196148828,0.8366745105837075
A05__QQQM_SMH__primary,stress,evaluation,W1,sortino_zero_mar,2.45040406537921,2.8594110339575995
A05__QQQM_SMH__primary,stress,evaluation,W2,win_rate,1.0,0.6666666666666666
A05__QQQM_SMH__primary,stress,evaluation,W2,sortino_zero_mar,0.3669934973721935,0.8437123097380849
A05__QQQM_SMH__primary,stress,evaluation,W3,win_rate,1.0,0.25
A05__QQQM_SMH__primary,stress,evaluation,W3,sortino_zero_mar,-0.9187084856651715,-1.4541778216147103
A05__QQQM_SMH__primary,stress,evaluation,W4,sortino_zero_mar,4.0427455469808695,4.9989752201731115
A05__QQQM_SMH__primary,stress,evaluation,W5,win_rate,1.0,0.42857142857142855
A05__QQQM_SMH__primary,stress,evaluation,W5,sortino_zero_mar,-1.0109048596650043,-1.269074034102285
A05__QQQM_SMH__primary,stress,evaluation,W6,sortino_zero_mar,1.4180910764868602,2.176112256493575
A05__QQQM_SMH__primary,stress,delay,,win_rate,1.0,0.6
A05__QQQM_SMH__primary,stress,delay,,sortino_zero_mar,0.7229588210356639,1.02600991223159
A05__QQQM_SMH__primary,stress,stress,stress_2020,sortino_zero_mar,3.8414905082949353,5.3470800937209795
A05__QQQM_SMH__primary,severe,continuous,,win_rate,1.0,0.6
A05__QQQM_SMH__primary,severe,continuous,,sortino_zero_mar,0.5248929729473705,0.7414660657717079
A05__QQQM_SMH__primary,severe,evaluation,W1,sortino_zero_mar,2.4258768969469955,2.7581621496610724
A05__QQQM_SMH__primary,severe,evaluation,W2,win_rate,1.0,0.6666666666666666
A05__QQQM_SMH__primary,severe,evaluation,W2,sortino_zero_mar,0.32635933376381393,0.7478497540971177
A05__QQQM_SMH__primary,severe,evaluation,W3,win_rate,1.0,0.25
A05__QQQM_SMH__primary,severe,evaluation,W3,sortino_zero_mar,-0.9972233686496345,-1.56629034432237
A05__QQQM_SMH__primary,severe,evaluation,W4,sortino_zero_mar,4.033052134901694,4.9588889804176075
A05__QQQM_SMH__primary,severe,evaluation,W5,win_rate,1.0,0.2857142857142857
A05__QQQM_SMH__primary,severe,evaluation,W5,sortino_zero_mar,-1.141444013480704,-1.4224691838819643
A05__QQQM_SMH__primary,severe,evaluation,W6,sortino_zero_mar,1.3914325113766106,2.133219924161498
A05__QQQM_SMH__primary,severe,delay,,win_rate,1.0,0.6
A05__QQQM_SMH__primary,severe,delay,,sortino_zero_mar,0.658193750707388,0.9281035042062297
A05__QQQM_SMH__primary,severe,stress,stress_2020,sortino_zero_mar,3.7980347904298606,5.2865919871553935
A06__QQQM_SMH__primary,base,continuous,,win_rate,1.0,0.4857142857142857
A06__QQQM_SMH__primary,base,continuous,,sortino_zero_mar,-0.3291411346311624,-1.1561865469855914
A06__QQQM_SMH__primary,base,evaluation,W1,win_rate,1.0,0.25
A06__QQQM_SMH__primary,base,evaluation,W1,sortino_zero_mar,-0.31709553869802065,-0.8816425156596164
A06__QQQM_SMH__primary,base,evaluation,W2,win_rate,1.0,0.3333333333333333
A06__QQQM_SMH__primary,base,evaluation,W2,sortino_zero_mar,-0.8095732521539262,-2.492295860131053
A06__QQQM_SMH__primary,base,evaluation,W3,win_rate,1.0,0.6666666666666666
A06__QQQM_SMH__primary,base,evaluation,W3,sortino_zero_mar,1.2277592509350448,2.8162578272750163
A06__QQQM_SMH__primary,base,evaluation,W4,win_rate,1.0,0.8
A06__QQQM_SMH__primary,base,evaluation,W4,sortino_zero_mar,1.1356723255881092,4.398828112535726
A06__QQQM_SMH__primary,base,evaluation,W5,win_rate,1.0,0.3333333333333333
A06__QQQM_SMH__primary,base,evaluation,W5,sortino_zero_mar,-0.493531641751811,-1.6971970639694534
A06__QQQM_SMH__primary,base,evaluation,W6,win_rate,1.0,0.4
A06__QQQM_SMH__primary,base,evaluation,W6,sortino_zero_mar,-0.6482118477768339,-1.7215264652204905
A06__QQQM_SMH__primary,base,delay,,win_rate,1.0,0.6285714285714286
A06__QQQM_SMH__primary,base,delay,,sortino_zero_mar,0.07328515035566883,0.31799481462877355
A06__QQQM_SMH__primary,base,stress,stress_2020,sortino_zero_mar,,1.244004513608549
A06__QQQM_SMH__primary,stress,continuous,,win_rate,1.0,0.42857142857142855
A06__QQQM_SMH__primary,stress,continuous,,sortino_zero_mar,-0.40690300445888733,-1.3803697159426365
A06__QQQM_SMH__primary,stress,evaluation,W1,win_rate,1.0,0.25
A06__QQQM_SMH__primary,stress,evaluation,W1,sortino_zero_mar,-0.41876661801119014,-1.1586711386171156
A06__QQQM_SMH__primary,stress,evaluation,W2,win_rate,1.0,0.3333333333333333
A06__QQQM_SMH__primary,stress,evaluation,W2,sortino_zero_mar,-0.8802470870013872,-2.605782277510593
A06__QQQM_SMH__primary,stress,evaluation,W3,win_rate,1.0,0.5555555555555556
A06__QQQM_SMH__primary,stress,evaluation,W3,sortino_zero_mar,0.6519347698177932,1.4306407809610935
A06__QQQM_SMH__primary,stress,evaluation,W4,win_rate,1.0,0.6
A06__QQQM_SMH__primary,stress,evaluation,W4,sortino_zero_mar,0.9035061784609331,2.8006136783967195
A06__QQQM_SMH__primary,stress,evaluation,W5,win_rate,1.0,0.3333333333333333
A06__QQQM_SMH__primary,stress,evaluation,W5,sortino_zero_mar,-0.5586724668795017,-1.8836964050667382
A06__QQQM_SMH__primary,stress,evaluation,W6,win_rate,1.0,0.4
A06__QQQM_SMH__primary,stress,evaluation,W6,sortino_zero_mar,-0.7271810881333588,-1.8750761670586553
A06__QQQM_SMH__primary,stress,delay,,win_rate,1.0,0.5714285714285714
A06__QQQM_SMH__primary,stress,delay,,sortino_zero_mar,-0.0013563333311507621,-0.005485514513056121
A06__QQQM_SMH__primary,stress,stress,stress_2020,sortino_zero_mar,,0.369079626561228
A06__QQQM_SMH__primary,severe,continuous,,win_rate,1.0,0.34285714285714286
A06__QQQM_SMH__primary,severe,continuous,,sortino_zero_mar,-0.5306404446462917,-1.6955232711928636
A06__QQQM_SMH__primary,severe,evaluation,W1,win_rate,1.0,0.25
A06__QQQM_SMH__primary,severe,evaluation,W1,sortino_zero_mar,-0.4929422406881144,-1.5150746340682706
A06__QQQM_SMH__primary,severe,evaluation,W2,win_rate,1.0,0.16666666666666666
A06__QQQM_SMH__primary,severe,evaluation,W2,sortino_zero_mar,-0.9701064326826617,-2.767203250513229
A06__QQQM_SMH__primary,severe,evaluation,W3,win_rate,1.0,0.4444444444444444
A06__QQQM_SMH__primary,severe,evaluation,W3,sortino_zero_mar,-0.11456475850725498,-0.2337284921647375
A06__QQQM_SMH__primary,severe,evaluation,W4,win_rate,1.0,0.4
A06__QQQM_SMH__primary,severe,evaluation,W4,sortino_zero_mar,0.45829567419866146,1.0329392940434068
A06__QQQM_SMH__primary,severe,evaluation,W5,win_rate,1.0,0.3333333333333333
A06__QQQM_SMH__primary,severe,evaluation,W5,sortino_zero_mar,-0.7277090711847817,-2.1498801865198818
A06__QQQM_SMH__primary,severe,evaluation,W6,win_rate,1.0,0.4
A06__QQQM_SMH__primary,severe,evaluation,W6,sortino_zero_mar,-0.8412154242126189,-2.08250265142343
A06__QQQM_SMH__primary,severe,delay,,win_rate,1.0,0.4857142857142857
A06__QQQM_SMH__primary,severe,delay,,sortino_zero_mar,-0.12051697127801549,-0.454873496903476
A06__QQQM_SMH__primary,severe,stress,stress_2020,win_rate,,0.0
A06__QQQM_SMH__primary,severe,stress,stress_2020,sortino_zero_mar,,-0.522013974900031
A07__QQQM_SMH__primary,base,continuous,,win_rate,1.0,0.5172413793103449
A07__QQQM_SMH__primary,base,continuous,,sortino_zero_mar,1.1446175552194202,1.3319593276579276
A07__QQQM_SMH__primary,base,evaluation,W1,win_rate,1.0,0.3333333333333333
A07__QQQM_SMH__primary,base,evaluation,W1,sortino_zero_mar,4.018469788189028,4.394171760837506
A07__QQQM_SMH__primary,base,evaluation,W2,win_rate,1.0,0.6666666666666666
A07__QQQM_SMH__primary,base,evaluation,W2,sortino_zero_mar,0.2761262330386635,0.30202153403138476
A07__QQQM_SMH__primary,base,evaluation,W3,win_rate,1.0,0.1
A07__QQQM_SMH__primary,base,evaluation,W3,sortino_zero_mar,-1.890292832737364,-2.1031052561585994
A07__QQQM_SMH__primary,base,evaluation,W4,sortino_zero_mar,3.942244323404215,5.197937008855671
A07__QQQM_SMH__primary,base,evaluation,W5,win_rate,1.0,0.25
A07__QQQM_SMH__primary,base,evaluation,W5,sortino_zero_mar,1.5242045213940372,1.5806077072334697
A07__QQQM_SMH__primary,base,evaluation,W6,win_rate,1.0,0.6666666666666666
A07__QQQM_SMH__primary,base,evaluation,W6,sortino_zero_mar,1.7858817992652147,1.9807919756818229
A07__QQQM_SMH__primary,base,delay,,win_rate,1.0,0.5517241379310345
A07__QQQM_SMH__primary,base,delay,,sortino_zero_mar,1.2255858069729118,1.4311802632693464
A07__QQQM_SMH__primary,base,stress,stress_2020,sortino_zero_mar,4.588817745636139,4.781532483582351
A07__QQQM_SMH__primary,base,stress,stress_2022,win_rate,,0.0
A07__QQQM_SMH__primary,base,stress,stress_2022,sortino_zero_mar,-1.1739989535764617,-2.343871307769001
A07__QQQM_SMH__primary,stress,continuous,,win_rate,1.0,0.4827586206896552
A07__QQQM_SMH__primary,stress,continuous,,sortino_zero_mar,1.101226080086751,1.2837819232390002
A07__QQQM_SMH__primary,stress,evaluation,W1,win_rate,1.0,0.3333333333333333
A07__QQQM_SMH__primary,stress,evaluation,W1,sortino_zero_mar,3.9329163996421,4.326417819572714
A07__QQQM_SMH__primary,stress,evaluation,W2,win_rate,1.0,0.5
A07__QQQM_SMH__primary,stress,evaluation,W2,sortino_zero_mar,0.22907496260568536,0.2501578108364332
A07__QQQM_SMH__primary,stress,evaluation,W3,win_rate,1.0,0.1
A07__QQQM_SMH__primary,stress,evaluation,W3,sortino_zero_mar,-2.000988849369573,-2.217647625767139
A07__QQQM_SMH__primary,stress,evaluation,W4,sortino_zero_mar,3.9179607991707837,5.155997672397335
A07__QQQM_SMH__primary,stress,evaluation,W5,win_rate,1.0,0.25
A07__QQQM_SMH__primary,stress,evaluation,W5,sortino_zero_mar,1.4927564630465855,1.5450555551179666
A07__QQQM_SMH__primary,stress,evaluation,W6,win_rate,1.0,0.6666666666666666
A07__QQQM_SMH__primary,stress,evaluation,W6,sortino_zero_mar,1.7495021061888918,1.9359642996071684
A07__QQQM_SMH__primary,stress,delay,,win_rate,1.0,0.5517241379310345
A07__QQQM_SMH__primary,stress,delay,,sortino_zero_mar,1.1864633013452919,1.3821091053742396
A07__QQQM_SMH__primary,stress,stress,stress_2020,sortino_zero_mar,4.555628109073386,4.739922460001089
A07__QQQM_SMH__primary,stress,stress,stress_2022,win_rate,,0.0
A07__QQQM_SMH__primary,stress,stress,stress_2022,sortino_zero_mar,-1.2276199011496558,-2.3859633327168757
A07__QQQM_SMH__primary,severe,continuous,,win_rate,1.0,0.4482758620689655
A07__QQQM_SMH__primary,severe,continuous,,sortino_zero_mar,1.0462384114055638,1.2117636151289282
A07__QQQM_SMH__primary,severe,evaluation,W1,win_rate,1.0,0.3333333333333333
A07__QQQM_SMH__primary,severe,evaluation,W1,sortino_zero_mar,3.8482492068446814,4.223816007463524
A07__QQQM_SMH__primary,severe,evaluation,W2,win_rate,1.0,0.3333333333333333
A07__QQQM_SMH__primary,severe,evaluation,W2,sortino_zero_mar,0.1587353808308017,0.17270664723718435
A07__QQQM_SMH__primary,severe,evaluation,W3,win_rate,,0.0
A07__QQQM_SMH__primary,severe,evaluation,W3,sortino_zero_mar,-2.1672875439638553,-2.3866355421805356
A07__QQQM_SMH__primary,severe,evaluation,W4,sortino_zero_mar,3.87702151238332,5.091476249679012
A07__QQQM_SMH__primary,severe,evaluation,W5,win_rate,1.0,0.25
A07__QQQM_SMH__primary,severe,evaluation,W5,sortino_zero_mar,1.4451399456920495,1.491881582007149
A07__QQQM_SMH__primary,severe,evaluation,W6,win_rate,1.0,0.6666666666666666
A07__QQQM_SMH__primary,severe,evaluation,W6,sortino_zero_mar,1.6945205086548079,1.8687582710845676
A07__QQQM_SMH__primary,severe,delay,,win_rate,1.0,0.5172413793103449
A07__QQQM_SMH__primary,severe,delay,,sortino_zero_mar,1.1279394832163965,1.3086754602442903
A07__QQQM_SMH__primary,severe,stress,stress_2020,sortino_zero_mar,4.50282619870626,4.676133487748123
A07__QQQM_SMH__primary,severe,stress,stress_2022,win_rate,,0.0
A07__QQQM_SMH__primary,severe,stress,stress_2022,sortino_zero_mar,-1.3107468285030135,-2.446570406594642
A08__QQQM_SMH__primary,base,continuous,,win_rate,1.0,0.6634615384615384
A08__QQQM_SMH__primary,base,continuous,,sortino_zero_mar,0.7563854146495429,0.9760251346517088
A08__QQQM_SMH__primary,base,evaluation,W1,win_rate,1.0,0.36363636363636365
A08__QQQM_SMH__primary,base,evaluation,W1,sortino_zero_mar,2.6476562394475853,3.295463730461045
A08__QQQM_SMH__primary,base,evaluation,W2,win_rate,1.0,0.5
A08__QQQM_SMH__primary,base,evaluation,W2,sortino_zero_mar,-1.084133493345607,-1.2991247144599842
A08__QQQM_SMH__primary,base,evaluation,W3,win_rate,1.0,0.3684210526315789
A08__QQQM_SMH__primary,base,evaluation,W3,sortino_zero_mar,-0.8059498015318777,-1.014255550748019
A08__QQQM_SMH__primary,base,evaluation,W4,sortino_zero_mar,2.6570435090774596,3.946729278260944
A08__QQQM_SMH__primary,base,evaluation,W5,win_rate,1.0,0.6538461538461539
A08__QQQM_SMH__primary,base,evaluation,W5,sortino_zero_mar,0.6743356581185291,0.7770255516996443
A08__QQQM_SMH__primary,base,evaluation,W6,win_rate,1.0,0.7222222222222222
A08__QQQM_SMH__primary,base,evaluation,W6,sortino_zero_mar,0.9190580364517674,1.2039004010886887
A08__QQQM_SMH__primary,base,delay,,win_rate,1.0,0.6698113207547169
A08__QQQM_SMH__primary,base,delay,,sortino_zero_mar,0.8143203905918397,1.082039822267213
A08__QQQM_SMH__primary,base,stress,stress_2020,win_rate,1.0,0.5714285714285714
A08__QQQM_SMH__primary,base,stress,stress_2020,sortino_zero_mar,2.1089785915227335,2.3095518387831073
A08__QQQM_SMH__primary,base,stress,stress_2022,win_rate,,0.0
A08__QQQM_SMH__primary,base,stress,stress_2022,sortino_zero_mar,-0.6893072126851302,-2.073218388951214
A08__QQQM_SMH__primary,stress,continuous,,win_rate,1.0,0.6634615384615384
A08__QQQM_SMH__primary,stress,continuous,,sortino_zero_mar,0.7191587339489202,0.9187429664641178
A08__QQQM_SMH__primary,stress,evaluation,W1,win_rate,1.0,0.36363636363636365
A08__QQQM_SMH__primary,stress,evaluation,W1,sortino_zero_mar,2.5986157183713425,3.2288662887397095
A08__QQQM_SMH__primary,stress,evaluation,W2,win_rate,1.0,0.5
A08__QQQM_SMH__primary,stress,evaluation,W2,sortino_zero_mar,-1.1481961217773002,-1.3856054917885143
A08__QQQM_SMH__primary,stress,evaluation,W3,win_rate,1.0,0.3684210526315789
A08__QQQM_SMH__primary,stress,evaluation,W3,sortino_zero_mar,-0.9084892716662204,-1.1353490060194016
A08__QQQM_SMH__primary,stress,evaluation,W4,sortino_zero_mar,2.6218605364120395,3.883472708043637
A08__QQQM_SMH__primary,stress,evaluation,W5,win_rate,1.0,0.6153846153846154
A08__QQQM_SMH__primary,stress,evaluation,W5,sortino_zero_mar,0.6070583014466799,0.6973636525610435
A08__QQQM_SMH__primary,stress,evaluation,W6,win_rate,1.0,0.7222222222222222
A08__QQQM_SMH__primary,stress,evaluation,W6,sortino_zero_mar,0.8852734839618454,1.170295249353791
A08__QQQM_SMH__primary,stress,delay,,win_rate,1.0,0.6415094339622641
A08__QQQM_SMH__primary,stress,delay,,sortino_zero_mar,0.7797898902895379,1.0242773543062862
A08__QQQM_SMH__primary,stress,stress,stress_2020,win_rate,1.0,0.5714285714285714
A08__QQQM_SMH__primary,stress,stress,stress_2020,sortino_zero_mar,1.9946931881389744,2.1806394910443956
A08__QQQM_SMH__primary,stress,stress,stress_2022,win_rate,,0.0
A08__QQQM_SMH__primary,stress,stress,stress_2022,sortino_zero_mar,-1.6110389908231078,-2.10649267789305
A08__QQQM_SMH__primary,severe,continuous,,win_rate,1.0,0.625
A08__QQQM_SMH__primary,severe,continuous,,sortino_zero_mar,0.6462918260248319,0.8330901964030021
A08__QQQM_SMH__primary,severe,evaluation,W1,win_rate,1.0,0.2727272727272727
A08__QQQM_SMH__primary,severe,evaluation,W1,sortino_zero_mar,2.465416243110966,3.1291555640987117
A08__QQQM_SMH__primary,severe,evaluation,W2,win_rate,1.0,0.45454545454545453
A08__QQQM_SMH__primary,severe,evaluation,W2,sortino_zero_mar,-1.267227420700274,-1.5135247775722356
A08__QQQM_SMH__primary,severe,evaluation,W3,win_rate,1.0,0.3157894736842105
A08__QQQM_SMH__primary,severe,evaluation,W3,sortino_zero_mar,-1.0798667448660015,-1.315639050855991
A08__QQQM_SMH__primary,severe,evaluation,W4,sortino_zero_mar,2.568263060132002,3.788583645422015
A08__QQQM_SMH__primary,severe,evaluation,W5,win_rate,1.0,0.5769230769230769
A08__QQQM_SMH__primary,severe,evaluation,W5,sortino_zero_mar,0.505935330549106,0.5787151749144934
A08__QQQM_SMH__primary,severe,evaluation,W6,win_rate,1.0,0.7222222222222222
A08__QQQM_SMH__primary,severe,evaluation,W6,sortino_zero_mar,0.8568789052171808,1.1199775046919267
A08__QQQM_SMH__primary,severe,delay,,win_rate,1.0,0.6320754716981132
A08__QQQM_SMH__primary,severe,delay,,sortino_zero_mar,0.7353617035117869,0.937817483026929
A08__QQQM_SMH__primary,severe,stress,stress_2020,win_rate,1.0,0.5714285714285714
A08__QQQM_SMH__primary,severe,stress,stress_2020,sortino_zero_mar,1.8235102342309755,1.9891213113717194
A08__QQQM_SMH__primary,severe,stress,stress_2022,win_rate,,0.0
A08__QQQM_SMH__primary,severe,stress,stress_2022,sortino_zero_mar,-1.6480975516755751,-2.1538335532878743
A09__QQQM_SMH__primary,base,continuous,,win_rate,1.0,0.6190476190476191
A09__QQQM_SMH__primary,base,continuous,,sortino_zero_mar,1.702332553020047,1.9773506242101027
A09__QQQM_SMH__primary,base,evaluation,W1,win_rate,1.0,0.7777777777777778
A09__QQQM_SMH__primary,base,evaluation,W1,sortino_zero_mar,4.69748441127361,4.999275396960665
A09__QQQM_SMH__primary,base,evaluation,W2,win_rate,1.0,0.38461538461538464
A09__QQQM_SMH__primary,base,evaluation,W2,sortino_zero_mar,0.060137061630299096,0.06704810499888034
A09__QQQM_SMH__primary,base,evaluation,W3,win_rate,1.0,0.7
A09__QQQM_SMH__primary,base,evaluation,W3,sortino_zero_mar,-0.7519312837036898,-0.8365614929305645
A09__QQQM_SMH__primary,base,evaluation,W4,sortino_zero_mar,4.151270778023502,6.417495796710599
A09__QQQM_SMH__primary,base,evaluation,W5,win_rate,1.0,0.7
A09__QQQM_SMH__primary,base,evaluation,W5,sortino_zero_mar,0.7712291124552783,0.7926257579043807
A09__QQQM_SMH__primary,base,evaluation,W6,win_rate,1.0,0.5833333333333334
A09__QQQM_SMH__primary,base,evaluation,W6,sortino_zero_mar,2.7056051991894745,3.2302383064274953
A09__QQQM_SMH__primary,base,delay,,win_rate,1.0,0.625
A09__QQQM_SMH__primary,base,delay,,sortino_zero_mar,1.8795055713110547,2.247968421081208
A09__QQQM_SMH__primary,base,stress,stress_2020,win_rate,1.0,0.5
A09__QQQM_SMH__primary,base,stress,stress_2020,sortino_zero_mar,-0.47205298144556507,-0.5274229003284775
A09__QQQM_SMH__primary,base,stress,stress_2022,win_rate,1.0,0.3333333333333333
A09__QQQM_SMH__primary,base,stress,stress_2022,sortino_zero_mar,-0.8036078159256855,-1.6082872070104397
A09__QQQM_SMH__primary,stress,continuous,,win_rate,1.0,0.6190476190476191
A09__QQQM_SMH__primary,stress,continuous,,sortino_zero_mar,1.6062100436269375,1.8556169949707126
A09__QQQM_SMH__primary,stress,evaluation,W1,win_rate,1.0,0.7777777777777778
A09__QQQM_SMH__primary,stress,evaluation,W1,sortino_zero_mar,4.525152534999164,4.791348165270836
A09__QQQM_SMH__primary,stress,evaluation,W2,win_rate,1.0,0.38461538461538464
A09__QQQM_SMH__primary,stress,evaluation,W2,sortino_zero_mar,-0.028774334117017106,-0.031923200062044785
A09__QQQM_SMH__primary,stress,evaluation,W3,win_rate,1.0,0.7
A09__QQQM_SMH__primary,stress,evaluation,W3,sortino_zero_mar,-1.0070241335171721,-1.1049641426700063
A09__QQQM_SMH__primary,stress,evaluation,W4,sortino_zero_mar,4.039436228820239,6.199940779838589
A09__QQQM_SMH__primary,stress,evaluation,W5,win_rate,1.0,0.7
A09__QQQM_SMH__primary,stress,evaluation,W5,sortino_zero_mar,0.6710217922604015,0.6796732739897108
A09__QQQM_SMH__primary,stress,evaluation,W6,win_rate,1.0,0.5833333333333334
A09__QQQM_SMH__primary,stress,evaluation,W6,sortino_zero_mar,2.6466784852261798,3.145365997738406
A09__QQQM_SMH__primary,stress,delay,,win_rate,1.0,0.578125
A09__QQQM_SMH__primary,stress,delay,,sortino_zero_mar,1.803982009908561,2.123480953382166
A09__QQQM_SMH__primary,stress,stress,stress_2020,win_rate,1.0,0.5
A09__QQQM_SMH__primary,stress,stress,stress_2020,sortino_zero_mar,-0.6369242675913348,-0.706823942000213
A09__QQQM_SMH__primary,stress,stress,stress_2022,win_rate,1.0,0.3333333333333333
A09__QQQM_SMH__primary,stress,stress,stress_2022,sortino_zero_mar,-1.221455508074108,-1.6335880697923209
A09__QQQM_SMH__primary,severe,continuous,,win_rate,1.0,0.5555555555555556
A09__QQQM_SMH__primary,severe,continuous,,sortino_zero_mar,1.4577380169700718,1.6737545644630827
A09__QQQM_SMH__primary,severe,evaluation,W1,win_rate,1.0,0.5555555555555556
A09__QQQM_SMH__primary,severe,evaluation,W1,sortino_zero_mar,4.276785815283786,4.478707378633813
A09__QQQM_SMH__primary,severe,evaluation,W2,win_rate,1.0,0.38461538461538464
A09__QQQM_SMH__primary,severe,evaluation,W2,sortino_zero_mar,-0.16327114998710351,-0.17937630257999296
A09__QQQM_SMH__primary,severe,evaluation,W3,win_rate,1.0,0.5
A09__QQQM_SMH__primary,severe,evaluation,W3,sortino_zero_mar,-1.39668490979753,-1.4951186540188321
A09__QQQM_SMH__primary,severe,evaluation,W4,win_rate,1.0,0.75
A09__QQQM_SMH__primary,severe,evaluation,W4,sortino_zero_mar,3.85919944237467,5.8706648298718385
A09__QQQM_SMH__primary,severe,evaluation,W5,win_rate,1.0,0.7
A09__QQQM_SMH__primary,severe,evaluation,W5,sortino_zero_mar,0.5110036037311128,0.5118701702648542
A09__QQQM_SMH__primary,severe,evaluation,W6,win_rate,1.0,0.5833333333333334
A09__QQQM_SMH__primary,severe,evaluation,W6,sortino_zero_mar,2.5676545027789017,3.0180949308137657
A09__QQQM_SMH__primary,severe,delay,,win_rate,1.0,0.5625
A09__QQQM_SMH__primary,severe,delay,,sortino_zero_mar,1.641629190282225,1.9374715618346252
A09__QQQM_SMH__primary,severe,stress,stress_2020,win_rate,1.0,0.5
A09__QQQM_SMH__primary,severe,stress,stress_2020,sortino_zero_mar,-0.8829707168323759,-0.9707467310893523
A09__QQQM_SMH__primary,severe,stress,stress_2022,win_rate,1.0,0.3333333333333333
A09__QQQM_SMH__primary,severe,stress,stress_2022,sortino_zero_mar,-1.2496806169601027,-1.6709432722986712
A10__QQQM_SMH__primary,base,continuous,,win_rate,1.0,0.8461538461538461
A10__QQQM_SMH__primary,base,continuous,,sortino_zero_mar,1.9502022871345706,2.2459455739645966
A10__QQQM_SMH__primary,base,evaluation,W1,win_rate,1.0,0.7272727272727273
A10__QQQM_SMH__primary,base,evaluation,W1,sortino_zero_mar,4.78974685320404,5.17258430476149
A10__QQQM_SMH__primary,base,evaluation,W2,win_rate,1.0,0.6666666666666666
A10__QQQM_SMH__primary,base,evaluation,W2,sortino_zero_mar,0.4965574077190637,0.5339129589334535
A10__QQQM_SMH__primary,base,evaluation,W3,win_rate,1.0,0.7857142857142857
A10__QQQM_SMH__primary,base,evaluation,W3,sortino_zero_mar,-0.09871484780673778,-0.10989749074186753
A10__QQQM_SMH__primary,base,evaluation,W4,sortino_zero_mar,4.14185942537826,5.9842347878169075
A10__QQQM_SMH__primary,base,evaluation,W5,win_rate,1.0,0.9166666666666666
A10__QQQM_SMH__primary,base,evaluation,W5,sortino_zero_mar,1.6043350522282205,1.6601315418814957
A10__QQQM_SMH__primary,base,evaluation,W6,win_rate,1.0,0.8
A10__QQQM_SMH__primary,base,evaluation,W6,sortino_zero_mar,2.469417633000978,2.694615747747801
A10__QQQM_SMH__primary,base,delay,,win_rate,1.0,0.84375
A10__QQQM_SMH__primary,base,delay,,sortino_zero_mar,1.9819935705462497,2.292921982612799
A10__QQQM_SMH__primary,base,stress,stress_2020,win_rate,1.0,0.5
A10__QQQM_SMH__primary,base,stress,stress_2020,sortino_zero_mar,3.265968451363,3.4342844411624993
A10__QQQM_SMH__primary,base,stress,stress_2022,win_rate,1.0,0.25
A10__QQQM_SMH__primary,base,stress,stress_2022,sortino_zero_mar,-0.8283838539938874,-1.6487392936477496
A10__QQQM_SMH__primary,stress,continuous,,win_rate,1.0,0.8
A10__QQQM_SMH__primary,stress,continuous,,sortino_zero_mar,1.9075608119160863,2.192074928865791
A10__QQQM_SMH__primary,stress,evaluation,W1,win_rate,1.0,0.7272727272727273
A10__QQQM_SMH__primary,stress,evaluation,W1,sortino_zero_mar,4.715913069147864,5.070693321184264
A10__QQQM_SMH__primary,stress,evaluation,W2,win_rate,1.0,0.6666666666666666
A10__QQQM_SMH__primary,stress,evaluation,W2,sortino_zero_mar,0.4556222450558288,0.4890522270087741
A10__QQQM_SMH__primary,stress,evaluation,W3,win_rate,1.0,0.7142857142857143
A10__QQQM_SMH__primary,stress,evaluation,W3,sortino_zero_mar,-0.2753650366746765,-0.30282953517771233
A10__QQQM_SMH__primary,stress,evaluation,W4,sortino_zero_mar,4.114009699401497,5.934416292231703
A10__QQQM_SMH__primary,stress,evaluation,W5,win_rate,1.0,0.8333333333333334
A10__QQQM_SMH__primary,stress,evaluation,W5,sortino_zero_mar,1.5651778870380095,1.6145718448409505
A10__QQQM_SMH__primary,stress,evaluation,W6,win_rate,1.0,0.7
A10__QQQM_SMH__primary,stress,evaluation,W6,sortino_zero_mar,2.4426357572776394,2.6627276641039774
A10__QQQM_SMH__primary,stress,delay,,win_rate,1.0,0.828125
A10__QQQM_SMH__primary,stress,delay,,sortino_zero_mar,1.9384143698783216,2.238357326023567
A10__QQQM_SMH__primary,stress,stress,stress_2020,win_rate,1.0,0.5
A10__QQQM_SMH__primary,stress,stress,stress_2020,sortino_zero_mar,3.2015417514326683,3.3554079044671488
A10__QQQM_SMH__primary,stress,stress,stress_2022,win_rate,1.0,0.25
A10__QQQM_SMH__primary,stress,stress,stress_2022,sortino_zero_mar,-0.8583883323837167,-1.6740317529505846
A10__QQQM_SMH__primary,severe,continuous,,win_rate,1.0,0.7076923076923077
A10__QQQM_SMH__primary,severe,continuous,,sortino_zero_mar,1.8312444663541954,2.111243351902477
A10__QQQM_SMH__primary,severe,evaluation,W1,win_rate,1.0,0.6363636363636364
A10__QQQM_SMH__primary,severe,evaluation,W1,sortino_zero_mar,4.594909286153843,4.917631353494878
A10__QQQM_SMH__primary,severe,evaluation,W2,win_rate,1.0,0.5
A10__QQQM_SMH__primary,severe,evaluation,W2,sortino_zero_mar,0.3940409409260212,0.421894927139821
A10__QQQM_SMH__primary,severe,evaluation,W3,win_rate,1.0,0.6428571428571429
A10__QQQM_SMH__primary,severe,evaluation,W3,sortino_zero_mar,-0.5442139749334223,-0.5878256183446957
A10__QQQM_SMH__primary,severe,evaluation,W4,win_rate,1.0,0.8
A10__QQQM_SMH__primary,severe,evaluation,W4,sortino_zero_mar,4.047814041322623,5.859788713837005
A10__QQQM_SMH__primary,severe,evaluation,W5,win_rate,1.0,0.6666666666666666
A10__QQQM_SMH__primary,severe,evaluation,W5,sortino_zero_mar,1.5059402217052793,1.5464123897088464
A10__QQQM_SMH__primary,severe,evaluation,W6,win_rate,1.0,0.6
A10__QQQM_SMH__primary,severe,evaluation,W6,sortino_zero_mar,2.402323511524238,2.6149501822982075
A10__QQQM_SMH__primary,severe,delay,,win_rate,1.0,0.78125
A10__QQQM_SMH__primary,severe,delay,,sortino_zero_mar,1.8578781187938525,2.156618968694061
A10__QQQM_SMH__primary,severe,stress,stress_2020,win_rate,1.0,0.5
A10__QQQM_SMH__primary,severe,stress,stress_2020,sortino_zero_mar,3.102789921651754,3.236575429150734
A10__QQQM_SMH__primary,severe,stress,stress_2022,win_rate,1.0,0.25
A10__QQQM_SMH__primary,severe,stress,stress_2022,sortino_zero_mar,-0.7197176458658496,-1.7112113389181924
BENCH__QQQ,base,continuous,,sortino_zero_mar,1.694247004556334,1.8084163860978044
BENCH__QQQ,base,evaluation,W1,sortino_zero_mar,3.5876320459555227,3.4862047713871998
BENCH__QQQ,base,evaluation,W2,sortino_zero_mar,1.2057031271057688,1.2794715646802277
BENCH__QQQ,base,evaluation,W3,sortino_zero_mar,-0.07235644199234417,-0.0750103526689921
BENCH__QQQ,base,evaluation,W4,sortino_zero_mar,2.2895434722512524,2.9520787486541304
BENCH__QQQ,base,evaluation,W5,sortino_zero_mar,0.07791136173002403,0.0753703366829667
BENCH__QQQ,base,evaluation,W6,sortino_zero_mar,3.0876153008019145,3.000499929837664
BENCH__QQQ,stress,continuous,,sortino_zero_mar,1.6919122399871307,1.8061127637618535
BENCH__QQQ,stress,evaluation,W1,sortino_zero_mar,3.5474403162364747,3.4667612650688113
BENCH__QQQ,stress,evaluation,W2,sortino_zero_mar,1.1923486608515044,1.2652890914701478
BENCH__QQQ,stress,evaluation,W3,sortino_zero_mar,-0.08564816614490907,-0.08878961562688967
BENCH__QQQ,stress,evaluation,W4,sortino_zero_mar,2.2798946364874033,2.939709079997956
BENCH__QQQ,stress,evaluation,W5,sortino_zero_mar,0.06118719752661706,0.059191602626769056
BENCH__QQQ,stress,evaluation,W6,sortino_zero_mar,3.073646813013424,2.9869002407956806
BENCH__QQQ,severe,continuous,,sortino_zero_mar,1.6894761260348181,1.8026279066996234
BENCH__QQQ,severe,evaluation,W1,sortino_zero_mar,3.535874569353584,3.436931465912336
BENCH__QQQ,severe,evaluation,W2,sortino_zero_mar,1.1723637662846251,1.2440654758681189
BENCH__QQQ,severe,evaluation,W3,sortino_zero_mar,-0.10570915613508662,-0.1093987943507063
BENCH__QQQ,severe,evaluation,W4,sortino_zero_mar,2.265457441772857,2.921200179146306
BENCH__QQQ,severe,evaluation,W5,sortino_zero_mar,0.03616185295252797,0.03498243423938079
BENCH__QQQ,severe,evaluation,W6,sortino_zero_mar,3.0527393157226563,2.9665450571632204
BENCH__SPY,base,continuous,,sortino_zero_mar,1.7817750692166423,1.9980444682441574
BENCH__SPY,base,evaluation,W1,max_drawdown,0.07166185206038933,0.07205909590652004
BENCH__SPY,base,evaluation,W1,sortino_zero_mar,4.062271673319786,4.213993863777201
BENCH__SPY,base,evaluation,W2,sortino_zero_mar,1.9095356097531933,2.0895011084930073
BENCH__SPY,base,evaluation,W3,sortino_zero_mar,-0.13480081253228587,-0.1371026079542447
BENCH__SPY,base,evaluation,W4,sortino_zero_mar,1.879696723217526,2.4454261257380168
BENCH__SPY,base,evaluation,W5,sortino_zero_mar,0.1040312443293268,0.10435765605302673
BENCH__SPY,base,evaluation,W6,sortino_zero_mar,3.7136853809216728,3.7028912299259713
BENCH__SPY,stress,continuous,,sortino_zero_mar,1.7794870408160806,1.994771008257266
BENCH__SPY,stress,evaluation,W1,max_drawdown,0.07173289801718874,0.07304909571956009
BENCH__SPY,stress,evaluation,W1,sortino_zero_mar,4.050222483320929,4.18572902702192
BENCH__SPY,stress,evaluation,W2,sortino_zero_mar,1.8902232686131604,2.0683585229472166
BENCH__SPY,stress,evaluation,W3,sortino_zero_mar,-0.15435145802349648,-0.15655264370775346
BENCH__SPY,stress,evaluation,W4,sortino_zero_mar,1.869226502784784,2.431837479935178
BENCH__SPY,stress,evaluation,W5,sortino_zero_mar,0.08201341070038495,0.0822708590043871
BENCH__SPY,stress,evaluation,W6,sortino_zero_mar,3.6901182709477354,3.679433007312827
BENCH__SPY,severe,continuous,,sortino_zero_mar,1.7758609028360772,1.9897493901987369
BENCH__SPY,severe,evaluation,W1,max_drawdown,0.0718397314783471,0.07453409543911982
BENCH__SPY,severe,evaluation,W1,sortino_zero_mar,4.026280090448927,4.140726103275654
BENCH__SPY,severe,evaluation,W2,sortino_zero_mar,1.8613227768538183,2.0367194303282647
BENCH__SPY,severe,evaluation,W3,sortino_zero_mar,-0.18365791684372454,-0.18557853897008356
BENCH__SPY,severe,evaluation,W4,sortino_zero_mar,1.8535607348444088,2.411505405090719
BENCH__SPY,severe,evaluation,W5,sortino_zero_mar,0.04913498046203015,0.04921589852059672
BENCH__SPY,severe,evaluation,W6,sortino_zero_mar,3.654848396655147,3.6443254300688617
BENCH__QQQM,base,continuous,,sortino_zero_mar,1.7102022538720711,1.8213489502477327
BENCH__QQQM,base,evaluation,W1,sortino_zero_mar,3.5780239636115043,3.476827802558762
BENCH__QQQM,base,evaluation,W2,sortino_zero_mar,1.2144871342709642,1.2868510552702577
BENCH__QQQM,base,evaluation,W3,sortino_zero_mar,-0.06585991780722424,-0.0679508025794357
BENCH__QQQM,base,evaluation,W4,sortino_zero_mar,2.3216095241966963,2.994915865908545
BENCH__QQQM,base,evaluation,W5,sortino_zero_mar,0.0818042406706534,0.07907316381871292
BENCH__QQQM,base,evaluation,W6,sortino_zero_mar,3.0816439154722657,3.0131591882667137
BENCH__QQQM,stress,continuous,,sortino_zero_mar,1.7080119121945554,1.8190274528698256
BENCH__QQQM,stress,evaluation,W1,sortino_zero_mar,3.5580600206615114,3.4575018813766536
BENCH__QQQM,stress,evaluation,W2,sortino_zero_mar,1.2010632259427383,1.272615962221403
BENCH__QQQM,stress,evaluation,W3,sortino_zero_mar,-0.0792369123283932,-0.08184111185924406
BENCH__QQQM,stress,evaluation,W4,sortino_zero_mar,2.3118168526351437,2.9823593988983217
BENCH__QQQM,stress,evaluation,W5,sortino_zero_mar,0.0650220200645755,0.06285120813314148
BENCH__QQQM,stress,evaluation,W6,sortino_zero_mar,3.067665152519082,2.9994663244155895
BENCH__QQQM,severe,continuous,,sortino_zero_mar,1.7051801669014766,1.8155278160059043
BENCH__QQQM,severe,evaluation,W1,sortino_zero_mar,3.5232329517978527,3.4281083520964803
BENCH__QQQM,severe,evaluation,W2,sortino_zero_mar,1.1809743932346433,1.2513135948493792
BENCH__QQQM,severe,evaluation,W3,sortino_zero_mar,-0.09964294789167141,-0.10261491811473633
BENCH__QQQM,severe,evaluation,W4,sortino_zero_mar,2.297164396916947,2.9635708965426213
BENCH__QQQM,severe,evaluation,W5,sortino_zero_mar,0.03990977554049616,0.03857733912892363
BENCH__QQQM,severe,evaluation,W6,sortino_zero_mar,3.0467422555962664,2.9789716557729897
BENCH__SMH,base,continuous,,sortino_zero_mar,1.9575936390397188,2.0908699698689475
BENCH__SMH,base,evaluation,W1,sortino_zero_mar,5.653381141789142,5.405163053304364
BENCH__SMH,base,evaluation,W2,sortino_zero_mar,0.7195686983257082,0.7441480884030832
BENCH__SMH,base,evaluation,W3,sortino_zero_mar,-0.22637018769886547,-0.23483849812022897
BENCH__SMH,base,evaluation,W4,sortino_zero_mar,2.6092453619512668,3.1519690515729044
BENCH__SMH,base,evaluation,W5,sortino_zero_mar,2.1823141533318147,2.254234211646026
BENCH__SMH,base,evaluation,W6,sortino_zero_mar,2.9421794004039423,2.862922150232507
BENCH__SMH,stress,continuous,,sortino_zero_mar,1.9568476233125465,2.0897055269842273
BENCH__SMH,stress,evaluation,W1,sortino_zero_mar,5.648264969763423,5.389922710404856
BENCH__SMH,stress,evaluation,W2,sortino_zero_mar,0.7130227491125114,0.7373701746094895
BENCH__SMH,stress,evaluation,W3,sortino_zero_mar,-0.2335860791315765,-0.24232257364423204
BENCH__SMH,stress,evaluation,W4,sortino_zero_mar,2.602093203254586,3.1434644285300855
BENCH__SMH,stress,evaluation,W5,sortino_zero_mar,2.176195227788436,2.2450969443047772
BENCH__SMH,stress,evaluation,W6,sortino_zero_mar,2.9363066717491533,2.8571155385618163
BENCH__SMH,severe,continuous,,sortino_zero_mar,1.955691109700502,2.087941688353761
BENCH__SMH,severe,evaluation,W1,sortino_zero_mar,5.638300261123553,5.366330934832248
BENCH__SMH,severe,evaluation,W2,sortino_zero_mar,0.7032268631886527,0.7272273955875644
BENCH__SMH,severe,evaluation,W3,sortino_zero_mar,-0.24438325868558797,-0.2535208240249491
BENCH__SMH,severe,evaluation,W4,sortino_zero_mar,2.591391864429454,3.13073906356111
BENCH__SMH,severe,evaluation,W5,sortino_zero_mar,2.166656897295557,2.2312549926910346
BENCH__SMH,severe,evaluation,W6,sortino_zero_mar,2.927514727879976,2.848422841789261
BENCH__SOXX,base,continuous,,sortino_zero_mar,1.6862385890761358,1.7941859662092923
BENCH__SOXX,base,evaluation,W1,sortino_zero_mar,4.291689767444025,4.003419097894127
BENCH__SOXX,base,evaluation,W2,sortino_zero_mar,0.3256360331426067,0.33500008399448655
BENCH__SOXX,base,evaluation,W3,sortino_zero_mar,-0.6852585647888357,-0.6813851811763971
BENCH__SOXX,base,evaluation,W4,sortino_zero_mar,2.124828212927403,2.541948554948665
BENCH__SOXX,base,evaluation,W5,sortino_zero_mar,2.152758986577361,2.2286516626693507
BENCH__SOXX,base,evaluation,W6,sortino_zero_mar,3.160037928003156,2.9989751765519403
BENCH__SOXX,stress,continuous,,sortino_zero_mar,1.6854939224691836,1.7930856808369766
BENCH__SOXX,stress,evaluation,W1,sortino_zero_mar,4.283641163368064,3.989798903473431
BENCH__SOXX,stress,evaluation,W2,sortino_zero_mar,0.3191026790215843,0.32827578866956525
BENCH__SOXX,stress,evaluation,W3,sortino_zero_mar,-0.6932117502477033,-0.6892902015906165
BENCH__SOXX,stress,evaluation,W4,sortino_zero_mar,2.1183236021339584,2.5342509480399666
BENCH__SOXX,stress,evaluation,W5,sortino_zero_mar,2.1466824770130413,2.2201853348545906
BENCH__SOXX,stress,evaluation,W6,sortino_zero_mar,3.1551817645159375,2.994228353149903
BENCH__SOXX,severe,continuous,,sortino_zero_mar,1.68434985679403,1.791423185591608
BENCH__SOXX,severe,evaluation,W1,sortino_zero_mar,4.270136417511895,3.9689128770653324
BENCH__SOXX,severe,evaluation,W2,sortino_zero_mar,0.309326592046668,0.31821420567767045
BENCH__SOXX,severe,evaluation,W3,sortino_zero_mar,-0.7051106805353318,-0.7011169128257705
BENCH__SOXX,severe,evaluation,W4,sortino_zero_mar,2.1085926815424023,2.522734971086165
BENCH__SOXX,severe,evaluation,W5,sortino_zero_mar,2.1372880786440622,2.207382075491438
BENCH__SOXX,severe,evaluation,W6,sortino_zero_mar,3.147911469940795,2.987121935458642
BENCH__QQQM_SMH_STATIC50,base,continuous,,sortino_zero_mar,1.8836553022843268,2.0191419729729
BENCH__QQQM_SMH_STATIC50,base,evaluation,W1,sortino_zero_mar,5.110432257609098,4.800929228928296
BENCH__QQQM_SMH_STATIC50,base,evaluation,W2,sortino_zero_mar,0.860067079674998,0.9016567031855258
BENCH__QQQM_SMH_STATIC50,base,evaluation,W3,sortino_zero_mar,-0.20255407286117888,-0.2071385179666395
BENCH__QQQM_SMH_STATIC50,base,evaluation,W4,sortino_zero_mar,2.4911960651435407,3.132593197694225
BENCH__QQQM_SMH_STATIC50,base,evaluation,W5,sortino_zero_mar,1.5192478726954883,1.5266895274734442
BENCH__QQQM_SMH_STATIC50,base,evaluation,W6,sortino_zero_mar,2.8988365775936993,2.8527819616352548
BENCH__QQQM_SMH_STATIC50,stress,continuous,,sortino_zero_mar,1.8827042206811209,2.0176364898394383
BENCH__QQQM_SMH_STATIC50,stress,evaluation,W1,sortino_zero_mar,5.108381960850593,4.783819025814874
BENCH__QQQM_SMH_STATIC50,stress,evaluation,W2,sortino_zero_mar,0.8511875174625552,0.8923367726813367
BENCH__QQQM_SMH_STATIC50,stress,evaluation,W3,sortino_zero_mar,-0.2124780213625147,-0.21728650040386335
BENCH__QQQM_SMH_STATIC50,stress,evaluation,W4,sortino_zero_mar,2.4829162934199607,3.122296733988371
BENCH__QQQM_SMH_STATIC50,stress,evaluation,W5,sortino_zero_mar,1.5049952267947784,1.5151170497040927
BENCH__QQQM_SMH_STATIC50,stress,evaluation,W6,sortino_zero_mar,2.8907233978668767,2.844722515296115
BENCH__QQQM_SMH_STATIC50,severe,continuous,,sortino_zero_mar,1.881219243365536,2.0153514711329557
BENCH__QQQM_SMH_STATIC50,severe,evaluation,W1,sortino_zero_mar,5.101971734812364,4.757152673039059
BENCH__QQQM_SMH_STATIC50,severe,evaluation,W2,sortino_zero_mar,0.8378990759910067,0.8783896712859651
BENCH__QQQM_SMH_STATIC50,severe,evaluation,W3,sortino_zero_mar,-0.22732808054505724,-0.23247169651656674
BENCH__QQQM_SMH_STATIC50,severe,evaluation,W4,sortino_zero_mar,2.470527685570888,3.106890032624987
BENCH__QQQM_SMH_STATIC50,severe,evaluation,W5,sortino_zero_mar,1.4918010909628605,1.4976126874821456
BENCH__QQQM_SMH_STATIC50,severe,evaluation,W6,sortino_zero_mar,2.8785780297142027,2.8326579914214896
A01__QQQM_SMH__primary,base,delay,W1,sortino_zero_mar,0.7400336645513635,1.0217448865472722
A01__QQQM_SMH__primary,base,delay,W2,sortino_zero_mar,0.5125895653622963,0.5320782454248381
A01__QQQM_SMH__primary,base,delay,W3,sortino_zero_mar,0.184253275248769,0.19756405588348455
A01__QQQM_SMH__primary,base,delay,W4,sortino_zero_mar,3.4681218068903297,4.410821605356245
A01__QQQM_SMH__primary,base,delay,W5,sortino_zero_mar,2.0366556771525413,2.1089864266582086
A01__QQQM_SMH__primary,base,delay,W6,sortino_zero_mar,2.6689495955580136,2.6433304332304264
A01__QQQM_SMH__primary,stress,delay,W1,sortino_zero_mar,0.6907805577375632,0.9547126760707063
A01__QQQM_SMH__primary,stress,delay,W2,sortino_zero_mar,0.4924405082572829,0.5108578087852546
A01__QQQM_SMH__primary,stress,delay,W3,sortino_zero_mar,0.15562437416211,0.16653618135684894
A01__QQQM_SMH__primary,stress,delay,W4,sortino_zero_mar,3.4077112283297337,4.343196998431879
A01__QQQM_SMH__primary,stress,delay,W5,sortino_zero_mar,2.0307867982014014,2.0999469197037293
A01__QQQM_SMH__primary,stress,delay,W6,sortino_zero_mar,2.6632436923602203,2.6376031568155915
A01__QQQM_SMH__primary,severe,delay,W1,sortino_zero_mar,0.6178975519264365,0.8554020623007499
A01__QQQM_SMH__primary,severe,delay,W2,sortino_zero_mar,0.4622015888386872,0.47908316289349445
A01__QQQM_SMH__primary,severe,delay,W3,win_rate,,0.0
A01__QQQM_SMH__primary,severe,delay,W3,sortino_zero_mar,0.11258539947319614,0.12006032709936845
A01__QQQM_SMH__primary,severe,delay,W4,sortino_zero_mar,3.3602213386190427,4.239141253112001
A01__QQQM_SMH__primary,severe,delay,W5,sortino_zero_mar,2.0216325308140686,2.0862603626008727
A01__QQQM_SMH__primary,severe,delay,W6,sortino_zero_mar,2.6369357875720385,2.6289832832267854
A02__QQQM_SMH__primary,base,delay,W1,win_rate,,0.0
A02__QQQM_SMH__primary,base,delay,W1,sortino_zero_mar,5.138429613637844,4.875828409885792
A02__QQQM_SMH__primary,base,delay,W2,win_rate,1.0,0.4
A02__QQQM_SMH__primary,base,delay,W2,sortino_zero_mar,0.3941262832426375,0.4221213030905207
A02__QQQM_SMH__primary,base,delay,W3,win_rate,1.0,0.3333333333333333
A02__QQQM_SMH__primary,base,delay,W3,sortino_zero_mar,-0.6330683218059995,-0.7440404020941387
A02__QQQM_SMH__primary,base,delay,W4,sortino_zero_mar,4.647868881261139,5.7291037020405176
A02__QQQM_SMH__primary,base,delay,W5,win_rate,1.0,0.5714285714285714
A02__QQQM_SMH__primary,base,delay,W5,sortino_zero_mar,1.2805472908907705,1.3112381436111695
A02__QQQM_SMH__primary,base,delay,W6,win_rate,1.0,0.8571428571428571
A02__QQQM_SMH__primary,base,delay,W6,sortino_zero_mar,1.957225244803078,2.1891785046493157
A02__QQQM_SMH__primary,stress,delay,W1,win_rate,,0.0
A02__QQQM_SMH__primary,stress,delay,W1,sortino_zero_mar,5.0265558680446185,4.804910539881847
A02__QQQM_SMH__primary,stress,delay,W2,win_rate,1.0,0.4
A02__QQQM_SMH__primary,stress,delay,W2,sortino_zero_mar,0.35213334916524947,0.3766405164015206
A02__QQQM_SMH__primary,stress,delay,W3,win_rate,1.0,0.3333333333333333
A02__QQQM_SMH__primary,stress,delay,W3,sortino_zero_mar,-0.7069317141398943,-0.82714716642467
A02__QQQM_SMH__primary,stress,delay,W4,sortino_zero_mar,4.620530537466043,5.695391032908274
A02__QQQM_SMH__primary,stress,delay,W5,win_rate,1.0,0.5714285714285714
A02__QQQM_SMH__primary,stress,delay,W5,sortino_zero_mar,1.2478350607599205,1.2753625726297184
A02__QQQM_SMH__primary,stress,delay,W6,win_rate,1.0,0.8571428571428571
A02__QQQM_SMH__primary,stress,delay,W6,sortino_zero_mar,1.9281135776885931,2.153274957039641
A02__QQQM_SMH__primary,severe,delay,W1,win_rate,,0.0
A02__QQQM_SMH__primary,severe,delay,W1,sortino_zero_mar,4.9330976681585526,4.697938373311915
A02__QQQM_SMH__primary,severe,delay,W2,win_rate,1.0,0.4
A02__QQQM_SMH__primary,severe,delay,W2,sortino_zero_mar,0.288511968768598,0.30852053707197385
A02__QQQM_SMH__primary,severe,delay,W3,win_rate,1.0,0.3333333333333333
A02__QQQM_SMH__primary,severe,delay,W3,sortino_zero_mar,-0.8250507184475844,-0.950990183661393
A02__QQQM_SMH__primary,severe,delay,W4,sortino_zero_mar,4.579573236851948,5.644884190442737
A02__QQQM_SMH__primary,severe,delay,W5,win_rate,1.0,0.5714285714285714
A02__QQQM_SMH__primary,severe,delay,W5,sortino_zero_mar,1.1982748922046413,1.2215260024320302
A02__QQQM_SMH__primary,severe,delay,W6,win_rate,1.0,0.8571428571428571
A02__QQQM_SMH__primary,severe,delay,W6,sortino_zero_mar,1.8845066102352617,2.0994038628359513
A03__QQQM_SMH__primary,base,delay,W1,win_rate,1.0,0.8
A03__QQQM_SMH__primary,base,delay,W1,sortino_zero_mar,5.027777269098802,5.205267379913562
A03__QQQM_SMH__primary,base,delay,W2,win_rate,1.0,0.4
A03__QQQM_SMH__primary,base,delay,W2,sortino_zero_mar,0.671355843932058,0.7068013336818979
A03__QQQM_SMH__primary,base,delay,W3,win_rate,1.0,0.3333333333333333
A03__QQQM_SMH__primary,base,delay,W3,sortino_zero_mar,-0.2085645892706788,-0.22877898115255677
A03__QQQM_SMH__primary,base,delay,W4,sortino_zero_mar,3.600993318643125,4.985711345296349
A03__QQQM_SMH__primary,base,delay,W5,win_rate,1.0,0.8
A03__QQQM_SMH__primary,base,delay,W5,sortino_zero_mar,1.11802489959496,1.142652831037394
A03__QQQM_SMH__primary,base,delay,W6,sortino_zero_mar,3.3386109181772965,3.477390359574393
A03__QQQM_SMH__primary,stress,delay,W1,win_rate,1.0,0.8
A03__QQQM_SMH__primary,stress,delay,W1,sortino_zero_mar,4.98833817896103,5.165158510707649
A03__QQQM_SMH__primary,stress,delay,W2,win_rate,1.0,0.4
A03__QQQM_SMH__primary,stress,delay,W2,sortino_zero_mar,0.6500649228509451,0.6839651197040929
A03__QQQM_SMH__primary,stress,delay,W3,win_rate,1.0,0.3333333333333333
A03__QQQM_SMH__primary,stress,delay,W3,sortino_zero_mar,-0.25500831991708406,-0.27915623760008007
A03__QQQM_SMH__primary,stress,delay,W4,sortino_zero_mar,3.576452102230229,4.950747206760122
A03__QQQM_SMH__primary,stress,delay,W5,win_rate,1.0,0.8
A03__QQQM_SMH__primary,stress,delay,W5,sortino_zero_mar,1.1026941514459476,1.125563843290094
A03__QQQM_SMH__primary,stress,delay,W6,sortino_zero_mar,3.322662329978458,3.46054031611174
A03__QQQM_SMH__primary,severe,delay,W1,win_rate,1.0,0.8
A03__QQQM_SMH__primary,severe,delay,W1,sortino_zero_mar,4.9291793384933955,5.10499356215064
A03__QQQM_SMH__primary,severe,delay,W2,win_rate,1.0,0.4
A03__QQQM_SMH__primary,severe,delay,W2,sortino_zero_mar,0.6181089598726386,0.649760914422556
A03__QQQM_SMH__primary,severe,delay,W3,win_rate,1.0,0.3333333333333333
A03__QQQM_SMH__primary,severe,delay,W3,sortino_zero_mar,-0.3247621666393257,-0.3545318967739101
A03__QQQM_SMH__primary,severe,delay,W4,sortino_zero_mar,3.499320735883162,4.898298670132392
A03__QQQM_SMH__primary,severe,delay,W5,win_rate,1.0,0.8
A03__QQQM_SMH__primary,severe,delay,W5,sortino_zero_mar,1.0793671608058235,1.09985832147668
A03__QQQM_SMH__primary,severe,delay,W6,sortino_zero_mar,3.2987251490834906,3.4352577911849704
A04__QQQM_SMH__primary,base,delay,W1,sortino_zero_mar,5.609166093538186,5.461516349118753
A04__QQQM_SMH__primary,base,delay,W2,sortino_zero_mar,0.5557000616624148,0.58279932742512
A04__QQQM_SMH__primary,base,delay,W3,win_rate,1.0,0.3333333333333333
A04__QQQM_SMH__primary,base,delay,W3,sortino_zero_mar,-0.1286043984808781,-0.13771983054237802
A04__QQQM_SMH__primary,base,delay,W4,sortino_zero_mar,4.361740028175833,5.3054610703669285
A04__QQQM_SMH__primary,base,delay,W5,sortino_zero_mar,1.3907222883464723,1.3997625670331166
A04__QQQM_SMH__primary,base,delay,W6,sortino_zero_mar,2.603568458253005,2.6507687010286225
A04__QQQM_SMH__primary,stress,delay,W1,sortino_zero_mar,5.605676182569184,5.44252277455073
A04__QQQM_SMH__primary,stress,delay,W2,sortino_zero_mar,0.546789505774684,0.5734469670553913
A04__QQQM_SMH__primary,stress,delay,W3,win_rate,1.0,0.3333333333333333
A04__QQQM_SMH__primary,stress,delay,W3,sortino_zero_mar,-0.1623935051528362,-0.1738929164115156
A04__QQQM_SMH__primary,stress,delay,W4,sortino_zero_mar,4.340992699314455,5.28017206280958
A04__QQQM_SMH__primary,stress,delay,W5,sortino_zero_mar,1.3812805710627147,1.3878362293318314
A04__QQQM_SMH__primary,stress,delay,W6,sortino_zero_mar,2.5951440097330303,2.6421795353154307
A04__QQQM_SMH__primary,severe,delay,W1,sortino_zero_mar,5.596598458478595,5.41281548912852
A04__QQQM_SMH__primary,severe,delay,W2,sortino_zero_mar,0.5334556886496397,0.5594524271381216
A04__QQQM_SMH__primary,severe,delay,W3,win_rate,,0.0
A04__QQQM_SMH__primary,severe,delay,W3,sortino_zero_mar,-0.2129488714451043,-0.22800674578578553
A04__QQQM_SMH__primary,severe,delay,W4,sortino_zero_mar,4.2793134115802784,5.241849275110866
A04__QQQM_SMH__primary,severe,delay,W5,sortino_zero_mar,1.366688242452862,1.3698292206815612
A04__QQQM_SMH__primary,severe,delay,W6,sortino_zero_mar,2.582543077862521,2.6293323622640457
A05__QQQM_SMH__primary,base,delay,W1,sortino_zero_mar,2.1376583602101364,2.480644436467222
A05__QQQM_SMH__primary,base,delay,W2,win_rate,1.0,0.6666666666666666
A05__QQQM_SMH__primary,base,delay,W2,sortino_zero_mar,0.4790002658311468,1.1320000945222437
A05__QQQM_SMH__primary,base,delay,W3,win_rate,1.0,0.25
A05__QQQM_SMH__primary,base,delay,W3,sortino_zero_mar,-0.9369412729306125,-1.460545281155088
A05__QQQM_SMH__primary,base,delay,W4,sortino_zero_mar,4.186522007896041,5.142938668407598
A05__QQQM_SMH__primary,base,delay,W5,win_rate,1.0,0.42857142857142855
A05__QQQM_SMH__primary,base,delay,W5,sortino_zero_mar,-0.792904315179352,-1.0319034133241234
A05__QQQM_SMH__primary,base,delay,W6,sortino_zero_mar,1.3780348587764435,2.114341113745306
A05__QQQM_SMH__primary,stress,delay,W1,sortino_zero_mar,2.099352499452059,2.413744913776267
A05__QQQM_SMH__primary,stress,delay,W2,win_rate,1.0,0.6666666666666666
A05__QQQM_SMH__primary,stress,delay,W2,sortino_zero_mar,0.45160322273884396,1.0638623724225749
A05__QQQM_SMH__primary,stress,delay,W3,win_rate,1.0,0.25
A05__QQQM_SMH__primary,stress,delay,W3,sortino_zero_mar,-0.9958691926233932,-1.5424921179296476
A05__QQQM_SMH__primary,stress,delay,W4,sortino_zero_mar,4.1658676932168985,5.103923413410482
A05__QQQM_SMH__primary,stress,delay,W5,win_rate,1.0,0.42857142857142855
A05__QQQM_SMH__primary,stress,delay,W5,sortino_zero_mar,-0.8771059241090378,-1.1362703474490767
A05__QQQM_SMH__primary,stress,delay,W6,sortino_zero_mar,1.3603007562717673,2.0857938926834696
A05__QQQM_SMH__primary,severe,delay,W1,sortino_zero_mar,2.037095573106125,2.3124213823724538
A05__QQQM_SMH__primary,severe,delay,W2,win_rate,1.0,0.6666666666666666
A05__QQQM_SMH__primary,severe,delay,W2,sortino_zero_mar,0.4100760867695959,0.9615487785207342
A05__QQQM_SMH__primary,severe,delay,W3,win_rate,1.0,0.25
A05__QQQM_SMH__primary,severe,delay,W3,sortino_zero_mar,-1.0837010343622175,-1.663163121527711
A05__QQQM_SMH__primary,severe,delay,W4,sortino_zero_mar,4.131371741019695,5.044211741540696
A05__QQQM_SMH__primary,severe,delay,W5,win_rate,1.0,0.2857142857142857
A05__QQQM_SMH__primary,severe,delay,W5,sortino_zero_mar,-1.0034115005568767,-1.2913240621131115
A05__QQQM_SMH__primary,severe,delay,W6,sortino_zero_mar,1.3336328313372943,2.0430041437815314
A06__QQQM_SMH__primary,base,delay,W1,sortino_zero_mar,0.08997811834412756,0.37363494121013935
A06__QQQM_SMH__primary,base,delay,W2,win_rate,,0.0
A06__QQQM_SMH__primary,base,delay,W2,sortino_zero_mar,-0.23404063549487036,-1.5896341291899023
A06__QQQM_SMH__primary,base,delay,W3,win_rate,,0.0
A06__QQQM_SMH__primary,base,delay,W3,sortino_zero_mar,-0.7520351265371769,-2.491688142560743
A06__QQQM_SMH__primary,base,delay,W4,sortino_zero_mar,,18.762686630026565
A06__QQQM_SMH__primary,base,delay,W5,win_rate,,0.0
A06__QQQM_SMH__primary,base,delay,W5,sortino_zero_mar,-4.121678995024351,-2.0141223535490083
A06__QQQM_SMH__primary,stress,delay,W1,sortino_zero_mar,0.05338646041718989,0.202675335763678
A06__QQQM_SMH__primary,stress,delay,W2,win_rate,,0.0
A06__QQQM_SMH__primary,stress,delay,W2,sortino_zero_mar,-0.24746281759795916,-1.621009565040343
A06__QQQM_SMH__primary,stress,delay,W3,win_rate,,0.0
A06__QQQM_SMH__primary,stress,delay,W3,sortino_zero_mar,-0.9951895648501384,-2.858385120653776
A06__QQQM_SMH__primary,stress,delay,W4,sortino_zero_mar,,10.722320507704499
A06__QQQM_SMH__primary,stress,delay,W5,win_rate,,0.0
A06__QQQM_SMH__primary,stress,delay,W5,sortino_zero_mar,-4.4949581697444945,-2.014431153813792
A06__QQQM_SMH__primary,severe,delay,W1,win_rate,,0.0
A06__QQQM_SMH__primary,severe,delay,W1,sortino_zero_mar,-0.014486252557266214,-0.04749239051393626
A06__QQQM_SMH__primary,severe,delay,W2,win_rate,,0.0
A06__QQQM_SMH__primary,severe,delay,W2,sortino_zero_mar,-0.2676643380702592,-1.6623120997701109
A06__QQQM_SMH__primary,severe,delay,W3,win_rate,,0.0
A06__QQQM_SMH__primary,severe,delay,W3,sortino_zero_mar,-1.4458053420893076,-3.1497683709524993
A06__QQQM_SMH__primary,severe,delay,W4,win_rate,1.0,0.6666666666666666
A06__QQQM_SMH__primary,severe,delay,W4,sortino_zero_mar,,4.829867452595955
A06__QQQM_SMH__primary,severe,delay,W5,win_rate,,0.0
A06__QQQM_SMH__primary,severe,delay,W5,sortino_zero_mar,-5.060988830920796,-2.014775748563539
A07__QQQM_SMH__primary,base,delay,W1,win_rate,1.0,0.3333333333333333
A07__QQQM_SMH__primary,base,delay,W1,sortino_zero_mar,3.7664312627428833,4.065916127030529
A07__QQQM_SMH__primary,base,delay,W2,win_rate,1.0,0.3333333333333333
A07__QQQM_SMH__primary,base,delay,W2,sortino_zero_mar,0.030941209533271348,0.033876093513045595
A07__QQQM_SMH__primary,base,delay,W3,win_rate,1.0,0.1
A07__QQQM_SMH__primary,base,delay,W3,sortino_zero_mar,-1.7630140631151605,-2.0032327176631566
A07__QQQM_SMH__primary,base,delay,W4,sortino_zero_mar,3.5887773418875097,4.7126104103488275
A07__QQQM_SMH__primary,base,delay,W5,win_rate,1.0,0.5
A07__QQQM_SMH__primary,base,delay,W5,sortino_zero_mar,1.6054472381344078,1.6796913233850523
A07__QQQM_SMH__primary,base,delay,W6,win_rate,1.0,0.8333333333333334
A07__QQQM_SMH__primary,base,delay,W6,sortino_zero_mar,1.4149753327376098,1.5840869329916627
A07__QQQM_SMH__primary,stress,delay,W1,win_rate,1.0,0.3333333333333333
A07__QQQM_SMH__primary,stress,delay,W1,sortino_zero_mar,3.719314333295666,3.9872814945473
A07__QQQM_SMH__primary,stress,delay,W2,win_rate,1.0,0.3333333333333333
A07__QQQM_SMH__primary,stress,delay,W2,sortino_zero_mar,-0.01597094492534,-0.017461026700058693
A07__QQQM_SMH__primary,stress,delay,W3,win_rate,1.0,0.1
A07__QQQM_SMH__primary,stress,delay,W3,sortino_zero_mar,-1.8866213298933936,-2.126758116665711
A07__QQQM_SMH__primary,stress,delay,W4,sortino_zero_mar,3.549595346874183,4.665900403488505
A07__QQQM_SMH__primary,stress,delay,W5,win_rate,1.0,0.5
A07__QQQM_SMH__primary,stress,delay,W5,sortino_zero_mar,1.5738018910983027,1.6436845309393733
A07__QQQM_SMH__primary,stress,delay,W6,win_rate,1.0,0.6666666666666666
A07__QQQM_SMH__primary,stress,delay,W6,sortino_zero_mar,1.3772772546057228,1.5386453504991597
A07__QQQM_SMH__primary,severe,delay,W1,win_rate,1.0,0.3333333333333333
A07__QQQM_SMH__primary,severe,delay,W1,sortino_zero_mar,3.641919285501495,3.867929911367465
A07__QQQM_SMH__primary,severe,delay,W2,win_rate,1.0,0.3333333333333333
A07__QQQM_SMH__primary,severe,delay,W2,sortino_zero_mar,-0.08614853949569333,-0.09399053724265018
A07__QQQM_SMH__primary,severe,delay,W3,win_rate,1.0,0.1
A07__QQQM_SMH__primary,severe,delay,W3,sortino_zero_mar,-2.07572950006295,-2.308301496208135
A07__QQQM_SMH__primary,severe,delay,W4,sortino_zero_mar,3.4879263186378875,4.594954812117608
A07__QQQM_SMH__primary,severe,delay,W5,win_rate,1.0,0.5
A07__QQQM_SMH__primary,severe,delay,W5,sortino_zero_mar,1.5258694939728694,1.5897990609178132
A07__QQQM_SMH__primary,severe,delay,W6,win_rate,1.0,0.6666666666666666
A07__QQQM_SMH__primary,severe,delay,W6,sortino_zero_mar,1.3296565854312725,1.470477733130706
A08__QQQM_SMH__primary,base,delay,W1,win_rate,1.0,0.5
A08__QQQM_SMH__primary,base,delay,W1,sortino_zero_mar,2.546762821384593,3.167683919928048
A08__QQQM_SMH__primary,base,delay,W2,win_rate,1.0,0.45454545454545453
A08__QQQM_SMH__primary,base,delay,W2,sortino_zero_mar,-0.8966864377519496,-1.074228611005166
A08__QQQM_SMH__primary,base,delay,W3,win_rate,1.0,0.2631578947368421
A08__QQQM_SMH__primary,base,delay,W3,sortino_zero_mar,-0.8757536386731779,-1.0942057507605831
A08__QQQM_SMH__primary,base,delay,W4,win_rate,1.0,0.8571428571428571
A08__QQQM_SMH__primary,base,delay,W4,sortino_zero_mar,2.4477669137929188,3.646607293006066
A08__QQQM_SMH__primary,base,delay,W5,win_rate,1.0,0.8076923076923077
A08__QQQM_SMH__primary,base,delay,W5,sortino_zero_mar,1.0890325877362608,1.2767908689136651
A08__QQQM_SMH__primary,base,delay,W6,win_rate,1.0,0.7222222222222222
A08__QQQM_SMH__primary,base,delay,W6,sortino_zero_mar,0.7316373008742341,0.9640219907152908
A08__QQQM_SMH__primary,stress,delay,W1,win_rate,1.0,0.4166666666666667
A08__QQQM_SMH__primary,stress,delay,W1,sortino_zero_mar,2.4959916856004027,3.098187350847857
A08__QQQM_SMH__primary,stress,delay,W2,win_rate,1.0,0.4090909090909091
A08__QQQM_SMH__primary,stress,delay,W2,sortino_zero_mar,-0.9653870822176566,-1.1590073014398754
A08__QQQM_SMH__primary,stress,delay,W3,win_rate,1.0,0.21052631578947367
A08__QQQM_SMH__primary,stress,delay,W3,sortino_zero_mar,-0.9759750423393295,-1.2195684372063162
A08__QQQM_SMH__primary,stress,delay,W4,win_rate,1.0,0.8571428571428571
A08__QQQM_SMH__primary,stress,delay,W4,sortino_zero_mar,2.4159359873586963,3.5871187250166816
A08__QQQM_SMH__primary,stress,delay,W5,win_rate,1.0,0.7692307692307693
A08__QQQM_SMH__primary,stress,delay,W5,sortino_zero_mar,1.0222009206529121,1.1950813792604484
A08__QQQM_SMH__primary,stress,delay,W6,win_rate,1.0,0.7222222222222222
A08__QQQM_SMH__primary,stress,delay,W6,sortino_zero_mar,0.7005547648708055,0.9314960934226112
A08__QQQM_SMH__primary,severe,delay,W1,win_rate,1.0,0.4166666666666667
A08__QQQM_SMH__primary,severe,delay,W1,sortino_zero_mar,2.4193461345368874,2.994134836043808
A08__QQQM_SMH__primary,severe,delay,W2,win_rate,1.0,0.4090909090909091
A08__QQQM_SMH__primary,severe,delay,W2,sortino_zero_mar,-1.0694671103491182,-1.28539423326091
A08__QQQM_SMH__primary,severe,delay,W3,win_rate,1.0,0.15789473684210525
A08__QQQM_SMH__primary,severe,delay,W3,sortino_zero_mar,-1.1527810001405088,-1.4059134906702009
A08__QQQM_SMH__primary,severe,delay,W4,win_rate,1.0,0.8571428571428571
A08__QQQM_SMH__primary,severe,delay,W4,sortino_zero_mar,2.3674459444426663,3.4977847897337044
A08__QQQM_SMH__primary,severe,delay,W5,win_rate,1.0,0.7307692307692307
A08__QQQM_SMH__primary,severe,delay,W5,sortino_zero_mar,0.9210767290141769,1.0726225583561653
A08__QQQM_SMH__primary,severe,delay,W6,win_rate,1.0,0.7222222222222222
A08__QQQM_SMH__primary,severe,delay,W6,sortino_zero_mar,0.6783625732892785,0.8827143544462042
A09__QQQM_SMH__primary,base,delay,W1,win_rate,1.0,0.7777777777777778
A09__QQQM_SMH__primary,base,delay,W1,sortino_zero_mar,3.957401216397032,4.394393262432416
A09__QQQM_SMH__primary,base,delay,W2,win_rate,1.0,0.5
A09__QQQM_SMH__primary,base,delay,W2,sortino_zero_mar,0.2648314729281696,0.2962311563100629
A09__QQQM_SMH__primary,base,delay,W3,win_rate,1.0,0.5555555555555556
A09__QQQM_SMH__primary,base,delay,W3,sortino_zero_mar,-0.6264839903440815,-0.729003600003534
A09__QQQM_SMH__primary,base,delay,W4,sortino_zero_mar,3.7786372202853116,6.13164977848266
A09__QQQM_SMH__primary,base,delay,W5,win_rate,1.0,0.625
A09__QQQM_SMH__primary,base,delay,W5,sortino_zero_mar,0.5803605655185996,0.6110306503734801
A09__QQQM_SMH__primary,base,delay,W6,win_rate,1.0,0.5833333333333334
A09__QQQM_SMH__primary,base,delay,W6,sortino_zero_mar,2.2800578862134304,2.7726961276527664
A09__QQQM_SMH__primary,stress,delay,W1,win_rate,1.0,0.6666666666666666
A09__QQQM_SMH__primary,stress,delay,W1,sortino_zero_mar,3.8032744226331943,4.181734426535047
A09__QQQM_SMH__primary,stress,delay,W2,win_rate,1.0,0.4
A09__QQQM_SMH__primary,stress,delay,W2,sortino_zero_mar,0.17489143221097217,0.19505802801802563
A09__QQQM_SMH__primary,stress,delay,W3,win_rate,1.0,0.4444444444444444
A09__QQQM_SMH__primary,stress,delay,W3,sortino_zero_mar,-0.860299240992897,-0.9877099283999614
A09__QQQM_SMH__primary,stress,delay,W4,sortino_zero_mar,3.6844326499326963,5.938576940681926
A09__QQQM_SMH__primary,stress,delay,W5,win_rate,1.0,0.625
A09__QQQM_SMH__primary,stress,delay,W5,sortino_zero_mar,0.47903630630753535,0.5055439551566415
A09__QQQM_SMH__primary,stress,delay,W6,win_rate,1.0,0.5
A09__QQQM_SMH__primary,stress,delay,W6,sortino_zero_mar,2.2246677290203247,2.686972865384557
A09__QQQM_SMH__primary,severe,delay,W1,win_rate,1.0,0.6666666666666666
A09__QQQM_SMH__primary,severe,delay,W1,sortino_zero_mar,3.54238170630011,3.863515207945365
A09__QQQM_SMH__primary,severe,delay,W2,win_rate,1.0,0.4
A09__QQQM_SMH__primary,severe,delay,W2,sortino_zero_mar,0.040266710824259866,0.044529134389509256
A09__QQQM_SMH__primary,severe,delay,W3,win_rate,1.0,0.4444444444444444
A09__QQQM_SMH__primary,severe,delay,W3,sortino_zero_mar,-1.2189818232233804,-1.3676805150404514
A09__QQQM_SMH__primary,severe,delay,W4,win_rate,1.0,0.75
A09__QQQM_SMH__primary,severe,delay,W4,sortino_zero_mar,3.5535317046949313,5.6435241299454075
A09__QQQM_SMH__primary,severe,delay,W5,win_rate,1.0,0.5
A09__QQQM_SMH__primary,severe,delay,W5,sortino_zero_mar,0.3334542401666668,0.34865240814794796
A09__QQQM_SMH__primary,severe,delay,W6,win_rate,1.0,0.5
A09__QQQM_SMH__primary,severe,delay,W6,sortino_zero_mar,2.134670261687775,2.5586087610766204
A10__QQQM_SMH__primary,base,delay,W1,win_rate,1.0,0.8888888888888888
A10__QQQM_SMH__primary,base,delay,W1,sortino_zero_mar,4.909652811644982,5.427774713795496
A10__QQQM_SMH__primary,base,delay,W2,win_rate,1.0,0.5833333333333334
A10__QQQM_SMH__primary,base,delay,W2,sortino_zero_mar,0.6249174010105599,0.6719379004574032
A10__QQQM_SMH__primary,base,delay,W3,win_rate,1.0,0.7857142857142857
A10__QQQM_SMH__primary,base,delay,W3,sortino_zero_mar,-0.1161162422131687,-0.1236589236678679
A10__QQQM_SMH__primary,base,delay,W4,sortino_zero_mar,3.727617803473144,5.417975953467725
A10__QQQM_SMH__primary,base,delay,W5,win_rate,1.0,0.9166666666666666
A10__QQQM_SMH__primary,base,delay,W5,sortino_zero_mar,1.5903002617181252,1.6657305865967773
A10__QQQM_SMH__primary,base,delay,W6,win_rate,1.0,0.9
A10__QQQM_SMH__primary,base,delay,W6,sortino_zero_mar,2.3980586533522223,2.5806015053994713
A10__QQQM_SMH__primary,stress,delay,W1,win_rate,1.0,0.8888888888888888
A10__QQQM_SMH__primary,stress,delay,W1,sortino_zero_mar,4.835828880413467,5.337864116823549
A10__QQQM_SMH__primary,stress,delay,W2,win_rate,1.0,0.5833333333333334
A10__QQQM_SMH__primary,stress,delay,W2,sortino_zero_mar,0.5833508784015642,0.626669925086686
A10__QQQM_SMH__primary,stress,delay,W3,win_rate,1.0,0.7857142857142857
A10__QQQM_SMH__primary,stress,delay,W3,sortino_zero_mar,-0.29149767319422465,-0.30907730672998385
A10__QQQM_SMH__primary,stress,delay,W4,sortino_zero_mar,3.6958311648797806,5.367849659846387
A10__QQQM_SMH__primary,stress,delay,W5,win_rate,1.0,0.8333333333333334
A10__QQQM_SMH__primary,stress,delay,W5,sortino_zero_mar,1.552580373818715,1.621433739897994
A10__QQQM_SMH__primary,stress,delay,W6,win_rate,1.0,0.9
A10__QQQM_SMH__primary,stress,delay,W6,sortino_zero_mar,2.3688808582355327,2.546681410485732
A10__QQQM_SMH__primary,severe,delay,W1,win_rate,1.0,0.7777777777777778
A10__QQQM_SMH__primary,severe,delay,W1,sortino_zero_mar,4.7353661303327295,5.2025257044505135
A10__QQQM_SMH__primary,severe,delay,W2,win_rate,1.0,0.5833333333333334
A10__QQQM_SMH__primary,severe,delay,W2,sortino_zero_mar,0.5210177726080637,0.558957802587137
A10__QQQM_SMH__primary,severe,delay,W3,win_rate,1.0,0.7142857142857143
A10__QQQM_SMH__primary,severe,delay,W3,sortino_zero_mar,-0.5520651739501773,-0.5820445465957254
A10__QQQM_SMH__primary,severe,delay,W4,sortino_zero_mar,3.6481006220130934,5.292809507991993
A10__QQQM_SMH__primary,severe,delay,W5,win_rate,1.0,0.8333333333333334
A10__QQQM_SMH__primary,severe,delay,W5,sortino_zero_mar,1.4954998599419316,1.555085006875148
A10__QQQM_SMH__primary,severe,delay,W6,win_rate,1.0,0.9
A10__QQQM_SMH__primary,severe,delay,W6,sortino_zero_mar,2.3250236571085523,2.495885624029616
L01__TQQQ_SOXL__primary,base,continuous,,win_rate,1.0,0.8333333333333334
L01__TQQQ_SOXL__primary,base,continuous,,sortino_zero_mar,0.5623437509167196,0.8541282100068641
L01__TQQQ_SOXL__primary,base,evaluation,W1,sortino_zero_mar,1.174187172119677,2.129861098587846
L01__TQQQ_SOXL__primary,base,evaluation,W2,win_rate,,0.0
L01__TQQQ_SOXL__primary,base,evaluation,W2,sortino_zero_mar,-0.4559850620273538,-0.5541991740532299
L01__TQQQ_SOXL__primary,base,evaluation,W3,win_rate,,0.0
L01__TQQQ_SOXL__primary,base,evaluation,W3,sortino_zero_mar,0.1276920404616811,0.15801660411596152
L01__TQQQ_SOXL__primary,base,evaluation,W4,sortino_zero_mar,1.527872950109878,2.8446747100713483
L01__TQQQ_SOXL__primary,base,evaluation,W5,sortino_zero_mar,1.5721165664487577,1.6395236539893818
L01__TQQQ_SOXL__primary,base,evaluation,W6,sortino_zero_mar,2.58341810629582,2.7461283950334936
L01__TQQQ_SOXL__primary,base,delay,,win_rate,1.0,0.6666666666666666
L01__TQQQ_SOXL__primary,base,delay,,sortino_zero_mar,0.8064885998192185,1.2331829141242718
L01__TQQQ_SOXL__primary,base,stress,stress_2020,win_rate,1.0,0.4
L01__TQQQ_SOXL__primary,base,stress,stress_2020,sortino_zero_mar,0.3018604384882421,0.45107020812006976
L01__TQQQ_SOXL__primary,base,stress,stress_2022,win_rate,,0.0
L01__TQQQ_SOXL__primary,base,stress,stress_2022,sortino_zero_mar,-0.911357877736314,-1.7951858365983735
L01__TQQQ_SOXL__primary,stress,continuous,,win_rate,1.0,0.8333333333333334
L01__TQQQ_SOXL__primary,stress,continuous,,sortino_zero_mar,0.5426855048613534,0.8261197459195836
L01__TQQQ_SOXL__primary,stress,evaluation,W1,sortino_zero_mar,1.1421227402220016,2.0465676617088575
L01__TQQQ_SOXL__primary,stress,evaluation,W2,win_rate,,0.0
L01__TQQQ_SOXL__primary,stress,evaluation,W2,sortino_zero_mar,-0.46370141482116506,-0.5620053853433925
L01__TQQQ_SOXL__primary,stress,evaluation,W3,win_rate,,0.0
L01__TQQQ_SOXL__primary,stress,evaluation,W3,sortino_zero_mar,0.11393632962167849,0.14067588004311687
L01__TQQQ_SOXL__primary,stress,evaluation,W4,sortino_zero_mar,1.481783864844556,2.757619437370135
L01__TQQQ_SOXL__primary,stress,evaluation,W5,sortino_zero_mar,1.5691403216181679,1.6364343294338992
L01__TQQQ_SOXL__primary,stress,evaluation,W6,sortino_zero_mar,2.580933436238297,2.7414580695782393
L01__TQQQ_SOXL__primary,stress,delay,,win_rate,1.0,0.6666666666666666
L01__TQQQ_SOXL__primary,stress,delay,,sortino_zero_mar,0.7859119573191337,1.206888528827476
L01__TQQQ_SOXL__primary,stress,stress,stress_2020,win_rate,1.0,0.4
L01__TQQQ_SOXL__primary,stress,stress,stress_2020,sortino_zero_mar,0.2830550635668024,0.4229046630277506
L01__TQQQ_SOXL__primary,stress,stress,stress_2022,win_rate,,0.0
L01__TQQQ_SOXL__primary,stress,stress,stress_2022,sortino_zero_mar,-0.9241592389255335,-1.8120577958144453
L01__TQQQ_SOXL__primary,severe,continuous,,win_rate,1.0,0.8333333333333334
L01__TQQQ_SOXL__primary,severe,continuous,,sortino_zero_mar,0.5080540639693881,0.778358623192581
L01__TQQQ_SOXL__primary,severe,evaluation,W1,sortino_zero_mar,1.0642393087617634,1.9068814536200513
L01__TQQQ_SOXL__primary,severe,evaluation,W2,win_rate,,0.0
L01__TQQQ_SOXL__primary,severe,evaluation,W2,sortino_zero_mar,-0.4743896484049252,-0.5749152519060774
L01__TQQQ_SOXL__primary,severe,evaluation,W3,win_rate,,0.0
L01__TQQQ_SOXL__primary,severe,evaluation,W3,sortino_zero_mar,0.09091766528259497,0.11185204777049397
L01__TQQQ_SOXL__primary,severe,evaluation,W4,sortino_zero_mar,1.4030336087021071,2.6101566066240056
L01__TQQQ_SOXL__primary,severe,evaluation,W5,sortino_zero_mar,1.5612818394521564,1.6313025403542878
L01__TQQQ_SOXL__primary,severe,evaluation,W6,sortino_zero_mar,2.576726844002658,2.7336550512453455
L01__TQQQ_SOXL__primary,severe,delay,,win_rate,1.0,0.6666666666666666
L01__TQQQ_SOXL__primary,severe,delay,,sortino_zero_mar,0.7533552121045426,1.1616870174378686
L01__TQQQ_SOXL__primary,severe,stress,stress_2020,win_rate,1.0,0.25
L01__TQQQ_SOXL__primary,severe,stress,stress_2020,sortino_zero_mar,0.23910681024803282,0.37361141606252135
L01__TQQQ_SOXL__primary,severe,stress,stress_2022,win_rate,,0.0
L01__TQQQ_SOXL__primary,severe,stress,stress_2022,sortino_zero_mar,-0.9455424678749867,-1.840043985412731
L02__TQQQ_SOXL__primary,base,continuous,,win_rate,1.0,0.8857142857142857
L02__TQQQ_SOXL__primary,base,continuous,,sortino_zero_mar,1.1458262487417552,1.3146927473376142
L02__TQQQ_SOXL__primary,base,evaluation,W1,win_rate,1.0,0.75
L02__TQQQ_SOXL__primary,base,evaluation,W1,sortino_zero_mar,1.9486312203037668,2.209326955326881
L02__TQQQ_SOXL__primary,base,evaluation,W2,win_rate,1.0,0.7272727272727273
L02__TQQQ_SOXL__primary,base,evaluation,W2,sortino_zero_mar,-0.5605619169033288,-0.5984747594679446
L02__TQQQ_SOXL__primary,base,evaluation,W3,win_rate,1.0,0.8
L02__TQQQ_SOXL__primary,base,evaluation,W3,sortino_zero_mar,-0.17248080213330597,-0.19116458439123954
L02__TQQQ_SOXL__primary,base,evaluation,W4,sortino_zero_mar,2.114143284250672,3.256760182616693
L02__TQQQ_SOXL__primary,base,evaluation,W5,win_rate,1.0,0.9411764705882353
L02__TQQQ_SOXL__primary,base,evaluation,W5,sortino_zero_mar,1.5411593582035505,1.6643827140079994
L02__TQQQ_SOXL__primary,base,evaluation,W6,win_rate,1.0,0.9285714285714286
L02__TQQQ_SOXL__primary,base,evaluation,W6,sortino_zero_mar,3.101509874318353,3.3894286197698853
L02__TQQQ_SOXL__primary,base,delay,,win_rate,1.0,0.9230769230769231
L02__TQQQ_SOXL__primary,base,delay,,sortino_zero_mar,1.1922088317178072,1.3632744592505848
L02__TQQQ_SOXL__primary,base,stress,stress_2020,win_rate,1.0,0.6666666666666666
L02__TQQQ_SOXL__primary,base,stress,stress_2020,sortino_zero_mar,0.6985968281088872,0.9231984564429937
L02__TQQQ_SOXL__primary,base,stress,stress_2022,win_rate,,0.0
L02__TQQQ_SOXL__primary,base,stress,stress_2022,sortino_zero_mar,-0.678376482487631,-1.7245131414909918
L02__TQQQ_SOXL__primary,stress,continuous,,win_rate,1.0,0.8857142857142857
L02__TQQQ_SOXL__primary,stress,continuous,,sortino_zero_mar,1.120918059016249,1.285133070764039
L02__TQQQ_SOXL__primary,stress,evaluation,W1,win_rate,1.0,0.75
L02__TQQQ_SOXL__primary,stress,evaluation,W1,sortino_zero_mar,1.872954369169161,2.11813414491444
L02__TQQQ_SOXL__primary,stress,evaluation,W2,win_rate,1.0,0.7272727272727273
L02__TQQQ_SOXL__primary,stress,evaluation,W2,sortino_zero_mar,-0.5794959617628976,-0.6185967244281513
L02__TQQQ_SOXL__primary,stress,evaluation,W3,win_rate,1.0,0.8
L02__TQQQ_SOXL__primary,stress,evaluation,W3,sortino_zero_mar,-0.20138286611677791,-0.22312872444390766
L02__TQQQ_SOXL__primary,stress,evaluation,W4,sortino_zero_mar,2.0937176042904717,3.2226000697607358
L02__TQQQ_SOXL__primary,stress,evaluation,W5,win_rate,1.0,0.9411764705882353
L02__TQQQ_SOXL__primary,stress,evaluation,W5,sortino_zero_mar,1.5291919051092357,1.6500930221440366
L02__TQQQ_SOXL__primary,stress,evaluation,W6,win_rate,1.0,0.9285714285714286
L02__TQQQ_SOXL__primary,stress,evaluation,W6,sortino_zero_mar,3.065779284996411,3.360323281941776
L02__TQQQ_SOXL__primary,stress,delay,,win_rate,1.0,0.9230769230769231
L02__TQQQ_SOXL__primary,stress,delay,,sortino_zero_mar,1.1624312795149974,1.333532103143914
L02__TQQQ_SOXL__primary,stress,stress,stress_2020,win_rate,1.0,0.6666666666666666
L02__TQQQ_SOXL__primary,stress,stress,stress_2020,sortino_zero_mar,0.6623314724004191,0.883355678073115
L02__TQQQ_SOXL__primary,stress,stress,stress_2022,win_rate,,0.0
L02__TQQQ_SOXL__primary,stress,stress,stress_2022,sortino_zero_mar,-0.667489774058965,-1.743302447616387
L02__TQQQ_SOXL__primary,severe,continuous,,win_rate,1.0,0.8714285714285714
L02__TQQQ_SOXL__primary,severe,continuous,,sortino_zero_mar,1.076345248521524,1.2362939383546987
L02__TQQQ_SOXL__primary,severe,evaluation,W1,win_rate,1.0,0.75
L02__TQQQ_SOXL__primary,severe,evaluation,W1,sortino_zero_mar,1.752190353070151,1.9668717859544886
L02__TQQQ_SOXL__primary,severe,evaluation,W2,win_rate,1.0,0.7272727272727273
L02__TQQQ_SOXL__primary,severe,evaluation,W2,sortino_zero_mar,-0.6058742574832631,-0.6521080717149134
L02__TQQQ_SOXL__primary,severe,evaluation,W3,win_rate,1.0,0.7
L02__TQQQ_SOXL__primary,severe,evaluation,W3,sortino_zero_mar,-0.25002155944368,-0.27622163358841684
L02__TQQQ_SOXL__primary,severe,evaluation,W4,sortino_zero_mar,2.06281285331341,3.1697894212559956
L02__TQQQ_SOXL__primary,severe,evaluation,W5,win_rate,1.0,0.9411764705882353
L02__TQQQ_SOXL__primary,severe,evaluation,W5,sortino_zero_mar,1.5091242330158365,1.6262602461323696
L02__TQQQ_SOXL__primary,severe,evaluation,W6,win_rate,1.0,0.9285714285714286
L02__TQQQ_SOXL__primary,severe,evaluation,W6,sortino_zero_mar,3.0423768886298186,3.302790735401828
L02__TQQQ_SOXL__primary,severe,delay,,win_rate,1.0,0.9230769230769231
L02__TQQQ_SOXL__primary,severe,delay,,sortino_zero_mar,1.1258891919563532,1.2839739005745696
L02__TQQQ_SOXL__primary,severe,stress,stress_2020,win_rate,1.0,0.6666666666666666
L02__TQQQ_SOXL__primary,severe,stress,stress_2020,sortino_zero_mar,0.6171044143446134,0.8171915337764625
L02__TQQQ_SOXL__primary,severe,stress,stress_2022,win_rate,,0.0
L02__TQQQ_SOXL__primary,severe,stress,stress_2022,sortino_zero_mar,-1.338124920164615,-1.7742561352330541
L03__TQQQ_SOXL__primary,base,continuous,,win_rate,1.0,0.36363636363636365
L03__TQQQ_SOXL__primary,base,continuous,,sortino_zero_mar,1.1965264605540573,1.3991960447613287
L03__TQQQ_SOXL__primary,base,evaluation,W1,win_rate,1.0,0.25
L03__TQQQ_SOXL__primary,base,evaluation,W1,sortino_zero_mar,2.7775913497460967,2.687149698698502
L03__TQQQ_SOXL__primary,base,evaluation,W2,win_rate,,0.0
L03__TQQQ_SOXL__primary,base,evaluation,W2,sortino_zero_mar,-0.07197913173425385,-0.07875499743126636
L03__TQQQ_SOXL__primary,base,evaluation,W3,win_rate,,0.0
L03__TQQQ_SOXL__primary,base,evaluation,W3,sortino_zero_mar,-1.1757827140749046,-1.3761689124428167
L03__TQQQ_SOXL__primary,base,evaluation,W4,sortino_zero_mar,3.4401992591375787,4.649034800249825
L03__TQQQ_SOXL__primary,base,evaluation,W5,win_rate,,0.0
L03__TQQQ_SOXL__primary,base,evaluation,W5,sortino_zero_mar,1.359378818566343,1.3944199177969474
L03__TQQQ_SOXL__primary,base,evaluation,W6,sortino_zero_mar,2.346150205176451,2.3534708001240525
L03__TQQQ_SOXL__primary,base,delay,,win_rate,1.0,0.2727272727272727
L03__TQQQ_SOXL__primary,base,delay,,sortino_zero_mar,1.2031987599203988,1.4028319044161313
L03__TQQQ_SOXL__primary,base,stress,stress_2020,win_rate,,0.0
L03__TQQQ_SOXL__primary,base,stress,stress_2020,sortino_zero_mar,1.5246749254969985,1.8320803553215985
L03__TQQQ_SOXL__primary,base,stress,stress_2022,win_rate,,0.0
L03__TQQQ_SOXL__primary,base,stress,stress_2022,sortino_zero_mar,-0.9261154791606085,-1.7831609648121618
L03__TQQQ_SOXL__primary,stress,continuous,,win_rate,1.0,0.36363636363636365
L03__TQQQ_SOXL__primary,stress,continuous,,sortino_zero_mar,1.1911524193366319,1.392143646168519
L03__TQQQ_SOXL__primary,stress,evaluation,W1,win_rate,1.0,0.25
L03__TQQQ_SOXL__primary,stress,evaluation,W1,sortino_zero_mar,2.7403168298383864,2.6471697456344336
L03__TQQQ_SOXL__primary,stress,evaluation,W2,win_rate,,0.0
L03__TQQQ_SOXL__primary,stress,evaluation,W2,sortino_zero_mar,-0.07763119455937814,-0.08494857791206831
L03__TQQQ_SOXL__primary,stress,evaluation,W3,win_rate,,0.0
L03__TQQQ_SOXL__primary,stress,evaluation,W3,sortino_zero_mar,-1.2031737094889154,-1.4056227960708418
L03__TQQQ_SOXL__primary,stress,evaluation,W4,sortino_zero_mar,3.4304986294703292,4.635810903899524
L03__TQQQ_SOXL__primary,stress,evaluation,W5,win_rate,,0.0
L03__TQQQ_SOXL__primary,stress,evaluation,W5,sortino_zero_mar,1.3539390529631032,1.3878579016178458
L03__TQQQ_SOXL__primary,stress,evaluation,W6,sortino_zero_mar,2.3436851930355265,2.3508880077601915
L03__TQQQ_SOXL__primary,stress,delay,,win_rate,1.0,0.2727272727272727
L03__TQQQ_SOXL__primary,stress,delay,,sortino_zero_mar,1.1967891292711208,1.3945964478963402
L03__TQQQ_SOXL__primary,stress,stress,stress_2020,win_rate,,0.0
L03__TQQQ_SOXL__primary,stress,stress,stress_2020,sortino_zero_mar,1.5161078539710953,1.8222710803086157
L03__TQQQ_SOXL__primary,stress,stress,stress_2022,win_rate,,0.0
L03__TQQQ_SOXL__primary,stress,stress,stress_2022,sortino_zero_mar,-0.938386233994567,-1.7967437668504482
L03__TQQQ_SOXL__primary,severe,continuous,,win_rate,1.0,0.3
L03__TQQQ_SOXL__primary,severe,continuous,,sortino_zero_mar,1.1813499676775998,1.3795650404049888
L03__TQQQ_SOXL__primary,severe,evaluation,W1,win_rate,,0.0
L03__TQQQ_SOXL__primary,severe,evaluation,W1,sortino_zero_mar,2.677840129994154,2.5807837839228625
L03__TQQQ_SOXL__primary,severe,evaluation,W2,win_rate,,0.0
L03__TQQQ_SOXL__primary,severe,evaluation,W2,sortino_zero_mar,-0.0870037269559319,-0.09522252345236654
L03__TQQQ_SOXL__primary,severe,evaluation,W3,win_rate,,0.0
L03__TQQQ_SOXL__primary,severe,evaluation,W3,sortino_zero_mar,-1.2524591642171465,-1.4541025098792448
L03__TQQQ_SOXL__primary,severe,evaluation,W4,sortino_zero_mar,3.402130650631195,4.613329196085044
L03__TQQQ_SOXL__primary,severe,evaluation,W5,win_rate,,0.0
L03__TQQQ_SOXL__primary,severe,evaluation,W5,sortino_zero_mar,1.3447994008834767,1.376912788894803
L03__TQQQ_SOXL__primary,severe,evaluation,W6,sortino_zero_mar,2.3613387357694635,2.3466043982762983
L03__TQQQ_SOXL__primary,severe,delay,,win_rate,1.0,0.2727272727272727
L03__TQQQ_SOXL__primary,severe,delay,,sortino_zero_mar,1.186110255542957,1.3809216277567031
L03__TQQQ_SOXL__primary,severe,stress,stress_2020,win_rate,,0.0
L03__TQQQ_SOXL__primary,severe,stress,stress_2020,sortino_zero_mar,1.5018541786960078,1.8059687229387313
L03__TQQQ_SOXL__primary,severe,stress,stress_2022,win_rate,,0.0
L03__TQQQ_SOXL__primary,severe,stress,stress_2022,sortino_zero_mar,-0.9589142282075583,-1.8192504907179
L04__TQQQ_SOXL__primary,base,continuous,,win_rate,1.0,0.875
L04__TQQQ_SOXL__primary,base,continuous,,sortino_zero_mar,1.0694410403057788,1.238872817786827
L04__TQQQ_SOXL__primary,base,evaluation,W1,win_rate,1.0,0.9
L04__TQQQ_SOXL__primary,base,evaluation,W1,sortino_zero_mar,2.5499855997936627,2.7113981549909085
L04__TQQQ_SOXL__primary,base,evaluation,W2,win_rate,1.0,0.75
L04__TQQQ_SOXL__primary,base,evaluation,W2,sortino_zero_mar,-0.3913163613071559,-0.4255861238497403
L04__TQQQ_SOXL__primary,base,evaluation,W3,win_rate,1.0,0.4
L04__TQQQ_SOXL__primary,base,evaluation,W3,sortino_zero_mar,-0.4490301499917201,-0.4870107778454096
L04__TQQQ_SOXL__primary,base,evaluation,W4,sortino_zero_mar,2.2292084518391206,3.454642572323038
L04__TQQQ_SOXL__primary,base,evaluation,W5,win_rate,1.0,0.8076923076923077
L04__TQQQ_SOXL__primary,base,evaluation,W5,sortino_zero_mar,0.7722022272717635,0.82836917796514
L04__TQQQ_SOXL__primary,base,evaluation,W6,win_rate,1.0,0.9615384615384616
L04__TQQQ_SOXL__primary,base,evaluation,W6,sortino_zero_mar,3.0096934195132157,3.3603820573725076
L04__TQQQ_SOXL__primary,base,delay,,win_rate,1.0,0.8981481481481481
L04__TQQQ_SOXL__primary,base,delay,,sortino_zero_mar,1.1249737782390903,1.31471876275336
L04__TQQQ_SOXL__primary,base,stress,stress_2020,win_rate,1.0,0.7931034482758621
L04__TQQQ_SOXL__primary,base,stress,stress_2020,sortino_zero_mar,0.8677539360892904,1.1093928455646331
L04__TQQQ_SOXL__primary,base,stress,stress_2022,win_rate,1.0,0.25
L04__TQQQ_SOXL__primary,base,stress,stress_2022,sortino_zero_mar,-1.1907639764104962,-1.5788714277505513
L04__TQQQ_SOXL__primary,stress,continuous,,win_rate,1.0,0.875
L04__TQQQ_SOXL__primary,stress,continuous,,sortino_zero_mar,1.0356030833275065,1.1987523721568658
L04__TQQQ_SOXL__primary,stress,evaluation,W1,win_rate,1.0,0.9
L04__TQQQ_SOXL__primary,stress,evaluation,W1,sortino_zero_mar,2.5036132427840725,2.651581382051816
L04__TQQQ_SOXL__primary,stress,evaluation,W2,win_rate,1.0,0.75
L04__TQQQ_SOXL__primary,stress,evaluation,W2,sortino_zero_mar,-0.42782650482011186,-0.4670778181836619
L04__TQQQ_SOXL__primary,stress,evaluation,W3,win_rate,1.0,0.4
L04__TQQQ_SOXL__primary,stress,evaluation,W3,sortino_zero_mar,-0.5203983489074726,-0.5632239838216282
L04__TQQQ_SOXL__primary,stress,evaluation,W4,sortino_zero_mar,2.2112646860891707,3.420652571526178
L04__TQQQ_SOXL__primary,stress,evaluation,W5,win_rate,1.0,0.8076923076923077
L04__TQQQ_SOXL__primary,stress,evaluation,W5,sortino_zero_mar,0.7449503452028134,0.7985088686043968
L04__TQQQ_SOXL__primary,stress,evaluation,W6,win_rate,1.0,0.9615384615384616
L04__TQQQ_SOXL__primary,stress,evaluation,W6,sortino_zero_mar,2.997722013420224,3.324628159262984
L04__TQQQ_SOXL__primary,stress,delay,,win_rate,1.0,0.8981481481481481
L04__TQQQ_SOXL__primary,stress,delay,,sortino_zero_mar,1.0941407170504303,1.2754424592992017
L04__TQQQ_SOXL__primary,stress,stress,stress_2020,win_rate,1.0,0.7931034482758621
L04__TQQQ_SOXL__primary,stress,stress,stress_2020,sortino_zero_mar,0.8536659423363443,1.0912261580907276
L04__TQQQ_SOXL__primary,stress,stress,stress_2022,win_rate,1.0,0.25
L04__TQQQ_SOXL__primary,stress,stress,stress_2022,sortino_zero_mar,-0.6405907499338176,-1.5954990663235262
L04__TQQQ_SOXL__primary,severe,continuous,,win_rate,1.0,0.8660714285714286
L04__TQQQ_SOXL__primary,severe,continuous,,sortino_zero_mar,0.981556964742436,1.1318332591952323
L04__TQQQ_SOXL__primary,severe,evaluation,W1,win_rate,1.0,0.9
L04__TQQQ_SOXL__primary,severe,evaluation,W1,sortino_zero_mar,2.3957518303257332,2.551881088190487
L04__TQQQ_SOXL__primary,severe,evaluation,W2,win_rate,1.0,0.75
L04__TQQQ_SOXL__primary,severe,evaluation,W2,sortino_zero_mar,-0.4931755379655612,-0.5350106375785885
L04__TQQQ_SOXL__primary,severe,evaluation,W3,win_rate,1.0,0.3
L04__TQQQ_SOXL__primary,severe,evaluation,W3,sortino_zero_mar,-0.6388446811318381,-0.6891337364067764
L04__TQQQ_SOXL__primary,severe,evaluation,W4,sortino_zero_mar,2.184428895598606,3.36804820494184
L04__TQQQ_SOXL__primary,severe,evaluation,W5,win_rate,1.0,0.8076923076923077
L04__TQQQ_SOXL__primary,severe,evaluation,W5,sortino_zero_mar,0.6994828161050008,0.7488986346532306
L04__TQQQ_SOXL__primary,severe,evaluation,W6,win_rate,1.0,0.9615384615384616
L04__TQQQ_SOXL__primary,severe,evaluation,W6,sortino_zero_mar,2.926000046296575,3.2556929392700047
L04__TQQQ_SOXL__primary,severe,delay,,win_rate,1.0,0.897196261682243
L04__TQQQ_SOXL__primary,severe,delay,,sortino_zero_mar,1.0375176070774996,1.2081999669958976
L04__TQQQ_SOXL__primary,severe,stress,stress_2020,win_rate,1.0,0.7931034482758621
L04__TQQQ_SOXL__primary,severe,stress,stress_2020,sortino_zero_mar,0.8304992925160014,1.061453570780565
L04__TQQQ_SOXL__primary,severe,stress,stress_2022,win_rate,1.0,0.25
L04__TQQQ_SOXL__primary,severe,stress,stress_2022,sortino_zero_mar,-0.7545904029278868,-1.6226147234646897
L05__TQQQ_SOXL__primary,base,continuous,,win_rate,1.0,0.5909090909090909
L05__TQQQ_SOXL__primary,base,continuous,,sortino_zero_mar,0.5115861102899878,0.8200615868776522
L05__TQQQ_SOXL__primary,base,evaluation,W1,sortino_zero_mar,1.1275982024577356,1.3844892961124313
L05__TQQQ_SOXL__primary,base,evaluation,W2,win_rate,1.0,0.6666666666666666
L05__TQQQ_SOXL__primary,base,evaluation,W2,sortino_zero_mar,0.17485045547035452,0.4061876459717459
L05__TQQQ_SOXL__primary,base,evaluation,W3,win_rate,1.0,0.25
L05__TQQQ_SOXL__primary,base,evaluation,W3,sortino_zero_mar,-0.8556755795360914,-1.3768331240514833
L05__TQQQ_SOXL__primary,base,evaluation,W4,sortino_zero_mar,2.680436360429999,3.670214957318484
L05__TQQQ_SOXL__primary,base,evaluation,W5,win_rate,1.0,0.2857142857142857
L05__TQQQ_SOXL__primary,base,evaluation,W5,sortino_zero_mar,-0.6326088726354174,-0.821280932662746
L05__TQQQ_SOXL__primary,base,evaluation,W6,win_rate,1.0,0.6666666666666666
L05__TQQQ_SOXL__primary,base,evaluation,W6,sortino_zero_mar,1.1106182853109265,2.365094958621205
L05__TQQQ_SOXL__primary,base,delay,,win_rate,1.0,0.5909090909090909
L05__TQQQ_SOXL__primary,base,delay,,sortino_zero_mar,0.5748512098386596,0.9211472448762025
L05__TQQQ_SOXL__primary,base,stress,stress_2020,win_rate,1.0,0.8
L05__TQQQ_SOXL__primary,base,stress,stress_2020,sortino_zero_mar,1.196201977487876,1.9347525415932398
L05__TQQQ_SOXL__primary,stress,continuous,,win_rate,1.0,0.5909090909090909
L05__TQQQ_SOXL__primary,stress,continuous,,sortino_zero_mar,0.4933420236928199,0.7907888446140697
L05__TQQQ_SOXL__primary,stress,evaluation,W1,sortino_zero_mar,1.1028575054498546,1.3498125238524672
L05__TQQQ_SOXL__primary,stress,evaluation,W2,win_rate,1.0,0.6666666666666666
L05__TQQQ_SOXL__primary,stress,evaluation,W2,sortino_zero_mar,0.16161583200131566,0.3748895975190093
L05__TQQQ_SOXL__primary,stress,evaluation,W3,win_rate,1.0,0.25
L05__TQQQ_SOXL__primary,stress,evaluation,W3,sortino_zero_mar,-0.8780546256558107,-1.4140478283197877
L05__TQQQ_SOXL__primary,stress,evaluation,W4,sortino_zero_mar,2.6618887281880124,3.643503532881934
L05__TQQQ_SOXL__primary,stress,evaluation,W5,win_rate,1.0,0.2857142857142857
L05__TQQQ_SOXL__primary,stress,evaluation,W5,sortino_zero_mar,-0.6713897880845878,-0.8697174950430809
L05__TQQQ_SOXL__primary,stress,evaluation,W6,win_rate,1.0,0.6666666666666666
L05__TQQQ_SOXL__primary,stress,evaluation,W6,sortino_zero_mar,1.1045594512111474,2.351692452633105
L05__TQQQ_SOXL__primary,stress,delay,,win_rate,1.0,0.5909090909090909
L05__TQQQ_SOXL__primary,stress,delay,,sortino_zero_mar,0.5579762295407275,0.8908743487895348
L05__TQQQ_SOXL__primary,stress,stress,stress_2020,win_rate,1.0,0.8
L05__TQQQ_SOXL__primary,stress,stress,stress_2020,sortino_zero_mar,1.1790268876666834,1.9059741039616132
L05__TQQQ_SOXL__primary,severe,continuous,,win_rate,1.0,0.5909090909090909
L05__TQQQ_SOXL__primary,severe,continuous,,sortino_zero_mar,0.46505800964081484,0.7420906068708563
L05__TQQQ_SOXL__primary,severe,evaluation,W1,sortino_zero_mar,1.0539097394598225,1.2921306307429856
L05__TQQQ_SOXL__primary,severe,evaluation,W2,win_rate,1.0,0.6666666666666666
L05__TQQQ_SOXL__primary,severe,evaluation,W2,sortino_zero_mar,0.14174425429363186,0.3229690153056968
L05__TQQQ_SOXL__primary,severe,evaluation,W3,win_rate,1.0,0.25
L05__TQQQ_SOXL__primary,severe,evaluation,W3,sortino_zero_mar,-0.9182444739882628,-1.4753866233335193
L05__TQQQ_SOXL__primary,severe,evaluation,W4,sortino_zero_mar,2.6213364697364536,3.5989793625299114
L05__TQQQ_SOXL__primary,severe,evaluation,W5,win_rate,1.0,0.2857142857142857
L05__TQQQ_SOXL__primary,severe,evaluation,W5,sortino_zero_mar,-0.7361239175413918,-0.9501633349185358
L05__TQQQ_SOXL__primary,severe,evaluation,W6,win_rate,1.0,0.6666666666666666
L05__TQQQ_SOXL__primary,severe,evaluation,W6,sortino_zero_mar,1.0944580654519473,2.3293629842564427
L05__TQQQ_SOXL__primary,severe,delay,,win_rate,1.0,0.5909090909090909
L05__TQQQ_SOXL__primary,severe,delay,,sortino_zero_mar,0.5279588805958583,0.840446075636858
L05__TQQQ_SOXL__primary,severe,stress,stress_2020,win_rate,1.0,0.8
L05__TQQQ_SOXL__primary,severe,stress,stress_2020,sortino_zero_mar,1.150323331020253,1.858003427442778
L06__TQQQ_SOXL__primary,base,continuous,,win_rate,1.0,0.5263157894736842
L06__TQQQ_SOXL__primary,base,continuous,,sortino_zero_mar,0.39033239845001416,0.9448933255512052
L06__TQQQ_SOXL__primary,base,evaluation,W1,win_rate,1.0,0.6666666666666666
L06__TQQQ_SOXL__primary,base,evaluation,W1,sortino_zero_mar,0.02839587564391133,0.06365932001952655
L06__TQQQ_SOXL__primary,base,evaluation,W2,win_rate,1.0,0.5833333333333334
L06__TQQQ_SOXL__primary,base,evaluation,W2,sortino_zero_mar,0.01993318341498702,0.047337536162986124
L06__TQQQ_SOXL__primary,base,evaluation,W3,win_rate,1.0,0.6666666666666666
L06__TQQQ_SOXL__primary,base,evaluation,W3,sortino_zero_mar,2.059726490307599,4.724439865202833
L06__TQQQ_SOXL__primary,base,evaluation,W4,win_rate,1.0,0.8
L06__TQQQ_SOXL__primary,base,evaluation,W4,sortino_zero_mar,2.8974979033986847,5.393004750908014
L06__TQQQ_SOXL__primary,base,evaluation,W5,win_rate,1.0,0.25
L06__TQQQ_SOXL__primary,base,evaluation,W5,sortino_zero_mar,0.15654233833987424,0.31837694401649735
L06__TQQQ_SOXL__primary,base,evaluation,W6,win_rate,1.0,0.4
L06__TQQQ_SOXL__primary,base,evaluation,W6,sortino_zero_mar,0.3910353071855936,0.8779150561840512
L06__TQQQ_SOXL__primary,base,delay,,win_rate,1.0,0.5789473684210527
L06__TQQQ_SOXL__primary,base,delay,,sortino_zero_mar,0.4010578498670646,1.1850725161665543
L06__TQQQ_SOXL__primary,base,stress,stress_2020,win_rate,1.0,0.5882352941176471
L06__TQQQ_SOXL__primary,base,stress,stress_2020,sortino_zero_mar,0.13196509940969714,0.41775322074780286
L06__TQQQ_SOXL__primary,base,stress,stress_2022,win_rate,1.0,0.3333333333333333
L06__TQQQ_SOXL__primary,base,stress,stress_2022,sortino_zero_mar,-0.36191166148659526,-1.6294053153313603
L06__TQQQ_SOXL__primary,stress,continuous,,win_rate,1.0,0.5263157894736842
L06__TQQQ_SOXL__primary,stress,continuous,,sortino_zero_mar,0.2812475363564357,0.6692076658752033
L06__TQQQ_SOXL__primary,stress,evaluation,W1,win_rate,1.0,0.6666666666666666
L06__TQQQ_SOXL__primary,stress,evaluation,W1,sortino_zero_mar,-0.10145137024211803,-0.22105743849270423
L06__TQQQ_SOXL__primary,stress,evaluation,W2,win_rate,1.0,0.5833333333333334
L06__TQQQ_SOXL__primary,stress,evaluation,W2,sortino_zero_mar,-0.08297046276529237,-0.19513099465122424
L06__TQQQ_SOXL__primary,stress,evaluation,W3,win_rate,1.0,0.6666666666666666
L06__TQQQ_SOXL__primary,stress,evaluation,W3,sortino_zero_mar,1.8016323051781853,4.070366514319024
L06__TQQQ_SOXL__primary,stress,evaluation,W4,win_rate,1.0,0.8
L06__TQQQ_SOXL__primary,stress,evaluation,W4,sortino_zero_mar,2.4841005132387335,4.572825072943615
L06__TQQQ_SOXL__primary,stress,evaluation,W5,win_rate,1.0,0.25
L06__TQQQ_SOXL__primary,stress,evaluation,W5,sortino_zero_mar,0.017135783746845337,0.034311364262517484
L06__TQQQ_SOXL__primary,stress,evaluation,W6,win_rate,1.0,0.4
L06__TQQQ_SOXL__primary,stress,evaluation,W6,sortino_zero_mar,0.3015845263257133,0.6704098773730501
L06__TQQQ_SOXL__primary,stress,delay,,win_rate,1.0,0.5614035087719298
L06__TQQQ_SOXL__primary,stress,delay,,sortino_zero_mar,0.3284528928555105,0.9443416990161
L06__TQQQ_SOXL__primary,stress,stress,stress_2020,win_rate,1.0,0.5882352941176471
L06__TQQQ_SOXL__primary,stress,stress,stress_2020,sortino_zero_mar,0.07458188495930192,0.24076326221505262
L06__TQQQ_SOXL__primary,stress,stress,stress_2022,win_rate,1.0,0.3333333333333333
L06__TQQQ_SOXL__primary,stress,stress,stress_2022,sortino_zero_mar,-0.3385825473927648,-1.6613957562565485
L06__TQQQ_SOXL__primary,severe,continuous,,win_rate,1.0,0.47368421052631576
L06__TQQQ_SOXL__primary,severe,continuous,,sortino_zero_mar,0.10236072685815654,0.2370945214968814
L06__TQQQ_SOXL__primary,severe,evaluation,W1,win_rate,1.0,0.5555555555555556
L06__TQQQ_SOXL__primary,severe,evaluation,W1,sortino_zero_mar,-0.3075060874418462,-0.6424980940227825
L06__TQQQ_SOXL__primary,severe,evaluation,W2,win_rate,1.0,0.5
L06__TQQQ_SOXL__primary,severe,evaluation,W2,sortino_zero_mar,-0.2483995593296811,-0.5754589213586265
L06__TQQQ_SOXL__primary,severe,evaluation,W3,win_rate,1.0,0.6666666666666666
L06__TQQQ_SOXL__primary,severe,evaluation,W3,sortino_zero_mar,1.4135375413359548,3.081649393360987
L06__TQQQ_SOXL__primary,severe,evaluation,W4,win_rate,1.0,0.6
L06__TQQQ_SOXL__primary,severe,evaluation,W4,sortino_zero_mar,1.8467220382835794,3.4192078611697867
L06__TQQQ_SOXL__primary,severe,evaluation,W5,win_rate,1.0,0.25
L06__TQQQ_SOXL__primary,severe,evaluation,W5,sortino_zero_mar,-0.20599173162337814,-0.4134419073441701
L06__TQQQ_SOXL__primary,severe,evaluation,W6,win_rate,1.0,0.4
L06__TQQQ_SOXL__primary,severe,evaluation,W6,sortino_zero_mar,0.15676941184476723,0.33631664028053604
L06__TQQQ_SOXL__primary,severe,delay,,win_rate,1.0,0.5263157894736842
L06__TQQQ_SOXL__primary,severe,delay,,sortino_zero_mar,0.20347124044855736,0.5595171847297735
L06__TQQQ_SOXL__primary,severe,stress,stress_2020,win_rate,1.0,0.5882352941176471
L06__TQQQ_SOXL__primary,severe,stress,stress_2020,sortino_zero_mar,-0.013693094905333447,-0.04323038013624744
L06__TQQQ_SOXL__primary,severe,stress,stress_2022,win_rate,1.0,0.3333333333333333
L06__TQQQ_SOXL__primary,severe,stress,stress_2022,sortino_zero_mar,-0.3552958121640462,-1.7093759505814587
L07__TQQQ_SOXL__primary,base,continuous,,win_rate,1.0,0.22727272727272727
L07__TQQQ_SOXL__primary,base,continuous,,sortino_zero_mar,0.06672959275244401,0.15057416902369214
L07__TQQQ_SOXL__primary,base,evaluation,W1,win_rate,1.0,0.25
L07__TQQQ_SOXL__primary,base,evaluation,W1,sortino_zero_mar,0.19453784052754142,0.34790763001523434
L07__TQQQ_SOXL__primary,base,evaluation,W2,win_rate,,0.0
L07__TQQQ_SOXL__primary,base,evaluation,W2,sortino_zero_mar,-0.45749557219733333,-1.3676261995146013
L07__TQQQ_SOXL__primary,base,evaluation,W3,win_rate,,0.0
L07__TQQQ_SOXL__primary,base,evaluation,W3,sortino_zero_mar,-1.32662375358404,-2.6210842014771805
L07__TQQQ_SOXL__primary,base,evaluation,W4,win_rate,1.0,0.25
L07__TQQQ_SOXL__primary,base,evaluation,W4,sortino_zero_mar,0.34872308647357286,0.6702415821958622
L07__TQQQ_SOXL__primary,base,evaluation,W5,win_rate,,0.0
L07__TQQQ_SOXL__primary,base,evaluation,W5,sortino_zero_mar,-1.8943260246041997,-3.2339223310708958
L07__TQQQ_SOXL__primary,base,evaluation,W6,sortino_zero_mar,1.7309409630059822,7.718061268745355
L07__TQQQ_SOXL__primary,base,delay,,win_rate,1.0,0.3181818181818182
L07__TQQQ_SOXL__primary,base,delay,,sortino_zero_mar,0.265254094920619,0.6136083669441788
L07__TQQQ_SOXL__primary,base,stress,stress_2020,win_rate,1.0,0.5
L07__TQQQ_SOXL__primary,base,stress,stress_2020,sortino_zero_mar,0.21057884024562676,0.3560509136473537
L07__TQQQ_SOXL__primary,base,stress,stress_2022,win_rate,,0.0
L07__TQQQ_SOXL__primary,base,stress,stress_2022,sortino_zero_mar,-0.00819153947990798,-0.030643156082283234
L07__TQQQ_SOXL__primary,stress,continuous,,win_rate,1.0,0.22727272727272727
L07__TQQQ_SOXL__primary,stress,continuous,,sortino_zero_mar,0.03726275169386057,0.0837556697496336
L07__TQQQ_SOXL__primary,stress,evaluation,W1,win_rate,1.0,0.25
L07__TQQQ_SOXL__primary,stress,evaluation,W1,sortino_zero_mar,0.15883713185875445,0.2834672807578826
L07__TQQQ_SOXL__primary,stress,evaluation,W2,win_rate,,0.0
L07__TQQQ_SOXL__primary,stress,evaluation,W2,sortino_zero_mar,-0.4705846478663237,-1.3800086853674292
L07__TQQQ_SOXL__primary,stress,evaluation,W3,win_rate,,0.0
L07__TQQQ_SOXL__primary,stress,evaluation,W3,sortino_zero_mar,-1.3624633124260328,-2.690621116560619
L07__TQQQ_SOXL__primary,stress,evaluation,W4,win_rate,1.0,0.25
L07__TQQQ_SOXL__primary,stress,evaluation,W4,sortino_zero_mar,0.27799348939953994,0.5312824698936137
L07__TQQQ_SOXL__primary,stress,evaluation,W5,win_rate,,0.0
L07__TQQQ_SOXL__primary,stress,evaluation,W5,sortino_zero_mar,-1.9451449106339167,-3.2749902052050124
L07__TQQQ_SOXL__primary,stress,evaluation,W6,sortino_zero_mar,1.7238811686263258,7.6866385693368455
L07__TQQQ_SOXL__primary,stress,delay,,win_rate,1.0,0.3181818181818182
L07__TQQQ_SOXL__primary,stress,delay,,sortino_zero_mar,0.2358082601233437,0.5398479925656806
L07__TQQQ_SOXL__primary,stress,stress,stress_2020,win_rate,1.0,0.5
L07__TQQQ_SOXL__primary,stress,stress,stress_2020,sortino_zero_mar,0.1653929764968683,0.278619791553455
L07__TQQQ_SOXL__primary,stress,stress,stress_2022,win_rate,,0.0
L07__TQQQ_SOXL__primary,stress,stress,stress_2022,sortino_zero_mar,-0.0156961819003341,-0.058489973296342146
L07__TQQQ_SOXL__primary,severe,continuous,,win_rate,1.0,0.22727272727272727
L07__TQQQ_SOXL__primary,severe,continuous,,sortino_zero_mar,-0.011710146855760249,-0.026079169846562607
L07__TQQQ_SOXL__primary,severe,evaluation,W1,win_rate,1.0,0.25
L07__TQQQ_SOXL__primary,severe,evaluation,W1,sortino_zero_mar,0.09962505151992512,0.17703907149633433
L07__TQQQ_SOXL__primary,severe,evaluation,W2,win_rate,,0.0
L07__TQQQ_SOXL__primary,severe,evaluation,W2,sortino_zero_mar,-0.4933369660108281,-1.4003865212299056
L07__TQQQ_SOXL__primary,severe,evaluation,W3,win_rate,,0.0
L07__TQQQ_SOXL__primary,severe,evaluation,W3,sortino_zero_mar,-1.4207416675465274,-2.8039173917307108
L07__TQQQ_SOXL__primary,severe,evaluation,W4,win_rate,1.0,0.25
L07__TQQQ_SOXL__primary,severe,evaluation,W4,sortino_zero_mar,0.16294879276637883,0.3024114073964633
L07__TQQQ_SOXL__primary,severe,evaluation,W5,win_rate,,0.0
L07__TQQQ_SOXL__primary,severe,evaluation,W5,sortino_zero_mar,-2.0260466829708905,-3.339389380883724
L07__TQQQ_SOXL__primary,severe,evaluation,W6,sortino_zero_mar,1.7121226739167594,7.634301418495828
L07__TQQQ_SOXL__primary,severe,delay,,win_rate,1.0,0.3181818181818182
L07__TQQQ_SOXL__primary,severe,delay,,sortino_zero_mar,0.18439497452038803,0.4181173762393132
L07__TQQQ_SOXL__primary,severe,stress,stress_2020,win_rate,1.0,0.5
L07__TQQQ_SOXL__primary,severe,stress,stress_2020,sortino_zero_mar,0.08948878206645484,0.1501146037218599
L07__TQQQ_SOXL__primary,severe,stress,stress_2022,win_rate,,0.0
L07__TQQQ_SOXL__primary,severe,stress,stress_2022,sortino_zero_mar,-0.028309805663370022,-0.10481775689638412
L08__TQQQ_SOXL__primary,base,continuous,,win_rate,1.0,0.7567567567567568
L08__TQQQ_SOXL__primary,base,continuous,,sortino_zero_mar,0.9850724776406404,1.1463359548550947
L08__TQQQ_SOXL__primary,base,evaluation,W1,win_rate,1.0,0.6153846153846154
L08__TQQQ_SOXL__primary,base,evaluation,W1,sortino_zero_mar,1.7136078223348676,1.9174292380328308
L08__TQQQ_SOXL__primary,base,evaluation,W2,win_rate,1.0,0.5
L08__TQQQ_SOXL__primary,base,evaluation,W2,sortino_zero_mar,-1.6628467216654021,-1.7886119455540042
L08__TQQQ_SOXL__primary,base,evaluation,W3,win_rate,1.0,0.8571428571428571
L08__TQQQ_SOXL__primary,base,evaluation,W3,sortino_zero_mar,0.27954558813191543,0.31386915407068067
L08__TQQQ_SOXL__primary,base,evaluation,W4,win_rate,1.0,0.8888888888888888
L08__TQQQ_SOXL__primary,base,evaluation,W4,sortino_zero_mar,2.000635778645259,3.0690156218203266
L08__TQQQ_SOXL__primary,base,evaluation,W5,win_rate,1.0,0.75
L08__TQQQ_SOXL__primary,base,evaluation,W5,sortino_zero_mar,1.137255251124656,1.3001292422858617
L08__TQQQ_SOXL__primary,base,evaluation,W6,win_rate,1.0,0.7647058823529411
L08__TQQQ_SOXL__primary,base,evaluation,W6,sortino_zero_mar,2.5813917784406404,2.7786035008106076
L08__TQQQ_SOXL__primary,base,delay,,win_rate,1.0,0.7101449275362319
L08__TQQQ_SOXL__primary,base,delay,,sortino_zero_mar,0.8601059588412436,1.0007047514788203
L08__TQQQ_SOXL__primary,base,stress,stress_2020,win_rate,1.0,0.6666666666666666
L08__TQQQ_SOXL__primary,base,stress,stress_2020,sortino_zero_mar,0.4607871087883881,0.5951316835786243
L08__TQQQ_SOXL__primary,base,stress,stress_2022,win_rate,1.0,0.125
L08__TQQQ_SOXL__primary,base,stress,stress_2022,sortino_zero_mar,-1.5248634390847409,-1.9715597127184719
L08__TQQQ_SOXL__primary,stress,continuous,,win_rate,1.0,0.7297297297297297
L08__TQQQ_SOXL__primary,stress,continuous,,sortino_zero_mar,0.9334331130788744,1.0832124130439569
L08__TQQQ_SOXL__primary,stress,evaluation,W1,win_rate,1.0,0.5384615384615384
L08__TQQQ_SOXL__primary,stress,evaluation,W1,sortino_zero_mar,1.625711402940076,1.813157866727529
L08__TQQQ_SOXL__primary,stress,evaluation,W2,win_rate,1.0,0.5
L08__TQQQ_SOXL__primary,stress,evaluation,W2,sortino_zero_mar,-1.7483437985261607,-1.8698115109393758
L08__TQQQ_SOXL__primary,stress,evaluation,W3,win_rate,1.0,0.8571428571428571
L08__TQQQ_SOXL__primary,stress,evaluation,W3,sortino_zero_mar,0.26053297136555426,0.2941626381775711
L08__TQQQ_SOXL__primary,stress,evaluation,W4,win_rate,1.0,0.8888888888888888
L08__TQQQ_SOXL__primary,stress,evaluation,W4,sortino_zero_mar,1.902670681989395,2.9167409744279693
L08__TQQQ_SOXL__primary,stress,evaluation,W5,win_rate,1.0,0.75
L08__TQQQ_SOXL__primary,stress,evaluation,W5,sortino_zero_mar,1.096320124326592,1.2517685641965286
L08__TQQQ_SOXL__primary,stress,evaluation,W6,win_rate,1.0,0.7647058823529411
L08__TQQQ_SOXL__primary,stress,evaluation,W6,sortino_zero_mar,2.5181040824898124,2.713941411983813
L08__TQQQ_SOXL__primary,stress,delay,,win_rate,1.0,0.7
L08__TQQQ_SOXL__primary,stress,delay,,sortino_zero_mar,0.8131798972018832,0.9367001321566735
L08__TQQQ_SOXL__primary,stress,stress,stress_2020,win_rate,1.0,0.6666666666666666
L08__TQQQ_SOXL__primary,stress,stress,stress_2020,sortino_zero_mar,0.4159896502903813,0.53694721358233
L08__TQQQ_SOXL__primary,stress,stress,stress_2022,win_rate,1.0,0.125
L08__TQQQ_SOXL__primary,stress,stress,stress_2022,sortino_zero_mar,-1.4169291541142883,-2.0038936478433738
L08__TQQQ_SOXL__primary,severe,continuous,,win_rate,1.0,0.7397260273972602
L08__TQQQ_SOXL__primary,severe,continuous,,sortino_zero_mar,0.8412560639233593,0.9790235777719818
L08__TQQQ_SOXL__primary,severe,evaluation,W1,win_rate,1.0,0.5833333333333334
L08__TQQQ_SOXL__primary,severe,evaluation,W1,sortino_zero_mar,1.4783193861167994,1.6404076039448197
L08__TQQQ_SOXL__primary,severe,evaluation,W2,win_rate,1.0,0.5
L08__TQQQ_SOXL__primary,severe,evaluation,W2,sortino_zero_mar,-1.8900692272042237,-2.002987620413005
L08__TQQQ_SOXL__primary,severe,evaluation,W3,win_rate,1.0,0.8571428571428571
L08__TQQQ_SOXL__primary,severe,evaluation,W3,sortino_zero_mar,0.23214477297422642,0.2600274599684359
L08__TQQQ_SOXL__primary,severe,evaluation,W4,win_rate,1.0,0.8888888888888888
L08__TQQQ_SOXL__primary,severe,evaluation,W4,sortino_zero_mar,1.7488812689291995,2.6660330010681315
L08__TQQQ_SOXL__primary,severe,evaluation,W5,win_rate,1.0,0.75
L08__TQQQ_SOXL__primary,severe,evaluation,W5,sortino_zero_mar,1.0320931549615073,1.1714138143790995
L08__TQQQ_SOXL__primary,severe,evaluation,W6,win_rate,1.0,0.7647058823529411
L08__TQQQ_SOXL__primary,severe,evaluation,W6,sortino_zero_mar,2.4245639696276062,2.6063628832236563
L08__TQQQ_SOXL__primary,severe,delay,,win_rate,1.0,0.7101449275362319
L08__TQQQ_SOXL__primary,severe,delay,,sortino_zero_mar,0.7189841949820598,0.831787828367172
L08__TQQQ_SOXL__primary,severe,stress,stress_2020,win_rate,1.0,0.6666666666666666
L08__TQQQ_SOXL__primary,severe,stress,stress_2020,sortino_zero_mar,0.34249428491612366,0.44069287021899844
L08__TQQQ_SOXL__primary,severe,stress,stress_2022,win_rate,1.0,0.125
L08__TQQQ_SOXL__primary,severe,stress,stress_2022,sortino_zero_mar,-1.167032207331415,-2.0567010196587923
L09__TQQQ_SOXL__primary,base,continuous,,win_rate,1.0,0.45901639344262296
L09__TQQQ_SOXL__primary,base,continuous,,sortino_zero_mar,0.8700391876352498,0.9716108923389127
L09__TQQQ_SOXL__primary,base,evaluation,W1,win_rate,1.0,0.3333333333333333
L09__TQQQ_SOXL__primary,base,evaluation,W1,sortino_zero_mar,3.254620439264534,3.227762830548786
L09__TQQQ_SOXL__primary,base,evaluation,W2,win_rate,1.0,0.5
L09__TQQQ_SOXL__primary,base,evaluation,W2,sortino_zero_mar,0.5911459070201335,0.6274136385252245
L09__TQQQ_SOXL__primary,base,evaluation,W3,win_rate,1.0,0.2631578947368421
L09__TQQQ_SOXL__primary,base,evaluation,W3,sortino_zero_mar,-1.2502921352569858,-1.3530526220974899
L09__TQQQ_SOXL__primary,base,evaluation,W4,sortino_zero_mar,3.780430692999669,5.017203336038492
L09__TQQQ_SOXL__primary,base,evaluation,W5,win_rate,1.0,0.3
L09__TQQQ_SOXL__primary,base,evaluation,W5,sortino_zero_mar,-0.5825139750588951,-0.6220816548063285
L09__TQQQ_SOXL__primary,base,evaluation,W6,win_rate,1.0,0.21428571428571427
L09__TQQQ_SOXL__primary,base,evaluation,W6,sortino_zero_mar,1.2026221164298363,1.3619212145581763
L09__TQQQ_SOXL__primary,base,delay,,win_rate,1.0,0.47540983606557374
L09__TQQQ_SOXL__primary,base,delay,,sortino_zero_mar,0.9073444064277575,1.0100034145901875
L09__TQQQ_SOXL__primary,base,stress,stress_2020,win_rate,1.0,0.6666666666666666
L09__TQQQ_SOXL__primary,base,stress,stress_2020,sortino_zero_mar,2.426094676261933,3.21897678536282
L09__TQQQ_SOXL__primary,base,stress,stress_2022,win_rate,1.0,0.25925925925925924
L09__TQQQ_SOXL__primary,base,stress,stress_2022,sortino_zero_mar,-1.5939838283616823,-2.7644318075191556
L09__TQQQ_SOXL__primary,stress,continuous,,win_rate,1.0,0.4426229508196721
L09__TQQQ_SOXL__primary,stress,continuous,,sortino_zero_mar,0.8269145639806017,0.9218156247228743
L09__TQQQ_SOXL__primary,stress,evaluation,W1,max_drawdown,0.15034560312744416,0.1506702821195549
L09__TQQQ_SOXL__primary,stress,evaluation,W1,win_rate,1.0,0.3333333333333333
L09__TQQQ_SOXL__primary,stress,evaluation,W1,sortino_zero_mar,3.2272201385786317,3.192724791583472
L09__TQQQ_SOXL__primary,stress,evaluation,W2,win_rate,1.0,0.5
L09__TQQQ_SOXL__primary,stress,evaluation,W2,sortino_zero_mar,0.5561309419773162,0.5894982449857401
L09__TQQQ_SOXL__primary,stress,evaluation,W3,win_rate,1.0,0.21052631578947367
L09__TQQQ_SOXL__primary,stress,evaluation,W3,sortino_zero_mar,-1.314326143809354,-1.4191882124769941
L09__TQQQ_SOXL__primary,stress,evaluation,W4,sortino_zero_mar,3.771712435218084,4.997149627316825
L09__TQQQ_SOXL__primary,stress,evaluation,W5,win_rate,1.0,0.3
L09__TQQQ_SOXL__primary,stress,evaluation,W5,sortino_zero_mar,-0.6267404419493805,-0.6680316841928396
L09__TQQQ_SOXL__primary,stress,evaluation,W6,win_rate,1.0,0.21428571428571427
L09__TQQQ_SOXL__primary,stress,evaluation,W6,sortino_zero_mar,1.1390665350684868,1.2854887471235494
L09__TQQQ_SOXL__primary,stress,delay,,win_rate,1.0,0.47540983606557374
L09__TQQQ_SOXL__primary,stress,delay,,sortino_zero_mar,0.8650146772706189,0.960515621701724
L09__TQQQ_SOXL__primary,stress,stress,stress_2020,win_rate,1.0,0.6666666666666666
L09__TQQQ_SOXL__primary,stress,stress,stress_2020,sortino_zero_mar,2.42509846499508,3.1845883744774044
L09__TQQQ_SOXL__primary,stress,stress,stress_2022,win_rate,1.0,0.25925925925925924
L09__TQQQ_SOXL__primary,stress,stress,stress_2022,sortino_zero_mar,-1.6493611213789492,-2.8459442890244815
L09__TQQQ_SOXL__primary,severe,continuous,,win_rate,1.0,0.4262295081967213
L09__TQQQ_SOXL__primary,severe,continuous,,sortino_zero_mar,0.7555803355475845,0.8395966991219046
L09__TQQQ_SOXL__primary,severe,evaluation,W1,max_drawdown,0.15044525812753107,0.1542311709297799
L09__TQQQ_SOXL__primary,severe,evaluation,W1,win_rate,1.0,0.16666666666666666
L09__TQQQ_SOXL__primary,severe,evaluation,W1,sortino_zero_mar,3.1804927900734565,3.1341281599254764
L09__TQQQ_SOXL__primary,severe,evaluation,W2,win_rate,1.0,0.5
L09__TQQQ_SOXL__primary,severe,evaluation,W2,sortino_zero_mar,0.4978089468681016,0.5265826833781184
L09__TQQQ_SOXL__primary,severe,evaluation,W3,win_rate,1.0,0.21052631578947367
L09__TQQQ_SOXL__primary,severe,evaluation,W3,sortino_zero_mar,-1.4186561998630052,-1.5276758562144623
L09__TQQQ_SOXL__primary,severe,evaluation,W4,sortino_zero_mar,3.7568426104517303,4.9636290232954545
L09__TQQQ_SOXL__primary,severe,evaluation,W5,win_rate,1.0,0.3
L09__TQQQ_SOXL__primary,severe,evaluation,W5,sortino_zero_mar,-0.6998641418531945,-0.7436709418512835
L09__TQQQ_SOXL__primary,severe,evaluation,W6,win_rate,1.0,0.21428571428571427
L09__TQQQ_SOXL__primary,severe,evaluation,W6,sortino_zero_mar,1.0329616535951995,1.1591516518183074
L09__TQQQ_SOXL__primary,severe,delay,,win_rate,1.0,0.47540983606557374
L09__TQQQ_SOXL__primary,severe,delay,,sortino_zero_mar,0.7935949153692442,0.8787078042908614
L09__TQQQ_SOXL__primary,severe,stress,stress_2020,win_rate,1.0,0.6
L09__TQQQ_SOXL__primary,severe,stress,stress_2020,sortino_zero_mar,2.3611567263956363,3.126003051239069
L09__TQQQ_SOXL__primary,severe,stress,stress_2022,win_rate,1.0,0.2222222222222222
L09__TQQQ_SOXL__primary,severe,stress,stress_2022,sortino_zero_mar,-2.1857569945896653,-2.9791002978044685
L10__TQQQ_SOXL__primary,base,continuous,,win_rate,1.0,0.7520661157024794
L10__TQQQ_SOXL__primary,base,continuous,,sortino_zero_mar,1.2723071474298946,1.4394075431181164
L10__TQQQ_SOXL__primary,base,evaluation,W1,win_rate,1.0,0.75
L10__TQQQ_SOXL__primary,base,evaluation,W1,sortino_zero_mar,2.276105360204087,2.468425150358336
L10__TQQQ_SOXL__primary,base,evaluation,W2,win_rate,1.0,0.6521739130434783
L10__TQQQ_SOXL__primary,base,evaluation,W2,sortino_zero_mar,-0.5574542737285885,-0.5922361540126193
L10__TQQQ_SOXL__primary,base,evaluation,W3,win_rate,1.0,0.8
L10__TQQQ_SOXL__primary,base,evaluation,W3,sortino_zero_mar,0.072309636705061,0.0788288535482264
L10__TQQQ_SOXL__primary,base,evaluation,W4,win_rate,1.0,0.9090909090909091
L10__TQQQ_SOXL__primary,base,evaluation,W4,sortino_zero_mar,2.3765245183425066,3.6300947751141175
L10__TQQQ_SOXL__primary,base,evaluation,W5,win_rate,1.0,0.7037037037037037
L10__TQQQ_SOXL__primary,base,evaluation,W5,sortino_zero_mar,1.5987906316009421,1.7029037962968117
L10__TQQQ_SOXL__primary,base,evaluation,W6,win_rate,1.0,0.6956521739130435
L10__TQQQ_SOXL__primary,base,evaluation,W6,sortino_zero_mar,3.1921138698794773,3.4386046554678336
L10__TQQQ_SOXL__primary,base,delay,,win_rate,1.0,0.775
L10__TQQQ_SOXL__primary,base,delay,,sortino_zero_mar,1.3524415440446755,1.5524872978065778
L10__TQQQ_SOXL__primary,base,stress,stress_2020,win_rate,1.0,0.7058823529411765
L10__TQQQ_SOXL__primary,base,stress,stress_2020,sortino_zero_mar,0.7369219502799234,0.9328999212469529
L10__TQQQ_SOXL__primary,base,stress,stress_2022,win_rate,1.0,0.14285714285714285
L10__TQQQ_SOXL__primary,base,stress,stress_2022,sortino_zero_mar,-0.7409100225166452,-1.8391616907036112
L10__TQQQ_SOXL__primary,stress,continuous,,win_rate,1.0,0.7520661157024794
L10__TQQQ_SOXL__primary,stress,continuous,,sortino_zero_mar,1.221919244958969,1.3797218426863245
L10__TQQQ_SOXL__primary,stress,evaluation,W1,win_rate,1.0,0.75
L10__TQQQ_SOXL__primary,stress,evaluation,W1,sortino_zero_mar,2.1718963005361602,2.3321699939957385
L10__TQQQ_SOXL__primary,stress,evaluation,W2,win_rate,1.0,0.6521739130434783
L10__TQQQ_SOXL__primary,stress,evaluation,W2,sortino_zero_mar,-0.6057570846661374,-0.6397605527437488
L10__TQQQ_SOXL__primary,stress,evaluation,W3,win_rate,1.0,0.8
L10__TQQQ_SOXL__primary,stress,evaluation,W3,sortino_zero_mar,0.016318356910335948,0.01775608184946256
L10__TQQQ_SOXL__primary,stress,evaluation,W4,win_rate,1.0,0.9090909090909091
L10__TQQQ_SOXL__primary,stress,evaluation,W4,sortino_zero_mar,2.339125851318878,3.562252545580056
L10__TQQQ_SOXL__primary,stress,evaluation,W5,win_rate,1.0,0.7037037037037037
L10__TQQQ_SOXL__primary,stress,evaluation,W5,sortino_zero_mar,1.55840971912672,1.6570458243741277
L10__TQQQ_SOXL__primary,stress,evaluation,W6,win_rate,1.0,0.6956521739130435
L10__TQQQ_SOXL__primary,stress,evaluation,W6,sortino_zero_mar,3.1646220461300985,3.381392980962468
L10__TQQQ_SOXL__primary,stress,delay,,win_rate,1.0,0.7583333333333333
L10__TQQQ_SOXL__primary,stress,delay,,sortino_zero_mar,1.30818081233801,1.4927876473546664
L10__TQQQ_SOXL__primary,stress,stress,stress_2020,win_rate,1.0,0.7058823529411765
L10__TQQQ_SOXL__primary,stress,stress,stress_2020,sortino_zero_mar,0.6637148854866218,0.8727256507097568
L10__TQQQ_SOXL__primary,stress,stress,stress_2022,win_rate,1.0,0.14285714285714285
L10__TQQQ_SOXL__primary,stress,stress,stress_2022,sortino_zero_mar,-0.7582555182633699,-1.8631086023771743
L10__TQQQ_SOXL__primary,severe,continuous,,win_rate,1.0,0.7333333333333333
L10__TQQQ_SOXL__primary,severe,continuous,,sortino_zero_mar,1.1390692734000336,1.2799788569281407
L10__TQQQ_SOXL__primary,severe,evaluation,W1,max_drawdown,0.0963535940636433,0.09644656880740465
L10__TQQQ_SOXL__primary,severe,evaluation,W1,win_rate,1.0,0.7
L10__TQQQ_SOXL__primary,severe,evaluation,W1,sortino_zero_mar,1.9626339083406747,2.106840896402251
L10__TQQQ_SOXL__primary,severe,evaluation,W2,win_rate,1.0,0.6521739130434783
L10__TQQQ_SOXL__primary,severe,evaluation,W2,sortino_zero_mar,-0.6786774061580737,-0.7186534668358808
L10__TQQQ_SOXL__primary,severe,evaluation,W3,win_rate,1.0,0.8
L10__TQQQ_SOXL__primary,severe,evaluation,W3,sortino_zero_mar,-0.07692261995079622,-0.08355356042870073
L10__TQQQ_SOXL__primary,severe,evaluation,W4,win_rate,1.0,0.8181818181818182
L10__TQQQ_SOXL__primary,severe,evaluation,W4,sortino_zero_mar,2.276139048821969,3.4493269523149515
L10__TQQQ_SOXL__primary,severe,evaluation,W5,win_rate,1.0,0.7037037037037037
L10__TQQQ_SOXL__primary,severe,evaluation,W5,sortino_zero_mar,1.490828693599861,1.5807433847726304
L10__TQQQ_SOXL__primary,severe,evaluation,W6,win_rate,1.0,0.6956521739130435
L10__TQQQ_SOXL__primary,severe,evaluation,W6,sortino_zero_mar,3.068359477162713,3.285959574318916
L10__TQQQ_SOXL__primary,severe,delay,,win_rate,1.0,0.7394957983193278
L10__TQQQ_SOXL__primary,severe,delay,,sortino_zero_mar,1.2249143620659353,1.3939014460590449
L10__TQQQ_SOXL__primary,severe,stress,stress_2020,win_rate,1.0,0.6764705882352942
L10__TQQQ_SOXL__primary,severe,stress,stress_2020,sortino_zero_mar,0.5908613135858297,0.7748984616732948
L10__TQQQ_SOXL__primary,severe,stress,stress_2022,win_rate,1.0,0.14285714285714285
L10__TQQQ_SOXL__primary,severe,stress,stress_2022,sortino_zero_mar,-0.7531654370564898,-1.9024444525329343
BENCH__TQQQ_SOXL_STATIC50,base,continuous,,sortino_zero_mar,1.4074666016701227,1.5161814833217255
BENCH__TQQQ_SOXL_STATIC50,base,evaluation,W1,sortino_zero_mar,3.779302647022083,3.551665001194646
BENCH__TQQQ_SOXL_STATIC50,base,evaluation,W2,sortino_zero_mar,0.3592538892990994,0.3767755082256762
BENCH__TQQQ_SOXL_STATIC50,base,evaluation,W3,sortino_zero_mar,-0.7687856055525533,-0.7590682545975889
BENCH__TQQQ_SOXL_STATIC50,base,evaluation,W4,sortino_zero_mar,1.9532522753049102,2.476854592142159
BENCH__TQQQ_SOXL_STATIC50,base,evaluation,W5,sortino_zero_mar,1.3336232607358312,1.3599553643306743
BENCH__TQQQ_SOXL_STATIC50,base,evaluation,W6,sortino_zero_mar,2.623381665241318,2.5895316935909642
BENCH__TQQQ_SOXL_STATIC50,stress,continuous,,sortino_zero_mar,1.4074507227663586,1.5159282518419765
BENCH__TQQQ_SOXL_STATIC50,stress,evaluation,W1,sortino_zero_mar,3.776401386375184,3.5441287150755145
BENCH__TQQQ_SOXL_STATIC50,stress,evaluation,W2,sortino_zero_mar,0.3552940727676752,0.37261379950232904
BENCH__TQQQ_SOXL_STATIC50,stress,evaluation,W3,sortino_zero_mar,-0.7739288974363845,-0.7641530005746634
BENCH__TQQQ_SOXL_STATIC50,stress,evaluation,W4,sortino_zero_mar,1.9495419603532094,2.47241178939862
BENCH__TQQQ_SOXL_STATIC50,stress,evaluation,W5,sortino_zero_mar,1.3301560220803677,1.3554496174685797
BENCH__TQQQ_SOXL_STATIC50,stress,evaluation,W6,sortino_zero_mar,2.621537421247175,2.5874068991603307
BENCH__TQQQ_SOXL_STATIC50,severe,continuous,,sortino_zero_mar,1.407415678883041,1.5155047972968267
BENCH__TQQQ_SOXL_STATIC50,severe,evaluation,W1,sortino_zero_mar,3.77095072283707,3.531401253101509
BENCH__TQQQ_SOXL_STATIC50,severe,evaluation,W2,sortino_zero_mar,0.34872682577116415,0.36571207658806854
BENCH__TQQQ_SOXL_STATIC50,severe,evaluation,W3,sortino_zero_mar,-0.7824601431421793,-0.7725875125266609
BENCH__TQQQ_SOXL_STATIC50,severe,evaluation,W4,sortino_zero_mar,1.9433988505881978,2.4650583086290894
BENCH__TQQQ_SOXL_STATIC50,severe,evaluation,W5,sortino_zero_mar,1.3243108161855517,1.3479326906650684
BENCH__TQQQ_SOXL_STATIC50,severe,evaluation,W6,sortino_zero_mar,2.61847780810723,2.583879947686747
BENCH__TQQQ_SOXL_STATIC33CASH,base,continuous,,sortino_zero_mar,1.2436315050172326,1.3693683114640247
BENCH__TQQQ_SOXL_STATIC33CASH,base,evaluation,W1,sortino_zero_mar,3.6246825066541133,3.430515126885191
BENCH__TQQQ_SOXL_STATIC33CASH,base,evaluation,W2,sortino_zero_mar,0.19064075154427126,0.20134929005009453
BENCH__TQQQ_SOXL_STATIC33CASH,base,evaluation,W3,sortino_zero_mar,-0.8632509415352742,-0.8517895750862263
BENCH__TQQQ_SOXL_STATIC33CASH,base,evaluation,W4,sortino_zero_mar,1.9451236146925073,2.407791866968282
BENCH__TQQQ_SOXL_STATIC33CASH,base,evaluation,W5,sortino_zero_mar,1.1415859896084934,1.164625814964731
BENCH__TQQQ_SOXL_STATIC33CASH,base,evaluation,W6,sortino_zero_mar,2.1621279230572013,2.206769845052845
BENCH__TQQQ_SOXL_STATIC33CASH,stress,continuous,,sortino_zero_mar,1.2435283710102722,1.369050873855248
BENCH__TQQQ_SOXL_STATIC33CASH,stress,evaluation,W1,sortino_zero_mar,3.621986307626129,3.42355720712536
BENCH__TQQQ_SOXL_STATIC33CASH,stress,evaluation,W2,sortino_zero_mar,0.18647705414018284,0.19694823444267925
BENCH__TQQQ_SOXL_STATIC33CASH,stress,evaluation,W3,sortino_zero_mar,-0.8686666572276507,-0.8571325215443238
BENCH__TQQQ_SOXL_STATIC33CASH,stress,evaluation,W4,sortino_zero_mar,1.9407644570000033,2.40251220521929
BENCH__TQQQ_SOXL_STATIC33CASH,stress,evaluation,W5,sortino_zero_mar,1.1378904474658802,1.1600774070915991
BENCH__TQQQ_SOXL_STATIC33CASH,stress,evaluation,W6,sortino_zero_mar,2.1604066564883375,2.204831540451696
BENCH__TQQQ_SOXL_STATIC33CASH,severe,continuous,,sortino_zero_mar,1.2433514701599955,1.3685201854839077
BENCH__TQQQ_SOXL_STATIC33CASH,severe,evaluation,W1,sortino_zero_mar,3.61699561533911,3.411814291453527
BENCH__TQQQ_SOXL_STATIC33CASH,severe,evaluation,W2,sortino_zero_mar,0.179556536703518,0.1896335223295406
BENCH__TQQQ_SOXL_STATIC33CASH,severe,evaluation,W3,sortino_zero_mar,-0.8776674603146561,-0.8660123682487993
BENCH__TQQQ_SOXL_STATIC33CASH,severe,evaluation,W4,sortino_zero_mar,1.9335207449031246,2.3937387994116563
BENCH__TQQQ_SOXL_STATIC33CASH,severe,evaluation,W5,sortino_zero_mar,1.1316761426416928,1.1524871293361836
BENCH__TQQQ_SOXL_STATIC33CASH,severe,evaluation,W6,sortino_zero_mar,2.157545342611227,2.201608891432626
L01__TQQQ_SOXL__primary,base,delay,W1,sortino_zero_mar,1.322589979773516,2.42886810492674
L01__TQQQ_SOXL__primary,base,delay,W2,win_rate,,0.0
L01__TQQQ_SOXL__primary,base,delay,W2,sortino_zero_mar,0.37815200491159695,0.4176445420586923
L01__TQQQ_SOXL__primary,base,delay,W3,win_rate,,0.0
L01__TQQQ_SOXL__primary,base,delay,W3,sortino_zero_mar,0.10437791945654878,0.12978125931638776
L01__TQQQ_SOXL__primary,base,delay,W4,sortino_zero_mar,1.9178789025202183,2.736321357632963
L01__TQQQ_SOXL__primary,base,delay,W5,sortino_zero_mar,1.5420162262205148,1.6021146615001578
L01__TQQQ_SOXL__primary,base,delay,W6,sortino_zero_mar,2.280919299236325,2.4247315831408165
L01__TQQQ_SOXL__primary,stress,delay,W1,sortino_zero_mar,1.2730115062004876,2.341302530091767
L01__TQQQ_SOXL__primary,stress,delay,W2,win_rate,,0.0
L01__TQQQ_SOXL__primary,stress,delay,W2,sortino_zero_mar,0.36719434840695403,0.4056067990511506
L01__TQQQ_SOXL__primary,stress,delay,W3,win_rate,,0.0
L01__TQQQ_SOXL__primary,stress,delay,W3,sortino_zero_mar,0.0903028886538954,0.11217170550366891
L01__TQQQ_SOXL__primary,stress,delay,W4,sortino_zero_mar,1.8992125144838452,2.7032851821795534
L01__TQQQ_SOXL__primary,stress,delay,W5,sortino_zero_mar,1.539605328361849,1.5988843066480074
L01__TQQQ_SOXL__primary,stress,delay,W6,sortino_zero_mar,2.2784602117713053,2.420301138414334
L01__TQQQ_SOXL__primary,severe,delay,W1,sortino_zero_mar,1.1907738316166605,2.195728226486883
L01__TQQQ_SOXL__primary,severe,delay,W2,win_rate,,0.0
L01__TQQQ_SOXL__primary,severe,delay,W2,sortino_zero_mar,0.3489984232843385,0.38561586046068985
L01__TQQQ_SOXL__primary,severe,delay,W3,win_rate,,0.0
L01__TQQQ_SOXL__primary,severe,delay,W3,sortino_zero_mar,0.06683847297866966,0.08289819106279021
L01__TQQQ_SOXL__primary,severe,delay,W4,sortino_zero_mar,1.8729004941511378,2.647684521969291
L01__TQQQ_SOXL__primary,severe,delay,W5,sortino_zero_mar,1.535547022246968,1.5935054385467153
L01__TQQQ_SOXL__primary,severe,delay,W6,sortino_zero_mar,2.2743054598723274,2.4129023308052173
L02__TQQQ_SOXL__primary,base,delay,W1,win_rate,1.0,0.8181818181818182
L02__TQQQ_SOXL__primary,base,delay,W1,sortino_zero_mar,1.6027314503184442,1.766136602446502
L02__TQQQ_SOXL__primary,base,delay,W2,win_rate,1.0,0.6153846153846154
L02__TQQQ_SOXL__primary,base,delay,W2,sortino_zero_mar,-0.8602578281987616,-0.922234506494262
L02__TQQQ_SOXL__primary,base,delay,W3,win_rate,1.0,0.7777777777777778
L02__TQQQ_SOXL__primary,base,delay,W3,sortino_zero_mar,-0.11233416307376999,-0.1265898868230462
L02__TQQQ_SOXL__primary,base,delay,W4,sortino_zero_mar,2.000154100497105,3.090511196586469
L02__TQQQ_SOXL__primary,base,delay,W5,sortino_zero_mar,1.7401106535583164,1.9142342935575953
L02__TQQQ_SOXL__primary,base,delay,W6,win_rate,1.0,0.9333333333333333
L02__TQQQ_SOXL__primary,base,delay,W6,sortino_zero_mar,2.9187212494871524,3.1467234148647667
L02__TQQQ_SOXL__primary,stress,delay,W1,win_rate,1.0,0.8181818181818182
L02__TQQQ_SOXL__primary,stress,delay,W1,sortino_zero_mar,1.5294780897465412,1.6710497864688394
L02__TQQQ_SOXL__primary,stress,delay,W2,win_rate,1.0,0.6153846153846154
L02__TQQQ_SOXL__primary,stress,delay,W2,sortino_zero_mar,-0.8811762340313353,-0.9418019169177281
L02__TQQQ_SOXL__primary,stress,delay,W3,win_rate,1.0,0.7777777777777778
L02__TQQQ_SOXL__primary,stress,delay,W3,sortino_zero_mar,-0.1413107933153749,-0.15892595885151592
L02__TQQQ_SOXL__primary,stress,delay,W4,sortino_zero_mar,2.0032495443063776,3.05784678797968
L02__TQQQ_SOXL__primary,stress,delay,W5,sortino_zero_mar,1.7262713522092847,1.8988077498534823
L02__TQQQ_SOXL__primary,stress,delay,W6,win_rate,1.0,0.8666666666666667
L02__TQQQ_SOXL__primary,stress,delay,W6,sortino_zero_mar,2.897028741993791,3.1184939754782213
L02__TQQQ_SOXL__primary,severe,delay,W1,win_rate,1.0,0.8181818181818182
L02__TQQQ_SOXL__primary,severe,delay,W1,sortino_zero_mar,1.3877650749180162,1.5143293786936471
L02__TQQQ_SOXL__primary,severe,delay,W2,win_rate,1.0,0.6153846153846154
L02__TQQQ_SOXL__primary,severe,delay,W2,sortino_zero_mar,-0.910553981687915,-0.9743441742978985
L02__TQQQ_SOXL__primary,severe,delay,W3,win_rate,1.0,0.7777777777777778
L02__TQQQ_SOXL__primary,severe,delay,W3,sortino_zero_mar,-0.18969901204633074,-0.2126572399320835
L02__TQQQ_SOXL__primary,severe,delay,W4,sortino_zero_mar,1.977149969201102,3.0031489631662627
L02__TQQQ_SOXL__primary,severe,delay,W5,sortino_zero_mar,1.703228620527133,1.8731307592633368
L02__TQQQ_SOXL__primary,severe,delay,W6,win_rate,1.0,0.8666666666666667
L02__TQQQ_SOXL__primary,severe,delay,W6,sortino_zero_mar,2.810417310310762,3.0713114796998116
L03__TQQQ_SOXL__primary,base,delay,W1,win_rate,1.0,0.3333333333333333
L03__TQQQ_SOXL__primary,base,delay,W1,sortino_zero_mar,2.9942632285856803,2.9769306133455
L03__TQQQ_SOXL__primary,base,delay,W2,win_rate,,0.0
L03__TQQQ_SOXL__primary,base,delay,W2,sortino_zero_mar,-0.1553566236207052,-0.16999250816384762
L03__TQQQ_SOXL__primary,base,delay,W3,win_rate,,0.0
L03__TQQQ_SOXL__primary,base,delay,W3,sortino_zero_mar,-1.1150493705477929,-1.3136765514630484
L03__TQQQ_SOXL__primary,base,delay,W4,sortino_zero_mar,3.4529071425141407,4.588739736060439
L03__TQQQ_SOXL__primary,base,delay,W5,win_rate,,0.0
L03__TQQQ_SOXL__primary,base,delay,W5,sortino_zero_mar,1.3746623514087144,1.4117390462948032
L03__TQQQ_SOXL__primary,base,delay,W6,sortino_zero_mar,2.1694828855939305,2.19986688828263
L03__TQQQ_SOXL__primary,stress,delay,W1,win_rate,1.0,0.3333333333333333
L03__TQQQ_SOXL__primary,stress,delay,W1,sortino_zero_mar,2.9573388999539145,2.934566215795784
L03__TQQQ_SOXL__primary,stress,delay,W2,win_rate,,0.0
L03__TQQQ_SOXL__primary,stress,delay,W2,sortino_zero_mar,-0.16102828160451205,-0.17621804619988857
L03__TQQQ_SOXL__primary,stress,delay,W3,win_rate,,0.0
L03__TQQQ_SOXL__primary,stress,delay,W3,sortino_zero_mar,-1.1390233555401925,-1.3389737561424722
L03__TQQQ_SOXL__primary,stress,delay,W4,sortino_zero_mar,3.4416713479572874,4.571791362855261
L03__TQQQ_SOXL__primary,stress,delay,W5,win_rate,,0.0
L03__TQQQ_SOXL__primary,stress,delay,W5,sortino_zero_mar,1.3682044266876623,1.4051053912994114
L03__TQQQ_SOXL__primary,stress,delay,W6,sortino_zero_mar,2.1674977256756067,2.1972155037501047
L03__TQQQ_SOXL__primary,severe,delay,W1,win_rate,1.0,0.3333333333333333
L03__TQQQ_SOXL__primary,severe,delay,W1,sortino_zero_mar,2.8946245998085964,2.8637682191328424
L03__TQQQ_SOXL__primary,severe,delay,W2,win_rate,,0.0
L03__TQQQ_SOXL__primary,severe,delay,W2,sortino_zero_mar,-0.17043188484716215,-0.18654382913945194
L03__TQQQ_SOXL__primary,severe,delay,W3,win_rate,,0.0
L03__TQQQ_SOXL__primary,severe,delay,W3,sortino_zero_mar,-1.178920372581275,-1.3807260690255068
L03__TQQQ_SOXL__primary,severe,delay,W4,sortino_zero_mar,3.422637238233781,4.543479397739655
L03__TQQQ_SOXL__primary,severe,delay,W5,win_rate,,0.0
L03__TQQQ_SOXL__primary,severe,delay,W5,sortino_zero_mar,1.357472023859051,1.3940810262568917
L03__TQQQ_SOXL__primary,severe,delay,W6,sortino_zero_mar,2.1641904933596314,2.1928124826126427
L04__TQQQ_SOXL__primary,base,delay,W1,win_rate,1.0,0.8888888888888888
L04__TQQQ_SOXL__primary,base,delay,W1,sortino_zero_mar,2.346341248199063,2.4852248872300406
L04__TQQQ_SOXL__primary,base,delay,W2,win_rate,1.0,0.5454545454545454
L04__TQQQ_SOXL__primary,base,delay,W2,sortino_zero_mar,-0.7764257628417465,-0.8477793630080117
L04__TQQQ_SOXL__primary,base,delay,W3,win_rate,1.0,0.5
L04__TQQQ_SOXL__primary,base,delay,W3,sortino_zero_mar,-0.2936096038980053,-0.3366054536885031
L04__TQQQ_SOXL__primary,base,delay,W4,sortino_zero_mar,2.170180124216012,3.3667168148378868
L04__TQQQ_SOXL__primary,base,delay,W5,win_rate,1.0,0.8695652173913043
L04__TQQQ_SOXL__primary,base,delay,W5,sortino_zero_mar,0.9471001526227651,1.036247000441463
L04__TQQQ_SOXL__primary,base,delay,W6,win_rate,1.0,0.96
L04__TQQQ_SOXL__primary,base,delay,W6,sortino_zero_mar,2.8620396580357848,3.163461953539184
L04__TQQQ_SOXL__primary,stress,delay,W1,win_rate,1.0,0.8888888888888888
L04__TQQQ_SOXL__primary,stress,delay,W1,sortino_zero_mar,2.2978818673985795,2.4242098077418746
L04__TQQQ_SOXL__primary,stress,delay,W2,win_rate,1.0,0.5454545454545454
L04__TQQQ_SOXL__primary,stress,delay,W2,sortino_zero_mar,-0.8146306818332015,-0.8879399440736943
L04__TQQQ_SOXL__primary,stress,delay,W3,win_rate,1.0,0.5
L04__TQQQ_SOXL__primary,stress,delay,W3,sortino_zero_mar,-0.3516677587803512,-0.40233803924477607
L04__TQQQ_SOXL__primary,stress,delay,W4,sortino_zero_mar,2.153953698665932,3.3338213812413384
L04__TQQQ_SOXL__primary,stress,delay,W5,win_rate,1.0,0.8695652173913043
L04__TQQQ_SOXL__primary,stress,delay,W5,sortino_zero_mar,0.9188507487680295,1.0040651681703492
L04__TQQQ_SOXL__primary,stress,delay,W6,win_rate,1.0,0.92
L04__TQQQ_SOXL__primary,stress,delay,W6,sortino_zero_mar,2.8669836398990127,3.1289186178818196
L04__TQQQ_SOXL__primary,severe,delay,W1,win_rate,1.0,0.8888888888888888
L04__TQQQ_SOXL__primary,severe,delay,W1,sortino_zero_mar,2.2153578104616347,2.322695545480653
L04__TQQQ_SOXL__primary,severe,delay,W2,win_rate,1.0,0.5454545454545454
L04__TQQQ_SOXL__primary,severe,delay,W2,sortino_zero_mar,-0.876217533737881,-0.9532424709155434
L04__TQQQ_SOXL__primary,severe,delay,W3,win_rate,1.0,0.5
L04__TQQQ_SOXL__primary,severe,delay,W3,sortino_zero_mar,-0.44869605495717646,-0.5112045866338361
L04__TQQQ_SOXL__primary,severe,delay,W4,sortino_zero_mar,2.126356895403116,3.2788398429712395
L04__TQQQ_SOXL__primary,severe,delay,W5,win_rate,1.0,0.8260869565217391
L04__TQQQ_SOXL__primary,severe,delay,W5,sortino_zero_mar,0.8716219000619969,0.9505339827033178
L04__TQQQ_SOXL__primary,severe,delay,W6,win_rate,1.0,0.92
L04__TQQQ_SOXL__primary,severe,delay,W6,sortino_zero_mar,2.778082218022678,3.0712007077499024
L05__TQQQ_SOXL__primary,base,delay,W1,sortino_zero_mar,1.0403763573619738,1.2885018104109802
L05__TQQQ_SOXL__primary,base,delay,W2,win_rate,1.0,0.6666666666666666
L05__TQQQ_SOXL__primary,base,delay,W2,sortino_zero_mar,0.31691023626498194,0.7606755826246234
L05__TQQQ_SOXL__primary,base,delay,W3,win_rate,1.0,0.25
L05__TQQQ_SOXL__primary,base,delay,W3,sortino_zero_mar,-0.6543844627129405,-1.0694922183275444
L05__TQQQ_SOXL__primary,base,delay,W4,sortino_zero_mar,2.730296709912742,3.8267031019506446
L05__TQQQ_SOXL__primary,base,delay,W5,win_rate,1.0,0.2857142857142857
L05__TQQQ_SOXL__primary,base,delay,W5,sortino_zero_mar,-0.6090418926508459,-0.8109306689124742
L05__TQQQ_SOXL__primary,base,delay,W6,win_rate,1.0,0.6666666666666666
L05__TQQQ_SOXL__primary,base,delay,W6,sortino_zero_mar,1.050419765173935,2.209497344327175
L05__TQQQ_SOXL__primary,stress,delay,W1,sortino_zero_mar,1.0145612951238518,1.2538219604939362
L05__TQQQ_SOXL__primary,stress,delay,W2,win_rate,1.0,0.6666666666666666
L05__TQQQ_SOXL__primary,stress,delay,W2,sortino_zero_mar,0.3034166470187037,0.727063648653931
L05__TQQQ_SOXL__primary,stress,delay,W3,win_rate,1.0,0.25
L05__TQQQ_SOXL__primary,stress,delay,W3,sortino_zero_mar,-0.6832287295766952,-1.1131114621246192
L05__TQQQ_SOXL__primary,stress,delay,W4,sortino_zero_mar,2.711620964812997,3.796036031291879
L05__TQQQ_SOXL__primary,stress,delay,W5,win_rate,1.0,0.2857142857142857
L05__TQQQ_SOXL__primary,stress,delay,W5,sortino_zero_mar,-0.6487813358841725,-0.8595483292625993
L05__TQQQ_SOXL__primary,stress,delay,W6,win_rate,1.0,0.6666666666666666
L05__TQQQ_SOXL__primary,stress,delay,W6,sortino_zero_mar,1.0441405705313582,2.19578169403846
L05__TQQQ_SOXL__primary,severe,delay,W1,sortino_zero_mar,0.9711407238498886,1.1961288819787363
L05__TQQQ_SOXL__primary,severe,delay,W2,win_rate,1.0,0.6666666666666666
L05__TQQQ_SOXL__primary,severe,delay,W2,sortino_zero_mar,0.28083879041033116,0.6710977430699199
L05__TQQQ_SOXL__primary,severe,delay,W3,win_rate,1.0,0.25
L05__TQQQ_SOXL__primary,severe,delay,W3,sortino_zero_mar,-0.7312360935130428,-1.1852619113468372
L05__TQQQ_SOXL__primary,severe,delay,W4,sortino_zero_mar,2.6799515890229313,3.7447636648629743
L05__TQQQ_SOXL__primary,severe,delay,W5,win_rate,1.0,0.2857142857142857
L05__TQQQ_SOXL__primary,severe,delay,W5,sortino_zero_mar,-0.7121288841351604,-0.9402769167324171
L05__TQQQ_SOXL__primary,severe,delay,W6,win_rate,1.0,0.6666666666666666
L05__TQQQ_SOXL__primary,severe,delay,W6,sortino_zero_mar,1.0336694159824904,2.172924669651837
L06__TQQQ_SOXL__primary,base,delay,W1,sortino_zero_mar,,3.3110979038100727
L06__TQQQ_SOXL__primary,base,delay,W2,win_rate,1.0,0.2857142857142857
L06__TQQQ_SOXL__primary,base,delay,W2,sortino_zero_mar,-0.48063456894647766,-1.3659719815563311
L06__TQQQ_SOXL__primary,base,delay,W3,win_rate,1.0,0.8
L06__TQQQ_SOXL__primary,base,delay,W3,sortino_zero_mar,0.9006759745164068,3.0465524424682124
L06__TQQQ_SOXL__primary,base,delay,W4,sortino_zero_mar,2.1448380051486895,8.39171734513126
L06__TQQQ_SOXL__primary,base,delay,W5,win_rate,1.0,0.4
L06__TQQQ_SOXL__primary,base,delay,W5,sortino_zero_mar,-0.18785015189084397,-0.5603249219812058
L06__TQQQ_SOXL__primary,base,delay,W6,win_rate,1.0,0.5
L06__TQQQ_SOXL__primary,base,delay,W6,sortino_zero_mar,0.0045932044007656915,0.019460549541290763
L06__TQQQ_SOXL__primary,stress,delay,W1,sortino_zero_mar,,3.0138851202686867
L06__TQQQ_SOXL__primary,stress,delay,W2,win_rate,1.0,0.14285714285714285
L06__TQQQ_SOXL__primary,stress,delay,W2,sortino_zero_mar,-0.541086339402435,-1.5024204610181662
L06__TQQQ_SOXL__primary,stress,delay,W3,win_rate,1.0,0.6
L06__TQQQ_SOXL__primary,stress,delay,W3,sortino_zero_mar,0.7743283819139077,2.5407116850037603
L06__TQQQ_SOXL__primary,stress,delay,W4,sortino_zero_mar,1.9265539463756254,7.171581103178951
L06__TQQQ_SOXL__primary,stress,delay,W5,win_rate,1.0,0.4
L06__TQQQ_SOXL__primary,stress,delay,W5,sortino_zero_mar,-0.23886114698569452,-0.6990722874803603
L06__TQQQ_SOXL__primary,stress,delay,W6,win_rate,1.0,0.5
L06__TQQQ_SOXL__primary,stress,delay,W6,sortino_zero_mar,-0.012128582018015154,-0.0507598894965331
L06__TQQQ_SOXL__primary,severe,delay,W1,sortino_zero_mar,,2.5778809906491307
L06__TQQQ_SOXL__primary,severe,delay,W2,win_rate,1.0,0.14285714285714285
L06__TQQQ_SOXL__primary,severe,delay,W2,sortino_zero_mar,-0.6327603088089049,-1.710227819126756
L06__TQQQ_SOXL__primary,severe,delay,W3,win_rate,1.0,0.6
L06__TQQQ_SOXL__primary,severe,delay,W3,sortino_zero_mar,0.5896991276903336,1.7744503284312412
L06__TQQQ_SOXL__primary,severe,delay,W4,sortino_zero_mar,1.58020688325372,5.510266996966943
L06__TQQQ_SOXL__primary,severe,delay,W5,win_rate,1.0,0.4
L06__TQQQ_SOXL__primary,severe,delay,W5,sortino_zero_mar,-0.32542155347140406,-0.9222008461285433
L06__TQQQ_SOXL__primary,severe,delay,W6,win_rate,1.0,0.5
L06__TQQQ_SOXL__primary,severe,delay,W6,sortino_zero_mar,-0.04014061047741017,-0.1645907662248499
L07__TQQQ_SOXL__primary,base,delay,W1,win_rate,1.0,0.25
L07__TQQQ_SOXL__primary,base,delay,W1,sortino_zero_mar,-0.0909258010746645,-0.1644753912594625
L07__TQQQ_SOXL__primary,base,delay,W2,win_rate,,0.0
L07__TQQQ_SOXL__primary,base,delay,W2,sortino_zero_mar,,-0.8669200905273234
L07__TQQQ_SOXL__primary,base,delay,W3,win_rate,1.0,0.16666666666666666
L07__TQQQ_SOXL__primary,base,delay,W3,sortino_zero_mar,-1.0692642623686675,-2.29315701850591
L07__TQQQ_SOXL__primary,base,delay,W4,win_rate,1.0,0.25
L07__TQQQ_SOXL__primary,base,delay,W4,sortino_zero_mar,0.4115478191691856,0.7819037447384775
L07__TQQQ_SOXL__primary,base,delay,W5,win_rate,,0.0
L07__TQQQ_SOXL__primary,base,delay,W5,sortino_zero_mar,-1.3230439584612816,-2.5825198841453765
L07__TQQQ_SOXL__primary,base,delay,W6,sortino_zero_mar,1.673452858965413,7.460739883063828
L07__TQQQ_SOXL__primary,stress,delay,W1,win_rate,1.0,0.25
L07__TQQQ_SOXL__primary,stress,delay,W1,sortino_zero_mar,-0.12635502664043055,-0.22786687474368336
L07__TQQQ_SOXL__primary,stress,delay,W2,win_rate,,0.0
L07__TQQQ_SOXL__primary,stress,delay,W2,sortino_zero_mar,,-0.8861178827240966
L07__TQQQ_SOXL__primary,stress,delay,W3,win_rate,,0.0
L07__TQQQ_SOXL__primary,stress,delay,W3,sortino_zero_mar,-1.1092696679371528,-2.370800864290224
L07__TQQQ_SOXL__primary,stress,delay,W4,win_rate,1.0,0.25
L07__TQQQ_SOXL__primary,stress,delay,W4,sortino_zero_mar,0.3334086131221254,0.6280077016993195
L07__TQQQ_SOXL__primary,stress,delay,W5,win_rate,,0.0
L07__TQQQ_SOXL__primary,stress,delay,W5,sortino_zero_mar,-1.3920902151054404,-2.6498281375164656
L07__TQQQ_SOXL__primary,stress,delay,W6,sortino_zero_mar,1.6662922607982091,7.428870513863873
L07__TQQQ_SOXL__primary,severe,delay,W1,win_rate,1.0,0.25
L07__TQQQ_SOXL__primary,severe,delay,W1,sortino_zero_mar,-0.18601857959708304,-0.3321464982558382
L07__TQQQ_SOXL__primary,severe,delay,W2,win_rate,,0.0
L07__TQQQ_SOXL__primary,severe,delay,W2,sortino_zero_mar,,-0.9180858394745708
L07__TQQQ_SOXL__primary,severe,delay,W3,win_rate,,0.0
L07__TQQQ_SOXL__primary,severe,delay,W3,sortino_zero_mar,-1.1751885678464158,-2.497642411050481
L07__TQQQ_SOXL__primary,severe,delay,W4,win_rate,1.0,0.25
L07__TQQQ_SOXL__primary,severe,delay,W4,sortino_zero_mar,0.20018755156217682,0.3774488845515481
L07__TQQQ_SOXL__primary,severe,delay,W5,win_rate,,0.0
L07__TQQQ_SOXL__primary,severe,delay,W5,sortino_zero_mar,-1.508231027679462,-2.7565832767931893
L07__TQQQ_SOXL__primary,severe,delay,W6,sortino_zero_mar,1.6543658666479315,7.375789361053615
L08__TQQQ_SOXL__primary,base,delay,W1,win_rate,1.0,0.5454545454545454
L08__TQQQ_SOXL__primary,base,delay,W1,sortino_zero_mar,1.102579356770747,1.1996561120912579
L08__TQQQ_SOXL__primary,base,delay,W2,win_rate,1.0,0.6153846153846154
L08__TQQQ_SOXL__primary,base,delay,W2,sortino_zero_mar,-1.45913896653753,-1.7314856742346105
L08__TQQQ_SOXL__primary,base,delay,W3,win_rate,1.0,0.8571428571428571
L08__TQQQ_SOXL__primary,base,delay,W3,sortino_zero_mar,0.20138765590153132,0.22744388969406157
L08__TQQQ_SOXL__primary,base,delay,W4,win_rate,1.0,0.8571428571428571
L08__TQQQ_SOXL__primary,base,delay,W4,sortino_zero_mar,2.8438114971826853,4.4957026997430605
L08__TQQQ_SOXL__primary,base,delay,W5,win_rate,1.0,0.8571428571428571
L08__TQQQ_SOXL__primary,base,delay,W5,sortino_zero_mar,1.1765268658134014,1.360211363456705
L08__TQQQ_SOXL__primary,base,delay,W6,win_rate,1.0,0.625
L08__TQQQ_SOXL__primary,base,delay,W6,sortino_zero_mar,1.7153615988842825,1.8089616800758055
L08__TQQQ_SOXL__primary,stress,delay,W1,win_rate,1.0,0.5454545454545454
L08__TQQQ_SOXL__primary,stress,delay,W1,sortino_zero_mar,0.9888494180841323,1.0717727991241042
L08__TQQQ_SOXL__primary,stress,delay,W2,win_rate,1.0,0.6153846153846154
L08__TQQQ_SOXL__primary,stress,delay,W2,sortino_zero_mar,-1.548615419249428,-1.8097270957995883
L08__TQQQ_SOXL__primary,stress,delay,W3,win_rate,1.0,0.8571428571428571
L08__TQQQ_SOXL__primary,stress,delay,W3,sortino_zero_mar,0.18369284397161773,0.20714302385644143
L08__TQQQ_SOXL__primary,stress,delay,W4,win_rate,1.0,0.8571428571428571
L08__TQQQ_SOXL__primary,stress,delay,W4,sortino_zero_mar,2.777574279738995,4.322112140380512
L08__TQQQ_SOXL__primary,stress,delay,W5,win_rate,1.0,0.8571428571428571
L08__TQQQ_SOXL__primary,stress,delay,W5,sortino_zero_mar,1.1279492189960276,1.304475389435398
L08__TQQQ_SOXL__primary,stress,delay,W6,win_rate,1.0,0.625
L08__TQQQ_SOXL__primary,stress,delay,W6,sortino_zero_mar,1.6615114755021219,1.7478138553899094
L08__TQQQ_SOXL__primary,severe,delay,W1,win_rate,1.0,0.5454545454545454
L08__TQQQ_SOXL__primary,severe,delay,W1,sortino_zero_mar,0.796694416758897,0.8609936843453244
L08__TQQQ_SOXL__primary,severe,delay,W2,win_rate,1.0,0.6153846153846154
L08__TQQQ_SOXL__primary,severe,delay,W2,sortino_zero_mar,-1.6596230915858134,-1.9379570973348577
L08__TQQQ_SOXL__primary,severe,delay,W3,win_rate,1.0,0.8571428571428571
L08__TQQQ_SOXL__primary,severe,delay,W3,sortino_zero_mar,0.1540880049347057,0.17335594625525308
L08__TQQQ_SOXL__primary,severe,delay,W4,win_rate,1.0,0.8571428571428571
L08__TQQQ_SOXL__primary,severe,delay,W4,sortino_zero_mar,2.6433142964892307,4.042515118290972
L08__TQQQ_SOXL__primary,severe,delay,W5,win_rate,1.0,0.7857142857142857
L08__TQQQ_SOXL__primary,severe,delay,W5,sortino_zero_mar,1.0483856493848274,1.2117048848044631
L08__TQQQ_SOXL__primary,severe,delay,W6,win_rate,1.0,0.625
L08__TQQQ_SOXL__primary,severe,delay,W6,sortino_zero_mar,1.571064408930249,1.6460438307111374
L09__TQQQ_SOXL__primary,base,delay,W1,win_rate,1.0,0.3333333333333333
L09__TQQQ_SOXL__primary,base,delay,W1,sortino_zero_mar,3.0786520474180623,3.0913293917105356
L09__TQQQ_SOXL__primary,base,delay,W2,win_rate,1.0,0.625
L09__TQQQ_SOXL__primary,base,delay,W2,sortino_zero_mar,0.6829137083776398,0.7388059499265792
L09__TQQQ_SOXL__primary,base,delay,W3,win_rate,1.0,0.2857142857142857
L09__TQQQ_SOXL__primary,base,delay,W3,sortino_zero_mar,-0.5141021118095752,-0.5771072933789768
L09__TQQQ_SOXL__primary,base,delay,W4,sortino_zero_mar,3.5238477891458455,4.754293819267837
L09__TQQQ_SOXL__primary,base,delay,W5,win_rate,1.0,0.3333333333333333
L09__TQQQ_SOXL__primary,base,delay,W5,sortino_zero_mar,-0.5642238212081562,-0.6171165573986676
L09__TQQQ_SOXL__primary,base,delay,W6,win_rate,1.0,0.3333333333333333
L09__TQQQ_SOXL__primary,base,delay,W6,sortino_zero_mar,1.378379010471563,1.6253904408421578
L09__TQQQ_SOXL__primary,stress,delay,W1,win_rate,1.0,0.3333333333333333
L09__TQQQ_SOXL__primary,stress,delay,W1,sortino_zero_mar,3.0441894580751403,3.054152175276119
L09__TQQQ_SOXL__primary,stress,delay,W2,win_rate,1.0,0.625
L09__TQQQ_SOXL__primary,stress,delay,W2,sortino_zero_mar,0.6498331187514325,0.7021897223638052
L09__TQQQ_SOXL__primary,stress,delay,W3,win_rate,1.0,0.2857142857142857
L09__TQQQ_SOXL__primary,stress,delay,W3,sortino_zero_mar,-0.5668873473929172,-0.6355235707743377
L09__TQQQ_SOXL__primary,stress,delay,W4,sortino_zero_mar,3.5159910230455464,4.738588097144033
L09__TQQQ_SOXL__primary,stress,delay,W5,win_rate,1.0,0.3333333333333333
L09__TQQQ_SOXL__primary,stress,delay,W5,sortino_zero_mar,-0.6023064829161904,-0.6572187458372969
L09__TQQQ_SOXL__primary,stress,delay,W6,win_rate,1.0,0.16666666666666666
L09__TQQQ_SOXL__primary,stress,delay,W6,sortino_zero_mar,1.3147780436209098,1.5443132428164374
L09__TQQQ_SOXL__primary,severe,delay,W1,win_rate,1.0,0.3333333333333333
L09__TQQQ_SOXL__primary,severe,delay,W1,sortino_zero_mar,2.9861780131177778,2.992204588735041
L09__TQQQ_SOXL__primary,severe,delay,W2,win_rate,1.0,0.375
L09__TQQQ_SOXL__primary,severe,delay,W2,sortino_zero_mar,0.5945878635180537,0.6412471469023068
L09__TQQQ_SOXL__primary,severe,delay,W3,win_rate,1.0,0.2857142857142857
L09__TQQQ_SOXL__primary,severe,delay,W3,sortino_zero_mar,-0.6557275832183657,-0.7321470866421409
L09__TQQQ_SOXL__primary,severe,delay,W4,sortino_zero_mar,3.5027447245339505,4.712385647148724
L09__TQQQ_SOXL__primary,severe,delay,W5,win_rate,1.0,0.3333333333333333
L09__TQQQ_SOXL__primary,severe,delay,W5,sortino_zero_mar,-0.661968023984889,-0.7195318017425351
L09__TQQQ_SOXL__primary,severe,delay,W6,win_rate,1.0,0.16666666666666666
L09__TQQQ_SOXL__primary,severe,delay,W6,sortino_zero_mar,1.2082001930986221,1.4100732327612482
L10__TQQQ_SOXL__primary,base,delay,W1,win_rate,1.0,0.7333333333333333
L10__TQQQ_SOXL__primary,base,delay,W1,sortino_zero_mar,2.029227679151788,2.2102772593782634
L10__TQQQ_SOXL__primary,base,delay,W2,win_rate,1.0,0.6521739130434783
L10__TQQQ_SOXL__primary,base,delay,W2,sortino_zero_mar,-0.8990225357811963,-0.9549856541094418
L10__TQQQ_SOXL__primary,base,delay,W3,win_rate,1.0,0.8125
L10__TQQQ_SOXL__primary,base,delay,W3,sortino_zero_mar,0.0582945401231469,0.06528625001082082
L10__TQQQ_SOXL__primary,base,delay,W4,sortino_zero_mar,2.391579210205452,3.6792712714168205
L10__TQQQ_SOXL__primary,base,delay,W5,win_rate,1.0,0.9
L10__TQQQ_SOXL__primary,base,delay,W5,sortino_zero_mar,1.7392297514097197,1.9221797790040853
L10__TQQQ_SOXL__primary,base,delay,W6,win_rate,1.0,0.7368421052631579
L10__TQQQ_SOXL__primary,base,delay,W6,sortino_zero_mar,2.9662615503412955,3.1528607271508258
L10__TQQQ_SOXL__primary,stress,delay,W1,win_rate,1.0,0.7333333333333333
L10__TQQQ_SOXL__primary,stress,delay,W1,sortino_zero_mar,1.946360668187727,2.094664376008478
L10__TQQQ_SOXL__primary,stress,delay,W2,win_rate,1.0,0.6521739130434783
L10__TQQQ_SOXL__primary,stress,delay,W2,sortino_zero_mar,-0.9405053918168553,-0.9949898839003748
L10__TQQQ_SOXL__primary,stress,delay,W3,win_rate,1.0,0.75
L10__TQQQ_SOXL__primary,stress,delay,W3,sortino_zero_mar,0.004975665593462928,0.005557799415912606
L10__TQQQ_SOXL__primary,stress,delay,W4,sortino_zero_mar,2.373030029952814,3.6122232368959075
L10__TQQQ_SOXL__primary,stress,delay,W5,win_rate,1.0,0.9
L10__TQQQ_SOXL__primary,stress,delay,W5,sortino_zero_mar,1.7103375967786152,1.8884345062132541
L10__TQQQ_SOXL__primary,stress,delay,W6,win_rate,1.0,0.7368421052631579
L10__TQQQ_SOXL__primary,stress,delay,W6,sortino_zero_mar,2.9267055625015077,3.102299323647359
L10__TQQQ_SOXL__primary,severe,delay,W1,win_rate,1.0,0.7333333333333333
L10__TQQQ_SOXL__primary,severe,delay,W1,sortino_zero_mar,1.785873292313624,1.9034311117202378
L10__TQQQ_SOXL__primary,severe,delay,W2,win_rate,1.0,0.6086956521739131
L10__TQQQ_SOXL__primary,severe,delay,W2,sortino_zero_mar,-1.0051718353713814,-1.0613181465615815
L10__TQQQ_SOXL__primary,severe,delay,W3,win_rate,1.0,0.75
L10__TQQQ_SOXL__primary,severe,delay,W3,sortino_zero_mar,-0.0840144009300434,-0.09355250138294903
L10__TQQQ_SOXL__primary,severe,delay,W4,sortino_zero_mar,2.3157248200489216,3.500400052469199
L10__TQQQ_SOXL__primary,severe,delay,W5,win_rate,1.0,0.9
L10__TQQQ_SOXL__primary,severe,delay,W5,sortino_zero_mar,1.662077373644121,1.832237741257691
L10__TQQQ_SOXL__primary,severe,delay,W6,win_rate,1.0,0.6842105263157895
L10__TQQQ_SOXL__primary,severe,delay,W6,sortino_zero_mar,2.844426484701924,3.0180337710439593
L01__SPXL_SOXL__primary,base,continuous,,sortino_zero_mar,0.7319097512027188,1.0616593373886185
L01__SPXL_SOXL__primary,base,evaluation,W1,sortino_zero_mar,1.564554414918857,2.834730138751018
L01__SPXL_SOXL__primary,base,evaluation,W2,win_rate,,0.0
L01__SPXL_SOXL__primary,base,evaluation,W2,sortino_zero_mar,-0.4535728671629259,-0.553264650628873
L01__SPXL_SOXL__primary,base,evaluation,W3,win_rate,,0.0
L01__SPXL_SOXL__primary,base,evaluation,W3,sortino_zero_mar,0.2109297603777165,0.2347170507689766
L01__SPXL_SOXL__primary,base,evaluation,W4,sortino_zero_mar,2.026696544203916,3.799755972080056
L01__SPXL_SOXL__primary,base,evaluation,W5,sortino_zero_mar,1.5721165664487577,1.6395236539893818
L01__SPXL_SOXL__primary,base,evaluation,W6,sortino_zero_mar,2.479925950139323,2.746103483148825
L01__SPXL_SOXL__primary,base,delay,,win_rate,1.0,0.8
L01__SPXL_SOXL__primary,base,delay,,sortino_zero_mar,0.9295152147084494,1.344972742235998
L01__SPXL_SOXL__primary,base,stress,stress_2020,win_rate,,0.0
L01__SPXL_SOXL__primary,base,stress,stress_2020,sortino_zero_mar,1.29491262289622,1.5948717942332666
L01__SPXL_SOXL__primary,base,stress,stress_2022,win_rate,,0.0
L01__SPXL_SOXL__primary,base,stress,stress_2022,sortino_zero_mar,-0.885544857879005,-1.836490916955442
L01__SPXL_SOXL__primary,stress,continuous,,sortino_zero_mar,0.7080068618662316,1.0320680221634824
L01__SPXL_SOXL__primary,stress,evaluation,W1,sortino_zero_mar,1.4924873620568617,2.709665942561303
L01__SPXL_SOXL__primary,stress,evaluation,W2,win_rate,,0.0
L01__SPXL_SOXL__primary,stress,evaluation,W2,sortino_zero_mar,-0.46132916844632227,-0.5611816523570656
L01__SPXL_SOXL__primary,stress,evaluation,W3,win_rate,,0.0
L01__SPXL_SOXL__primary,stress,evaluation,W3,sortino_zero_mar,0.19064404521442913,0.21198872773043248
L01__SPXL_SOXL__primary,stress,evaluation,W4,sortino_zero_mar,1.9679282911013503,3.6865473446539463
L01__SPXL_SOXL__primary,stress,evaluation,W5,sortino_zero_mar,1.5691403216181679,1.6364343294338992
L01__SPXL_SOXL__primary,stress,evaluation,W6,sortino_zero_mar,2.4768728563262887,2.7414273218805207
L01__SPXL_SOXL__primary,stress,delay,,win_rate,1.0,0.8
L01__SPXL_SOXL__primary,stress,delay,,sortino_zero_mar,0.9061923327044918,1.3179229584307197
L01__SPXL_SOXL__primary,stress,stress,stress_2020,win_rate,,0.0
L01__SPXL_SOXL__primary,stress,stress,stress_2020,sortino_zero_mar,1.2882347234953928,1.5863630360909335
L01__SPXL_SOXL__primary,stress,stress,stress_2022,win_rate,,0.0
L01__SPXL_SOXL__primary,stress,stress,stress_2022,sortino_zero_mar,-0.9039989600263985,-1.8617039973076197
L01__SPXL_SOXL__primary,severe,continuous,,sortino_zero_mar,0.6666230592959758,0.9804391484669397
L01__SPXL_SOXL__primary,severe,evaluation,W1,sortino_zero_mar,1.3729735247402872,2.5016428440315845
L01__SPXL_SOXL__primary,severe,evaluation,W2,win_rate,,0.0
L01__SPXL_SOXL__primary,severe,evaluation,W2,sortino_zero_mar,-0.47223017173372317,-0.5742778036082054
L01__SPXL_SOXL__primary,severe,evaluation,W3,win_rate,,0.0
L01__SPXL_SOXL__primary,severe,evaluation,W3,sortino_zero_mar,0.15686786725506519,0.17424850147473117
L01__SPXL_SOXL__primary,severe,evaluation,W4,sortino_zero_mar,1.8648863195946364,3.490651018231379
L01__SPXL_SOXL__primary,severe,evaluation,W5,sortino_zero_mar,1.5612818394521564,1.6313025403542878
L01__SPXL_SOXL__primary,severe,evaluation,W6,sortino_zero_mar,2.4717388504440034,2.73362321829749
L01__SPXL_SOXL__primary,severe,delay,,win_rate,1.0,0.8
L01__SPXL_SOXL__primary,severe,delay,,sortino_zero_mar,0.8651418820709893,1.269874613904689
L01__SPXL_SOXL__primary,severe,stress,stress_2020,win_rate,,0.0
L01__SPXL_SOXL__primary,severe,stress,stress_2020,sortino_zero_mar,1.277072202667637,1.5721711851973497
L01__SPXL_SOXL__primary,severe,stress,stress_2022,win_rate,,0.0
L01__SPXL_SOXL__primary,severe,stress,stress_2022,sortino_zero_mar,-0.9350715634051772,-1.9034660363090863
L02__SPXL_SOXL__primary,base,continuous,,win_rate,1.0,0.9558823529411765
L02__SPXL_SOXL__primary,base,continuous,,sortino_zero_mar,1.4252552280889397,1.6123712161974606
L02__SPXL_SOXL__primary,base,evaluation,W1,win_rate,1.0,0.8333333333333334
L02__SPXL_SOXL__primary,base,evaluation,W1,sortino_zero_mar,1.5165859474883752,1.708642974505933
L02__SPXL_SOXL__primary,base,evaluation,W2,win_rate,1.0,0.8571428571428571
L02__SPXL_SOXL__primary,base,evaluation,W2,sortino_zero_mar,0.5245409138925573,0.5558449954166239
L02__SPXL_SOXL__primary,base,evaluation,W3,win_rate,1.0,0.5
L02__SPXL_SOXL__primary,base,evaluation,W3,sortino_zero_mar,0.041013727039101645,0.044987604729957886
L02__SPXL_SOXL__primary,base,evaluation,W4,sortino_zero_mar,2.0702913975590196,3.259367701900777
L02__SPXL_SOXL__primary,base,evaluation,W5,win_rate,1.0,0.9411764705882353
L02__SPXL_SOXL__primary,base,evaluation,W5,sortino_zero_mar,1.5411593582035505,1.6643827140079994
L02__SPXL_SOXL__primary,base,evaluation,W6,sortino_zero_mar,3.334805597846725,3.3760997983687973
L02__SPXL_SOXL__primary,base,delay,,win_rate,1.0,0.9682539682539683
L02__SPXL_SOXL__primary,base,delay,,sortino_zero_mar,1.3773345293996886,1.5568730926340335
L02__SPXL_SOXL__primary,base,stress,stress_2020,win_rate,1.0,0.7894736842105263
L02__SPXL_SOXL__primary,base,stress,stress_2020,sortino_zero_mar,0.875809066740731,1.0903394613572235
L02__SPXL_SOXL__primary,base,stress,stress_2022,win_rate,,0.0
L02__SPXL_SOXL__primary,base,stress,stress_2022,sortino_zero_mar,-0.678376482487631,-1.7245131414909918
L02__SPXL_SOXL__primary,stress,continuous,,win_rate,1.0,0.9558823529411765
L02__SPXL_SOXL__primary,stress,continuous,,sortino_zero_mar,1.4052404888698788,1.5879962125405196
L02__SPXL_SOXL__primary,stress,evaluation,W1,max_drawdown,0.14710152575331725,0.14814949857327475
L02__SPXL_SOXL__primary,stress,evaluation,W1,win_rate,1.0,0.8333333333333334
L02__SPXL_SOXL__primary,stress,evaluation,W1,sortino_zero_mar,1.4526276332409356,1.634304234483757
L02__SPXL_SOXL__primary,stress,evaluation,W2,win_rate,1.0,0.8571428571428571
L02__SPXL_SOXL__primary,stress,evaluation,W2,sortino_zero_mar,0.5065168928530712,0.5366755852701804
L02__SPXL_SOXL__primary,stress,evaluation,W3,win_rate,1.0,0.5
L02__SPXL_SOXL__primary,stress,evaluation,W3,sortino_zero_mar,0.018748760549635736,0.02055171416036434
L02__SPXL_SOXL__primary,stress,evaluation,W4,sortino_zero_mar,2.0490807340459725,3.225276409471682
L02__SPXL_SOXL__primary,stress,evaluation,W5,win_rate,1.0,0.9411764705882353
L02__SPXL_SOXL__primary,stress,evaluation,W5,sortino_zero_mar,1.5291919051092357,1.6500930221440366
L02__SPXL_SOXL__primary,stress,evaluation,W6,sortino_zero_mar,3.308987692129486,3.349107621782429
L02__SPXL_SOXL__primary,stress,delay,,win_rate,1.0,0.9682539682539683
L02__SPXL_SOXL__primary,stress,delay,,sortino_zero_mar,1.3574185945847737,1.5320110945112373
L02__SPXL_SOXL__primary,stress,stress,stress_2020,win_rate,1.0,0.7894736842105263
L02__SPXL_SOXL__primary,stress,stress,stress_2020,sortino_zero_mar,0.8679045838861167,1.0791038918823375
L02__SPXL_SOXL__primary,stress,stress,stress_2022,win_rate,,0.0
L02__SPXL_SOXL__primary,stress,stress,stress_2022,sortino_zero_mar,-0.667489774058965,-1.743302447616387
L02__SPXL_SOXL__primary,severe,continuous,,win_rate,1.0,0.9558823529411765
L02__SPXL_SOXL__primary,severe,continuous,,sortino_zero_mar,1.370662095017882,1.5473097534671925
L02__SPXL_SOXL__primary,severe,evaluation,W1,max_drawdown,0.152815303904959,0.15595303807789995
L02__SPXL_SOXL__primary,severe,evaluation,W1,win_rate,1.0,0.8333333333333334
L02__SPXL_SOXL__primary,severe,evaluation,W1,sortino_zero_mar,1.3535583762482186,1.510368965495866
L02__SPXL_SOXL__primary,severe,evaluation,W2,win_rate,1.0,0.8571428571428571
L02__SPXL_SOXL__primary,severe,evaluation,W2,sortino_zero_mar,0.47472071636334034,0.5047160888646727
L02__SPXL_SOXL__primary,severe,evaluation,W3,win_rate,1.0,0.5
L02__SPXL_SOXL__primary,severe,evaluation,W3,sortino_zero_mar,-0.018375072053451548,-0.020092415457310952
L02__SPXL_SOXL__primary,severe,evaluation,W4,sortino_zero_mar,2.0137260274287976,3.1684838749792563
L02__SPXL_SOXL__primary,severe,evaluation,W5,win_rate,1.0,0.9411764705882353
L02__SPXL_SOXL__primary,severe,evaluation,W5,sortino_zero_mar,1.5091242330158365,1.6262602461323696
L02__SPXL_SOXL__primary,severe,evaluation,W6,sortino_zero_mar,3.257444479513404,3.295561775913466
L02__SPXL_SOXL__primary,severe,delay,,win_rate,1.0,0.9682539682539683
L02__SPXL_SOXL__primary,severe,delay,,sortino_zero_mar,1.3219870272829795,1.4905171089713454
L02__SPXL_SOXL__primary,severe,stress,stress_2020,win_rate,1.0,0.7894736842105263
L02__SPXL_SOXL__primary,severe,stress,stress_2020,sortino_zero_mar,0.8574812551140736,1.0603949510030766
L02__SPXL_SOXL__primary,severe,stress,stress_2022,win_rate,,0.0
L02__SPXL_SOXL__primary,severe,stress,stress_2022,sortino_zero_mar,-1.338124920164615,-1.7742561352330541
L03__SPXL_SOXL__primary,base,continuous,,win_rate,1.0,0.36363636363636365
L03__SPXL_SOXL__primary,base,continuous,,sortino_zero_mar,1.1454928715813224,1.3834195171874457
L03__SPXL_SOXL__primary,base,evaluation,W1,win_rate,1.0,0.25
L03__SPXL_SOXL__primary,base,evaluation,W1,sortino_zero_mar,2.791610198287837,2.929691244322705
L03__SPXL_SOXL__primary,base,evaluation,W2,win_rate,,0.0
L03__SPXL_SOXL__primary,base,evaluation,W2,sortino_zero_mar,-0.021724156007958316,-0.024261343878485987
L03__SPXL_SOXL__primary,base,evaluation,W3,win_rate,,0.0
L03__SPXL_SOXL__primary,base,evaluation,W3,sortino_zero_mar,-1.6576211714780937,-1.9580825647334505
L03__SPXL_SOXL__primary,base,evaluation,W4,sortino_zero_mar,3.439111108666818,4.769565037070699
L03__SPXL_SOXL__primary,base,evaluation,W5,sortino_zero_mar,1.4087117865303722,1.434813405874093
L03__SPXL_SOXL__primary,base,evaluation,W6,sortino_zero_mar,2.295371365428189,2.328025530936919
L03__SPXL_SOXL__primary,base,delay,,win_rate,1.0,0.2727272727272727
L03__SPXL_SOXL__primary,base,delay,,sortino_zero_mar,1.1623350188313457,1.4013459525744558
L03__SPXL_SOXL__primary,base,stress,stress_2020,win_rate,1.0,0.25
L03__SPXL_SOXL__primary,base,stress,stress_2020,sortino_zero_mar,1.278399392587626,1.5296258961413405
L03__SPXL_SOXL__primary,base,stress,stress_2022,win_rate,,0.0
L03__SPXL_SOXL__primary,base,stress,stress_2022,sortino_zero_mar,-0.9339537720168495,-2.3503222690127874
L03__SPXL_SOXL__primary,stress,continuous,,win_rate,1.0,0.36363636363636365
L03__SPXL_SOXL__primary,stress,continuous,,sortino_zero_mar,1.1391252674543575,1.3750881033363715
L03__SPXL_SOXL__primary,stress,evaluation,W1,win_rate,1.0,0.25
L03__SPXL_SOXL__primary,stress,evaluation,W1,sortino_zero_mar,2.7503271664882405,2.878041012375972
L03__SPXL_SOXL__primary,stress,evaluation,W2,win_rate,,0.0
L03__SPXL_SOXL__primary,stress,evaluation,W2,sortino_zero_mar,-0.02807862466732987,-0.03136427763441388
L03__SPXL_SOXL__primary,stress,evaluation,W3,win_rate,,0.0
L03__SPXL_SOXL__primary,stress,evaluation,W3,sortino_zero_mar,-1.6923289153711694,-1.9943741274261062
L03__SPXL_SOXL__primary,stress,evaluation,W4,sortino_zero_mar,3.432992890883674,4.7549053764202815
L03__SPXL_SOXL__primary,stress,evaluation,W5,sortino_zero_mar,1.4047835526102261,1.4297432832377228
L03__SPXL_SOXL__primary,stress,evaluation,W6,sortino_zero_mar,2.292900096661066,2.3253500260633877
L03__SPXL_SOXL__primary,stress,delay,,win_rate,1.0,0.2727272727272727
L03__SPXL_SOXL__primary,stress,delay,,sortino_zero_mar,1.1559485342241538,1.392706220173462
L03__SPXL_SOXL__primary,stress,stress,stress_2020,win_rate,1.0,0.25
L03__SPXL_SOXL__primary,stress,stress,stress_2020,sortino_zero_mar,1.263975816334545,1.5122164363079864
L03__SPXL_SOXL__primary,stress,stress,stress_2022,win_rate,,0.0
L03__SPXL_SOXL__primary,stress,stress,stress_2022,sortino_zero_mar,-0.9574205371539479,-2.3873586500072257
L03__SPXL_SOXL__primary,severe,continuous,,win_rate,1.0,0.2727272727272727
L03__SPXL_SOXL__primary,severe,continuous,,sortino_zero_mar,1.128922789837679,1.3612533018459634
L03__SPXL_SOXL__primary,severe,evaluation,W1,win_rate,,0.0
L03__SPXL_SOXL__primary,severe,evaluation,W1,sortino_zero_mar,2.660880257657067,2.791786191831428
L03__SPXL_SOXL__primary,severe,evaluation,W2,win_rate,,0.0
L03__SPXL_SOXL__primary,severe,evaluation,W2,sortino_zero_mar,-0.03861277388175681,-0.04314574024026716
L03__SPXL_SOXL__primary,severe,evaluation,W3,win_rate,,0.0
L03__SPXL_SOXL__primary,severe,evaluation,W3,sortino_zero_mar,-1.7497814282083215,-2.054091628481381
L03__SPXL_SOXL__primary,severe,evaluation,W4,sortino_zero_mar,3.42237675150048,4.730238685939297
L03__SPXL_SOXL__primary,severe,evaluation,W5,sortino_zero_mar,1.398149177811909,1.4212788204036906
L03__SPXL_SOXL__primary,severe,evaluation,W6,sortino_zero_mar,2.288803801028713,2.320914691170615
L03__SPXL_SOXL__primary,severe,delay,,win_rate,1.0,0.2727272727272727
L03__SPXL_SOXL__primary,severe,delay,,sortino_zero_mar,1.1447687324188143,1.3772192172808229
L03__SPXL_SOXL__primary,severe,stress,stress_2020,win_rate,1.0,0.25
L03__SPXL_SOXL__primary,severe,stress,stress_2020,sortino_zero_mar,1.2400380068884609,1.483343362906269
L03__SPXL_SOXL__primary,severe,stress,stress_2022,win_rate,,0.0
L03__SPXL_SOXL__primary,severe,stress,stress_2022,sortino_zero_mar,-0.9970943398661204,-2.448180828245868
L04__SPXL_SOXL__primary,base,continuous,,win_rate,1.0,0.9278350515463918
L04__SPXL_SOXL__primary,base,continuous,,sortino_zero_mar,1.3329898253288244,1.5507401174920976
L04__SPXL_SOXL__primary,base,evaluation,W1,win_rate,1.0,0.875
L04__SPXL_SOXL__primary,base,evaluation,W1,sortino_zero_mar,2.6400627465758366,2.950746811717542
L04__SPXL_SOXL__primary,base,evaluation,W2,win_rate,1.0,0.7222222222222222
L04__SPXL_SOXL__primary,base,evaluation,W2,sortino_zero_mar,0.1800263826773099,0.19421709650737565
L04__SPXL_SOXL__primary,base,evaluation,W3,win_rate,1.0,0.5555555555555556
L04__SPXL_SOXL__primary,base,evaluation,W3,sortino_zero_mar,-0.5211867947440378,-0.5907707087773123
L04__SPXL_SOXL__primary,base,evaluation,W4,sortino_zero_mar,2.491170237255786,3.88232812342489
L04__SPXL_SOXL__primary,base,evaluation,W5,win_rate,1.0,0.8
L04__SPXL_SOXL__primary,base,evaluation,W5,sortino_zero_mar,1.0101379129862924,1.068701903527668
L04__SPXL_SOXL__primary,base,evaluation,W6,sortino_zero_mar,3.3163802968125524,3.519738839845686
L04__SPXL_SOXL__primary,base,delay,,win_rate,1.0,0.9166666666666666
L04__SPXL_SOXL__primary,base,delay,,sortino_zero_mar,1.3273079907181735,1.5474473194585328
L04__SPXL_SOXL__primary,base,stress,stress_2020,win_rate,1.0,0.8214285714285714
L04__SPXL_SOXL__primary,base,stress,stress_2020,sortino_zero_mar,0.5924957341674197,0.7602777976117617
L04__SPXL_SOXL__primary,base,stress,stress_2022,win_rate,1.0,0.14285714285714285
L04__SPXL_SOXL__primary,base,stress,stress_2022,sortino_zero_mar,-1.2857181500745631,-1.6632203596337463
L04__SPXL_SOXL__primary,stress,continuous,,win_rate,1.0,0.9278350515463918
L04__SPXL_SOXL__primary,stress,continuous,,sortino_zero_mar,1.312067373614471,1.520350149964131
L04__SPXL_SOXL__primary,stress,evaluation,W1,max_drawdown,0.09825454164133895,0.09891933689227494
L04__SPXL_SOXL__primary,stress,evaluation,W1,win_rate,1.0,0.875
L04__SPXL_SOXL__primary,stress,evaluation,W1,sortino_zero_mar,2.584017798604208,2.889623012592469
L04__SPXL_SOXL__primary,stress,evaluation,W2,win_rate,1.0,0.7222222222222222
L04__SPXL_SOXL__primary,stress,evaluation,W2,sortino_zero_mar,0.15716092936006654,0.16931048496004142
L04__SPXL_SOXL__primary,stress,evaluation,W3,win_rate,1.0,0.5555555555555556
L04__SPXL_SOXL__primary,stress,evaluation,W3,sortino_zero_mar,-0.5868446659787893,-0.6641602385702509
L04__SPXL_SOXL__primary,stress,evaluation,W4,sortino_zero_mar,2.470755068252594,3.845375348282663
L04__SPXL_SOXL__primary,stress,evaluation,W5,win_rate,1.0,0.8
L04__SPXL_SOXL__primary,stress,evaluation,W5,sortino_zero_mar,0.9892367518246348,1.0456392470176785
L04__SPXL_SOXL__primary,stress,evaluation,W6,sortino_zero_mar,3.2940523508406985,3.4922797134707935
L04__SPXL_SOXL__primary,stress,delay,,win_rate,1.0,0.9166666666666666
L04__SPXL_SOXL__primary,stress,delay,,sortino_zero_mar,1.299070835235919,1.5167959990814126
L04__SPXL_SOXL__primary,stress,stress,stress_2020,win_rate,1.0,0.8214285714285714
L04__SPXL_SOXL__primary,stress,stress,stress_2020,sortino_zero_mar,0.604661101191403,0.7367316468177664
L04__SPXL_SOXL__primary,stress,stress,stress_2022,win_rate,1.0,0.14285714285714285
L04__SPXL_SOXL__primary,stress,stress,stress_2022,sortino_zero_mar,-0.7126943920032834,-1.6843432145196322
L04__SPXL_SOXL__primary,severe,continuous,,win_rate,1.0,0.9175257731958762
L04__SPXL_SOXL__primary,severe,continuous,,sortino_zero_mar,1.2709342804721728,1.4697171623161611
L04__SPXL_SOXL__primary,severe,evaluation,W1,max_drawdown,0.10240784950103543,0.10440250709565002
L04__SPXL_SOXL__primary,severe,evaluation,W1,win_rate,1.0,0.875
L04__SPXL_SOXL__primary,severe,evaluation,W1,sortino_zero_mar,2.5160596469432157,2.787351953112704
L04__SPXL_SOXL__primary,severe,evaluation,W2,win_rate,1.0,0.6666666666666666
L04__SPXL_SOXL__primary,severe,evaluation,W2,sortino_zero_mar,0.11899670859177246,0.1279015754742257
L04__SPXL_SOXL__primary,severe,evaluation,W3,win_rate,1.0,0.4444444444444444
L04__SPXL_SOXL__primary,severe,evaluation,W3,sortino_zero_mar,-0.6962087328043691,-0.7853255297650013
L04__SPXL_SOXL__primary,severe,evaluation,W4,sortino_zero_mar,2.436486268766334,3.7837750918258144
L04__SPXL_SOXL__primary,severe,evaluation,W5,win_rate,1.0,0.76
L04__SPXL_SOXL__primary,severe,evaluation,W5,sortino_zero_mar,0.9541943008015349,1.0071677426807408
L04__SPXL_SOXL__primary,severe,evaluation,W6,win_rate,1.0,0.9545454545454546
L04__SPXL_SOXL__primary,severe,evaluation,W6,sortino_zero_mar,3.2475427995959856,3.436925279711079
L04__SPXL_SOXL__primary,severe,delay,,win_rate,1.0,0.9042553191489362
L04__SPXL_SOXL__primary,severe,delay,,sortino_zero_mar,1.2578375913661193,1.4652338487724457
L04__SPXL_SOXL__primary,severe,stress,stress_2020,win_rate,1.0,0.7857142857142857
L04__SPXL_SOXL__primary,severe,stress,stress_2020,sortino_zero_mar,0.5727882109839376,0.6975674768024167
L04__SPXL_SOXL__primary,severe,stress,stress_2022,win_rate,1.0,0.14285714285714285
L04__SPXL_SOXL__primary,severe,stress,stress_2022,sortino_zero_mar,-1.3074779834659505,-1.71889443686345
L05__SPXL_SOXL__primary,base,continuous,,win_rate,1.0,0.4782608695652174
L05__SPXL_SOXL__primary,base,continuous,,sortino_zero_mar,0.5424690485937823,0.8018261140715596
L05__SPXL_SOXL__primary,base,evaluation,W1,sortino_zero_mar,2.1586494093007027,2.736401271352054
L05__SPXL_SOXL__primary,base,evaluation,W2,win_rate,1.0,0.5
L05__SPXL_SOXL__primary,base,evaluation,W2,sortino_zero_mar,-0.34438044229983356,-0.5603901312368382
L05__SPXL_SOXL__primary,base,evaluation,W3,win_rate,,0.0
L05__SPXL_SOXL__primary,base,evaluation,W3,sortino_zero_mar,-1.3103558234063375,-1.9021456275423505
L05__SPXL_SOXL__primary,base,evaluation,W4,sortino_zero_mar,2.6980335633670105,3.8992972250876985
L05__SPXL_SOXL__primary,base,evaluation,W5,win_rate,1.0,0.2857142857142857
L05__SPXL_SOXL__primary,base,evaluation,W5,sortino_zero_mar,-0.7377818356707728,-0.8656350341181834
L05__SPXL_SOXL__primary,base,evaluation,W6,win_rate,1.0,0.5
L05__SPXL_SOXL__primary,base,evaluation,W6,sortino_zero_mar,1.287009482891098,2.1060920462309864
L05__SPXL_SOXL__primary,base,delay,,win_rate,1.0,0.4782608695652174
L05__SPXL_SOXL__primary,base,delay,,sortino_zero_mar,0.7032291437613432,1.0361350183407856
L05__SPXL_SOXL__primary,base,stress,stress_2020,win_rate,1.0,0.7142857142857143
L05__SPXL_SOXL__primary,base,stress,stress_2020,sortino_zero_mar,0.7350604918295222,1.1769155169344478
L05__SPXL_SOXL__primary,base,stress,stress_2022,win_rate,,0.0
L05__SPXL_SOXL__primary,base,stress,stress_2022,sortino_zero_mar,-0.4606719526387515,-1.5890413702896529
L05__SPXL_SOXL__primary,stress,continuous,,win_rate,1.0,0.4782608695652174
L05__SPXL_SOXL__primary,stress,continuous,,sortino_zero_mar,0.5201347091157833,0.7654093447762977
L05__SPXL_SOXL__primary,stress,evaluation,W1,sortino_zero_mar,2.129440554651806,2.707444745038778
L05__SPXL_SOXL__primary,stress,evaluation,W2,win_rate,1.0,0.5
L05__SPXL_SOXL__primary,stress,evaluation,W2,sortino_zero_mar,-0.38302697306748246,-0.6180314057987226
L05__SPXL_SOXL__primary,stress,evaluation,W3,win_rate,,0.0
L05__SPXL_SOXL__primary,stress,evaluation,W3,sortino_zero_mar,-1.3580814229198475,-1.9603185245428916
L05__SPXL_SOXL__primary,stress,evaluation,W4,sortino_zero_mar,2.682765682367014,3.867424431723078
L05__SPXL_SOXL__primary,stress,evaluation,W5,win_rate,1.0,0.2857142857142857
L05__SPXL_SOXL__primary,stress,evaluation,W5,sortino_zero_mar,-0.787097679781797,-0.9199471808596141
L05__SPXL_SOXL__primary,stress,evaluation,W6,win_rate,1.0,0.5
L05__SPXL_SOXL__primary,stress,evaluation,W6,sortino_zero_mar,1.284858750218548,2.082282526558609
L05__SPXL_SOXL__primary,stress,delay,,win_rate,1.0,0.4782608695652174
L05__SPXL_SOXL__primary,stress,delay,,sortino_zero_mar,0.6796237442949787,0.9976613086600953
L05__SPXL_SOXL__primary,stress,stress,stress_2020,win_rate,1.0,0.7142857142857143
L05__SPXL_SOXL__primary,stress,stress,stress_2020,sortino_zero_mar,0.7039281856392264,1.125801218218645
L05__SPXL_SOXL__primary,stress,stress,stress_2022,win_rate,,0.0
L05__SPXL_SOXL__primary,stress,stress,stress_2022,sortino_zero_mar,-0.47220156807744895,-1.6093778608758882
L05__SPXL_SOXL__primary,severe,continuous,,win_rate,1.0,0.4782608695652174
L05__SPXL_SOXL__primary,severe,continuous,,sortino_zero_mar,0.48099883803145915,0.7047972785949285
L05__SPXL_SOXL__primary,severe,evaluation,W1,sortino_zero_mar,2.1014708703505254,2.6588854688998875
L05__SPXL_SOXL__primary,severe,evaluation,W2,win_rate,1.0,0.5
L05__SPXL_SOXL__primary,severe,evaluation,W2,sortino_zero_mar,-0.44532304264919026,-0.71318509303699
L05__SPXL_SOXL__primary,severe,evaluation,W3,win_rate,,0.0
L05__SPXL_SOXL__primary,severe,evaluation,W3,sortino_zero_mar,-1.4270625527844556,-2.0564697567226795
L05__SPXL_SOXL__primary,severe,evaluation,W4,sortino_zero_mar,2.6564406368894913,3.8139456195009296
L05__SPXL_SOXL__primary,severe,evaluation,W5,win_rate,1.0,0.2857142857142857
L05__SPXL_SOXL__primary,severe,evaluation,W5,sortino_zero_mar,-0.8691542544186028,-1.0100917233466469
L05__SPXL_SOXL__primary,severe,evaluation,W6,win_rate,1.0,0.5
L05__SPXL_SOXL__primary,severe,evaluation,W6,sortino_zero_mar,1.249533720335376,2.042594692973405
L05__SPXL_SOXL__primary,severe,delay,,win_rate,1.0,0.4782608695652174
L05__SPXL_SOXL__primary,severe,delay,,sortino_zero_mar,0.6388336934313821,0.9335849912321222
L05__SPXL_SOXL__primary,severe,stress,stress_2020,win_rate,1.0,0.7142857142857143
L05__SPXL_SOXL__primary,severe,stress,stress_2020,sortino_zero_mar,0.6518917306614099,1.0406692735536538
L05__SPXL_SOXL__primary,severe,stress,stress_2022,win_rate,,0.0
L05__SPXL_SOXL__primary,severe,stress,stress_2022,sortino_zero_mar,-0.4910326611074179,-1.6416430078600812
L06__SPXL_SOXL__primary,base,continuous,,win_rate,1.0,0.5833333333333334
L06__SPXL_SOXL__primary,base,continuous,,sortino_zero_mar,0.5621526131172307,1.3922811168277816
L06__SPXL_SOXL__primary,base,evaluation,W1,win_rate,1.0,0.6666666666666666
L06__SPXL_SOXL__primary,base,evaluation,W1,sortino_zero_mar,0.0018192109146031345,0.004434676240194505
L06__SPXL_SOXL__primary,base,evaluation,W2,win_rate,1.0,0.6923076923076923
L06__SPXL_SOXL__primary,base,evaluation,W2,sortino_zero_mar,0.1983396468371978,0.4559046999433559
L06__SPXL_SOXL__primary,base,evaluation,W3,win_rate,1.0,0.5
L06__SPXL_SOXL__primary,base,evaluation,W3,sortino_zero_mar,1.4076267747413147,3.2371161793148198
L06__SPXL_SOXL__primary,base,evaluation,W4,win_rate,1.0,0.8
L06__SPXL_SOXL__primary,base,evaluation,W4,sortino_zero_mar,2.644759113636315,4.968445708037153
L06__SPXL_SOXL__primary,base,evaluation,W5,win_rate,1.0,0.42857142857142855
L06__SPXL_SOXL__primary,base,evaluation,W5,sortino_zero_mar,0.8235563868189342,1.8001073100141596
L06__SPXL_SOXL__primary,base,evaluation,W6,win_rate,1.0,0.5454545454545454
L06__SPXL_SOXL__primary,base,evaluation,W6,sortino_zero_mar,0.8768602355179643,2.0198674779677246
L06__SPXL_SOXL__primary,base,delay,,win_rate,1.0,0.6166666666666667
L06__SPXL_SOXL__primary,base,delay,,sortino_zero_mar,0.4816136612634663,1.3853480959414894
L06__SPXL_SOXL__primary,base,stress,stress_2020,win_rate,1.0,0.6470588235294118
L06__SPXL_SOXL__primary,base,stress,stress_2020,sortino_zero_mar,0.09525046563142558,0.282231660280401
L06__SPXL_SOXL__primary,base,stress,stress_2022,win_rate,,0.0
L06__SPXL_SOXL__primary,base,stress,stress_2022,sortino_zero_mar,-0.4699918585938551,-1.8883414187902992
L06__SPXL_SOXL__primary,stress,continuous,,win_rate,1.0,0.5833333333333334
L06__SPXL_SOXL__primary,stress,continuous,,sortino_zero_mar,0.43510598465455286,1.0513788963504598
L06__SPXL_SOXL__primary,stress,evaluation,W1,win_rate,1.0,0.6666666666666666
L06__SPXL_SOXL__primary,stress,evaluation,W1,sortino_zero_mar,-0.12660176840281007,-0.3005471781835381
L06__SPXL_SOXL__primary,stress,evaluation,W2,win_rate,1.0,0.6923076923076923
L06__SPXL_SOXL__primary,stress,evaluation,W2,sortino_zero_mar,0.06320350255733509,0.1443384150381028
L06__SPXL_SOXL__primary,stress,evaluation,W3,win_rate,1.0,0.5
L06__SPXL_SOXL__primary,stress,evaluation,W3,sortino_zero_mar,1.0912357291552204,2.3551733057409203
L06__SPXL_SOXL__primary,stress,evaluation,W4,win_rate,1.0,0.8
L06__SPXL_SOXL__primary,stress,evaluation,W4,sortino_zero_mar,2.2652938880047593,4.1718390396973914
L06__SPXL_SOXL__primary,stress,evaluation,W5,win_rate,1.0,0.42857142857142855
L06__SPXL_SOXL__primary,stress,evaluation,W5,sortino_zero_mar,0.6572694182019534,1.4048295088815195
L06__SPXL_SOXL__primary,stress,evaluation,W6,win_rate,1.0,0.5454545454545454
L06__SPXL_SOXL__primary,stress,evaluation,W6,sortino_zero_mar,0.7809702985219874,1.7401331400186781
L06__SPXL_SOXL__primary,stress,delay,,win_rate,1.0,0.6
L06__SPXL_SOXL__primary,stress,delay,,sortino_zero_mar,0.39529325590249653,1.1106012597979065
L06__SPXL_SOXL__primary,stress,stress,stress_2020,win_rate,1.0,0.6470588235294118
L06__SPXL_SOXL__primary,stress,stress,stress_2020,sortino_zero_mar,0.026396853531861927,0.07727294244508613
L06__SPXL_SOXL__primary,stress,stress,stress_2022,win_rate,,0.0
L06__SPXL_SOXL__primary,stress,stress,stress_2022,sortino_zero_mar,-0.4907635609237188,-1.929431936490086
L06__SPXL_SOXL__primary,severe,continuous,,win_rate,1.0,0.5166666666666667
L06__SPXL_SOXL__primary,severe,continuous,,sortino_zero_mar,0.22048185943347928,0.5139736984304001
L06__SPXL_SOXL__primary,severe,evaluation,W1,win_rate,1.0,0.5555555555555556
L06__SPXL_SOXL__primary,severe,evaluation,W1,sortino_zero_mar,-0.3106233788466108,-0.7467758610295679
L06__SPXL_SOXL__primary,severe,evaluation,W2,win_rate,1.0,0.5384615384615384
L06__SPXL_SOXL__primary,severe,evaluation,W2,sortino_zero_mar,-0.15737520415116416,-0.3521812415958411
L06__SPXL_SOXL__primary,severe,evaluation,W3,win_rate,1.0,0.5
L06__SPXL_SOXL__primary,severe,evaluation,W3,sortino_zero_mar,0.5782506402377768,1.1389492009839057
L06__SPXL_SOXL__primary,severe,evaluation,W4,win_rate,1.0,0.8
L06__SPXL_SOXL__primary,severe,evaluation,W4,sortino_zero_mar,1.680844927590595,3.063718928918484
L06__SPXL_SOXL__primary,severe,evaluation,W5,win_rate,1.0,0.35714285714285715
L06__SPXL_SOXL__primary,severe,evaluation,W5,sortino_zero_mar,0.37428065602576277,0.7757112177143386
L06__SPXL_SOXL__primary,severe,evaluation,W6,win_rate,1.0,0.5454545454545454
L06__SPXL_SOXL__primary,severe,evaluation,W6,sortino_zero_mar,0.585456190587484,1.2815753708808197
L06__SPXL_SOXL__primary,severe,delay,,win_rate,1.0,0.5833333333333334
L06__SPXL_SOXL__primary,severe,delay,,sortino_zero_mar,0.248953647789058,0.6701521476732689
L06__SPXL_SOXL__primary,severe,stress,stress_2020,win_rate,1.0,0.5882352941176471
L06__SPXL_SOXL__primary,severe,stress,stress_2020,sortino_zero_mar,-0.08797007247328793,-0.252550781289367
L06__SPXL_SOXL__primary,severe,stress,stress_2022,win_rate,,0.0
L06__SPXL_SOXL__primary,severe,stress,stress_2022,sortino_zero_mar,-0.5237562942211823,-1.990891554076681
L07__SPXL_SOXL__primary,base,continuous,,win_rate,1.0,0.3333333333333333
L07__SPXL_SOXL__primary,base,continuous,,sortino_zero_mar,0.13053718597675357,0.258987223143458
L07__SPXL_SOXL__primary,base,evaluation,W1,win_rate,1.0,0.6666666666666666
L07__SPXL_SOXL__primary,base,evaluation,W1,sortino_zero_mar,0.49394636274880704,0.9073006192929807
L07__SPXL_SOXL__primary,base,evaluation,W2,win_rate,1.0,0.3333333333333333
L07__SPXL_SOXL__primary,base,evaluation,W2,sortino_zero_mar,-0.4585102986021234,-1.144577312997257
L07__SPXL_SOXL__primary,base,evaluation,W3,win_rate,,0.0
L07__SPXL_SOXL__primary,base,evaluation,W3,sortino_zero_mar,-1.9796667225520705,-3.2834546762761705
L07__SPXL_SOXL__primary,base,evaluation,W4,win_rate,1.0,0.25
L07__SPXL_SOXL__primary,base,evaluation,W4,sortino_zero_mar,0.4219716731809126,0.793244594572351
L07__SPXL_SOXL__primary,base,evaluation,W5,win_rate,,0.0
L07__SPXL_SOXL__primary,base,evaluation,W5,sortino_zero_mar,-1.9378018924231253,-3.4694335271366903
L07__SPXL_SOXL__primary,base,evaluation,W6,sortino_zero_mar,2.6401807443406207,7.599088051580486
L07__SPXL_SOXL__primary,base,delay,,win_rate,1.0,0.3333333333333333
L07__SPXL_SOXL__primary,base,delay,,sortino_zero_mar,0.45763840289303553,0.9403135854128143
L07__SPXL_SOXL__primary,base,stress,stress_2020,win_rate,1.0,0.4
L07__SPXL_SOXL__primary,base,stress,stress_2020,sortino_zero_mar,0.004084157315647891,0.007340000322776814
L07__SPXL_SOXL__primary,base,stress,stress_2022,win_rate,1.0,0.5
L07__SPXL_SOXL__primary,base,stress,stress_2022,sortino_zero_mar,0.019006951060307215,0.07940763038681956
L07__SPXL_SOXL__primary,stress,continuous,,win_rate,1.0,0.3333333333333333
L07__SPXL_SOXL__primary,stress,continuous,,sortino_zero_mar,0.0866170640237743,0.17043750185454998
L07__SPXL_SOXL__primary,stress,evaluation,W1,win_rate,1.0,0.6666666666666666
L07__SPXL_SOXL__primary,stress,evaluation,W1,sortino_zero_mar,0.45965119389422987,0.8403147447707103
L07__SPXL_SOXL__primary,stress,evaluation,W2,win_rate,1.0,0.3333333333333333
L07__SPXL_SOXL__primary,stress,evaluation,W2,sortino_zero_mar,-0.4789503420223375,-1.1923774746428313
L07__SPXL_SOXL__primary,stress,evaluation,W3,win_rate,,0.0
L07__SPXL_SOXL__primary,stress,evaluation,W3,sortino_zero_mar,-2.0735227072211053,-3.376933542369357
L07__SPXL_SOXL__primary,stress,evaluation,W4,win_rate,1.0,0.25
L07__SPXL_SOXL__primary,stress,evaluation,W4,sortino_zero_mar,0.3394206621704509,0.6283609644282098
L07__SPXL_SOXL__primary,stress,evaluation,W5,win_rate,,0.0
L07__SPXL_SOXL__primary,stress,evaluation,W5,sortino_zero_mar,-2.0033248068584695,-3.5595466339426025
L07__SPXL_SOXL__primary,stress,evaluation,W6,sortino_zero_mar,2.6204463067007273,7.542105596508307
L07__SPXL_SOXL__primary,stress,delay,,win_rate,1.0,0.3333333333333333
L07__SPXL_SOXL__primary,stress,delay,,sortino_zero_mar,0.4153714353827213,0.841426470664507
L07__SPXL_SOXL__primary,stress,stress,stress_2020,win_rate,1.0,0.4
L07__SPXL_SOXL__primary,stress,stress,stress_2020,sortino_zero_mar,-0.03638381172159972,-0.06525618412301956
L07__SPXL_SOXL__primary,stress,stress,stress_2022,win_rate,1.0,0.5
L07__SPXL_SOXL__primary,stress,stress,stress_2022,sortino_zero_mar,0.011150512417332066,0.04631903680898179
L07__SPXL_SOXL__primary,severe,continuous,,win_rate,1.0,0.3333333333333333
L07__SPXL_SOXL__primary,severe,continuous,,sortino_zero_mar,0.012568622125829591,0.024545749990409014
L07__SPXL_SOXL__primary,severe,evaluation,W1,win_rate,1.0,0.6666666666666666
L07__SPXL_SOXL__primary,severe,evaluation,W1,sortino_zero_mar,0.4019612219238507,0.7291615235368931
L07__SPXL_SOXL__primary,severe,evaluation,W2,win_rate,1.0,0.3333333333333333
L07__SPXL_SOXL__primary,severe,evaluation,W2,sortino_zero_mar,-0.512763656532913,-1.2708852537603976
L07__SPXL_SOXL__primary,severe,evaluation,W3,win_rate,,0.0
L07__SPXL_SOXL__primary,severe,evaluation,W3,sortino_zero_mar,-2.1800907348538527,-3.5297112565528908
L07__SPXL_SOXL__primary,severe,evaluation,W4,win_rate,1.0,0.25
L07__SPXL_SOXL__primary,severe,evaluation,W4,sortino_zero_mar,0.19761686809657694,0.35688492133374944
L07__SPXL_SOXL__primary,severe,evaluation,W5,win_rate,,0.0
L07__SPXL_SOXL__primary,severe,evaluation,W5,sortino_zero_mar,-2.108815284474566,-3.7030772597824253
L07__SPXL_SOXL__primary,severe,evaluation,W6,sortino_zero_mar,2.5875720161237017,7.447187201859346
L07__SPXL_SOXL__primary,severe,delay,,win_rate,1.0,0.3333333333333333
L07__SPXL_SOXL__primary,severe,delay,,sortino_zero_mar,0.34006850230201113,0.6781038015899181
L07__SPXL_SOXL__primary,severe,stress,stress_2020,win_rate,1.0,0.4
L07__SPXL_SOXL__primary,severe,stress,stress_2020,sortino_zero_mar,-0.10337604086207167,-0.1847921700665269
L07__SPXL_SOXL__primary,severe,stress,stress_2022,win_rate,1.0,0.5
L07__SPXL_SOXL__primary,severe,stress,stress_2022,sortino_zero_mar,-0.0021262609219661116,-0.008748639828712459
L08__SPXL_SOXL__primary,base,continuous,,win_rate,1.0,0.7878787878787878
L08__SPXL_SOXL__primary,base,continuous,,sortino_zero_mar,1.3938177255356055,1.6736447653673616
L08__SPXL_SOXL__primary,base,evaluation,W1,win_rate,1.0,0.9230769230769231
L08__SPXL_SOXL__primary,base,evaluation,W1,sortino_zero_mar,1.9472973794704818,2.2743291511090007
L08__SPXL_SOXL__primary,base,evaluation,W2,win_rate,1.0,0.5555555555555556
L08__SPXL_SOXL__primary,base,evaluation,W2,sortino_zero_mar,-0.01602033769860604,-0.018335043575995583
L08__SPXL_SOXL__primary,base,evaluation,W3,win_rate,1.0,0.25
L08__SPXL_SOXL__primary,base,evaluation,W3,sortino_zero_mar,0.44359347836707824,0.49763398318960156
L08__SPXL_SOXL__primary,base,evaluation,W4,win_rate,1.0,0.8888888888888888
L08__SPXL_SOXL__primary,base,evaluation,W4,sortino_zero_mar,1.736192333966989,2.4970957396873263
L08__SPXL_SOXL__primary,base,evaluation,W5,win_rate,1.0,0.7058823529411765
L08__SPXL_SOXL__primary,base,evaluation,W5,sortino_zero_mar,0.8592343345611985,0.9850208848147629
L08__SPXL_SOXL__primary,base,evaluation,W6,win_rate,1.0,0.8461538461538461
L08__SPXL_SOXL__primary,base,evaluation,W6,sortino_zero_mar,3.3046113303518423,3.7575426801618623
L08__SPXL_SOXL__primary,base,delay,,win_rate,1.0,0.7540983606557377
L08__SPXL_SOXL__primary,base,delay,,sortino_zero_mar,1.1411314690886876,1.3695518187978137
L08__SPXL_SOXL__primary,base,stress,stress_2020,win_rate,1.0,0.6363636363636364
L08__SPXL_SOXL__primary,base,stress,stress_2020,sortino_zero_mar,0.10477056457824468,0.14068800551276933
L08__SPXL_SOXL__primary,base,stress,stress_2022,win_rate,1.0,0.1
L08__SPXL_SOXL__primary,base,stress,stress_2022,sortino_zero_mar,-1.5414685020864294,-2.6318886964801305
L08__SPXL_SOXL__primary,stress,continuous,,win_rate,1.0,0.7727272727272727
L08__SPXL_SOXL__primary,stress,continuous,,sortino_zero_mar,1.3356766212723497,1.597975026177097
L08__SPXL_SOXL__primary,stress,evaluation,W1,win_rate,1.0,0.8461538461538461
L08__SPXL_SOXL__primary,stress,evaluation,W1,sortino_zero_mar,1.8753253401574688,2.1860278149468555
L08__SPXL_SOXL__primary,stress,evaluation,W2,win_rate,1.0,0.5555555555555556
L08__SPXL_SOXL__primary,stress,evaluation,W2,sortino_zero_mar,-0.10799318317680572,-0.12313637617677257
L08__SPXL_SOXL__primary,stress,evaluation,W3,win_rate,1.0,0.25
L08__SPXL_SOXL__primary,stress,evaluation,W3,sortino_zero_mar,0.3800156796665466,0.4243283593135692
L08__SPXL_SOXL__primary,stress,evaluation,W4,win_rate,1.0,0.8888888888888888
L08__SPXL_SOXL__primary,stress,evaluation,W4,sortino_zero_mar,1.6362838199242327,2.3546858123674728
L08__SPXL_SOXL__primary,stress,evaluation,W5,win_rate,1.0,0.7058823529411765
L08__SPXL_SOXL__primary,stress,evaluation,W5,sortino_zero_mar,0.7932849868451408,0.9110211791041299
L08__SPXL_SOXL__primary,stress,evaluation,W6,win_rate,1.0,0.8461538461538461
L08__SPXL_SOXL__primary,stress,evaluation,W6,sortino_zero_mar,3.262243375709381,3.706496477365988
L08__SPXL_SOXL__primary,stress,delay,,win_rate,1.0,0.7540983606557377
L08__SPXL_SOXL__primary,stress,delay,,sortino_zero_mar,1.098288511276948,1.296433814274818
L08__SPXL_SOXL__primary,stress,stress,stress_2020,win_rate,1.0,0.6363636363636364
L08__SPXL_SOXL__primary,stress,stress,stress_2020,sortino_zero_mar,0.03963483900321374,0.052589650855462966
L08__SPXL_SOXL__primary,stress,stress,stress_2022,win_rate,1.0,0.1
L08__SPXL_SOXL__primary,stress,stress,stress_2022,sortino_zero_mar,-1.5737622730424834,-2.7080377045914843
L08__SPXL_SOXL__primary,severe,continuous,,win_rate,1.0,0.7575757575757576
L08__SPXL_SOXL__primary,severe,continuous,,sortino_zero_mar,1.2510009265628077,1.472341236714749
L08__SPXL_SOXL__primary,severe,evaluation,W1,win_rate,1.0,0.7692307692307693
L08__SPXL_SOXL__primary,severe,evaluation,W1,sortino_zero_mar,1.763048433727575,2.039047278915475
L08__SPXL_SOXL__primary,severe,evaluation,W2,win_rate,1.0,0.5555555555555556
L08__SPXL_SOXL__primary,severe,evaluation,W2,sortino_zero_mar,-0.26259735015801267,-0.29599048012732637
L08__SPXL_SOXL__primary,severe,evaluation,W3,win_rate,1.0,0.3333333333333333
L08__SPXL_SOXL__primary,severe,evaluation,W3,sortino_zero_mar,0.27865848891395245,0.3081151613480501
L08__SPXL_SOXL__primary,severe,evaluation,W4,win_rate,1.0,0.8888888888888888
L08__SPXL_SOXL__primary,severe,evaluation,W4,sortino_zero_mar,1.4817297754239587,2.1200760028915626
L08__SPXL_SOXL__primary,severe,evaluation,W5,win_rate,1.0,0.7058823529411765
L08__SPXL_SOXL__primary,severe,evaluation,W5,sortino_zero_mar,0.6892440049109244,0.788322826972503
L08__SPXL_SOXL__primary,severe,evaluation,W6,win_rate,1.0,0.8461538461538461
L08__SPXL_SOXL__primary,severe,evaluation,W6,sortino_zero_mar,3.1915321700219828,3.6214309350153053
L08__SPXL_SOXL__primary,severe,delay,,win_rate,1.0,0.6885245901639344
L08__SPXL_SOXL__primary,severe,delay,,sortino_zero_mar,0.9867853379068158,1.1720238330013835
L08__SPXL_SOXL__primary,severe,stress,stress_2020,win_rate,1.0,0.6190476190476191
L08__SPXL_SOXL__primary,severe,stress,stress_2020,sortino_zero_mar,-0.07047735101779531,-0.0924959586656282
L08__SPXL_SOXL__primary,severe,stress,stress_2022,win_rate,1.0,0.1
L08__SPXL_SOXL__primary,severe,stress,stress_2022,sortino_zero_mar,-1.6566993813149764,-2.8310993922536407
L09__SPXL_SOXL__primary,base,continuous,,win_rate,1.0,0.38181818181818183
L09__SPXL_SOXL__primary,base,continuous,,sortino_zero_mar,0.965922793279246,1.092791116218899
L09__SPXL_SOXL__primary,base,evaluation,W1,win_rate,1.0,0.2857142857142857
L09__SPXL_SOXL__primary,base,evaluation,W1,sortino_zero_mar,3.282383987191759,3.5537285546859994
L09__SPXL_SOXL__primary,base,evaluation,W2,win_rate,1.0,0.5714285714285714
L09__SPXL_SOXL__primary,base,evaluation,W2,sortino_zero_mar,1.100998654216292,1.1694673001762685
L09__SPXL_SOXL__primary,base,evaluation,W3,win_rate,1.0,0.29411764705882354
L09__SPXL_SOXL__primary,base,evaluation,W3,sortino_zero_mar,-1.545105634470805,-1.649643727309023
L09__SPXL_SOXL__primary,base,evaluation,W4,win_rate,1.0,0.3333333333333333
L09__SPXL_SOXL__primary,base,evaluation,W4,sortino_zero_mar,3.831542535885455,5.011982723704523
L09__SPXL_SOXL__primary,base,evaluation,W5,win_rate,1.0,0.375
L09__SPXL_SOXL__primary,base,evaluation,W5,sortino_zero_mar,-0.582737582550012,-0.633450861021437
L09__SPXL_SOXL__primary,base,evaluation,W6,win_rate,1.0,0.18181818181818182
L09__SPXL_SOXL__primary,base,evaluation,W6,sortino_zero_mar,1.2575539129201483,1.431247417293248
L09__SPXL_SOXL__primary,base,delay,,win_rate,1.0,0.41818181818181815
L09__SPXL_SOXL__primary,base,delay,,sortino_zero_mar,0.9820410988078233,1.0994558777702148
L09__SPXL_SOXL__primary,base,stress,stress_2020,win_rate,1.0,0.5555555555555556
L09__SPXL_SOXL__primary,base,stress,stress_2020,sortino_zero_mar,1.6123075522893056,2.0871275900987243
L09__SPXL_SOXL__primary,base,stress,stress_2022,win_rate,1.0,0.28125
L09__SPXL_SOXL__primary,base,stress,stress_2022,sortino_zero_mar,-2.2511189307539343,-3.3737447938771408
L09__SPXL_SOXL__primary,stress,continuous,,win_rate,1.0,0.36363636363636365
L09__SPXL_SOXL__primary,stress,continuous,,sortino_zero_mar,0.9194578671588399,1.0376499903021625
L09__SPXL_SOXL__primary,stress,evaluation,W1,win_rate,1.0,0.2857142857142857
L09__SPXL_SOXL__primary,stress,evaluation,W1,sortino_zero_mar,3.247234226194114,3.5052504980892496
L09__SPXL_SOXL__primary,stress,evaluation,W2,win_rate,1.0,0.5714285714285714
L09__SPXL_SOXL__primary,stress,evaluation,W2,sortino_zero_mar,1.0699618721583304,1.1346448097014648
L09__SPXL_SOXL__primary,stress,evaluation,W3,win_rate,1.0,0.23529411764705882
L09__SPXL_SOXL__primary,stress,evaluation,W3,sortino_zero_mar,-1.615045407989854,-1.72073398625564
L09__SPXL_SOXL__primary,stress,evaluation,W4,win_rate,1.0,0.3333333333333333
L09__SPXL_SOXL__primary,stress,evaluation,W4,sortino_zero_mar,3.8158900113717156,4.975608169853865
L09__SPXL_SOXL__primary,stress,evaluation,W5,win_rate,1.0,0.375
L09__SPXL_SOXL__primary,stress,evaluation,W5,sortino_zero_mar,-0.6260602417821923,-0.6792822770445001
L09__SPXL_SOXL__primary,stress,evaluation,W6,win_rate,1.0,0.18181818181818182
L09__SPXL_SOXL__primary,stress,evaluation,W6,sortino_zero_mar,1.1897892484784038,1.3506255829724
L09__SPXL_SOXL__primary,stress,delay,,win_rate,1.0,0.41818181818181815
L09__SPXL_SOXL__primary,stress,delay,,sortino_zero_mar,0.9350056355672265,1.0441628332787307
L09__SPXL_SOXL__primary,stress,stress,stress_2020,win_rate,1.0,0.5555555555555556
L09__SPXL_SOXL__primary,stress,stress,stress_2020,sortino_zero_mar,1.5986699798885398,2.055870238398862
L09__SPXL_SOXL__primary,stress,stress,stress_2022,win_rate,1.0,0.21875
L09__SPXL_SOXL__primary,stress,stress,stress_2022,sortino_zero_mar,-2.341818475431167,-3.4818695432905447
L09__SPXL_SOXL__primary,severe,continuous,,win_rate,1.0,0.36363636363636365
L09__SPXL_SOXL__primary,severe,continuous,,sortino_zero_mar,0.8419771586167358,0.9463635959520182
L09__SPXL_SOXL__primary,severe,evaluation,W1,win_rate,1.0,0.2857142857142857
L09__SPXL_SOXL__primary,severe,evaluation,W1,sortino_zero_mar,3.186995812620747,3.4240968359896238
L09__SPXL_SOXL__primary,severe,evaluation,W2,win_rate,1.0,0.5714285714285714
L09__SPXL_SOXL__primary,severe,evaluation,W2,sortino_zero_mar,1.0185211647287709,1.0772401981559292
L09__SPXL_SOXL__primary,severe,evaluation,W3,win_rate,1.0,0.23529411764705882
L09__SPXL_SOXL__primary,severe,evaluation,W3,sortino_zero_mar,-1.7316456897674914,-1.8371243901025232
L09__SPXL_SOXL__primary,severe,evaluation,W4,win_rate,1.0,0.3333333333333333
L09__SPXL_SOXL__primary,severe,evaluation,W4,sortino_zero_mar,3.7892538847727155,4.914802553815202
L09__SPXL_SOXL__primary,severe,evaluation,W5,win_rate,1.0,0.375
L09__SPXL_SOXL__primary,severe,evaluation,W5,sortino_zero_mar,-0.6973663792317193,-0.7544162759993126
L09__SPXL_SOXL__primary,severe,evaluation,W6,win_rate,1.0,0.18181818181818182
L09__SPXL_SOXL__primary,severe,evaluation,W6,sortino_zero_mar,1.0773750674591238,1.2171765626615363
L09__SPXL_SOXL__primary,severe,delay,,win_rate,1.0,0.41818181818181815
L09__SPXL_SOXL__primary,severe,delay,,sortino_zero_mar,0.8561986714878242,0.9524164493008489
L09__SPXL_SOXL__primary,severe,stress,stress_2020,win_rate,1.0,0.5
L09__SPXL_SOXL__primary,severe,stress,stress_2020,sortino_zero_mar,1.56230751218646,2.0038682599026747
L09__SPXL_SOXL__primary,severe,stress,stress_2022,win_rate,1.0,0.21875
L09__SPXL_SOXL__primary,severe,stress,stress_2022,sortino_zero_mar,-2.49640954257796,-3.6566597939341863
L10__SPXL_SOXL__primary,base,continuous,,win_rate,1.0,0.816
L10__SPXL_SOXL__primary,base,continuous,,sortino_zero_mar,1.5474458559182587,1.7332832083882408
L10__SPXL_SOXL__primary,base,evaluation,W1,win_rate,1.0,0.7368421052631579
L10__SPXL_SOXL__primary,base,evaluation,W1,sortino_zero_mar,1.6267873834147533,1.7867169713704993
L10__SPXL_SOXL__primary,base,evaluation,W2,win_rate,1.0,0.7692307692307693
L10__SPXL_SOXL__primary,base,evaluation,W2,sortino_zero_mar,0.5117968570951414,0.5435293408374183
L10__SPXL_SOXL__primary,base,evaluation,W3,win_rate,1.0,0.9090909090909091
L10__SPXL_SOXL__primary,base,evaluation,W3,sortino_zero_mar,0.16310449591308326,0.17660802901816963
L10__SPXL_SOXL__primary,base,evaluation,W4,win_rate,1.0,0.9090909090909091
L10__SPXL_SOXL__primary,base,evaluation,W4,sortino_zero_mar,2.314694673169976,3.6014586053745594
L10__SPXL_SOXL__primary,base,evaluation,W5,win_rate,1.0,0.7586206896551724
L10__SPXL_SOXL__primary,base,evaluation,W5,sortino_zero_mar,1.7225070060745884,1.8452862798922507
L10__SPXL_SOXL__primary,base,evaluation,W6,win_rate,1.0,0.75
L10__SPXL_SOXL__primary,base,evaluation,W6,sortino_zero_mar,3.554998779447147,3.542769295086875
L10__SPXL_SOXL__primary,base,delay,,win_rate,1.0,0.8099173553719008
L10__SPXL_SOXL__primary,base,delay,,sortino_zero_mar,1.5328629309335133,1.723470668133575
L10__SPXL_SOXL__primary,base,stress,stress_2020,win_rate,1.0,0.8
L10__SPXL_SOXL__primary,base,stress,stress_2020,sortino_zero_mar,0.8577918546588247,1.0719514533068517
L10__SPXL_SOXL__primary,base,stress,stress_2022,win_rate,,0.0
L10__SPXL_SOXL__primary,base,stress,stress_2022,sortino_zero_mar,-0.7019562744663264,-1.8525913889322998
L10__SPXL_SOXL__primary,stress,continuous,,win_rate,1.0,0.816
L10__SPXL_SOXL__primary,stress,continuous,,sortino_zero_mar,1.5012031768402174,1.6765962431731734
L10__SPXL_SOXL__primary,stress,evaluation,W1,max_drawdown,0.11664133867070425,0.11740111854901214
L10__SPXL_SOXL__primary,stress,evaluation,W1,win_rate,1.0,0.7368421052631579
L10__SPXL_SOXL__primary,stress,evaluation,W1,sortino_zero_mar,1.5270519996545346,1.6679672844476723
L10__SPXL_SOXL__primary,stress,evaluation,W2,win_rate,1.0,0.7692307692307693
L10__SPXL_SOXL__primary,stress,evaluation,W2,sortino_zero_mar,0.464751738592642,0.4930220844948672
L10__SPXL_SOXL__primary,stress,evaluation,W3,win_rate,1.0,0.9090909090909091
L10__SPXL_SOXL__primary,stress,evaluation,W3,sortino_zero_mar,0.11706306400940648,0.1274338494263096
L10__SPXL_SOXL__primary,stress,evaluation,W4,win_rate,1.0,0.9090909090909091
L10__SPXL_SOXL__primary,stress,evaluation,W4,sortino_zero_mar,2.274387771900039,3.530298209160598
L10__SPXL_SOXL__primary,stress,evaluation,W5,win_rate,1.0,0.7586206896551724
L10__SPXL_SOXL__primary,stress,evaluation,W5,sortino_zero_mar,1.677782372460873,1.7941503295367902
L10__SPXL_SOXL__primary,stress,evaluation,W6,win_rate,1.0,0.75
L10__SPXL_SOXL__primary,stress,evaluation,W6,sortino_zero_mar,3.501793986266578,3.4854548883915246
L10__SPXL_SOXL__primary,stress,delay,,win_rate,1.0,0.8099173553719008
L10__SPXL_SOXL__primary,stress,delay,,sortino_zero_mar,1.4851732177433064,1.6666186936228706
L10__SPXL_SOXL__primary,stress,stress,stress_2020,win_rate,1.0,0.8
L10__SPXL_SOXL__primary,stress,stress,stress_2020,sortino_zero_mar,0.8681918279766243,1.0359805035737668
L10__SPXL_SOXL__primary,stress,stress,stress_2022,win_rate,,0.0
L10__SPXL_SOXL__primary,stress,stress,stress_2022,sortino_zero_mar,-0.7166721701281571,-1.8774929774188436
L10__SPXL_SOXL__primary,severe,continuous,,win_rate,1.0,0.792
L10__SPXL_SOXL__primary,severe,continuous,,sortino_zero_mar,1.422661857839882,1.582892853368959
L10__SPXL_SOXL__primary,severe,evaluation,W1,max_drawdown,0.12350619013449204,0.12577859093482502
L10__SPXL_SOXL__primary,severe,evaluation,W1,win_rate,1.0,0.6842105263157895
L10__SPXL_SOXL__primary,severe,evaluation,W1,sortino_zero_mar,1.3646502931562903,1.471297489111725
L10__SPXL_SOXL__primary,severe,evaluation,W2,win_rate,1.0,0.7307692307692307
L10__SPXL_SOXL__primary,severe,evaluation,W2,sortino_zero_mar,0.3868182998270854,0.40905942751334373
L10__SPXL_SOXL__primary,severe,evaluation,W3,win_rate,1.0,0.8181818181818182
L10__SPXL_SOXL__primary,severe,evaluation,W3,sortino_zero_mar,0.042284793410581396,0.04577264694104318
L10__SPXL_SOXL__primary,severe,evaluation,W4,win_rate,1.0,0.9090909090909091
L10__SPXL_SOXL__primary,severe,evaluation,W4,sortino_zero_mar,2.206826139894556,3.4120430887151487
L10__SPXL_SOXL__primary,severe,evaluation,W5,win_rate,1.0,0.7241379310344828
L10__SPXL_SOXL__primary,severe,evaluation,W5,sortino_zero_mar,1.6029166477782095,1.70905407238995
L10__SPXL_SOXL__primary,severe,evaluation,W6,win_rate,1.0,0.75
L10__SPXL_SOXL__primary,severe,evaluation,W6,sortino_zero_mar,3.412969380615581,3.3901739711592778
L10__SPXL_SOXL__primary,severe,delay,,win_rate,1.0,0.8016528925619835
L10__SPXL_SOXL__primary,severe,delay,,sortino_zero_mar,1.4073348940248191,1.5711546500173794
L10__SPXL_SOXL__primary,severe,stress,stress_2020,win_rate,1.0,0.7714285714285715
L10__SPXL_SOXL__primary,severe,stress,stress_2020,sortino_zero_mar,0.7864015715585154,0.9786082998468368
L10__SPXL_SOXL__primary,severe,stress,stress_2022,win_rate,,0.0
L10__SPXL_SOXL__primary,severe,stress,stress_2022,sortino_zero_mar,-0.761499872915529,-1.9184485972616734
BENCH__SPXL_SOXL_STATIC50,base,continuous,,sortino_zero_mar,1.384342410516589,1.5086175309955103
BENCH__SPXL_SOXL_STATIC50,base,evaluation,W1,max_drawdown,0.222686565696681,0.2290196002374999
BENCH__SPXL_SOXL_STATIC50,base,evaluation,W1,sortino_zero_mar,3.9810802571073673,3.7662409897390243
BENCH__SPXL_SOXL_STATIC50,base,evaluation,W2,sortino_zero_mar,0.4284556302173755,0.4438697391181669
BENCH__SPXL_SOXL_STATIC50,base,evaluation,W3,sortino_zero_mar,-0.9567178443378579,-0.9239651257621959
BENCH__SPXL_SOXL_STATIC50,base,evaluation,W4,sortino_zero_mar,1.7881639987225513,2.2773149092944776
BENCH__SPXL_SOXL_STATIC50,base,evaluation,W5,sortino_zero_mar,1.4087117865303722,1.434813405874093
BENCH__SPXL_SOXL_STATIC50,base,evaluation,W6,sortino_zero_mar,2.5370152475863494,2.527062413161173
BENCH__SPXL_SOXL_STATIC50,stress,continuous,,sortino_zero_mar,1.384259462568836,1.5082659708160273
BENCH__SPXL_SOXL_STATIC50,stress,evaluation,W1,max_drawdown,0.22302047151250182,0.23050460011374985
BENCH__SPXL_SOXL_STATIC50,stress,evaluation,W1,sortino_zero_mar,3.977389090249976,3.7574994040580427
BENCH__SPXL_SOXL_STATIC50,stress,evaluation,W2,sortino_zero_mar,0.4236955824485502,0.43892631843055385
BENCH__SPXL_SOXL_STATIC50,stress,evaluation,W3,sortino_zero_mar,-0.9628907029184465,-0.9299260185551924
BENCH__SPXL_SOXL_STATIC50,stress,evaluation,W4,sortino_zero_mar,1.78425494109582,2.272530978856276
BENCH__SPXL_SOXL_STATIC50,stress,evaluation,W5,sortino_zero_mar,1.4047835526102261,1.4297432832377228
BENCH__SPXL_SOXL_STATIC50,stress,evaluation,W6,sortino_zero_mar,2.535019485051329,2.5247604478070835
BENCH__SPXL_SOXL_STATIC50,severe,continuous,,sortino_zero_mar,1.3841110002008712,1.5076773718104173
BENCH__SPXL_SOXL_STATIC50,severe,evaluation,W1,max_drawdown,0.22357921199262798,0.23297959990749983
BENCH__SPXL_SOXL_STATIC50,severe,evaluation,W1,sortino_zero_mar,3.9704493127889573,3.742708561053855
BENCH__SPXL_SOXL_STATIC50,severe,evaluation,W2,sortino_zero_mar,0.4157980170337572,0.4307250024502108
BENCH__SPXL_SOXL_STATIC50,severe,evaluation,W3,sortino_zero_mar,-0.9731308780937562,-0.9398146296051935
BENCH__SPXL_SOXL_STATIC50,severe,evaluation,W4,sortino_zero_mar,1.7777810133147827,2.2646096184788043
BENCH__SPXL_SOXL_STATIC50,severe,evaluation,W5,sortino_zero_mar,1.398149177811909,1.4212788204036906
BENCH__SPXL_SOXL_STATIC50,severe,evaluation,W6,sortino_zero_mar,2.5317078013010565,2.520938766165804
BENCH__SPXL_SOXL_STATIC33CASH,base,continuous,,sortino_zero_mar,1.222448607595297,1.366249141018493
BENCH__SPXL_SOXL_STATIC33CASH,base,evaluation,W1,max_drawdown,0.14805232174903993,0.15267972409269992
BENCH__SPXL_SOXL_STATIC33CASH,base,evaluation,W1,sortino_zero_mar,3.835720894457436,3.6673142190165637
BENCH__SPXL_SOXL_STATIC33CASH,base,evaluation,W2,sortino_zero_mar,0.27376572709875596,0.2858278607419796
BENCH__SPXL_SOXL_STATIC33CASH,base,evaluation,W3,sortino_zero_mar,-1.0391409242023524,-1.004759630688465
BENCH__SPXL_SOXL_STATIC33CASH,base,evaluation,W4,sortino_zero_mar,1.7682327488060257,2.208976070559807
BENCH__SPXL_SOXL_STATIC33CASH,base,evaluation,W5,sortino_zero_mar,1.2263700127054449,1.2500226063255642
BENCH__SPXL_SOXL_STATIC33CASH,base,evaluation,W6,sortino_zero_mar,2.0874130141385248,2.152227017337772
BENCH__SPXL_SOXL_STATIC33CASH,stress,continuous,,sortino_zero_mar,1.222303964019835,1.3658752769690505
BENCH__SPXL_SOXL_STATIC33CASH,stress,evaluation,W1,max_drawdown,0.148199840828111,0.15366972394674983
BENCH__SPXL_SOXL_STATIC33CASH,stress,evaluation,W1,sortino_zero_mar,3.832335792387826,3.6592552467080184
BENCH__SPXL_SOXL_STATIC33CASH,stress,evaluation,W2,sortino_zero_mar,0.2688840240679206,0.2807258122011475
BENCH__SPXL_SOXL_STATIC33CASH,stress,evaluation,W3,sortino_zero_mar,-1.045603418574075,-1.0110040391834996
BENCH__SPXL_SOXL_STATIC33CASH,stress,evaluation,W4,sortino_zero_mar,1.7636958453254312,2.203392789162007
BENCH__SPXL_SOXL_STATIC33CASH,stress,evaluation,W5,sortino_zero_mar,1.2222825971381643,1.244981424296218
BENCH__SPXL_SOXL_STATIC33CASH,stress,evaluation,W6,sortino_zero_mar,2.08555841225996,2.1501352964896707
BENCH__SPXL_SOXL_STATIC33CASH,severe,continuous,,sortino_zero_mar,1.222057181228115,1.3652499912977791
BENCH__SPXL_SOXL_STATIC33CASH,severe,evaluation,W1,max_drawdown,0.1484463603254974,0.1553197237034999
BENCH__SPXL_SOXL_STATIC33CASH,severe,evaluation,W1,sortino_zero_mar,3.8260499771431236,3.6456262237408734
BENCH__SPXL_SOXL_STATIC33CASH,severe,evaluation,W2,sortino_zero_mar,0.2607694591732692,0.27224536616989464
BENCH__SPXL_SOXL_STATIC33CASH,severe,evaluation,W3,sortino_zero_mar,-1.0563440779551274,-1.0213820997804675
BENCH__SPXL_SOXL_STATIC33CASH,severe,evaluation,W4,sortino_zero_mar,1.7561569927247334,2.194115032314678
BENCH__SPXL_SOXL_STATIC33CASH,severe,evaluation,W5,sortino_zero_mar,1.215398245684239,1.2365640370962885
BENCH__SPXL_SOXL_STATIC33CASH,severe,evaluation,W6,sortino_zero_mar,2.082475130508386,2.1466573417674364
L01__SPXL_SOXL__primary,base,delay,W1,sortino_zero_mar,1.5845673806777667,2.948995695002492
L01__SPXL_SOXL__primary,base,delay,W2,win_rate,,0.0
L01__SPXL_SOXL__primary,base,delay,W2,sortino_zero_mar,0.2619413518104541,0.30021146751461025
L01__SPXL_SOXL__primary,base,delay,W3,win_rate,,0.0
L01__SPXL_SOXL__primary,base,delay,W3,sortino_zero_mar,0.22378509577746575,0.2501794098784406
L01__SPXL_SOXL__primary,base,delay,W4,sortino_zero_mar,1.9106363532404236,2.8253242639982363
L01__SPXL_SOXL__primary,base,delay,W5,sortino_zero_mar,1.5420162262205148,1.6021146615001578
L01__SPXL_SOXL__primary,base,delay,W6,sortino_zero_mar,2.220905433724142,2.376935350318667
L01__SPXL_SOXL__primary,stress,delay,W1,sortino_zero_mar,1.5115801424394615,2.819544608713107
L01__SPXL_SOXL__primary,stress,delay,W2,win_rate,,0.0
L01__SPXL_SOXL__primary,stress,delay,W2,sortino_zero_mar,0.25134937598253854,0.28811199069527815
L01__SPXL_SOXL__primary,stress,delay,W3,win_rate,,0.0
L01__SPXL_SOXL__primary,stress,delay,W3,sortino_zero_mar,0.2032121422189389,0.2274696386639433
L01__SPXL_SOXL__primary,stress,delay,W4,sortino_zero_mar,1.900321978492011,2.7910693538531466
L01__SPXL_SOXL__primary,stress,delay,W5,sortino_zero_mar,1.539605328361849,1.5988843066480074
L01__SPXL_SOXL__primary,stress,delay,W6,sortino_zero_mar,2.215244794032803,2.369496273228915
L01__SPXL_SOXL__primary,severe,delay,W1,sortino_zero_mar,1.3903882335738798,2.6038365056054267
L01__SPXL_SOXL__primary,severe,delay,W2,win_rate,,0.0
L01__SPXL_SOXL__primary,severe,delay,W2,sortino_zero_mar,0.23376641880759938,0.26802370019384864
L01__SPXL_SOXL__primary,severe,delay,W3,win_rate,,0.0
L01__SPXL_SOXL__primary,severe,delay,W3,sortino_zero_mar,0.1702168011501777,0.1897361447066652
L01__SPXL_SOXL__primary,severe,delay,W4,sortino_zero_mar,1.8758781608316615,2.7330960124688275
L01__SPXL_SOXL__primary,severe,delay,W5,sortino_zero_mar,1.535547022246968,1.5935054385467153
L01__SPXL_SOXL__primary,severe,delay,W6,sortino_zero_mar,2.2057630171136124,2.357089155062227
L02__SPXL_SOXL__primary,base,delay,W1,win_rate,1.0,0.8181818181818182
L02__SPXL_SOXL__primary,base,delay,W1,sortino_zero_mar,1.329336748257643,1.5065838708304273
L02__SPXL_SOXL__primary,base,delay,W2,win_rate,1.0,0.75
L02__SPXL_SOXL__primary,base,delay,W2,sortino_zero_mar,0.13127406824330673,0.1387179012302925
L02__SPXL_SOXL__primary,base,delay,W3,win_rate,1.0,0.75
L02__SPXL_SOXL__primary,base,delay,W3,sortino_zero_mar,-0.024989967628463252,-0.02724171060296279
L02__SPXL_SOXL__primary,base,delay,W4,sortino_zero_mar,1.9431991131792616,3.08525946942511
L02__SPXL_SOXL__primary,base,delay,W5,sortino_zero_mar,1.7401106535583164,1.9142342935575953
L02__SPXL_SOXL__primary,base,delay,W6,win_rate,1.0,0.9285714285714286
L02__SPXL_SOXL__primary,base,delay,W6,sortino_zero_mar,3.0462097081700894,3.007672666049083
L02__SPXL_SOXL__primary,stress,delay,W1,win_rate,1.0,0.8181818181818182
L02__SPXL_SOXL__primary,stress,delay,W1,sortino_zero_mar,1.2670533226717817,1.4300828607854343
L02__SPXL_SOXL__primary,stress,delay,W2,win_rate,1.0,0.75
L02__SPXL_SOXL__primary,stress,delay,W2,sortino_zero_mar,0.11428756301192487,0.12063182034671284
L02__SPXL_SOXL__primary,stress,delay,W3,win_rate,1.0,0.5
L02__SPXL_SOXL__primary,stress,delay,W3,sortino_zero_mar,-0.04807969679551584,-0.05229945565857593
L02__SPXL_SOXL__primary,stress,delay,W4,sortino_zero_mar,1.940411032611826,3.0502410627772045
L02__SPXL_SOXL__primary,stress,delay,W5,sortino_zero_mar,1.7262713522092847,1.8988077498534823
L02__SPXL_SOXL__primary,stress,delay,W6,win_rate,1.0,0.9285714285714286
L02__SPXL_SOXL__primary,stress,delay,W6,sortino_zero_mar,3.0207022790062177,2.981474958773418
L02__SPXL_SOXL__primary,severe,delay,W1,win_rate,1.0,0.8181818181818182
L02__SPXL_SOXL__primary,severe,delay,W1,sortino_zero_mar,1.1620297537261643,1.3033630458967596
L02__SPXL_SOXL__primary,severe,delay,W2,win_rate,1.0,0.75
L02__SPXL_SOXL__primary,severe,delay,W2,sortino_zero_mar,0.08577373720208453,0.09058419443706404
L02__SPXL_SOXL__primary,severe,delay,W3,win_rate,1.0,0.5
L02__SPXL_SOXL__primary,severe,delay,W3,sortino_zero_mar,-0.08616720806308924,-0.09381426882140957
L02__SPXL_SOXL__primary,severe,delay,W4,sortino_zero_mar,1.9236849177249848,2.9914364121639196
L02__SPXL_SOXL__primary,severe,delay,W5,sortino_zero_mar,1.703228620527133,1.8731307592633368
L02__SPXL_SOXL__primary,severe,delay,W6,win_rate,1.0,0.8666666666666667
L02__SPXL_SOXL__primary,severe,delay,W6,sortino_zero_mar,2.978008046023056,2.938421150218763
L03__SPXL_SOXL__primary,base,delay,W1,win_rate,1.0,0.3333333333333333
L03__SPXL_SOXL__primary,base,delay,W1,sortino_zero_mar,3.005195600119648,3.309216883550712
L03__SPXL_SOXL__primary,base,delay,W2,win_rate,,0.0
L03__SPXL_SOXL__primary,base,delay,W2,sortino_zero_mar,-0.09751109985551451,-0.10889865452288161
L03__SPXL_SOXL__primary,base,delay,W3,win_rate,,0.0
L03__SPXL_SOXL__primary,base,delay,W3,sortino_zero_mar,-1.5846887857510878,-1.8870902293444651
L03__SPXL_SOXL__primary,base,delay,W4,sortino_zero_mar,3.384263443561585,4.690268013199963
L03__SPXL_SOXL__primary,base,delay,W5,sortino_zero_mar,1.432094585634439,1.4620766120064943
L03__SPXL_SOXL__primary,base,delay,W6,sortino_zero_mar,2.1290602133051717,2.167976137189928
L03__SPXL_SOXL__primary,stress,delay,W1,win_rate,1.0,0.3333333333333333
L03__SPXL_SOXL__primary,stress,delay,W1,sortino_zero_mar,2.9665336492611285,3.2641263021490023
L03__SPXL_SOXL__primary,stress,delay,W2,win_rate,,0.0
L03__SPXL_SOXL__primary,stress,delay,W2,sortino_zero_mar,-0.1038949093167948,-0.11605131359785822
L03__SPXL_SOXL__primary,stress,delay,W3,win_rate,,0.0
L03__SPXL_SOXL__primary,stress,delay,W3,sortino_zero_mar,-1.6197481999714662,-1.9182544456438686
L03__SPXL_SOXL__primary,stress,delay,W4,sortino_zero_mar,3.3728379638745736,4.6692566474067405
L03__SPXL_SOXL__primary,stress,delay,W5,sortino_zero_mar,1.4270570739252377,1.4569350408784607
L03__SPXL_SOXL__primary,stress,delay,W6,sortino_zero_mar,2.127095640487148,2.1652242098653964
L03__SPXL_SOXL__primary,severe,delay,W1,win_rate,1.0,0.3333333333333333
L03__SPXL_SOXL__primary,severe,delay,W1,sortino_zero_mar,2.8818243269033497,3.1889145746710303
L03__SPXL_SOXL__primary,severe,delay,W2,win_rate,,0.0
L03__SPXL_SOXL__primary,severe,delay,W2,sortino_zero_mar,-0.11447641394427024,-0.12791426366657074
L03__SPXL_SOXL__primary,severe,delay,W3,win_rate,,0.0
L03__SPXL_SOXL__primary,severe,delay,W3,sortino_zero_mar,-1.6703549371164024,-1.9696033827801367
L03__SPXL_SOXL__primary,severe,delay,W4,sortino_zero_mar,3.3537183291799515,4.634353374129917
L03__SPXL_SOXL__primary,severe,delay,W5,sortino_zero_mar,1.4186946109491965,1.448399914810699
L03__SPXL_SOXL__primary,severe,delay,W6,sortino_zero_mar,2.123823399162039,2.160656280598012
L04__SPXL_SOXL__primary,base,delay,W1,win_rate,1.0,0.8947368421052632
L04__SPXL_SOXL__primary,base,delay,W1,sortino_zero_mar,2.5063616798728066,2.839446612146765
L04__SPXL_SOXL__primary,base,delay,W2,win_rate,1.0,0.5555555555555556
L04__SPXL_SOXL__primary,base,delay,W2,sortino_zero_mar,-0.05190723059696259,-0.05598339762831985
L04__SPXL_SOXL__primary,base,delay,W3,win_rate,1.0,0.5714285714285714
L04__SPXL_SOXL__primary,base,delay,W3,sortino_zero_mar,-0.4173422284333914,-0.49512659798897934
L04__SPXL_SOXL__primary,base,delay,W4,sortino_zero_mar,2.35806162249684,3.711762559575952
L04__SPXL_SOXL__primary,base,delay,W5,win_rate,1.0,0.8333333333333334
L04__SPXL_SOXL__primary,base,delay,W5,sortino_zero_mar,1.2466912923935245,1.3355991432969476
L04__SPXL_SOXL__primary,base,delay,W6,win_rate,1.0,0.9047619047619048
L04__SPXL_SOXL__primary,base,delay,W6,sortino_zero_mar,3.0660569680743217,3.1881175420623067
L04__SPXL_SOXL__primary,stress,delay,W1,win_rate,1.0,0.8947368421052632
L04__SPXL_SOXL__primary,stress,delay,W1,sortino_zero_mar,2.464466700427056,2.778402596268649
L04__SPXL_SOXL__primary,stress,delay,W2,win_rate,1.0,0.5555555555555556
L04__SPXL_SOXL__primary,stress,delay,W2,sortino_zero_mar,-0.07485600537817437,-0.08058192146257186
L04__SPXL_SOXL__primary,stress,delay,W3,win_rate,1.0,0.5714285714285714
L04__SPXL_SOXL__primary,stress,delay,W3,sortino_zero_mar,-0.471976035443481,-0.5524790852511849
L04__SPXL_SOXL__primary,stress,delay,W4,sortino_zero_mar,2.341107140997823,3.673255521523161
L04__SPXL_SOXL__primary,stress,delay,W5,win_rate,1.0,0.8333333333333334
L04__SPXL_SOXL__primary,stress,delay,W5,sortino_zero_mar,1.2256594960435734,1.3116784808286572
L04__SPXL_SOXL__primary,stress,delay,W6,win_rate,1.0,0.9047619047619048
L04__SPXL_SOXL__primary,stress,delay,W6,sortino_zero_mar,3.041503994507249,3.161901819557788
L04__SPXL_SOXL__primary,severe,delay,W1,win_rate,1.0,0.8947368421052632
L04__SPXL_SOXL__primary,severe,delay,W1,sortino_zero_mar,2.3922939719632024,2.6764371894144294
L04__SPXL_SOXL__primary,severe,delay,W2,win_rate,1.0,0.5555555555555556
L04__SPXL_SOXL__primary,severe,delay,W2,sortino_zero_mar,-0.11273650272841725,-0.12144271630882982
L04__SPXL_SOXL__primary,severe,delay,W3,win_rate,1.0,0.5714285714285714
L04__SPXL_SOXL__primary,severe,delay,W3,sortino_zero_mar,-0.554672224154264,-0.6473873085356417
L04__SPXL_SOXL__primary,severe,delay,W4,sortino_zero_mar,2.311914570559375,3.608574372039094
L04__SPXL_SOXL__primary,severe,delay,W5,win_rate,1.0,0.8333333333333334
L04__SPXL_SOXL__primary,severe,delay,W5,sortino_zero_mar,1.1903362579038268,1.271754036029731
L04__SPXL_SOXL__primary,severe,delay,W6,win_rate,1.0,0.9047619047619048
L04__SPXL_SOXL__primary,severe,delay,W6,sortino_zero_mar,3.000574458929052,3.1182329030059175
L05__SPXL_SOXL__primary,base,delay,W1,sortino_zero_mar,2.136149346301826,2.73723305592814
L05__SPXL_SOXL__primary,base,delay,W2,win_rate,1.0,0.5
L05__SPXL_SOXL__primary,base,delay,W2,sortino_zero_mar,-0.08365631915580381,-0.14271051735157833
L05__SPXL_SOXL__primary,base,delay,W3,win_rate,,0.0
L05__SPXL_SOXL__primary,base,delay,W3,sortino_zero_mar,-1.3118342182603948,-1.7820964011073583
L05__SPXL_SOXL__primary,base,delay,W4,sortino_zero_mar,2.6493872322348038,3.8954917525133714
L05__SPXL_SOXL__primary,base,delay,W5,win_rate,1.0,0.2857142857142857
L05__SPXL_SOXL__primary,base,delay,W5,sortino_zero_mar,-0.6726058462936598,-0.8086736210281156
L05__SPXL_SOXL__primary,base,delay,W6,win_rate,1.0,0.5
L05__SPXL_SOXL__primary,base,delay,W6,sortino_zero_mar,1.206470942934438,1.997165861023883
L05__SPXL_SOXL__primary,stress,delay,W1,sortino_zero_mar,2.1202921263325276,2.709120871657065
L05__SPXL_SOXL__primary,stress,delay,W2,win_rate,1.0,0.5
L05__SPXL_SOXL__primary,stress,delay,W2,sortino_zero_mar,-0.12140067347288999,-0.20529211093635094
L05__SPXL_SOXL__primary,stress,delay,W3,win_rate,,0.0
L05__SPXL_SOXL__primary,stress,delay,W3,sortino_zero_mar,-1.3674924493022356,-1.8527179759381036
L05__SPXL_SOXL__primary,stress,delay,W4,sortino_zero_mar,2.628472552818207,3.8586309788010955
L05__SPXL_SOXL__primary,stress,delay,W5,win_rate,1.0,0.2857142857142857
L05__SPXL_SOXL__primary,stress,delay,W5,sortino_zero_mar,-0.7220677719114778,-0.863328845823903
L05__SPXL_SOXL__primary,stress,delay,W6,win_rate,1.0,0.5
L05__SPXL_SOXL__primary,stress,delay,W6,sortino_zero_mar,1.1921850396713447,1.9725506552065433
L05__SPXL_SOXL__primary,severe,delay,W1,sortino_zero_mar,2.0928211803565655,2.6619338936877366
L05__SPXL_SOXL__primary,severe,delay,W2,win_rate,1.0,0.5
L05__SPXL_SOXL__primary,severe,delay,W2,sortino_zero_mar,-0.1854791527044518,-0.30924202303294385
L05__SPXL_SOXL__primary,severe,delay,W3,win_rate,,0.0
L05__SPXL_SOXL__primary,severe,delay,W3,sortino_zero_mar,-1.4591086218711573,-1.9688611473546695
L05__SPXL_SOXL__primary,severe,delay,W4,sortino_zero_mar,2.592747124756326,3.796941836738656
L05__SPXL_SOXL__primary,severe,delay,W5,win_rate,1.0,0.2857142857142857
L05__SPXL_SOXL__primary,severe,delay,W5,sortino_zero_mar,-0.8013377276791829,-0.9540832852313114
L05__SPXL_SOXL__primary,severe,delay,W6,win_rate,1.0,0.5
L05__SPXL_SOXL__primary,severe,delay,W6,sortino_zero_mar,1.1683230100049664,1.9315035694319076
L06__SPXL_SOXL__primary,base,delay,W1,sortino_zero_mar,,3.2941663973784028
L06__SPXL_SOXL__primary,base,delay,W2,win_rate,1.0,0.2857142857142857
L06__SPXL_SOXL__primary,base,delay,W2,sortino_zero_mar,-0.7833890700091097,-1.9745986145265737
L06__SPXL_SOXL__primary,base,delay,W3,win_rate,1.0,0.75
L06__SPXL_SOXL__primary,base,delay,W3,sortino_zero_mar,3.5529484612389837,11.35777169922733
L06__SPXL_SOXL__primary,base,delay,W4,sortino_zero_mar,4.3714025721567875,15.293176757197806
L06__SPXL_SOXL__primary,base,delay,W5,win_rate,1.0,0.75
L06__SPXL_SOXL__primary,base,delay,W5,sortino_zero_mar,0.08384117365691081,0.26197478260876395
L06__SPXL_SOXL__primary,base,delay,W6,win_rate,1.0,0.2
L06__SPXL_SOXL__primary,base,delay,W6,sortino_zero_mar,-0.0848211382383298,-0.3130767191457231
L06__SPXL_SOXL__primary,stress,delay,W1,sortino_zero_mar,,2.971290341437253
L06__SPXL_SOXL__primary,stress,delay,W2,win_rate,1.0,0.14285714285714285
L06__SPXL_SOXL__primary,stress,delay,W2,sortino_zero_mar,-0.8586857299619539,-2.1175320432614733
L06__SPXL_SOXL__primary,stress,delay,W3,win_rate,1.0,0.5
L06__SPXL_SOXL__primary,stress,delay,W3,sortino_zero_mar,2.841249109612045,8.27834525294636
L06__SPXL_SOXL__primary,stress,delay,W4,sortino_zero_mar,3.927409426287758,12.789102056428925
L06__SPXL_SOXL__primary,stress,delay,W5,win_rate,1.0,0.75
L06__SPXL_SOXL__primary,stress,delay,W5,sortino_zero_mar,0.006993285339984488,0.02139068862478949
L06__SPXL_SOXL__primary,stress,delay,W6,win_rate,1.0,0.2
L06__SPXL_SOXL__primary,stress,delay,W6,sortino_zero_mar,-0.11999150170861761,-0.4103835648673604
L06__SPXL_SOXL__primary,severe,delay,W1,sortino_zero_mar,,2.5029511309071006
L06__SPXL_SOXL__primary,severe,delay,W2,win_rate,,0.0
L06__SPXL_SOXL__primary,severe,delay,W2,sortino_zero_mar,-0.9818460837097891,-2.3367041717956476
L06__SPXL_SOXL__primary,severe,delay,W3,win_rate,1.0,0.5
L06__SPXL_SOXL__primary,severe,delay,W3,sortino_zero_mar,1.9386735699778221,5.123269663940271
L06__SPXL_SOXL__primary,severe,delay,W4,sortino_zero_mar,3.0664275472729416,9.459493401491551
L06__SPXL_SOXL__primary,severe,delay,W5,win_rate,1.0,0.5
L06__SPXL_SOXL__primary,severe,delay,W5,sortino_zero_mar,-0.1277429811907574,-0.3677811197261141
L06__SPXL_SOXL__primary,severe,delay,W6,win_rate,1.0,0.2
L06__SPXL_SOXL__primary,severe,delay,W6,sortino_zero_mar,-0.16884778960505073,-0.5676672112938129
L07__SPXL_SOXL__primary,base,delay,W1,win_rate,1.0,0.6666666666666666
L07__SPXL_SOXL__primary,base,delay,W1,sortino_zero_mar,0.325045048228469,0.6137424686847518
L07__SPXL_SOXL__primary,base,delay,W2,win_rate,1.0,0.3333333333333333
L07__SPXL_SOXL__primary,base,delay,W2,sortino_zero_mar,-0.1776413847510141,-0.5235115033921192
L07__SPXL_SOXL__primary,base,delay,W3,win_rate,,0.0
L07__SPXL_SOXL__primary,base,delay,W3,sortino_zero_mar,-1.724667274490481,-3.065092894542859
L07__SPXL_SOXL__primary,base,delay,W4,win_rate,1.0,0.25
L07__SPXL_SOXL__primary,base,delay,W4,sortino_zero_mar,0.5092545819081539,0.9883970494503882
L07__SPXL_SOXL__primary,base,delay,W5,win_rate,,0.0
L07__SPXL_SOXL__primary,base,delay,W5,sortino_zero_mar,-1.162136039555106,-2.515578249625283
L07__SPXL_SOXL__primary,base,delay,W6,win_rate,1.0,0.5
L07__SPXL_SOXL__primary,base,delay,W6,sortino_zero_mar,2.413115193857616,6.781312312136552
L07__SPXL_SOXL__primary,stress,delay,W1,win_rate,1.0,0.6666666666666666
L07__SPXL_SOXL__primary,stress,delay,W1,sortino_zero_mar,0.29067941506475053,0.5466801240111303
L07__SPXL_SOXL__primary,stress,delay,W2,win_rate,1.0,0.3333333333333333
L07__SPXL_SOXL__primary,stress,delay,W2,sortino_zero_mar,-0.20404990616476404,-0.5807539529499204
L07__SPXL_SOXL__primary,stress,delay,W3,win_rate,,0.0
L07__SPXL_SOXL__primary,stress,delay,W3,sortino_zero_mar,-1.8177039654875353,-3.158339108711509
L07__SPXL_SOXL__primary,stress,delay,W4,win_rate,1.0,0.25
L07__SPXL_SOXL__primary,stress,delay,W4,sortino_zero_mar,0.4138631533345133,0.8003559700917882
L07__SPXL_SOXL__primary,stress,delay,W5,win_rate,,0.0
L07__SPXL_SOXL__primary,stress,delay,W5,sortino_zero_mar,-1.2208819243931321,-2.6286475441071184
L07__SPXL_SOXL__primary,stress,delay,W6,win_rate,1.0,0.5
L07__SPXL_SOXL__primary,stress,delay,W6,sortino_zero_mar,2.394255995682507,6.715491877384597
L07__SPXL_SOXL__primary,severe,delay,W1,win_rate,1.0,0.6666666666666666
L07__SPXL_SOXL__primary,severe,delay,W1,sortino_zero_mar,0.23310435002591376,0.43557040677017916
L07__SPXL_SOXL__primary,severe,delay,W2,win_rate,1.0,0.3333333333333333
L07__SPXL_SOXL__primary,severe,delay,W2,sortino_zero_mar,-0.23852064865492653,-0.6757976174169495
L07__SPXL_SOXL__primary,severe,delay,W3,win_rate,,0.0
L07__SPXL_SOXL__primary,severe,delay,W3,sortino_zero_mar,-1.9164653712323332,-3.309623094157835
L07__SPXL_SOXL__primary,severe,delay,W4,win_rate,1.0,0.25
L07__SPXL_SOXL__primary,severe,delay,W4,sortino_zero_mar,0.25689331568896134,0.4942713142499684
L07__SPXL_SOXL__primary,severe,delay,W5,win_rate,,0.0
L07__SPXL_SOXL__primary,severe,delay,W5,sortino_zero_mar,-1.326730935692852,-2.8088144889813917
L07__SPXL_SOXL__primary,severe,delay,W6,win_rate,1.0,0.5
L07__SPXL_SOXL__primary,severe,delay,W6,sortino_zero_mar,2.362157410304522,6.605086171351568
L08__SPXL_SOXL__primary,base,delay,W1,win_rate,1.0,0.7
L08__SPXL_SOXL__primary,base,delay,W1,sortino_zero_mar,1.2057941065673738,1.403249452734242
L08__SPXL_SOXL__primary,base,delay,W2,win_rate,1.0,0.6666666666666666
L08__SPXL_SOXL__primary,base,delay,W2,sortino_zero_mar,-0.4284458070894877,-0.4963269718921986
L08__SPXL_SOXL__primary,base,delay,W3,win_rate,1.0,0.25
L08__SPXL_SOXL__primary,base,delay,W3,sortino_zero_mar,-0.4649816653217034,-0.5068104548089944
L08__SPXL_SOXL__primary,base,delay,W4,win_rate,1.0,0.8571428571428571
L08__SPXL_SOXL__primary,base,delay,W4,sortino_zero_mar,2.6009676969951667,3.705844432759286
L08__SPXL_SOXL__primary,base,delay,W5,win_rate,1.0,0.7333333333333333
L08__SPXL_SOXL__primary,base,delay,W5,sortino_zero_mar,0.8647452648710818,1.0008463202384845
L08__SPXL_SOXL__primary,base,delay,W6,win_rate,1.0,0.8333333333333334
L08__SPXL_SOXL__primary,base,delay,W6,sortino_zero_mar,2.7564786296917902,2.967383740791297
L08__SPXL_SOXL__primary,stress,delay,W1,win_rate,1.0,0.7
L08__SPXL_SOXL__primary,stress,delay,W1,sortino_zero_mar,1.1358077221893876,1.315373620113358
L08__SPXL_SOXL__primary,stress,delay,W2,win_rate,1.0,0.6666666666666666
L08__SPXL_SOXL__primary,stress,delay,W2,sortino_zero_mar,-0.5323789987857671,-0.6200145261022209
L08__SPXL_SOXL__primary,stress,delay,W3,win_rate,1.0,0.25
L08__SPXL_SOXL__primary,stress,delay,W3,sortino_zero_mar,-0.5416668960062806,-0.586621726649174
L08__SPXL_SOXL__primary,stress,delay,W4,win_rate,1.0,0.8571428571428571
L08__SPXL_SOXL__primary,stress,delay,W4,sortino_zero_mar,2.500532365676563,3.52193277461237
L08__SPXL_SOXL__primary,stress,delay,W5,win_rate,1.0,0.7333333333333333
L08__SPXL_SOXL__primary,stress,delay,W5,sortino_zero_mar,0.795650980474978,0.9213231889016392
L08__SPXL_SOXL__primary,stress,delay,W6,win_rate,1.0,0.8333333333333334
L08__SPXL_SOXL__primary,stress,delay,W6,sortino_zero_mar,2.7121978372289166,2.915522613529987
L08__SPXL_SOXL__primary,severe,delay,W1,win_rate,1.0,0.7
L08__SPXL_SOXL__primary,severe,delay,W1,sortino_zero_mar,1.0181302429431742,1.1700254931035527
L08__SPXL_SOXL__primary,severe,delay,W2,win_rate,1.0,0.5833333333333334
L08__SPXL_SOXL__primary,severe,delay,W2,sortino_zero_mar,-0.71625071945459,-0.8239918258857268
L08__SPXL_SOXL__primary,severe,delay,W3,win_rate,1.0,0.25
L08__SPXL_SOXL__primary,severe,delay,W3,sortino_zero_mar,-0.6712483577860959,-0.7179572385535089
L08__SPXL_SOXL__primary,severe,delay,W4,win_rate,1.0,0.8571428571428571
L08__SPXL_SOXL__primary,severe,delay,W4,sortino_zero_mar,2.347574426155884,3.223012997150179
L08__SPXL_SOXL__primary,severe,delay,W5,win_rate,1.0,0.6666666666666666
L08__SPXL_SOXL__primary,severe,delay,W5,sortino_zero_mar,0.6837086013429033,0.7890334823219901
L08__SPXL_SOXL__primary,severe,delay,W6,win_rate,1.0,0.8333333333333334
L08__SPXL_SOXL__primary,severe,delay,W6,sortino_zero_mar,2.6377479676111886,2.829008495373719
L09__SPXL_SOXL__primary,base,delay,W1,win_rate,1.0,0.2857142857142857
L09__SPXL_SOXL__primary,base,delay,W1,sortino_zero_mar,3.0833579892329372,3.395259272869621
L09__SPXL_SOXL__primary,base,delay,W2,win_rate,1.0,0.6
L09__SPXL_SOXL__primary,base,delay,W2,sortino_zero_mar,1.1019353061881907,1.186117896791932
L09__SPXL_SOXL__primary,base,delay,W3,win_rate,1.0,0.23076923076923078
L09__SPXL_SOXL__primary,base,delay,W3,sortino_zero_mar,-0.9327468158223096,-1.0212660139091077
L09__SPXL_SOXL__primary,base,delay,W4,win_rate,1.0,0.5
L09__SPXL_SOXL__primary,base,delay,W4,sortino_zero_mar,3.71748093148047,5.000918115388682
L09__SPXL_SOXL__primary,base,delay,W5,win_rate,1.0,0.42857142857142855
L09__SPXL_SOXL__primary,base,delay,W5,sortino_zero_mar,-0.5911990509797306,-0.6529354611220551
L09__SPXL_SOXL__primary,base,delay,W6,win_rate,1.0,0.3333333333333333
L09__SPXL_SOXL__primary,base,delay,W6,sortino_zero_mar,1.6037785208171027,1.8711408175377706
L09__SPXL_SOXL__primary,stress,delay,W1,win_rate,1.0,0.2857142857142857
L09__SPXL_SOXL__primary,stress,delay,W1,sortino_zero_mar,3.0397619165258702,3.345100236424594
L09__SPXL_SOXL__primary,stress,delay,W2,win_rate,1.0,0.6
L09__SPXL_SOXL__primary,stress,delay,W2,sortino_zero_mar,1.0715668968324792,1.1517884743252254
L09__SPXL_SOXL__primary,stress,delay,W3,win_rate,1.0,0.23076923076923078
L09__SPXL_SOXL__primary,stress,delay,W3,sortino_zero_mar,-0.996965313316871,-1.0882612299167083
L09__SPXL_SOXL__primary,stress,delay,W4,win_rate,1.0,0.5
L09__SPXL_SOXL__primary,stress,delay,W4,sortino_zero_mar,3.7028142151073493,4.967990227304827
L09__SPXL_SOXL__primary,stress,delay,W5,win_rate,1.0,0.42857142857142855
L09__SPXL_SOXL__primary,stress,delay,W5,sortino_zero_mar,-0.6310083549250802,-0.6940672039000183
L09__SPXL_SOXL__primary,stress,delay,W6,win_rate,1.0,0.1111111111111111
L09__SPXL_SOXL__primary,stress,delay,W6,sortino_zero_mar,1.5408636014326065,1.7893964219667156
L09__SPXL_SOXL__primary,severe,delay,W1,win_rate,1.0,0.2857142857142857
L09__SPXL_SOXL__primary,severe,delay,W1,sortino_zero_mar,2.9727057134571533,3.261355687673415
L09__SPXL_SOXL__primary,severe,delay,W2,win_rate,1.0,0.4
L09__SPXL_SOXL__primary,severe,delay,W2,sortino_zero_mar,1.0209002301390735,1.0947897221125553
L09__SPXL_SOXL__primary,severe,delay,W3,win_rate,1.0,0.23076923076923078
L09__SPXL_SOXL__primary,severe,delay,W3,sortino_zero_mar,-1.1041611202875143,-1.1987573221598462
L09__SPXL_SOXL__primary,severe,delay,W4,win_rate,1.0,0.5
L09__SPXL_SOXL__primary,severe,delay,W4,sortino_zero_mar,3.677869349597516,4.912940976657085
L09__SPXL_SOXL__primary,severe,delay,W5,win_rate,1.0,0.42857142857142855
L09__SPXL_SOXL__primary,severe,delay,W5,sortino_zero_mar,-0.695273168558269,-0.7615870569562057
L09__SPXL_SOXL__primary,severe,delay,W6,win_rate,1.0,0.1111111111111111
L09__SPXL_SOXL__primary,severe,delay,W6,sortino_zero_mar,1.431295463676181,1.6539398957678981
L10__SPXL_SOXL__primary,base,delay,W1,win_rate,1.0,0.7692307692307693
L10__SPXL_SOXL__primary,base,delay,W1,sortino_zero_mar,1.59575267677117,1.7698853131913952
L10__SPXL_SOXL__primary,base,delay,W2,win_rate,1.0,0.7037037037037037
L10__SPXL_SOXL__primary,base,delay,W2,sortino_zero_mar,0.005510092913758355,0.005777880819704986
L10__SPXL_SOXL__primary,base,delay,W3,win_rate,1.0,0.9166666666666666
L10__SPXL_SOXL__primary,base,delay,W3,sortino_zero_mar,0.17871455118296412,0.1955315695621715
L10__SPXL_SOXL__primary,base,delay,W4,sortino_zero_mar,2.363495062904547,3.7325697374941043
L10__SPXL_SOXL__primary,base,delay,W5,win_rate,1.0,0.9565217391304348
L10__SPXL_SOXL__primary,base,delay,W5,sortino_zero_mar,1.79751233758916,1.993254849331459
L10__SPXL_SOXL__primary,base,delay,W6,win_rate,1.0,0.65
L10__SPXL_SOXL__primary,base,delay,W6,sortino_zero_mar,3.1136453189816766,2.985277559940109
L10__SPXL_SOXL__primary,stress,delay,W1,win_rate,1.0,0.7692307692307693
L10__SPXL_SOXL__primary,stress,delay,W1,sortino_zero_mar,1.5150212288826461,1.6695125431032425
L10__SPXL_SOXL__primary,stress,delay,W2,win_rate,1.0,0.7037037037037037
L10__SPXL_SOXL__primary,stress,delay,W2,sortino_zero_mar,-0.03656741494951583,-0.03833199356091686
L10__SPXL_SOXL__primary,stress,delay,W3,win_rate,1.0,0.75
L10__SPXL_SOXL__primary,stress,delay,W3,sortino_zero_mar,0.1332005717459843,0.14547490164576246
L10__SPXL_SOXL__primary,stress,delay,W4,sortino_zero_mar,2.33775261027102,3.66387425212049
L10__SPXL_SOXL__primary,stress,delay,W5,win_rate,1.0,0.9565217391304348
L10__SPXL_SOXL__primary,stress,delay,W5,sortino_zero_mar,1.76209601917106,1.952015565448439
L10__SPXL_SOXL__primary,stress,delay,W6,win_rate,1.0,0.65
L10__SPXL_SOXL__primary,stress,delay,W6,sortino_zero_mar,3.0637507266336685,2.934176155986065
L10__SPXL_SOXL__primary,severe,delay,W1,win_rate,1.0,0.7692307692307693
L10__SPXL_SOXL__primary,severe,delay,W1,sortino_zero_mar,1.3832955637505628,1.5035390008309641
L10__SPXL_SOXL__primary,severe,delay,W2,win_rate,1.0,0.6296296296296297
L10__SPXL_SOXL__primary,severe,delay,W2,sortino_zero_mar,-0.1064004602192002,-0.11133631151344094
L10__SPXL_SOXL__primary,severe,delay,W3,win_rate,1.0,0.75
L10__SPXL_SOXL__primary,severe,delay,W3,sortino_zero_mar,0.05756660739558525,0.06250770467985275
L10__SPXL_SOXL__primary,severe,delay,W4,sortino_zero_mar,2.292670398688679,3.5489711801194415
L10__SPXL_SOXL__primary,severe,delay,W5,win_rate,1.0,0.8695652173913043
L10__SPXL_SOXL__primary,severe,delay,W5,sortino_zero_mar,1.7029110128011091,1.8833193168930462
L10__SPXL_SOXL__primary,severe,delay,W6,win_rate,1.0,0.65
L10__SPXL_SOXL__primary,severe,delay,W6,sortino_zero_mar,2.9705514606639736,2.8490977346945527
