sensitivity_group,status,start_date,end_date,starting_equity,ending_equity,net_pnl,daily_profit_sum,equity_reconciliation_error,net_return,cagr,max_drawdown,drawdown_peak_date,drawdown_trough_date,drawdown_recovery_sessions,annualized_volatility,sharpe_zero_rf,sortino_zero_mar,calmar,turnover,trading_costs,adverse_execution_costs,explicit_fees,dividend_income,realized_pnl,unrealized_pnl,buy_count,sell_count,completed_round_trips,win_rate,payoff_ratio,profit_factor,average_holding_days,median_holding_days,profitable_days,losing_days,best_day,worst_day,average_invested_exposure,average_cash_allocation,average_approx_3x_invested_exposure,best_month,worst_month,monthly_returns,calendar_year_returns,minimum_equity,maximum_equity,risk_definition,candidate_id,track_id,pair_id,strategy_id,variant,cost_scenario,execution_delay_sessions,protocol_hash,phase,window_id,benchmark,artifact_path
track_a,OK,2023-09-19,2024-03-18,1000.0,1006.15314664581,6.153146645810125,6.153146645810125,0.0,0.00615314664581,0.0124556664586545,0.074269384726887,2023-10-11,2023-10-26,81,0.0972148374317545,0.1755984973998283,0.1635313171031547,0.1677092991204676,1992.24059654021,1.0061186074899764,0.9961186074899764,0.01,0.0661895533,1.7357782460801263,4.351178846430001,2,1,1,1.0,,,49.0,49.0,73,50,0.017834053532195,-0.0241305454696294,0.285642530196382,0.7143574698036179,,0.055058962988707,-0.0298215719502797,"{'2023-09': -0.02982157195027979, '2023-10': -0.020689399701815825, '2023-11': 0.05505896298870705, '2023-12': 0.0009772894036976787, '2024-01': 0.0006959046477763575, '2024-02': 0.0016487792626642683, '2024-03': 0.00039952427621137154}","{'2023': 0.003397523255810775, '2024': 0.002746292796357741}",930.09877964972,1007.16182795581,daily_mark_to_market_equity,A01__QQQM_SMH__buffer_0.02,a,QQQM_SMH,A01,buffer_0.02,base,0,sha256:acd49d7f6e3e633cb9e24e4f31a698d59c7e8a2578e14056df443689e9c014bb,sensitivity_evaluation,W1,False,A01__QQQM_SMH__buffer_0.02/base/W1
track_a,OK,2024-03-19,2024-09-18,1000.0,1027.2849111068504,27.28491110685036,27.28491110685036,0.0,0.0272849111068502,0.0551978674039521,0.2463461457566842,2024-07-10,2024-08-07,49,0.3731743611967625,0.3295358331366454,0.4212821895734611,0.2240662919016034,2017.53129615709,1.0187702831498398,1.0087702831498395,0.01,0.0,27.026492850450214,0.2584182564000005,2,1,1,1.0,,,169.0,169.0,71,56,0.0756668958097706,-0.0744101107803082,0.9062836164490709,0.0937163835509291,,0.1220848432631729,-0.0883260025988328,"{'2024-03': 0.04204764418348028, '2024-04': -0.04800468968882543, '2024-05': 0.12208484326317293, '2024-06': 0.0833638598708848, '2024-07': -0.052174677662085944, '2024-08': -0.014173226188115229, '2024-09': -0.08832600259883283}",{'2024': 0.027284911106851162},923.73595422348,1300.33243514348,daily_mark_to_market_equity,A01__QQQM_SMH__buffer_0.02,a,QQQM_SMH,A01,buffer_0.02,base,0,sha256:acd49d7f6e3e633cb9e24e4f31a698d59c7e8a2578e14056df443689e9c014bb,sensitivity_evaluation,W2,False,A01__QQQM_SMH__buffer_0.02/base/W2
track_a,OK,2024-09-19,2025-03-18,1000.0,1006.3970439132802,6.397043913280186,6.397043913280186,0.0,0.0063970439132801,0.0130234008493717,0.0964775822621253,2025-02-19,2025-03-07,19,0.171911053141861,0.1616677469173168,0.1988155090177995,0.1349888807742683,1985.85594689872,1.002929438239896,0.9929294382398962,0.01,1.5408107915199998,4.8562331217601375,0.0,1,1,1,1.0,,,164.0,164.0,62,50,0.0268467168884936,-0.0356863109191111,0.9017697081518212,0.0982302918481786,,0.0530728856350311,-0.0416214439190906,"{'2024-09': 0.0068041263115201644, '2024-10': -0.008482756493349397, '2024-11': 0.0530728856350311, '2024-12': 0.004535877347709327, '2025-01': 0.02134716720123797, '2025-02': -0.026379443663392288, '2025-03': -0.04162144391909062}","{'2024': 0.05601270030303929, '2025': -0.04698395802959765}",992.95068263152,1113.85951710304,daily_mark_to_market_equity,A01__QQQM_SMH__buffer_0.02,a,QQQM_SMH,A01,buffer_0.02,base,0,sha256:acd49d7f6e3e633cb9e24e4f31a698d59c7e8a2578e14056df443689e9c014bb,sensitivity_evaluation,W3,False,A01__QQQM_SMH__buffer_0.02/base/W3
track_a,OK,2025-03-19,2025-09-18,1000.0,1043.866577555355,43.86657755535498,43.86657755535498,0.0,0.043866577555355,0.0894657239048506,0.0243370946640697,2025-05-19,2025-05-23,9,0.0516731481903903,1.6743414832007104,1.6910953433400209,3.676105350279713,2032.220990593755,1.026118804644904,1.016118804644904,0.01,0.0,41.71617932313515,2.150398232220002,2,1,1,1.0,,,28.0,28.0,58,31,0.0233851529281106,-0.0138289706822599,0.153798867656878,0.846201132343122,,0.0231147913925191,0.0,"{'2025-03': 0.0, '2025-04': 0.0, '2025-05': 0.018913985933579847, '2025-06': 0.02311479139251915, '2025-07': 0.000349203629105288, '2025-08': 5.3243778791456364e-05, '2025-09': 0.0009407075410885479}",{'2025': 0.043866577555355724},999.59944764358,1043.866577555355,daily_mark_to_market_equity,A01__QQQM_SMH__buffer_0.02,a,QQQM_SMH,A01,buffer_0.02,base,0,sha256:acd49d7f6e3e633cb9e24e4f31a698d59c7e8a2578e14056df443689e9c014bb,sensitivity_evaluation,W4,False,A01__QQQM_SMH__buffer_0.02/base/W4
track_a,OK,2025-09-19,2026-03-18,1000.0,1218.8964187606402,218.89641876064024,218.89641876064024,0.0,0.2188964187606401,0.4943109095432394,0.1170527465271499,2025-10-29,2025-11-20,28,0.3131735600864795,1.441486565007866,1.997510911084574,4.222975745627514,990.49469036526,0.4949998452598716,0.4949998452598716,0.0,3.3842451359,0.0,215.5121736247401,1,0,0,,,,,,69,53,0.0534160492062492,-0.0570464307572416,0.9743338282798096,0.0256661717201902,,0.1189282031795757,-0.0309320435219284,"{'2025-09': 0.009308190554740303, '2025-10': 0.11127205849609956, '2025-11': -0.029334422883130373, '2025-12': 0.02519733902527177, '2026-01': 0.11892820317957575, '2026-02': 0.007138170822163614, '2026-03': -0.030932043521928465}","{'2025': 0.11614672938064041, '2026': 0.09205751060796175}",993.0716564547402,1318.4294362906403,daily_mark_to_market_equity,A01__QQQM_SMH__buffer_0.02,a,QQQM_SMH,A01,buffer_0.02,base,0,sha256:acd49d7f6e3e633cb9e24e4f31a698d59c7e8a2578e14056df443689e9c014bb,sensitivity_evaluation,W5,False,A01__QQQM_SMH__buffer_0.02/base/W5
track_a,OK,2026-03-19,2026-09-18,1000.0,1471.428024553765,471.428024553765,471.428024553765,0.0,0.471428024553765,1.1616759537882824,0.2448428611066225,2026-06-22,2026-07-29,62,0.4583760792812979,1.9026940545163733,2.8383479267504357,4.7445775978022215,990.494952446235,0.4949999762349463,0.4949999762349463,0.0,0.0,0.0,471.4280245537651,1,0,0,,,,,,78,46,0.0682750414841375,-0.0916269246176438,0.9696656619582849,0.0303343380417152,,0.3185530283919979,-0.1748897656523137,"{'2026-03': -0.01230774584623473, '2026-04': 0.31855302839199795, '2026-05': 0.1806461223044007, '2026-06': 0.09451502577597659, '2026-07': -0.17488976565231373, '2026-08': 0.029581694693896043, '2026-09': 0.029213597503761957}",{'2026': 0.47142802455376565},934.445600523765,1716.127907143765,daily_mark_to_market_equity,A01__QQQM_SMH__buffer_0.02,a,QQQM_SMH,A01,buffer_0.02,base,0,sha256:acd49d7f6e3e633cb9e24e4f31a698d59c7e8a2578e14056df443689e9c014bb,sensitivity_evaluation,W6,False,A01__QQQM_SMH__buffer_0.02/base/W6
track_a,OK,2023-09-19,2024-03-18,1000.0,1003.6978954465502,3.6978954465502056,3.6978954465502056,0.0,0.0036978954465503,0.0074762348169825,0.0743426382762485,2023-10-11,2023-10-26,97,0.0972481564402534,0.1249199889394737,0.116162216804867,0.1005645614728085,1991.2479298813105,2.996858923149931,2.9868589231499314,0.01,0.0592368297,-0.2469587017598274,3.88561731861,2,1,1,,,,49.0,49.0,73,50,0.0178526558009086,-0.0241551412487117,0.2850616787641847,0.7149383212358152,,0.0539859858321003,-0.03081157185084,"{'2023-09': -0.030811571850840047, '2023-10': -0.02071053336690354, '2023-11': 0.05398598583210035, '2023-12': 0.0008764359999799964, '2024-01': 0.0006241522130341348, '2024-02': 0.0014788851065816733, '2024-03': 0.0003584171326029839}","{'2023': 0.0012317299365498524, '2024': 0.0024631315970735645}",929.10877974916,1004.6006222365504,daily_mark_to_market_equity,A01__QQQM_SMH__buffer_0.02,a,QQQM_SMH,A01,buffer_0.02,stress,0,sha256:acd49d7f6e3e633cb9e24e4f31a698d59c7e8a2578e14056df443689e9c014bb,sensitivity_evaluation,W1,False,A01__QQQM_SMH__buffer_0.02/stress/W1
track_a,OK,2024-03-19,2024-09-18,1000.0,1025.24122175575,25.241221755750075,25.241221755750075,0.0,0.02524122175575,0.05101218209327,0.2465338427457645,2024-07-10,2024-08-07,49,0.3735532614292121,0.3189990665769576,0.4079197359896569,0.2069175636298983,2016.51326207607,3.0348138542500447,3.024813854250045,0.01,0.0,25.018452511350016,0.2227692443999985,2,1,1,1.0,,,169.0,169.0,71,56,0.0757374581462673,-0.0744755438807066,0.9070176116694144,0.0929823883305857,,0.1222068006600294,-0.0893396019906151,"{'2024-03': 0.04105764427044001, '2024-04': -0.04805034003189601, '2024-05': 0.12220680066002942, '2024-06': 0.08343806797129716, '2024-07': -0.05221754526343947, '2024-08': -0.014185512724239624, '2024-09': -0.08933960199061519}",{'2024': 0.025241221755750054},922.74595431044,1299.3424352304398,daily_mark_to_market_equity,A01__QQQM_SMH__buffer_0.02,a,QQQM_SMH,A01,buffer_0.02,stress,0,sha256:acd49d7f6e3e633cb9e24e4f31a698d59c7e8a2578e14056df443689e9c014bb,sensitivity_evaluation,W2,False,A01__QQQM_SMH__buffer_0.02/stress/W2
track_a,OK,2024-09-19,2025-03-18,1000.0,1004.4111850368,4.411185036800134,4.411185036800134,0.0,0.0044111850368,0.0089713486493996,0.097458264898541,2025-02-19,2025-03-07,19,0.172106086157326,0.1381638207280065,0.1702132977237364,0.0920532359029709,1985.85008773616,2.9887883147199705,2.9787883147199707,0.01,1.5408107915199998,2.870374245280063,0.0,1,1,1,1.0,,,164.0,164.0,62,50,0.0268729177307696,-0.0357183185662467,0.9026191460694184,0.0973808539305816,,0.0531255714240024,-0.0426099583777174,"{'2024-09': 0.00581412645455992, '2024-10': -0.008491105876693772, '2024-11': 0.05312557142400243, '2024-12': 0.0045401529955808595, '2025-01': 0.021367198706216284, '2025-02': -0.026403679446285855, '2025-03': -0.042609958377717416}","{'2024': 0.05502270044608015, '2025': -0.047971968174599255}",991.96068277456,1112.86951724608,daily_mark_to_market_equity,A01__QQQM_SMH__buffer_0.02,a,QQQM_SMH,A01,buffer_0.02,stress,0,sha256:acd49d7f6e3e633cb9e24e4f31a698d59c7e8a2578e14056df443689e9c014bb,sensitivity_evaluation,W3,False,A01__QQQM_SMH__buffer_0.02/stress/W3
track_a,OK,2025-03-19,2025-09-18,1000.0,1041.6094265830848,41.60942658308477,41.60942658308477,0.0,0.0416094265830848,0.0847689413332029,0.0243606341812078,2025-05-19,2025-05-23,9,0.0513075619982735,1.602169639892916,1.6285917222240671,3.4797510074099387,2031.1882114542457,3.056859346915118,3.046859346915119,0.01,0.0,39.69344186940494,1.9159847136800003,2,1,1,1.0,,,28.0,28.0,57,32,0.0234083364663291,-0.0138423922723526,0.1533662522526604,0.8466337477473396,,0.0220369842849632,0.0,"{'2025-03': 0.0, '2025-04': 0.0, '2025-05': 0.017923985980739632, '2025-06': 0.022036984284963257, '2025-07': 0.00031315166371492786, '2025-08': 4.7748584037554664e-05, '2025-09': 0.0008436234414477273}",{'2025': 0.0416094265830842},998.60944769074,1041.6094265830848,daily_mark_to_market_equity,A01__QQQM_SMH__buffer_0.02,a,QQQM_SMH,A01,buffer_0.02,stress,0,sha256:acd49d7f6e3e633cb9e24e4f31a698d59c7e8a2578e14056df443689e9c014bb,sensitivity_evaluation,W4,False,A01__QQQM_SMH__buffer_0.02/stress/W4
track_a,OK,2025-09-19,2026-03-18,1000.0,1217.90641907012,217.9064190701199,217.9064190701199,0.0,0.2179064190701198,0.491849151334911,0.117154598504461,2025-10-29,2025-11-20,28,0.3134939240532909,1.4350559363379105,1.9908350885947204,4.198291467971546,991.4846900557802,1.484999535780137,1.484999535780137,0.0,3.3842451359,0.0,214.52217393421984,1,0,0,,,,,,69,53,0.0534608907114908,-0.057099406835627,0.975182205644722,0.024817794355278,,0.1190337837506363,-0.030956408895005,"{'2025-09': 0.008318190864219588, '2025-10': 0.11138130903275889, '2025-11': -0.029360337925090185, '2025-12': 0.025220272560872115, '2026-01': 0.11903378375063633, '2026-02': 0.007143833774259978, '2026-03': -0.03095640889500506}","{'2025': 0.11515672969011859, '2026': 0.09213923625655096}",992.0816567642198,1317.43943660012,daily_mark_to_market_equity,A01__QQQM_SMH__buffer_0.02,a,QQQM_SMH,A01,buffer_0.02,stress,0,sha256:acd49d7f6e3e633cb9e24e4f31a698d59c7e8a2578e14056df443689e9c014bb,sensitivity_evaluation,W5,False,A01__QQQM_SMH__buffer_0.02/stress/W5
track_a,OK,2026-03-19,2026-09-18,1000.0,1470.438024601295,470.43802460129496,470.43802460129496,0.0,0.4704380246012949,1.1587740677629137,0.2449841875969542,2026-06-22,2026-07-29,62,0.4586436993305534,1.8989285674970071,2.8325882004263874,4.729995348390885,991.484952398705,1.484999928704984,1.484999928704984,0.0,0.0,0.0,470.4380246012951,1,0,0,,,,,,78,46,0.0683272380647757,-0.0916832819308983,0.9703603801202654,0.0296396198797346,,0.3188726460695932,-0.1749927080795955,"{'2026-03': -0.013297745798704907, '2026-04': 0.3188726460695932, '2026-05': 0.18078355018092362, '2026-06': 0.09457592009179794, '2026-07': -0.17499270807959555, '2026-08': 0.02960280017574779, '2026-09': 0.029233841094455926}",{'2026': 0.47043802460129447},933.455600571295,1715.137907191295,daily_mark_to_market_equity,A01__QQQM_SMH__buffer_0.02,a,QQQM_SMH,A01,buffer_0.02,stress,0,sha256:acd49d7f6e3e633cb9e24e4f31a698d59c7e8a2578e14056df443689e9c014bb,sensitivity_evaluation,W6,False,A01__QQQM_SMH__buffer_0.02/stress/W6
track_a,OK,2023-09-19,2024-03-18,1000.0,1041.3486167483502,41.34861674835019,41.34861674835019,0.0,0.0413486167483501,0.0851961437707118,0.074269384726887,2023-10-11,2023-10-26,19,0.105998629550172,0.8233631569898617,0.8372059746263523,1.1471233279231554,2028.3268899643297,1.024170780249964,1.014170780249964,0.01,0.0619551485999999,37.82199475176009,3.464666847990002,2,1,1,1.0,,,56.0,56.0,73,50,0.0217888297718009,-0.0241305454696294,0.324113669447884,0.675886330552116,,0.0923542012118296,-0.0298215719502797,"{'2023-09': -0.02982157195027979, '2023-10': -0.020689399701815825, '2023-11': 0.09235420121182969, '2023-12': 0.0008835362869454855, '2024-01': 0.000629204205132794, '2024-02': 0.0014908479222057736, '2024-03': 0.00036131208049039465}","{'2023': 0.03876928136834912, '2024': 0.002483068594983928}",930.09877964972,1042.29276876835,daily_mark_to_market_equity,A01__QQQM_SMH__buffer_0.04,a,QQQM_SMH,A01,buffer_0.04,base,0,sha256:acd49d7f6e3e633cb9e24e4f31a698d59c7e8a2578e14056df443689e9c014bb,sensitivity_evaluation,W1,False,A01__QQQM_SMH__buffer_0.04/base/W1
track_a,OK,2024-03-19,2024-09-18,1000.0,1027.2849111068504,27.28491110685036,27.28491110685036,0.0,0.0272849111068502,0.0551978674039521,0.2463461457566842,2024-07-10,2024-08-07,49,0.3731743611967625,0.3295358331366454,0.4212821895734611,0.2240662919016034,2017.53129615709,1.0187702831498398,1.0087702831498395,0.01,0.0,27.026492850450214,0.2584182564000005,2,1,1,1.0,,,169.0,169.0,71,56,0.0756668958097706,-0.0744101107803082,0.9062836164490709,0.0937163835509291,,0.1220848432631729,-0.0883260025988328,"{'2024-03': 0.04204764418348028, '2024-04': -0.04800468968882543, '2024-05': 0.12208484326317293, '2024-06': 0.0833638598708848, '2024-07': -0.052174677662085944, '2024-08': -0.014173226188115229, '2024-09': -0.08832600259883283}",{'2024': 0.027284911106851162},923.73595422348,1300.33243514348,daily_mark_to_market_equity,A01__QQQM_SMH__buffer_0.04,a,QQQM_SMH,A01,buffer_0.04,base,0,sha256:acd49d7f6e3e633cb9e24e4f31a698d59c7e8a2578e14056df443689e9c014bb,sensitivity_evaluation,W2,False,A01__QQQM_SMH__buffer_0.04/base/W2
track_a,OK,2024-09-19,2025-03-18,1000.0,1006.3970439132802,6.397043913280186,6.397043913280186,0.0,0.0063970439132801,0.0130234008493717,0.0964775822621253,2025-02-19,2025-03-07,19,0.171911053141861,0.1616677469173168,0.1988155090177995,0.1349888807742683,1985.85594689872,1.002929438239896,0.9929294382398962,0.01,1.5408107915199998,4.8562331217601375,0.0,1,1,1,1.0,,,164.0,164.0,62,50,0.0268467168884936,-0.0356863109191111,0.9017697081518212,0.0982302918481786,,0.0530728856350311,-0.0416214439190906,"{'2024-09': 0.0068041263115201644, '2024-10': -0.008482756493349397, '2024-11': 0.0530728856350311, '2024-12': 0.004535877347709327, '2025-01': 0.02134716720123797, '2025-02': -0.026379443663392288, '2025-03': -0.04162144391909062}","{'2024': 0.05601270030303929, '2025': -0.04698395802959765}",992.95068263152,1113.85951710304,daily_mark_to_market_equity,A01__QQQM_SMH__buffer_0.04,a,QQQM_SMH,A01,buffer_0.04,base,0,sha256:acd49d7f6e3e633cb9e24e4f31a698d59c7e8a2578e14056df443689e9c014bb,sensitivity_evaluation,W3,False,A01__QQQM_SMH__buffer_0.04/base/W3
track_a,OK,2025-03-19,2025-09-18,1000.0,1044.9125659108252,44.91256591082515,44.91256591082515,0.0,0.0449125659108251,0.0916456973623571,0.0243370946640697,2025-05-19,2025-05-23,9,0.0595042634067655,1.494649188692247,1.4699961493098803,3.765679454649901,2033.4481056992252,1.0267326691748313,1.0167326691748313,0.01,0.0,42.943384473605185,1.9691814372200016,2,1,1,1.0,,,35.0,35.0,58,31,0.0233851529281106,-0.0138289706822599,0.1923608665716457,0.8076391334283543,,0.024162746225028,0.0,"{'2025-03': 0.0, '2025-04': 0.0, '2025-05': 0.018913985933579847, '2025-06': 0.02416274622502801, '2025-07': 0.0003434197517551141, '2025-08': 5.236220214444032e-05, '2025-09': 0.0009251327190773484}",{'2025': 0.04491256591082404},999.59944764358,1048.38164337358,daily_mark_to_market_equity,A01__QQQM_SMH__buffer_0.04,a,QQQM_SMH,A01,buffer_0.04,base,0,sha256:acd49d7f6e3e633cb9e24e4f31a698d59c7e8a2578e14056df443689e9c014bb,sensitivity_evaluation,W4,False,A01__QQQM_SMH__buffer_0.04/base/W4
track_a,OK,2025-09-19,2026-03-18,1000.0,1218.8964187606402,218.89641876064024,218.89641876064024,0.0,0.2188964187606401,0.4943109095432394,0.1170527465271499,2025-10-29,2025-11-20,28,0.3131735600864795,1.441486565007866,1.997510911084574,4.222975745627514,990.49469036526,0.4949998452598716,0.4949998452598716,0.0,3.3842451359,0.0,215.5121736247401,1,0,0,,,,,,69,53,0.0534160492062492,-0.0570464307572416,0.9743338282798096,0.0256661717201902,,0.1189282031795757,-0.0309320435219284,"{'2025-09': 0.009308190554740303, '2025-10': 0.11127205849609956, '2025-11': -0.029334422883130373, '2025-12': 0.02519733902527177, '2026-01': 0.11892820317957575, '2026-02': 0.007138170822163614, '2026-03': -0.030932043521928465}","{'2025': 0.11614672938064041, '2026': 0.09205751060796175}",993.0716564547402,1318.4294362906403,daily_mark_to_market_equity,A01__QQQM_SMH__buffer_0.04,a,QQQM_SMH,A01,buffer_0.04,base,0,sha256:acd49d7f6e3e633cb9e24e4f31a698d59c7e8a2578e14056df443689e9c014bb,sensitivity_evaluation,W5,False,A01__QQQM_SMH__buffer_0.04/base/W5
track_a,OK,2026-03-19,2026-09-18,1000.0,1471.428024553765,471.428024553765,471.428024553765,0.0,0.471428024553765,1.1616759537882824,0.2448428611066225,2026-06-22,2026-07-29,62,0.4583760792812979,1.9026940545163733,2.8383479267504357,4.7445775978022215,990.494952446235,0.4949999762349463,0.4949999762349463,0.0,0.0,0.0,471.4280245537651,1,0,0,,,,,,78,46,0.0682750414841375,-0.0916269246176438,0.9696656619582849,0.0303343380417152,,0.3185530283919979,-0.1748897656523137,"{'2026-03': -0.01230774584623473, '2026-04': 0.31855302839199795, '2026-05': 0.1806461223044007, '2026-06': 0.09451502577597659, '2026-07': -0.17488976565231373, '2026-08': 0.029581694693896043, '2026-09': 0.029213597503761957}",{'2026': 0.47142802455376565},934.445600523765,1716.127907143765,daily_mark_to_market_equity,A01__QQQM_SMH__buffer_0.04,a,QQQM_SMH,A01,buffer_0.04,base,0,sha256:acd49d7f6e3e633cb9e24e4f31a698d59c7e8a2578e14056df443689e9c014bb,sensitivity_evaluation,W6,False,A01__QQQM_SMH__buffer_0.04/base/W6
track_a,OK,2023-09-19,2024-03-18,1000.0,1038.9507933245202,38.95079332452019,38.95079332452019,0.0,0.0389507933245201,0.0801596109330851,0.0743426382762485,2023-10-11,2023-10-26,19,0.1057865302673645,0.7808615029331658,0.7909810669970682,1.07824544288059,2027.29801846292,3.05101529068008,3.0410152906800803,0.01,0.0554466152,35.803153535279975,3.092193174040001,2,1,1,1.0,,,56.0,56.0,73,50,0.0218103793454338,-0.0241551412487117,0.3236896682884667,0.6763103317115333,,0.0913542215244314,-0.03081157185084,"{'2023-09': -0.030811571850840047, '2023-10': -0.02071053336690354, '2023-11': 0.0913542215244314, '2023-12': 0.0007922687820149932, '2024-01': 0.0005642601411339765, '2024-02': 0.0013370550513791546, '2024-03': 0.00032408962200403124}","{'2023': 0.03664242316451927, '2024': 0.002226775702419914}",929.10877974916,1039.79575996452,daily_mark_to_market_equity,A01__QQQM_SMH__buffer_0.04,a,QQQM_SMH,A01,buffer_0.04,stress,0,sha256:acd49d7f6e3e633cb9e24e4f31a698d59c7e8a2578e14056df443689e9c014bb,sensitivity_evaluation,W1,False,A01__QQQM_SMH__buffer_0.04/stress/W1
track_a,OK,2024-03-19,2024-09-18,1000.0,1025.24122175575,25.241221755750075,25.241221755750075,0.0,0.02524122175575,0.05101218209327,0.2465338427457645,2024-07-10,2024-08-07,49,0.3735532614292121,0.3189990665769576,0.4079197359896569,0.2069175636298983,2016.51326207607,3.0348138542500447,3.024813854250045,0.01,0.0,25.018452511350016,0.2227692443999985,2,1,1,1.0,,,169.0,169.0,71,56,0.0757374581462673,-0.0744755438807066,0.9070176116694144,0.0929823883305857,,0.1222068006600294,-0.0893396019906151,"{'2024-03': 0.04105764427044001, '2024-04': -0.04805034003189601, '2024-05': 0.12220680066002942, '2024-06': 0.08343806797129716, '2024-07': -0.05221754526343947, '2024-08': -0.014185512724239624, '2024-09': -0.08933960199061519}",{'2024': 0.025241221755750054},922.74595431044,1299.3424352304398,daily_mark_to_market_equity,A01__QQQM_SMH__buffer_0.04,a,QQQM_SMH,A01,buffer_0.04,stress,0,sha256:acd49d7f6e3e633cb9e24e4f31a698d59c7e8a2578e14056df443689e9c014bb,sensitivity_evaluation,W2,False,A01__QQQM_SMH__buffer_0.04/stress/W2
track_a,OK,2024-09-19,2025-03-18,1000.0,1004.4111850368,4.411185036800134,4.411185036800134,0.0,0.0044111850368,0.0089713486493996,0.097458264898541,2025-02-19,2025-03-07,19,0.172106086157326,0.1381638207280065,0.1702132977237364,0.0920532359029709,1985.85008773616,2.9887883147199705,2.9787883147199707,0.01,1.5408107915199998,2.870374245280063,0.0,1,1,1,1.0,,,164.0,164.0,62,50,0.0268729177307696,-0.0357183185662467,0.9026191460694184,0.0973808539305816,,0.0531255714240024,-0.0426099583777174,"{'2024-09': 0.00581412645455992, '2024-10': -0.008491105876693772, '2024-11': 0.05312557142400243, '2024-12': 0.0045401529955808595, '2025-01': 0.021367198706216284, '2025-02': -0.026403679446285855, '2025-03': -0.042609958377717416}","{'2024': 0.05502270044608015, '2025': -0.047971968174599255}",991.96068277456,1112.86951724608,daily_mark_to_market_equity,A01__QQQM_SMH__buffer_0.04,a,QQQM_SMH,A01,buffer_0.04,stress,0,sha256:acd49d7f6e3e633cb9e24e4f31a698d59c7e8a2578e14056df443689e9c014bb,sensitivity_evaluation,W3,False,A01__QQQM_SMH__buffer_0.04/stress/W3
track_a,OK,2025-03-19,2025-09-18,1000.0,1042.6732742077947,42.67327420779475,42.67327420779475,0.0,0.0426732742077946,0.0869813824531215,0.0243606341812078,2025-05-19,2025-05-23,9,0.059389476510115,1.4257266218966482,1.3852712284564872,3.570571349091577,2032.4143468223551,3.0587013122050326,3.048701312205033,0.01,0.0,40.919419200814986,1.7538550069800007,2,1,1,1.0,,,35.0,35.0,58,31,0.0234083364663291,-0.0138423922723526,0.1920117663210109,0.8079882336789891,,0.023101220543888,0.0,"{'2025-03': 0.0, '2025-04': 0.0, '2025-05': 0.017923985980739632, '2025-06': 0.02310122054388808, '2025-07': 0.0003079683169977532, '2025-08': 4.6958483594927714e-05, '2025-09': 0.0008296645781598055}",{'2025': 0.04267327420779443},998.60944769074,1047.39164342074,daily_mark_to_market_equity,A01__QQQM_SMH__buffer_0.04,a,QQQM_SMH,A01,buffer_0.04,stress,0,sha256:acd49d7f6e3e633cb9e24e4f31a698d59c7e8a2578e14056df443689e9c014bb,sensitivity_evaluation,W4,False,A01__QQQM_SMH__buffer_0.04/stress/W4
track_a,OK,2025-09-19,2026-03-18,1000.0,1217.90641907012,217.9064190701199,217.9064190701199,0.0,0.2179064190701198,0.491849151334911,0.117154598504461,2025-10-29,2025-11-20,28,0.3134939240532909,1.4350559363379105,1.9908350885947204,4.198291467971546,991.4846900557802,1.484999535780137,1.484999535780137,0.0,3.3842451359,0.0,214.52217393421984,1,0,0,,,,,,69,53,0.0534608907114908,-0.057099406835627,0.975182205644722,0.024817794355278,,0.1190337837506363,-0.030956408895005,"{'2025-09': 0.008318190864219588, '2025-10': 0.11138130903275889, '2025-11': -0.029360337925090185, '2025-12': 0.025220272560872115, '2026-01': 0.11903378375063633, '2026-02': 0.007143833774259978, '2026-03': -0.03095640889500506}","{'2025': 0.11515672969011859, '2026': 0.09213923625655096}",992.0816567642198,1317.43943660012,daily_mark_to_market_equity,A01__QQQM_SMH__buffer_0.04,a,QQQM_SMH,A01,buffer_0.04,stress,0,sha256:acd49d7f6e3e633cb9e24e4f31a698d59c7e8a2578e14056df443689e9c014bb,sensitivity_evaluation,W5,False,A01__QQQM_SMH__buffer_0.04/stress/W5
track_a,OK,2026-03-19,2026-09-18,1000.0,1470.438024601295,470.43802460129496,470.43802460129496,0.0,0.4704380246012949,1.1587740677629137,0.2449841875969542,2026-06-22,2026-07-29,62,0.4586436993305534,1.8989285674970071,2.8325882004263874,4.729995348390885,991.484952398705,1.484999928704984,1.484999928704984,0.0,0.0,0.0,470.4380246012951,1,0,0,,,,,,78,46,0.0683272380647757,-0.0916832819308983,0.9703603801202654,0.0296396198797346,,0.3188726460695932,-0.1749927080795955,"{'2026-03': -0.013297745798704907, '2026-04': 0.3188726460695932, '2026-05': 0.18078355018092362, '2026-06': 0.09457592009179794, '2026-07': -0.17499270807959555, '2026-08': 0.02960280017574779, '2026-09': 0.029233841094455926}",{'2026': 0.47043802460129447},933.455600571295,1715.137907191295,daily_mark_to_market_equity,A01__QQQM_SMH__buffer_0.04,a,QQQM_SMH,A01,buffer_0.04,stress,0,sha256:acd49d7f6e3e633cb9e24e4f31a698d59c7e8a2578e14056df443689e9c014bb,sensitivity_evaluation,W6,False,A01__QQQM_SMH__buffer_0.04/stress/W6
track_a,OK,2023-09-19,2024-03-18,1000.0,1296.7665210546954,296.76652105469543,296.76652105469543,0.0,0.2967665210546955,0.6894685172659258,0.0501428205975652,2024-03-07,2024-03-15,7,0.1901450512006476,2.851835662823907,5.351038668241503,13.750094411310476,2883.6732545351747,1.4915894134248344,1.4415894134248344,0.05,5.69508360812,-33.6725907280537,324.7440281746289,7,5,5,,,,24.4,35.0,75,50,0.0496208513828659,-0.0281405788237029,0.8485961051071288,0.1514038948928712,,0.097532007787239,-0.0221501150258204,"{'2023-09': -0.01846338123296498, '2023-10': -0.022150115025820427, '2023-11': 0.0833180090205472, '2023-12': 0.07562674814109438, '2024-01': 0.04064441912386996, '2024-02': 0.09753200778723903, '2024-03': 0.01518684973606077}","{'2023': 0.11839766614610547, '2024': 0.15948607575624907}",953.7546618566904,1358.0331793961054,daily_mark_to_market_equity,A02__QQQM_SMH__sma_40,a,QQQM_SMH,A02,sma_40,base,0,sha256:acd49d7f6e3e633cb9e24e4f31a698d59c7e8a2578e14056df443689e9c014bb,sensitivity_evaluation,W1,False,A02__QQQM_SMH__sma_40/base/W1
track_a,OK,2024-03-19,2024-09-18,1000.0,1010.1985802450404,10.198580245040375,10.198580245040375,0.0,0.0101985802450403,0.0204587340938995,0.1826062847666999,2024-07-10,2024-09-06,49,0.2190645269356053,0.201296337227484,0.2525834750697529,0.1120374039701747,4331.82370525576,2.27574678395975,2.16574678395975,0.1099999999999999,0.881007799,16.109355425699242,-6.791782979659098,8,11,11,1.0,1.9387248626616205,1.6156040522180168,118.54545454545456,140.0,75,52,0.0344669037852154,-0.0506460652530169,0.8203424411456521,0.1796575588543478,,0.0789783145182809,-0.0451952282170389,"{'2024-03': 0.030472995451590545, '2024-04': -0.04519522821703892, '2024-05': 0.07897831451828097, '2024-06': 0.0727323319469948, '2024-07': -0.03145542605291107, '2024-08': -0.04415587785461317, '2024-09': -0.0418251112430198}",{'2024': 0.01019858024504039},957.94320344437,1212.220231629435,daily_mark_to_market_equity,A02__QQQM_SMH__sma_40,a,QQQM_SMH,A02,sma_40,base,0,sha256:acd49d7f6e3e633cb9e24e4f31a698d59c7e8a2578e14056df443689e9c014bb,sensitivity_evaluation,W2,False,A02__QQQM_SMH__sma_40/base/W2
track_a,OK,2024-09-19,2025-03-18,1000.0,901.3490905205778,-98.65090947942224,-98.65090947942224,0.0,-0.0986509094794222,-0.1900272099064642,0.1423035006952151,2024-10-14,2025-03-07,105,0.1837178085187442,-1.0652304667166637,-1.065788947852922,-1.3353656725104994,6980.718085653178,3.6203350978621143,3.4903350978621144,0.13,0.7492819734399999,-99.40019145286192,-1.715702254054105e-15,13,13,13,1.0,0.2085673793464453,0.1303546120915283,78.53846153846153,56.0,60,53,0.0180202299902085,-0.0624581942195646,0.7070467560107573,0.2929532439892427,,0.00921889398216,-0.0418217404730286,"{'2024-09': 0.009218893982160026, '2024-10': -0.012028148970683494, '2024-11': 0.0060716507242857265, '2024-12': -0.030396728715546106, '2025-01': -0.04182174047302867, '2025-02': -0.021553405657054214, '2025-03': -0.011545554302138328}","{'2024': -0.02735820593062066, '2025': -0.07329800547694532}",901.3490905205778,1050.895149101315,daily_mark_to_market_equity,A02__QQQM_SMH__sma_40,a,QQQM_SMH,A02,sma_40,base,0,sha256:acd49d7f6e3e633cb9e24e4f31a698d59c7e8a2578e14056df443689e9c014bb,sensitivity_evaluation,W3,False,A02__QQQM_SMH__sma_40/base/W3
track_a,OK,2025-03-19,2025-09-18,1000.0,1269.1579282220002,269.15792822200024,269.15792822200024,0.0,0.2691579282220002,0.6091891276124233,0.0382537235867962,2025-08-14,2025-08-21,20,0.1348364306008246,3.5775863548167384,5.038369727409799,15.924962866169,1780.1836763743595,0.9098452553998538,0.8898452553998538,0.02,0.7671854473999999,65.41345180610556,202.9772909684948,6,2,2,1.0,,,120.0,120.0,61,33,0.0273324576590834,-0.0204094878783378,0.6962113534283756,0.3037886465716244,,0.111892599318121,0.0,"{'2025-03': 0.0, '2025-04': 0.0, '2025-05': 0.04076505619742532, '2025-06': 0.11189259931812101, '2025-07': 0.029681005202946587, '2025-08': 0.007259770965221124, '2025-09': 0.05744048792634038}",{'2025': 0.26915792822200024},1000.0,1269.1579282220002,daily_mark_to_market_equity,A02__QQQM_SMH__sma_40,a,QQQM_SMH,A02,sma_40,base,0,sha256:acd49d7f6e3e633cb9e24e4f31a698d59c7e8a2578e14056df443689e9c014bb,sensitivity_evaluation,W4,False,A02__QQQM_SMH__sma_40/base/W4
track_a,OK,2025-09-19,2026-03-18,1000.0,1083.065253288995,83.06525328899534,83.06525328899534,0.0,0.0830652532889952,0.1757635868036446,0.0902359515000992,2025-10-29,2025-11-20,49,0.2178433473559497,0.8530924024148162,1.1611599547758875,1.947822169342908,2844.266846897695,1.492019348214783,1.422019348214783,0.07,2.04500258721,32.661340941479914,48.35890976030516,6,7,7,1.0,15.166816520893882,6.066726608357553,110.28571428571428,120.0,69,53,0.0382713668410852,-0.0460341114523411,0.8750682936717236,0.1249317063282764,,0.0795721104729123,-0.0354630577926234,"{'2025-09': 0.0027496066874097558, '2025-10': 0.07957211047291235, '2025-11': -0.03546305779262349, '2025-12': 0.00448138812485821, '2026-01': 0.06117115668489448, '2026-02': -0.007003546927559223, '2026-03': -0.020021445580846953}","{'2025': 0.048829555339078734, '2026': 0.032641812747969956}",989.0614699874102,1141.807227034475,daily_mark_to_market_equity,A02__QQQM_SMH__sma_40,a,QQQM_SMH,A02,sma_40,base,0,sha256:acd49d7f6e3e633cb9e24e4f31a698d59c7e8a2578e14056df443689e9c014bb,sensitivity_evaluation,W5,False,A02__QQQM_SMH__sma_40/base/W5
track_a,OK,2026-03-19,2026-09-18,1000.0,1242.5463357416006,242.5463357416006,242.5463357416006,0.0,0.2425463357416006,0.5425479001949693,0.1366446923131887,2026-06-22,2026-07-29,62,0.2923338266229737,1.621004653348603,2.1010871760678818,3.970501093093707,4286.281321299895,2.2130973311997644,2.1430973311997645,0.07,0.7065509428,214.9610191371303,26.87876566167004,8,7,7,1.0,4.5732880601889265,27.43972836113356,118.0,133.0,76,48,0.0502500895765245,-0.0710302291941911,0.7719841931152752,0.2280158068847247,,0.1568374577794136,-0.096743656132461,"{'2026-03': -0.010241684867094647, '2026-04': 0.1568374577794136, '2026-05': 0.1430277072302366, '2026-06': 0.0487980601760003, '2026-07': -0.09674365613246105, '2026-08': 0.012236537290981397, '2026-09': -0.009921958990473101}",{'2026': 0.24254633574160467},978.1485506372652,1389.3761687571853,daily_mark_to_market_equity,A02__QQQM_SMH__sma_40,a,QQQM_SMH,A02,sma_40,base,0,sha256:acd49d7f6e3e633cb9e24e4f31a698d59c7e8a2578e14056df443689e9c014bb,sensitivity_evaluation,W6,False,A02__QQQM_SMH__sma_40/base/W6
track_a,OK,2023-09-19,2024-03-18,1000.0,1293.144095640355,293.1440956403551,293.1440956403551,0.0,0.293144095640355,0.6799584955375966,0.0501662455777048,2024-03-07,2024-03-15,7,0.1902602577702671,2.820518494636979,5.307889948869421,13.55410371470547,2881.5679255147347,4.37013196704503,4.32013196704503,0.05,5.6819529774,-35.582082125398045,323.0442247883532,7,5,5,,,,24.4,35.0,75,50,0.0496468749142309,-0.0281537251346906,0.8490528266102537,0.1509471733897462,,0.0975851764730857,-0.0234416456447841,"{'2023-09': -0.0194400821529348, '2023-10': -0.023441645644784126, '2023-11': 0.0826670826694087, '2023-12': 0.075672895756141, '2024-01': 0.04066747768140622, '2024-02': 0.09758517647308573, '2024-03': 0.015194394208863926}","{'2023': 0.11518647788515479, '2024': 0.15957655628382383}",951.8549068044751,1354.2695020851552,daily_mark_to_market_equity,A02__QQQM_SMH__sma_40,a,QQQM_SMH,A02,sma_40,stress,0,sha256:acd49d7f6e3e633cb9e24e4f31a698d59c7e8a2578e14056df443689e9c014bb,sensitivity_evaluation,W1,False,A02__QQQM_SMH__sma_40/stress/W1
track_a,OK,2024-03-19,2024-09-18,1000.0,1005.92621632825,5.926216328250121,5.926216328250121,0.0,0.00592621632825,0.0118630490355309,0.1841029932292757,2024-07-10,2024-09-06,49,0.219163336394279,0.1629285590184047,0.2048655281231437,0.064437024230003,4326.50193464726,6.598273104950102,6.4882731049501015,0.1099999999999999,0.8795548132000002,12.48463803176461,-7.437976516714673,8,11,11,1.0,1.7337736226327451,1.4448113521939543,118.54545454545456,140.0,75,52,0.0344773761664607,-0.0506599202400502,0.8207154870182142,0.1792845129817858,,0.0786593183344579,-0.0458630608675628,"{'2024-03': 0.02948299551476996, '2024-04': -0.045863060867562866, '2024-05': 0.07865931833445794, '2024-06': 0.07275459233510939, '2024-07': -0.03178614366297594, '2024-08': -0.04522661610552414, '2024-09': -0.04262967862115252}",{'2024': 0.005926216328249412},956.6621426300748,1209.8967695721549,daily_mark_to_market_equity,A02__QQQM_SMH__sma_40,a,QQQM_SMH,A02,sma_40,stress,0,sha256:acd49d7f6e3e633cb9e24e4f31a698d59c7e8a2578e14056df443689e9c014bb,sensitivity_evaluation,W2,False,A02__QQQM_SMH__sma_40/stress/W2
track_a,OK,2024-09-19,2025-03-18,1000.0,894.9991567675025,-105.00084323249746,-105.00084323249746,0.0,-0.1050008432324974,-0.2015640576841616,0.1475235773200323,2024-10-14,2025-03-13,105,0.183580583625945,-1.1449937700694974,-1.1587737944965475,-1.3663175835744268,6954.732157734513,10.561884065087494,10.431884065087493,0.13,0.7481850275899998,-105.7490126045213,-1.5655566262710206e-05,13,13,13,1.0,0.1739853227536981,0.1087408267210613,78.53846153846153,56.0,63,57,0.0180404461528735,-0.0624883582488737,0.7074484449966242,0.2925515550033758,,0.0083938941064798,-0.0434850887243511,"{'2024-09': 0.008393894106479838, '2024-10': -0.012192847337536783, '2024-11': 0.00476278409351516, '2024-12': -0.03173831616708711, '2025-01': -0.043485088724351195, '2025-02': -0.022860136168401324, '2025-03': -0.011866804347267945}","{'2024': -0.030922164182179968, '2025': -0.0764424448814286}",894.9991541075026,1049.8814164195348,daily_mark_to_market_equity,A02__QQQM_SMH__sma_40,a,QQQM_SMH,A02,sma_40,stress,0,sha256:acd49d7f6e3e633cb9e24e4f31a698d59c7e8a2578e14056df443689e9c014bb,sensitivity_evaluation,W3,False,A02__QQQM_SMH__sma_40/stress/W3
track_a,OK,2025-03-19,2025-09-18,1000.0,1267.24150465433,267.2415046543299,267.2415046543299,0.0,0.2672415046543299,0.6043429939394342,0.0382740966789348,2025-08-14,2025-08-21,21,0.1347172560932861,3.558336192126982,5.004007017882949,15.789869556138983,1780.41058653747,2.688399715070075,2.668399715070075,0.02,0.7669388894,64.73727714076634,201.73728862416357,6,2,2,1.0,,,120.0,120.0,61,33,0.0273499732330282,-0.0204204397716573,0.696587508812738,0.303412491187262,,0.1119632886639887,0.0,"{'2025-03': 0.0, '2025-04': 0.0, '2025-05': 0.039774049677800516, '2025-06': 0.11196328866398875, '2025-07': 0.029697866959865538, '2025-08': 0.007263775429202868, '2025-09': 0.056761387143266395}",{'2025': 0.26724150465433016},1000.0,1267.24150465433,daily_mark_to_market_equity,A02__QQQM_SMH__sma_40,a,QQQM_SMH,A02,sma_40,stress,0,sha256:acd49d7f6e3e633cb9e24e4f31a698d59c7e8a2578e14056df443689e9c014bb,sensitivity_evaluation,W4,False,A02__QQQM_SMH__sma_40/stress/W4
track_a,OK,2025-09-19,2026-03-18,1000.0,1080.1736587861526,80.1736587861526,80.1736587861526,0.0,0.0801736587861525,0.1694026153900587,0.0906025284927719,2025-10-29,2025-11-20,49,0.2180208310480535,0.8276393102061168,1.1279950847387408,1.8697338607230292,2842.022107589353,4.33200929839752,4.26200929839752,0.07,2.0422262795500004,30.37010764651306,47.76132486008949,6,7,7,1.0,11.945839593842376,4.778335837536951,110.28571428571428,120.0,69,53,0.0382865179261069,-0.0460779662092838,0.8755989807429282,0.1244010192570718,,0.0796507484604966,-0.0358256486753121,"{'2025-09': 0.0017596070622301063, '2025-10': 0.07965074846049669, '2025-11': -0.03582564867531213, '2025-12': 0.003847893955615689, '2026-01': 0.06091370679575503, '2026-02': -0.007292859173420485, '2026-03': -0.020234634413645924}","{'2025': 0.046815857327520805, '2026': 0.03186596880925663}",988.07147036223,1139.345809629915,daily_mark_to_market_equity,A02__QQQM_SMH__sma_40,a,QQQM_SMH,A02,sma_40,stress,0,sha256:acd49d7f6e3e633cb9e24e4f31a698d59c7e8a2578e14056df443689e9c014bb,sensitivity_evaluation,W5,False,A02__QQQM_SMH__sma_40/stress/W5
track_a,OK,2026-03-19,2026-09-18,1000.0,1238.1667905328254,238.16679053282544,238.16679053282544,0.0,0.2381667905328255,0.5317153350558317,0.1369952879834578,2026-06-22,2026-07-29,62,0.2923728686933906,1.5968229379254393,2.06951860313878,3.881267325924642,4280.45455557042,6.490294333674989,6.420294333674989,0.07,0.7060994865000001,211.02387723493615,26.436813811389044,8,7,7,1.0,4.331047927285478,25.986287563712864,118.0,133.0,76,48,0.0502764547821552,-0.0710646415131619,0.772337060361481,0.227662939638519,,0.1560063732894299,-0.0970946287518562,"{'2026-03': -0.01072611776235266, '2026-04': 0.1560063732894299, '2026-05': 0.1431090242012787, '2026-06': 0.04882231073589782, '2026-07': -0.09709462875185626, '2026-08': 0.011368383217727818, '2026-09': -0.011079910170330831}",{'2026': 0.23816679053282552},977.818550911795,1387.8372359219975,daily_mark_to_market_equity,A02__QQQM_SMH__sma_40,a,QQQM_SMH,A02,sma_40,stress,0,sha256:acd49d7f6e3e633cb9e24e4f31a698d59c7e8a2578e14056df443689e9c014bb,sensitivity_evaluation,W6,False,A02__QQQM_SMH__sma_40/stress/W6
track_a,OK,2023-09-19,2024-03-18,1000.0,1302.6922683727705,302.6922683727703,302.6922683727703,0.0,0.3026922683727702,0.7050838789223668,0.0501428162530562,2024-03-07,2024-03-15,7,0.1888186511606711,2.919321042336928,5.478304526209326,14.06151332553825,2576.642441053,1.3280739768898568,1.2880739768898568,0.04,5.72110712966,-29.436728840827932,326.4078900839383,7,4,4,,,,21.75,21.0,75,50,0.0496208456487814,-0.0281405763998799,0.8357022584363698,0.1642977415636302,,0.0975319968738379,-0.0184633812329649,"{'2023-09': -0.01846338123296498, '2023-10': -0.017685795509596813, '2023-11': 0.08332255356414775, '2023-12': 0.07562673528586084, '2024-01': 0.04064441504336869, '2024-02': 0.09753199687383796, '2024-03': 0.015186850035805}","{'2023': 0.12350834847234915, '2024': 0.15948606002265864}",958.0646841390802,1364.23888887235,daily_mark_to_market_equity,A02__QQQM_SMH__sma_60,a,QQQM_SMH,A02,sma_60,base,0,sha256:acd49d7f6e3e633cb9e24e4f31a698d59c7e8a2578e14056df443689e9c014bb,sensitivity_evaluation,W1,False,A02__QQQM_SMH__sma_60/base/W1
track_a,OK,2024-03-19,2024-09-18,1000.0,993.5678353304454,-6.432164669554595,-6.432164669554595,0.0,-0.0064321646695545,-0.0127968488974292,0.1919121924224532,2024-07-10,2024-09-06,49,0.2295316826709915,0.0589374471674695,0.0730283201923195,-0.0666807498569958,4272.704215928115,2.2461856407547356,2.1361856407547357,0.1099999999999999,0.8758183812000001,-1.0898718417532316,-6.218111209001557,8,11,11,1.0,1.1603930686459585,0.966994223871632,119.8181818181818,140.0,75,52,0.0346316877094288,-0.0508714603659264,0.8426454765160528,0.1573545234839471,,0.0862550504930723,-0.0569344590727037,"{'2024-03': 0.030472995451590545, '2024-04': -0.05693445907270378, '2024-05': 0.08625505049307236, '2024-06': 0.0730148610757071, '2024-07': -0.04176825718660648, '2024-08': -0.044641517391315166, '2024-09': -0.04182558723545704}",{'2024': -0.006432164669554763},943.92446279423,1205.993895134675,daily_mark_to_market_equity,A02__QQQM_SMH__sma_60,a,QQQM_SMH,A02,sma_60,base,0,sha256:acd49d7f6e3e633cb9e24e4f31a698d59c7e8a2578e14056df443689e9c014bb,sensitivity_evaluation,W2,False,A02__QQQM_SMH__sma_60/base/W2
track_a,OK,2024-09-19,2025-03-18,1000.0,915.5738649413804,-84.42613505861948,-84.42613505861948,0.0,-0.0844261350586195,-0.1638782934817406,0.1318956716272302,2024-12-16,2025-03-10,61,0.1880978870344379,-0.8657479333331972,-0.8930162994396117,-1.242484241218326,6321.51722666116,3.28073813437964,3.1607381343796397,0.1199999999999999,0.7704053957600006,-85.19654045437942,-1.4923962066148973e-14,11,12,12,1.0,0.4936855433561021,0.1645618477853673,111.91666666666669,112.0,60,54,0.0220835918552919,-0.0624581636140416,0.7380075871071302,0.2619924128928698,,0.0203060642583883,-0.038916708920633,"{'2024-09': 0.006310478568960054, '2024-10': -0.012245148400689243, '2024-11': 0.020306064258388323, '2024-12': -0.03014598056101403, '2025-01': -0.038916708920633036, '2025-02': -0.02015470218850879, '2025-03': -0.011545135313471677}","{'2024': -0.016401167899614988, '2025': -0.06915925979064486}",915.5738649413804,1054.6818337579202,daily_mark_to_market_equity,A02__QQQM_SMH__sma_60,a,QQQM_SMH,A02,sma_60,base,0,sha256:acd49d7f6e3e633cb9e24e4f31a698d59c7e8a2578e14056df443689e9c014bb,sensitivity_evaluation,W3,False,A02__QQQM_SMH__sma_60/base/W3
track_a,OK,2025-03-19,2025-09-18,1000.0,1257.9181190532902,257.9181190532902,257.9181190532902,0.0,0.2579181190532902,0.580870641214414,0.0382955714729646,2025-08-14,2025-08-21,19,0.1339492767461981,3.4683930812949675,4.811497535004519,15.168089125513845,989.8394101889098,0.4946723689099362,0.4946723689099362,0.0,0.7535514221999999,0.0,257.1645676310901,3,0,0,,,,,,60,34,0.0273684417110713,-0.0204319827739493,0.7007965036769723,0.2992034963230277,,0.1120378099701546,0.0,"{'2025-03': 0.0, '2025-04': 0.0, '2025-05': 0.020944348811090308, '2025-06': 0.11203780997015467, '2025-07': 0.029715642714264412, '2025-08': 0.007267998134876885, '2025-09': 0.06823893474869114}",{'2025': 0.2579181190532902},1000.0,1257.9181190532902,daily_mark_to_market_equity,A02__QQQM_SMH__sma_60,a,QQQM_SMH,A02,sma_60,base,0,sha256:acd49d7f6e3e633cb9e24e4f31a698d59c7e8a2578e14056df443689e9c014bb,sensitivity_evaluation,W4,False,A02__QQQM_SMH__sma_60/base/W4
track_a,OK,2025-09-19,2026-03-18,1000.0,1102.6808998686151,102.68089986861514,102.68089986861514,0.0,0.102680899868615,0.2193765103404787,0.0984098660831415,2025-10-29,2025-11-20,29,0.2291850363259818,0.9811578061213908,1.3425615658292398,2.2292125685359503,1908.507933514235,0.9940827229948292,0.9540827229948292,0.04,2.13991110161,-1.4797012713654776,102.02069003837076,4,4,4,1.0,0.1922480296395759,0.576744088918728,123.0,130.0,69,53,0.03889392984622,-0.0460341114523411,0.9161116391046416,0.0838883608953584,,0.0795721104729123,-0.0226838954404452,"{'2025-09': 0.0027496066874097558, '2025-10': 0.07957211047291235, '2025-11': -0.022683895440445245, '2025-12': 0.007095348499628784, '2026-01': 0.06383301669719654, '2026-02': -0.006660657430394679, '2026-03': -0.020670248435201377}","{'2025': 0.0654910405746445, '2026': 0.03490396247153149}",988.8214205074104,1163.1603121183605,daily_mark_to_market_equity,A02__QQQM_SMH__sma_60,a,QQQM_SMH,A02,sma_60,base,0,sha256:acd49d7f6e3e633cb9e24e4f31a698d59c7e8a2578e14056df443689e9c014bb,sensitivity_evaluation,W5,False,A02__QQQM_SMH__sma_60/base/W5
track_a,OK,2026-03-19,2026-09-18,1000.0,1235.6282172728654,235.6282172728654,235.6282172728654,0.0,0.2356282172728654,0.5254537521972089,0.1483169679240327,2026-06-22,2026-07-29,62,0.2947083144970263,1.5726049499898571,2.060910801060682,3.542775715765333,3824.282608929045,1.982096619934844,1.9120966199348437,0.07,0.7065509428,201.6514027022893,33.27026362777608,8,7,7,1.0,4.300445845554975,25.802675073329848,120.0,133.0,76,48,0.0502500895765245,-0.0710302291941911,0.7817876037956183,0.2182123962043817,,0.1568374577794136,-0.1085117507573221,"{'2026-03': -0.010241684867094647, '2026-04': 0.1568374577794136, '2026-05': 0.1430277072302366, '2026-06': 0.0487980601760003, '2026-07': -0.10851175075732211, '2026-08': 0.012660599926936023, '2026-09': -0.002855388725807262}",{'2026': 0.2356282172728681},978.1485506372652,1389.3761687571853,daily_mark_to_market_equity,A02__QQQM_SMH__sma_60,a,QQQM_SMH,A02,sma_60,base,0,sha256:acd49d7f6e3e633cb9e24e4f31a698d59c7e8a2578e14056df443689e9c014bb,sensitivity_evaluation,W6,False,A02__QQQM_SMH__sma_60/base/W6
track_a,OK,2023-09-19,2024-03-18,1000.0,1299.4690329960602,299.46903299606015,299.46903299606015,0.0,0.2994690329960601,0.696581111208451,0.0501662419703632,2024-03-07,2024-03-15,7,0.1889459892397359,2.8909891023535357,5.441088546776452,13.885455315149398,2575.24879373971,3.9006523124200383,3.8606523124200383,0.04,5.70974352848,-31.044555064125277,324.8038445317051,7,4,4,,,,21.75,21.0,75,50,0.0496468704628869,-0.0281537231172318,0.8361493788383101,0.1638506211616899,,0.0975851677700951,-0.0194400821529348,"{'2023-09': -0.0194400821529348, '2023-10': -0.018667934820097543, '2023-11': 0.08267015405773193, '2023-12': 0.07567288654838045, '2024-01': 0.0406674742257509, '2024-02': 0.09758516777009518, '2024-03': 0.01519439387715793}","{'2023': 0.12064101416810113, '2024': 0.15957654285990297}",956.4672841754352,1360.8934079681003,daily_mark_to_market_equity,A02__QQQM_SMH__sma_60,a,QQQM_SMH,A02,sma_60,stress,0,sha256:acd49d7f6e3e633cb9e24e4f31a698d59c7e8a2578e14056df443689e9c014bb,sensitivity_evaluation,W1,False,A02__QQQM_SMH__sma_60/stress/W1
track_a,OK,2024-03-19,2024-09-18,1000.0,989.33102428689,-10.668975713110058,-10.668975713110058,0.0,-0.01066897571311,-0.0211810962203219,0.1934097256147192,2024-07-10,2024-09-06,49,0.2296537319697449,0.0221070420100967,0.0274367603181018,-0.1095141216554726,4267.45984793111,6.509697295010098,6.399697295010098,0.1099999999999999,0.8742166419,-4.688202315679403,-6.854990039330622,8,11,11,1.0,1.5168825307899778,0.8667900175942731,119.8181818181818,140.0,75,52,0.0346444498779647,-0.0508886692568556,0.843036768689833,0.1569632313101669,,0.0861109327417439,-0.0577635536439625,"{'2024-03': 0.02948299551476996, '2024-04': -0.05776355364396257, '2024-05': 0.08611093274174397, '2024-06': 0.07303891765753767, '2024-07': -0.04210698387512357, '2024-08': -0.04571928786417179, '2024-09': -0.042630163986668745}",{'2024': -0.01066897571311054},942.78589686213,1203.666727356305,daily_mark_to_market_equity,A02__QQQM_SMH__sma_60,a,QQQM_SMH,A02,sma_60,stress,0,sha256:acd49d7f6e3e633cb9e24e4f31a698d59c7e8a2578e14056df443689e9c014bb,sensitivity_evaluation,W2,False,A02__QQQM_SMH__sma_60/stress/W2
track_a,OK,2024-09-19,2025-03-18,1000.0,909.9133906552728,-90.08660934472732,-90.08660934472732,0.0,-0.0900866093447273,-0.1743342285805517,0.1355113635660552,2024-12-16,2025-03-13,61,0.1880667491792977,-0.9334305327661332,-0.9706053720737602,-1.286491582645556,6293.191856733032,9.559604865487476,9.439604865487476,0.1199999999999999,0.7704053957600003,-90.85700446212569,-1.027836164153862e-05,11,12,12,1.0,0.4434104687371202,0.14780348957904,111.91666666666669,112.0,63,57,0.0221003570312394,-0.0624883315748012,0.7384768073981025,0.2615231926018975,,0.0196655564074543,-0.0403651293647235,"{'2024-09': 0.0056504786668798435, '2024-10': -0.012575628847359632, '2024-11': 0.019665556407454376, '2024-12': -0.03170024222490375, '2025-01': -0.040365129364723584, '2025-02': -0.021276799824635595, '2025-03': -0.011866386286375152}","{'2024': -0.0195657385941308, '2025': -0.07192819909157}",909.9133879952726,1052.5452269086,daily_mark_to_market_equity,A02__QQQM_SMH__sma_60,a,QQQM_SMH,A02,sma_60,stress,0,sha256:acd49d7f6e3e633cb9e24e4f31a698d59c7e8a2578e14056df443689e9c014bb,sensitivity_evaluation,W3,False,A02__QQQM_SMH__sma_60/stress/W3
track_a,OK,2025-03-19,2025-09-18,1000.0,1256.88844595016,256.8884459501601,256.8884459501601,0.0,0.2568884459501601,0.5782889433815779,0.0383216502178145,2025-08-14,2025-08-21,19,0.1338336849664262,3.459114158851445,4.791042890534572,15.090397728038068,990.66520490914,1.4837721491400633,1.4837721491400633,0.0,0.7534284592999999,0.0,256.1350174908599,3,0,0,,,,,,60,34,0.0273908755526832,-0.0204460003947153,0.7013033032062007,0.2986966967937993,,0.1121283277782423,0.0,"{'2025-03': 0.0, '2025-04': 0.0, '2025-05': 0.01995341084086011, '2025-06': 0.11212832777824233, '2025-07': 0.029737231321201874, '2025-08': 0.007273126619563364, '2025-09': 0.06828672915578538}",{'2025': 0.25688844595016036},1000.0,1256.88844595016,daily_mark_to_market_equity,A02__QQQM_SMH__sma_60,a,QQQM_SMH,A02,sma_60,stress,0,sha256:acd49d7f6e3e633cb9e24e4f31a698d59c7e8a2578e14056df443689e9c014bb,sensitivity_evaluation,W4,False,A02__QQQM_SMH__sma_60/stress/W4
track_a,OK,2025-09-19,2026-03-18,1000.0,1100.8262682719676,100.8262682719676,100.8262682719676,0.0,0.1008262682719676,0.215218483281919,0.0984987774230041,2025-10-29,2025-11-20,29,0.2294134360836406,0.9654847061224378,1.3229734483324982,2.1849863410756942,1905.2595244531876,2.896348816592536,2.856348816592536,0.04,2.13948957356,-2.671665279480475,101.35844397788792,4,4,4,1.0,0.1015140654020786,0.3045421962062358,123.0,130.0,69,53,0.0389188849075043,-0.0460779662092838,0.9168026641461856,0.0831973358538145,,0.0796507484604966,-0.0227046591937657,"{'2025-09': 0.0017596070622301063, '2025-10': 0.07965074846049669, '2025-11': -0.02270465919376574, '2025-12': 0.006807190866598978, '2026-01': 0.06365792407538029, '2026-02': -0.006925487699038779, '2026-03': -0.020699389003805968}","{'2025': 0.06418943558903978, '2026': 0.034426984010273776}",987.83142088223,1161.56038948159,daily_mark_to_market_equity,A02__QQQM_SMH__sma_60,a,QQQM_SMH,A02,sma_60,stress,0,sha256:acd49d7f6e3e633cb9e24e4f31a698d59c7e8a2578e14056df443689e9c014bb,sensitivity_evaluation,W5,False,A02__QQQM_SMH__sma_60/stress/W5
track_a,OK,2026-03-19,2026-09-18,1000.0,1231.6856781940228,231.6856781940228,231.6856781940228,0.0,0.2316856781940228,0.5157545547074329,0.1486715692249532,2026-06-22,2026-07-29,62,0.2947296159666663,1.5509622589662582,2.028111900597706,3.469086641085025,3819.500556994857,5.7988509174775045,5.728850917477504,0.07,0.7060994865000001,198.1482806321406,32.8312980753821,8,7,7,1.0,4.0769587032860795,24.461752219716477,120.0,133.0,74,50,0.0502764547821552,-0.0710646415131619,0.7821437834311302,0.2178562165688697,,0.1560063732894299,-0.1088673760608801,"{'2026-03': -0.01072611776235266, '2026-04': 0.1560063732894299, '2026-05': 0.1431090242012787, '2026-06': 0.04882231073589782, '2026-07': -0.10886737606088015, '2026-08': 0.011798717376896306, '2026-09': -0.003684053580542357}",{'2026': 0.23168567819402286},977.818550911795,1387.8372359219975,daily_mark_to_market_equity,A02__QQQM_SMH__sma_60,a,QQQM_SMH,A02,sma_60,stress,0,sha256:acd49d7f6e3e633cb9e24e4f31a698d59c7e8a2578e14056df443689e9c014bb,sensitivity_evaluation,W6,False,A02__QQQM_SMH__sma_60/stress/W6
track_a,OK,2023-09-19,2024-03-18,1000.0,1303.1153681012122,303.1153681012122,303.1153681012122,0.0,0.3031153681012122,0.7062015913932289,0.0793353635020618,2023-10-11,2023-10-26,22,0.1883005030632507,2.93062634766048,4.86483419402747,8.901472939931454,2104.892142284798,1.0922080865678456,1.0522080865678456,0.04,5.43625478368,9.234331031528528,288.4447822860038,7,4,4,1.0,0.573325317933433,1.719975953800299,82.25,76.0,69,46,0.0450191881891712,-0.0283034116270761,0.8682227899965349,0.1317772100034651,,0.0928796711051271,-0.0286083336846151,"{'2023-09': 0.0, '2023-10': -0.028608333684615128, '2023-11': 0.09287967110512718, '2023-12': 0.07384477984152982, '2024-01': 0.0375405446281607, '2024-02': 0.0888078506594896, '2024-03': 0.011855076439184264}","{'2023': 0.14000887202689682, '2024': 0.14307476027297716}",953.839629615625,1362.347005259492,daily_mark_to_market_equity,A03__QQQM_SMH__vol_42,a,QQQM_SMH,A03,vol_42,base,0,sha256:acd49d7f6e3e633cb9e24e4f31a698d59c7e8a2578e14056df443689e9c014bb,sensitivity_evaluation,W1,False,A03__QQQM_SMH__vol_42/base/W1
track_a,OK,2024-03-19,2024-09-18,1000.0,1041.6397541523302,41.63975415233017,41.63975415233017,0.0,0.0416397541523301,0.0848319812127902,0.1830182173036811,2024-07-10,2024-08-07,49,0.2689717936249824,0.4349836582364037,0.5644109763652762,0.463516596667691,1866.16505752128,0.9829498593698406,0.9329498593698404,0.05,0.6570051817000001,8.45704902944502,32.52569994118499,7,5,5,1.0,2.9567664313561166,1.9711776209040777,92.2,91.0,69,49,0.0486489955443092,-0.0508892424312771,0.8571754888628804,0.1428245111371195,,0.0964113547920462,-0.0468149174077011,"{'2024-03': 0.0, '2024-04': -0.04117213382726981, '2024-05': 0.09641135479204621, '2024-06': 0.07451187705879514, '2024-07': -0.034169690670393216, '2024-08': 0.001645598625199085, '2024-09': -0.04681491740770116}",{'2024': 0.041639754152331454},911.57629156273,1195.457610826725,daily_mark_to_market_equity,A03__QQQM_SMH__vol_42,a,QQQM_SMH,A03,vol_42,base,0,sha256:acd49d7f6e3e633cb9e24e4f31a698d59c7e8a2578e14056df443689e9c014bb,sensitivity_evaluation,W2,False,A03__QQQM_SMH__vol_42/base/W2
track_a,OK,2024-09-19,2025-03-18,1000.0,986.8385795057204,-13.161420494279696,-13.161420494279696,0.0,-0.0131614204942797,-0.026525863796634,0.0964246729861375,2024-12-16,2025-03-07,61,0.1613297047571205,-0.0877955665630299,-0.103629260443892,-0.2750941535518352,3120.50881288882,1.5902512135899098,1.5602512135899098,0.03,1.20024835931,-14.361668853589777,-6.290458600552055e-15,5,3,3,1.0,0.480533245649451,0.2402666228247255,78.33333333333333,46.0,58,48,0.0223115915471558,-0.0348668598744925,0.782680389218947,0.217319610781053,,0.0355003524770065,-0.0414401416036206,"{'2024-09': 0.0, '2024-10': 0.006665849435050442, '2024-11': 0.03550035247700656, '2024-12': -0.005899415819947129, '2025-01': 0.020284432144499043, '2025-02': -0.026267410348430498, '2025-03': -0.04144014160362064}","{'2024': 0.03625327410020107, '2025': -0.0476859237307482}",986.8385795057204,1092.14865656749,daily_mark_to_market_equity,A03__QQQM_SMH__vol_42,a,QQQM_SMH,A03,vol_42,base,0,sha256:acd49d7f6e3e633cb9e24e4f31a698d59c7e8a2578e14056df443689e9c014bb,sensitivity_evaluation,W3,False,A03__QQQM_SMH__vol_42/base/W3
track_a,OK,2025-03-19,2025-09-18,1000.0,1211.4101756669052,211.41017566690516,211.41017566690516,0.0,0.2114101756669051,0.4663615937130194,0.0389421168188106,2025-08-14,2025-09-02,19,0.1177609328662256,3.2922762082679826,4.014028964391356,11.97576382102956,1174.588685605335,0.6070492845949639,0.5870492845949639,0.02,0.7915507515,4.196331945370016,206.4222929700352,4,2,2,1.0,,,45.5,45.5,50,25,0.0252878894094796,-0.0209672150185981,0.5719464357156089,0.4280535642843911,,0.0945365436208798,0.0,"{'2025-03': 0.0, '2025-04': 0.0, '2025-05': 0.0, '2025-06': 0.09453654362087982, '2025-07': 0.027089316139616848, '2025-08': 0.007427218441999672, '2025-09': 0.06964350704671007}",{'2025': 0.2114101756669049},1000.0,1211.4101756669052,daily_mark_to_market_equity,A03__QQQM_SMH__vol_42,a,QQQM_SMH,A03,vol_42,base,0,sha256:acd49d7f6e3e633cb9e24e4f31a698d59c7e8a2578e14056df443689e9c014bb,sensitivity_evaluation,W4,False,A03__QQQM_SMH__vol_42/base/W4
track_a,OK,2025-09-19,2026-03-18,1000.0,1081.7198083616177,81.71980836161765,81.71980836161765,0.0,0.0817198083616177,0.1728016804571788,0.099896230300397,2025-10-29,2025-11-20,29,0.2418172477999268,0.7807363106144561,1.057090430654651,1.729811825106397,1438.7683815877729,0.7491834604724315,0.7191834604724314,0.03,2.25742566709,-1.737514644541987,81.19989733906968,7,3,3,1.0,0.2814837012347453,0.5629674024694906,102.66666666666669,95.0,64,51,0.0420512951645437,-0.04642385542752,0.886537615117289,0.1134623848827109,,0.0733311956274482,-0.0268121714225965,"{'2025-09': 0.0, '2025-10': 0.052366246735499944, '2025-11': -0.023071533537803002, '2025-12': 0.011007966768739497, '2026-01': 0.07333119562744828, '2026-02': -0.003677107514938771, '2026-03': -0.02681217142259651}","{'2025': 0.039403686087005285, '2026': 0.04071192246192368}",959.7461898198902,1152.6255063681076,daily_mark_to_market_equity,A03__QQQM_SMH__vol_42,a,QQQM_SMH,A03,vol_42,base,0,sha256:acd49d7f6e3e633cb9e24e4f31a698d59c7e8a2578e14056df443689e9c014bb,sensitivity_evaluation,W5,False,A03__QQQM_SMH__vol_42/base/W5
track_a,OK,2026-03-19,2026-09-18,1000.0,1469.4187166906834,469.41871669068337,469.41871669068337,0.0,0.4694187166906833,1.1557883066208965,0.1833690940361231,2026-06-22,2026-07-29,62,0.3306807745570418,2.4768181356234953,3.7203161735765495,6.303070387604194,2496.4527334094832,1.2879855243668648,1.2479855243668647,0.04,0.46182606105,241.11021967315497,227.8466709564783,7,4,4,1.0,,,92.5,92.5,72,45,0.0570465702950437,-0.0633787549300237,0.8359161831212321,0.1640838168787679,,0.3363830014323308,-0.1266031273417325,"{'2026-03': 0.0, '2026-04': 0.3363830014323308, '2026-05': 0.131844503578177, '2026-06': 0.05616866655423469, '2026-07': -0.1266031273417325, '2026-08': 0.03516267395950523, '2026-09': 0.017359261334714438}",{'2026': 0.4694187166906836},1000.0,1616.7137215858152,daily_mark_to_market_equity,A03__QQQM_SMH__vol_42,a,QQQM_SMH,A03,vol_42,base,0,sha256:acd49d7f6e3e633cb9e24e4f31a698d59c7e8a2578e14056df443689e9c014bb,sensitivity_evaluation,W6,False,A03__QQQM_SMH__vol_42/base/W6
track_a,OK,2023-09-19,2024-03-18,1000.0,1300.3138448961893,300.31384489618927,300.31384489618927,0.0,0.3003138448961893,0.69880761812755,0.0794112462847534,2023-10-11,2023-10-26,22,0.1884178082740901,2.905844427838319,4.815792701727318,8.799857083488654,2105.007803275721,3.195374341210355,3.1553743412103548,0.04,5.4260698376,8.080972431185836,286.80680262740367,7,4,4,1.0,0.5344132943584738,1.6032398830754215,82.25,76.0,69,46,0.0450160033398654,-0.0283315125737221,0.8682788039050129,0.1317211960949871,,0.0923127546918916,-0.0298770999938452,"{'2023-09': 0.0, '2023-10': -0.029877099993845246, '2023-11': 0.0923127546918916, '2023-12': 0.07369018820613227, '2024-01': 0.03752412255297011, '2024-02': 0.08873300744476609, '2024-03': 0.011756139503571017}","{'2023': 0.13776546035173443, '2024': 0.14286633775488577}",952.8496297468748,1359.4152269109493,daily_mark_to_market_equity,A03__QQQM_SMH__vol_42,a,QQQM_SMH,A03,vol_42,stress,0,sha256:acd49d7f6e3e633cb9e24e4f31a698d59c7e8a2578e14056df443689e9c014bb,sensitivity_evaluation,W1,False,A03__QQQM_SMH__vol_42/stress/W1
track_a,OK,2024-03-19,2024-09-18,1000.0,1039.60560159771,39.60560159771012,39.60560159771012,0.0,0.0396056015977102,0.0806077754278715,0.183158361461725,2024-07-10,2024-08-07,49,0.2690695669144538,0.4205035719587062,0.5457171068845301,0.4400988018486741,1865.1938448666,2.8465984877900357,2.796598487790036,0.05,0.6562572555000001,7.012702967020125,31.936641375189943,7,5,5,1.0,2.568856873735459,1.712571249156973,92.2,91.0,69,49,0.0486563403337703,-0.0508911293274584,0.8573106150008287,0.1426893849991712,,0.0963008030681058,-0.0472704590463483,"{'2024-03': 0.0, '2024-04': -0.042162133641809874, '2024-05': 0.09630080306810584, '2024-06': 0.07445746522754826, '2024-07': -0.034297857080936356, '2024-08': 0.0014858611431822766, '2024-09': -0.0472704590463483}",{'2024': 0.039605601597711315},910.58629174819,1193.89918402716,daily_mark_to_market_equity,A03__QQQM_SMH__vol_42,a,QQQM_SMH,A03,vol_42,stress,0,sha256:acd49d7f6e3e633cb9e24e4f31a698d59c7e8a2578e14056df443689e9c014bb,sensitivity_evaluation,W2,False,A03__QQQM_SMH__vol_42/stress/W2
track_a,OK,2024-09-19,2025-03-18,1000.0,983.79173741584,-16.208262584160025,-16.208262584160025,0.0,-0.0162082625841599,-0.0326149965746112,0.0977030436840694,2024-12-16,2025-03-07,61,0.1613228293219745,-0.1270732335115283,-0.1502722960262981,-0.3338176104326327,3117.42574321582,4.706110038060102,4.676110038060102,0.03,1.1986313339,-17.40689391806012,0.0,5,3,3,1.0,0.3595341305895853,0.1797670652947926,78.33333333333333,46.0,58,48,0.0223160320400617,-0.0348783780702248,0.7828712651870063,0.2171287348129936,,0.0351432682397001,-0.0423927505362231,"{'2024-09': 0.0, '2024-10': 0.005675849485149875, '2024-11': 0.035143268239700154, '2024-12': -0.006466585081243648, '2025-01': 0.02008728698429474, '2025-02': -0.026272469388182396, '2025-03': -0.042392750536223156}","{'2024': 0.0342867503706894, '2025': -0.048821096216065896}",983.79173741584,1090.31924637389,daily_mark_to_market_equity,A03__QQQM_SMH__vol_42,a,QQQM_SMH,A03,vol_42,stress,0,sha256:acd49d7f6e3e633cb9e24e4f31a698d59c7e8a2578e14056df443689e9c014bb,sensitivity_evaluation,W3,False,A03__QQQM_SMH__vol_42/stress/W3
track_a,OK,2025-03-19,2025-09-18,1000.0,1210.0856258350748,210.0856258350748,210.0856258350748,0.0,0.2100856258350747,0.4631632820834861,0.0389453611590391,2025-08-14,2025-09-02,19,0.1175547012503082,3.2793556141559637,3.9909788930555785,11.892643136421064,1175.457594970505,1.7809832464250943,1.7609832464250943,0.02,0.7915507515,4.02551947684,205.26855560673505,4,2,2,1.0,,,45.5,45.5,50,25,0.0252899695355659,-0.0209689755796653,0.5720471399767715,0.4279528600232285,,0.0935465439596403,0.0,"{'2025-03': 0.0, '2025-04': 0.0, '2025-05': 0.0, '2025-06': 0.09354654395964035, '2025-07': 0.026970393775455737, '2025-08': 0.007347753566346649, '2025-09': 0.06964947872656069}",{'2025': 0.2100856258350745},1000.0,1210.0856258350748,daily_mark_to_market_equity,A03__QQQM_SMH__vol_42,a,QQQM_SMH,A03,vol_42,stress,0,sha256:acd49d7f6e3e633cb9e24e4f31a698d59c7e8a2578e14056df443689e9c014bb,sensitivity_evaluation,W4,False,A03__QQQM_SMH__vol_42/stress/W4
track_a,OK,2025-09-19,2026-03-18,1000.0,1080.2050445490077,80.20504454900765,80.20504454900765,0.0,0.0802050445490076,0.1694715642961737,0.0999105282035176,2025-10-29,2025-11-20,29,0.2419360083121007,0.7686935608783187,1.0419265148843155,1.6962332933618398,1438.8457397100128,2.1864643248525626,2.156464324852563,0.03,2.25384089886,-2.362176047510271,80.3133796976578,7,3,3,1.0,0.2297947398567875,0.459589479713575,102.66666666666669,95.0,64,51,0.042052898893073,-0.0464693669689192,0.8866702503222362,0.1133297496777637,,0.0731832789185822,-0.0270079935444851,"{'2025-09': 0.0, '2025-10': 0.05137624708650024, '2025-11': -0.023085755438864375, '2025-12': 0.010937576289543616, '2026-01': 0.07318327891858223, '2026-02': -0.0037138600168489244, '2026-03': -0.02700799354448513}","{'2025': 0.03833846525623996, '2026': 0.04032074385536277}",958.83985625203,1151.2445936518975,daily_mark_to_market_equity,A03__QQQM_SMH__vol_42,a,QQQM_SMH,A03,vol_42,stress,0,sha256:acd49d7f6e3e633cb9e24e4f31a698d59c7e8a2578e14056df443689e9c014bb,sensitivity_evaluation,W5,False,A03__QQQM_SMH__vol_42/stress/W5
track_a,OK,2026-03-19,2026-09-18,1000.0,1466.8045892762696,466.8045892762695,466.8045892762695,0.0,0.4668045892762695,1.148140418375576,0.1835494311026164,2026-06-22,2026-07-29,62,0.3305274012093268,2.4671001425931105,3.704141932925484,6.2552109885521165,2496.60260403466,3.7827417806305377,3.7427417806305376,0.04,0.4604664099000001,240.05439715366455,226.28972571270504,7,4,4,1.0,,,92.5,92.5,72,45,0.0571000677424857,-0.0633831894799819,0.8359901560870976,0.1640098439129024,,0.3353930016969899,-0.1267830457989381,"{'2026-03': 0.0, '2026-04': 0.33539300169698993, '2026-05': 0.13148377667925004, '2026-06': 0.05572251971144038, '2026-07': -0.12678304579893818, '2026-08': 0.035127974225651615, '2026-09': 0.017299526508576024}",{'2026': 0.46680458927627},1000.0,1614.3247581757348,daily_mark_to_market_equity,A03__QQQM_SMH__vol_42,a,QQQM_SMH,A03,vol_42,stress,0,sha256:acd49d7f6e3e633cb9e24e4f31a698d59c7e8a2578e14056df443689e9c014bb,sensitivity_evaluation,W6,False,A03__QQQM_SMH__vol_42/stress/W6
track_a,OK,2023-09-19,2024-03-18,1000.0,1307.3098360684214,307.3098360684214,307.3098360684214,0.0,0.3073098360684214,0.7173022039100092,0.0792844852954384,2023-10-11,2023-10-26,22,0.190230052592901,2.9369031185275474,4.898570810307163,9.047195062654696,2105.730040336579,1.1026210024583416,1.0526210024583416,0.05,5.40543247778,8.087472288086005,293.8169313025557,8,5,5,1.0,0.4092476465885898,1.6369905863543597,84.2,92.0,69,46,0.0466505947894062,-0.0282612160561057,0.8679680583182317,0.1320319416817683,,0.0946057953002963,-0.028545317904619,"{'2023-09': 0.0, '2023-10': -0.028545317904619005, '2023-11': 0.09460579530029634, '2023-12': 0.07358579201912185, '2024-01': 0.03562113364830055, '2024-02': 0.09170095123286215, '2024-03': 0.0128774243193992}","{'2023': 0.14160810716787164, '2024': 0.14514764555380344}",953.8720150109,1369.2938122078515,daily_mark_to_market_equity,A03__QQQM_SMH__vol_84,a,QQQM_SMH,A03,vol_84,base,0,sha256:acd49d7f6e3e633cb9e24e4f31a698d59c7e8a2578e14056df443689e9c014bb,sensitivity_evaluation,W1,False,A03__QQQM_SMH__vol_84/base/W1
track_a,OK,2024-03-19,2024-09-18,1000.0,1034.772417026375,34.772417026375024,34.772417026375024,0.0,0.034772417026375,0.0706039655733086,0.1902061979605247,2024-07-10,2024-08-07,49,0.2743652235472326,0.3839653693115259,0.4912148291445419,0.3711969763885492,1785.1341531905052,0.9324382043248484,0.8924382043248482,0.04,0.6817366507,2.153304118425125,31.93737625725011,7,4,4,1.0,3.7661478823808383,1.2553826274602795,99.5,106.5,69,49,0.0516416841729769,-0.0511911712913364,0.8611967342541836,0.1388032657458163,,0.096767452722007,-0.0476251231873118,"{'2024-03': 0.0, '2024-04': -0.0412079976057399, '2024-05': 0.09676745272200704, '2024-06': 0.07477818666526015, '2024-07': -0.03579872953850394, '2024-08': -0.0029626826903821346, '2024-09': -0.047625123187311824}",{'2024': 0.03477241702637568},911.38206636426,1200.0001656904751,daily_mark_to_market_equity,A03__QQQM_SMH__vol_84,a,QQQM_SMH,A03,vol_84,base,0,sha256:acd49d7f6e3e633cb9e24e4f31a698d59c7e8a2578e14056df443689e9c014bb,sensitivity_evaluation,W2,False,A03__QQQM_SMH__vol_84/base/W2
track_a,OK,2024-09-19,2025-03-18,1000.0,987.9525879264904,-12.04741207350969,-12.04741207350969,0.0,-0.0120474120735096,-0.0242946730485645,0.0961880111221037,2024-12-16,2025-03-11,61,0.1615430855287483,-0.073159730995342,-0.08618018463262,-0.2525748559009527,3073.37943086338,1.5666867899199128,1.5366867899199128,0.03,1.2210960564099995,-13.268486571093671,-2.155882614757644e-05,5,3,3,1.0,0.4985973687092738,0.2492986843546369,78.33333333333333,46.0,61,52,0.0223096707387431,-0.0349205586349945,0.7852246264925866,0.2147753735074133,,0.0360198584304163,-0.0414365831751007,"{'2024-09': 0.0, '2024-10': 0.006665849435050442, '2024-11': 0.03601985843041633, '2024-12': -0.005341402150415897, '2025-01': 0.02034517766676114, '2025-02': -0.026265225835302553, '2025-03': -0.041436583175100794}","{'2024': 0.03735512464980606, '2025': -0.04762355296600218}",987.9525767264904,1093.0952331723952,daily_mark_to_market_equity,A03__QQQM_SMH__vol_84,a,QQQM_SMH,A03,vol_84,base,0,sha256:acd49d7f6e3e633cb9e24e4f31a698d59c7e8a2578e14056df443689e9c014bb,sensitivity_evaluation,W3,False,A03__QQQM_SMH__vol_84/base/W3
track_a,OK,2025-03-19,2025-09-18,1000.0,1208.311244354975,208.31124435497532,208.31124435497532,0.0,0.2083112443549752,0.4588842494135903,0.0393585003036229,2025-08-14,2025-09-02,19,0.1171788120795579,3.2646188089504062,3.952273047812783,11.659088783201163,1339.556335567245,0.6995373157249515,0.6695373157249515,0.03,0.7961569607,11.408855886083,196.10623150819225,5,3,3,1.0,,,61.0,62.0,50,25,0.0250839707291148,-0.0212950577752063,0.56304057656699,0.43695942343301,,0.0942519615797001,0.0,"{'2025-03': 0.0, '2025-04': 0.0, '2025-05': 0.0, '2025-06': 0.09425196157970017, '2025-07': 0.02604100128457909, '2025-08': 0.0071820196037806205, '2025-09': 0.0685351259194329}",{'2025': 0.20831124435497594},1000.0,1208.311244354975,daily_mark_to_market_equity,A03__QQQM_SMH__vol_84,a,QQQM_SMH,A03,vol_84,base,0,sha256:acd49d7f6e3e633cb9e24e4f31a698d59c7e8a2578e14056df443689e9c014bb,sensitivity_evaluation,W4,False,A03__QQQM_SMH__vol_84/base/W4
track_a,OK,2025-09-19,2026-03-18,1000.0,1082.62689321285,82.62689321285006,82.62689321285006,0.0,0.08262689321285,0.17479815047838,0.0993882756351305,2025-10-29,2025-11-20,29,0.2434454765671115,0.7841332476445627,1.0600280864035916,1.758740146776372,1458.621952894195,0.7791043038599325,0.7291043038599324,0.05,2.2866289767100003,-0.3453005204724451,80.68556475661259,7,5,5,1.0,0.2238934161775421,0.8955736647101686,93.0,95.0,64,51,0.0428839898387276,-0.0464134029325121,0.8883057901211197,0.1116942098788803,,0.0737337344325652,-0.02707639350866,"{'2025-09': 0.0, '2025-10': 0.05235129910440017, '2025-11': -0.02302348210023586, '2025-12': 0.0111058855855104, '2026-01': 0.07373373443256526, '2026-02': -0.0030761939976184927, '2026-03': -0.02707639350866009}","{'2025': 0.03954071874589493, '2026': 0.041447317733676714}",960.27222087631,1154.85839533616,daily_mark_to_market_equity,A03__QQQM_SMH__vol_84,a,QQQM_SMH,A03,vol_84,base,0,sha256:acd49d7f6e3e633cb9e24e4f31a698d59c7e8a2578e14056df443689e9c014bb,sensitivity_evaluation,W5,False,A03__QQQM_SMH__vol_84/base/W5
track_a,OK,2026-03-19,2026-09-18,1000.0,1464.0398530077716,464.0398530077716,464.0398530077716,0.0,0.4640398530077716,1.1400666656938987,0.186469148955966,2026-06-22,2026-07-29,62,0.3355383253531457,2.4240857790381742,3.574134362812148,6.113969372827037,2472.182823826201,1.2758541338283635,1.2358541338283635,0.04,0.4795029346,235.1102015572058,228.4501485159659,7,4,4,1.0,,,92.5,92.5,72,45,0.0570465702950437,-0.0664288741221789,0.8371586722818056,0.1628413277181943,,0.3363830014323308,-0.1290490075402822,"{'2026-03': 0.0, '2026-04': 0.3363830014323308, '2026-05': 0.12989933323867953, '2026-06': 0.057388386630681465, '2026-07': -0.12904900754028226, '2026-08': 0.035258081926741625, '2026-09': 0.016963391515486093}",{'2026': 0.46403985300777184},1000.0,1616.7227433889652,daily_mark_to_market_equity,A03__QQQM_SMH__vol_84,a,QQQM_SMH,A03,vol_84,base,0,sha256:acd49d7f6e3e633cb9e24e4f31a698d59c7e8a2578e14056df443689e9c014bb,sensitivity_evaluation,W6,False,A03__QQQM_SMH__vol_84/base/W6
track_a,OK,2023-09-19,2024-03-18,1000.0,1304.5087074350656,304.5087074350656,304.5087074350656,0.0,0.3045087074350656,0.7098850204637144,0.0793603210399763,2023-10-11,2023-10-26,22,0.1903492065281407,2.9124193147771535,4.849812070534526,8.945087559639815,2105.8423448211543,3.2065720482643036,3.156572048264304,0.05,5.39540763283,6.959548486143336,292.15375131609227,8,5,5,1.0,0.3812064842444306,1.5248259369777224,84.2,92.0,69,46,0.0466503374170328,-0.0282892744520234,0.8680201609117195,0.1319798390882804,,0.0940644581244756,-0.0298112672338602,"{'2023-09': 0.0, '2023-10': -0.029811267233860295, '2023-11': 0.09406445812447561, '2023-12': 0.07345183982109393, '2024-01': 0.03556261389783422, '2024-02': 0.09159680292903127, '2024-03': 0.012806927315535344}","{'2023': 0.1394143928671594, '2024': 0.14489400485144888}",952.8820150327,1366.3554459060056,daily_mark_to_market_equity,A03__QQQM_SMH__vol_84,a,QQQM_SMH,A03,vol_84,stress,0,sha256:acd49d7f6e3e633cb9e24e4f31a698d59c7e8a2578e14056df443689e9c014bb,sensitivity_evaluation,W1,False,A03__QQQM_SMH__vol_84/stress/W1
track_a,OK,2024-03-19,2024-09-18,1000.0,1032.8368484750852,32.83684847508516,32.83684847508516,0.0,0.0328368484750851,0.0666107110549529,0.1903136034249131,2024-07-10,2024-08-07,49,0.2744568969238485,0.3703889245471094,0.4739560367982478,0.3500049910054578,1784.3588817699251,2.715380050015028,2.675380050015028,0.04,0.6810187951,0.7767143882901202,31.379115291694863,7,4,4,1.0,3.2417952718698313,1.0805984239566104,99.5,106.5,69,49,0.0516456263107778,-0.0511935681607372,0.8613350726296949,0.1386649273703051,,0.0966596121337342,-0.0481143908479717,"{'2024-03': 0.0, '2024-04': -0.04219799729722007, '2024-05': 0.0966596121337342, '2024-06': 0.07475706888209466, '2024-07': -0.035879078312447854, '2024-08': -0.0030863215321903503, '2024-09': -0.048114390847971755}",{'2024': 0.03283684847508517},910.39206667278,1198.5275789357247,daily_mark_to_market_equity,A03__QQQM_SMH__vol_84,a,QQQM_SMH,A03,vol_84,stress,0,sha256:acd49d7f6e3e633cb9e24e4f31a698d59c7e8a2578e14056df443689e9c014bb,sensitivity_evaluation,W2,False,A03__QQQM_SMH__vol_84/stress/W2
track_a,OK,2024-09-19,2025-03-18,1000.0,984.94963526042,-15.050364739580004,-15.050364739580004,0.0,-0.0150503647395799,-0.0303032133958178,0.09744231860964,2024-12-16,2025-03-07,61,0.1615375509389969,-0.1117736298535214,-0.1322226887924234,-0.3109861693379283,3070.42140093282,4.635605924400102,4.605605924400102,0.03,1.21946306482,-16.269827804400038,0.0,5,3,3,1.0,0.3706697306986926,0.1853348653493463,78.33333333333333,46.0,58,48,0.022313805026044,-0.0349317334709102,0.7854086994685343,0.2145913005314657,,0.0356737060407899,-0.0423885356378437,"{'2024-09': 0.0, '2024-10': 0.005675849485149875, '2024-11': 0.0356737060407899, '2024-12': -0.005885310942896349, '2025-01': 0.020160828559078636, '2025-02': -0.026269932166165355, '2025-03': -0.04238853563784373}","{'2024': 0.035422176528049354, '2025': -0.048745856918839814}",984.94963526042,1091.2871892499302,daily_mark_to_market_equity,A03__QQQM_SMH__vol_84,a,QQQM_SMH,A03,vol_84,stress,0,sha256:acd49d7f6e3e633cb9e24e4f31a698d59c7e8a2578e14056df443689e9c014bb,sensitivity_evaluation,W3,False,A03__QQQM_SMH__vol_84/stress/W3
track_a,OK,2025-03-19,2025-09-18,1000.0,1206.81201677032,206.81201677032004,206.81201677032004,0.0,0.20681201677032,0.4552736416606879,0.0393558722143485,2025-08-14,2025-09-02,19,0.1169446397597917,3.2498288701321516,3.9265277018156417,11.568124806917686,1339.95458253148,2.037766840380094,2.007766840380094,0.03,0.7961569607,11.049328733407217,194.9665310762128,5,3,3,1.0,,,61.0,62.0,50,25,0.0250859189649295,-0.0212934642734597,0.5631290521134776,0.4368709478865223,,0.0932619618176995,0.0,"{'2025-03': 0.0, '2025-04': 0.0, '2025-05': 0.0, '2025-06': 0.09326196181769952, '2025-07': 0.025893081702947685, '2025-08': 0.007048044306231738, '2025-09': 0.06847187944730138}",{'2025': 0.20681201677031913},1000.0,1206.81201677032,daily_mark_to_market_equity,A03__QQQM_SMH__vol_84,a,QQQM_SMH,A03,vol_84,stress,0,sha256:acd49d7f6e3e633cb9e24e4f31a698d59c7e8a2578e14056df443689e9c014bb,sensitivity_evaluation,W4,False,A03__QQQM_SMH__vol_84/stress/W4
track_a,OK,2025-09-19,2026-03-18,1000.0,1081.1324772854475,81.13247728544775,81.13247728544775,0.0,0.0811324772854478,0.1715098987228422,0.0993861763150779,2025-10-29,2025-11-20,29,0.2435676282686688,0.7723298229878077,1.0452076531323646,1.7256916915599496,1458.7412453981376,2.236254286962564,2.1862542869625643,0.05,2.2843455774100003,-0.963567016112486,79.81169872414999,7,5,5,1.0,0.1841053096688436,0.7364212386753743,93.0,95.0,64,51,0.0428823059024414,-0.0464589044440914,0.8884367288899593,0.1115632711100407,,0.0736208854061022,-0.0272511610561906,"{'2025-09': 0.0, '2025-10': 0.051361299393199555, '2025-11': -0.0230440176254757, '2025-12': 0.011043559943054282, '2026-01': 0.07362088540610223, '2026-02': -0.0031486740052570905, '2026-03': -0.02725116105619063}","{'2025': 0.03847692378707568, '2026': 0.04107510963538541}",959.38285183924,1153.4697376117574,daily_mark_to_market_equity,A03__QQQM_SMH__vol_84,a,QQQM_SMH,A03,vol_84,stress,0,sha256:acd49d7f6e3e633cb9e24e4f31a698d59c7e8a2578e14056df443689e9c014bb,sensitivity_evaluation,W5,False,A03__QQQM_SMH__vol_84/stress/W5
track_a,OK,2026-03-19,2026-09-18,1000.0,1461.4542911369572,461.4542911369572,461.4542911369572,0.0,0.4614542911369572,1.132529876230555,0.1866118779789036,2026-06-22,2026-07-29,62,0.3353710592074902,2.4146457512179236,3.558970022440533,6.068905626460639,2472.3228262107473,3.746354091793033,3.706354091793033,0.04,0.4780946867500001,234.06406105934943,226.91213539085769,7,4,4,1.0,,,92.5,92.5,72,45,0.0571000677424857,-0.0664320365944782,0.837209532692398,0.162790467307602,,0.3353930016969899,-0.1291910804582001,"{'2026-03': 0.0, '2026-04': 0.33539300169698993, '2026-05': 0.1295271626890242, '2026-06': 0.056971151520231356, '2026-07': -0.12919108045820016, '2026-08': 0.03519956168685634, '2026-09': 0.016879235870159714}",{'2026': 0.4614542911369579},1000.0,1614.3612171737095,daily_mark_to_market_equity,A03__QQQM_SMH__vol_84,a,QQQM_SMH,A03,vol_84,stress,0,sha256:acd49d7f6e3e633cb9e24e4f31a698d59c7e8a2578e14056df443689e9c014bb,sensitivity_evaluation,W6,False,A03__QQQM_SMH__vol_84/stress/W6
track_a,OK,2023-09-19,2024-03-18,1000.0,1379.0114462764752,379.0114462764752,379.0114462764752,0.0,0.3790114462764753,0.91267770206239,0.0837438152527424,2023-10-12,2023-10-26,19,0.2101737068940111,3.1903260013535393,5.660983819329022,10.898449029434463,990.4949476238248,0.4949999738249174,0.4949999738249174,0.0,6.067016550299999,0.0,372.94442972617514,2,0,0,,,,,,76,47,0.0499308535851106,-0.0313437630341227,0.9739437373287556,0.0260562626712443,,0.130412911410982,-0.03110556765832,"{'2023-09': 0.008008570826174566, '2023-10': -0.031105567658320066, '2023-11': 0.130412911410982, '2023-12': 0.07597219048277526, '2024-01': 0.04099541636618764, '2024-02': 0.09822656538809738, '2024-03': 0.015425973010460448}","{'2023': 0.18789715208662394, '2024': 0.16088454615295888}",961.2061274761752,1444.7558253366249,daily_mark_to_market_equity,A04__QQQM_SMH__buffer_0.005,a,QQQM_SMH,A04,buffer_0.005,base,0,sha256:acd49d7f6e3e633cb9e24e4f31a698d59c7e8a2578e14056df443689e9c014bb,sensitivity_evaluation,W1,False,A04__QQQM_SMH__buffer_0.005/base/W1
track_a,OK,2024-03-19,2024-09-18,1000.0,1030.79388615169,30.793886151690003,30.793886151690003,0.0,0.03079388615169,0.062403970407737,0.1927671505290825,2024-07-10,2024-08-07,49,0.2821108238659804,0.3539080882288005,0.4651473688692665,0.3237272026715062,990.49465424721,0.4949998272099056,0.4949998272099056,0.0,0.8574314889000001,0.0,29.936454662790055,2,0,0,,,,,,72,53,0.051979642365725,-0.0523414327576468,0.974760511972524,0.0252394880274761,,0.092573265423115,-0.0456953084873856,"{'2024-03': -0.013603118087210042, '2024-04': -0.04569530848738568, '2024-05': 0.09257326542311506, '2024-06': 0.0727019787898775, '2024-07': -0.03505019645277607, '2024-08': -0.0013395538892574388, '2024-09': -0.030426220918441382}",{'2024': 0.03079388615168943},898.2446327127901,1174.28943385169,daily_mark_to_market_equity,A04__QQQM_SMH__buffer_0.005,a,QQQM_SMH,A04,buffer_0.005,base,0,sha256:acd49d7f6e3e633cb9e24e4f31a698d59c7e8a2578e14056df443689e9c014bb,sensitivity_evaluation,W2,False,A04__QQQM_SMH__buffer_0.005/base/W2
track_a,OK,2024-09-19,2025-03-18,1000.0,991.9391673783052,-8.060832621694772,-8.060832621694772,0.0,-0.0080608326216947,-0.0162889307840176,0.114609806682099,2025-01-23,2025-03-11,37,0.2147338053664701,0.0303425463117888,0.0365391380809173,-0.1421251047844388,2999.3634011344743,1.529679319444818,1.499679319444818,0.03,2.9933356477499995,-11.054168269444862,0.0,3,3,3,1.0,0.7722661758579791,0.3861330879289895,103.66666666666669,128.0,61,56,0.0263879550352132,-0.0629556307539911,0.8519923644429637,0.1480076355570363,,0.0273308493255111,-0.0294410674054761,"{'2024-09': 0.01844809458604013, '2024-10': -0.01187857403269732, '2024-11': 0.02733084932551111, '2024-12': 0.004541209756057318, '2025-01': 0.01111383031173574, '2025-02': -0.026724539626189925, '2025-03': -0.02944106740547614}","{'2024': 0.03854974567378977, '2025': -0.044880448423050834}",984.3503197999052,1111.77007293379,daily_mark_to_market_equity,A04__QQQM_SMH__buffer_0.005,a,QQQM_SMH,A04,buffer_0.005,base,0,sha256:acd49d7f6e3e633cb9e24e4f31a698d59c7e8a2578e14056df443689e9c014bb,sensitivity_evaluation,W3,False,A04__QQQM_SMH__buffer_0.005/base/W3
track_a,OK,2025-03-19,2025-09-18,1000.0,1214.9740360080602,214.97403600806024,214.97403600806024,0.0,0.2149740360080603,0.4749843361347494,0.038258012108955,2025-08-14,2025-08-21,19,0.1309192341900739,3.018305077724383,4.112827998217009,12.41529054834424,991.70955065184,0.4956069718399245,0.4956069718399245,0.0,0.7357730099,0.0,214.23826299816017,2,0,0,,,,,,54,33,0.0273753854932088,-0.0203821640834144,0.6756418948498301,0.3243581051501699,,0.1117664085872804,-0.0135741446518394,"{'2025-03': 0.0, '2025-04': 0.0, '2025-05': -0.013574144651839481, '2025-06': 0.11176640858728049, '2025-07': 0.029705831492701673, '2025-08': 0.007297634007743303, '2025-09': 0.06811500470929088}",{'2025': 0.21497403600806098},972.27514792816,1214.9740360080602,daily_mark_to_market_equity,A04__QQQM_SMH__buffer_0.005,a,QQQM_SMH,A04,buffer_0.005,base,0,sha256:acd49d7f6e3e633cb9e24e4f31a698d59c7e8a2578e14056df443689e9c014bb,sensitivity_evaluation,W4,False,A04__QQQM_SMH__buffer_0.005/base/W4
track_a,OK,2025-09-19,2026-03-18,1000.0,1103.8763748567103,103.8763748567103,103.8763748567103,0.0,0.1038763748567102,0.2220605467859644,0.0984098660831415,2025-10-29,2025-11-20,29,0.2372436783872291,0.965022777905534,1.3369441162824431,2.256486627045674,990.49462499259,0.494999812589882,0.494999812589882,0.0,2.3369694893000004,0.0,101.53940536741015,2,0,0,,,,,,70,52,0.0385382141632577,-0.0460341114523411,0.9742080747527664,0.0257919252472337,,0.0795721104729123,-0.0261441529841939,"{'2025-09': 0.0027496066874097558, '2025-10': 0.07957211047291235, '2025-11': -0.022683895440445245, '2025-12': 0.009837933276064081, '2026-01': 0.06797059002115602, '2026-02': -0.006573874834877702, '2026-03': -0.026144152984193925}","{'2025': 0.06839265213670997, '2026': 0.03321224893210761}",988.8214205074104,1171.3506692767105,daily_mark_to_market_equity,A04__QQQM_SMH__buffer_0.005,a,QQQM_SMH,A04,buffer_0.005,base,0,sha256:acd49d7f6e3e633cb9e24e4f31a698d59c7e8a2578e14056df443689e9c014bb,sensitivity_evaluation,W5,False,A04__QQQM_SMH__buffer_0.005/base/W5
track_a,OK,2026-03-19,2026-09-18,1000.0,1318.73286935886,318.73286935885994,318.73286935885994,0.0,0.31873286935886,0.7370855841884238,0.186006725141805,2026-06-22,2026-07-29,62,0.3346689488696868,1.8087027946014869,2.616103553469935,3.962682444016449,999.99990095544,0.4997500754398978,0.4997500754398978,0.0,0.7080334943000001,0.0,318.02483586456015,2,0,0,,,,,,77,48,0.0519089684661706,-0.072797716416098,0.9285393659999468,0.0714606340000533,,0.205776558701729,-0.128715988612891,"{'2026-03': -0.012781054388520174, '2026-04': 0.20577655870172906, '2026-05': 0.14656351284030555, '2026-06': 0.051578141774580866, '2026-07': -0.12871598861289102, '2026-08': 0.03531909160267266, '2026-09': 0.018598140021874876}",{'2026': 0.31873286935886047},960.95636718148,1453.47906632886,daily_mark_to_market_equity,A04__QQQM_SMH__buffer_0.005,a,QQQM_SMH,A04,buffer_0.005,base,0,sha256:acd49d7f6e3e633cb9e24e4f31a698d59c7e8a2578e14056df443689e9c014bb,sensitivity_evaluation,W6,False,A04__QQQM_SMH__buffer_0.005/base/W6
track_a,OK,2023-09-19,2024-03-18,1000.0,1378.021446328825,378.02144632882505,378.02144632882505,0.0,0.3780214463288249,0.9099078152242792,0.0838229192339758,2023-10-12,2023-10-26,19,0.2104529370731801,3.1794716085925403,5.6490953551328635,10.855119620499533,991.484947571475,1.4849999214750411,1.4849999214750411,0.0,6.067016550299999,0.0,371.95442977852497,2,0,0,,,,,,76,47,0.0499693303175956,-0.0313746204541743,0.9747825472274972,0.0252174527725027,,0.1305452405629765,-0.0311361475415941,"{'2023-09': 0.007018570878524866, '2023-10': -0.031136147541594106, '2023-11': 0.13054524056297656, '2023-12': 0.07604037749189074, '2024-01': 0.04102961066688238, '2024-02': 0.09830526712205767, '2024-03': 0.015437226438626217}","{'2023': 0.18690715213897646, '2024': 0.16101874004671313}",960.216127528525,1443.7658253889747,daily_mark_to_market_equity,A04__QQQM_SMH__buffer_0.005,a,QQQM_SMH,A04,buffer_0.005,stress,0,sha256:acd49d7f6e3e633cb9e24e4f31a698d59c7e8a2578e14056df443689e9c014bb,sensitivity_evaluation,W1,False,A04__QQQM_SMH__buffer_0.005/stress/W1
track_a,OK,2024-03-19,2024-09-18,1000.0,1029.8038864972698,29.803886497269787,29.803886497269787,0.0,0.0298038864972698,0.0603684086638436,0.1929298024547932,2024-07-10,2024-08-07,49,0.2824494910293657,0.3470687135092018,0.4565535589808726,0.3129034907812597,991.4846539016302,1.4849994816300685,1.4849994816300685,0.0,0.8574314889000001,0.0,28.946455008369895,2,0,0,,,,,,72,53,0.0520305435185324,-0.0523902186532415,0.9757002466147364,0.0242997533852635,,0.0926707282197736,-0.0457412167719991,"{'2024-03': -0.01459311774163019, '2024-04': -0.04574121677199916, '2024-05': 0.09267072821977362, '2024-06': 0.07277202912359804, '2024-07': -0.03508167734206891, '2024-08': -0.001340800773601769, '2024-09': -0.030454580295685374}",{'2024': 0.029803886497269394},897.2546330583699,1173.29943419727,daily_mark_to_market_equity,A04__QQQM_SMH__buffer_0.005,a,QQQM_SMH,A04,buffer_0.005,stress,0,sha256:acd49d7f6e3e633cb9e24e4f31a698d59c7e8a2578e14056df443689e9c014bb,sensitivity_evaluation,W2,False,A04__QQQM_SMH__buffer_0.005/stress/W2
track_a,OK,2024-09-19,2025-03-18,1000.0,988.997454691415,-11.002545308585011,-11.002545308585011,0.0,-0.011002545308585,-0.022199608051991,0.1160267273472506,2025-01-23,2025-03-11,37,0.2147824794119655,0.0020572299759767,0.0024794976893922,-0.1913318470627113,2995.4168800554253,4.523104006334961,4.493104006334961,0.03,2.9933356477499995,-13.995880956335007,0.0,3,3,3,1.0,0.5970226994419856,0.2985113497209928,103.66666666666669,128.0,61,56,0.0264133751093178,-0.0630124657008623,0.8528209793349998,0.1471790206650002,,0.0273577625950947,-0.0299936805667675,"{'2024-09': 0.017458094798119994, '2024-10': -0.011890132037723822, '2024-11': 0.027357762595094703, '2024-12': 0.004545562500695377, '2025-01': 0.010640161990593588, '2025-02': -0.02767613934250923, '2025-03': -0.029993680566767544}","{'2024': 0.0375597458858703, '2025': -0.04680433236448733}",981.899896456215,1110.78007314587,daily_mark_to_market_equity,A04__QQQM_SMH__buffer_0.005,a,QQQM_SMH,A04,buffer_0.005,stress,0,sha256:acd49d7f6e3e633cb9e24e4f31a698d59c7e8a2578e14056df443689e9c014bb,sensitivity_evaluation,W3,False,A04__QQQM_SMH__buffer_0.005/stress/W3
track_a,OK,2025-03-19,2025-09-18,1000.0,1213.9144539612798,213.91445396127983,213.91445396127983,0.0,0.2139144539612798,0.4724180475190569,0.0382799593740063,2025-08-14,2025-08-21,19,0.1310114831557649,3.0030359259763104,4.104292896662622,12.34113241613962,992.4553323986202,1.486453318620077,1.486453318620077,0.0,0.7357730099,0.0,213.17868095138,2,0,0,,,,,,54,33,0.027395355109232,-0.0203931348972172,0.6760993986636288,0.3239006013363712,,0.1118386022139605,-0.01455727889862,"{'2025-03': 0.0, '2025-04': 0.0, '2025-05': -0.014557278898620019, '2025-06': 0.11183860221396058, '2025-07': 0.029724591611763884, '2025-08': 0.00730298214283942, '2025-09': 0.06815368718137682}",{'2025': 0.21391445396127895},971.29430058138,1213.9144539612798,daily_mark_to_market_equity,A04__QQQM_SMH__buffer_0.005,a,QQQM_SMH,A04,buffer_0.005,stress,0,sha256:acd49d7f6e3e633cb9e24e4f31a698d59c7e8a2578e14056df443689e9c014bb,sensitivity_evaluation,W4,False,A04__QQQM_SMH__buffer_0.005/stress/W4
track_a,OK,2025-09-19,2026-03-18,1000.0,1102.88637523153,102.88637523152988,102.88637523152988,0.0,0.1028863752315298,0.2198376230473167,0.0984987774230041,2025-10-29,2025-11-20,29,0.2375263581272968,0.9564724150465608,1.3268178610473296,2.231881743092317,991.48462461777,1.4849994377700777,1.4849994377700777,0.0,2.3369694893000004,0.0,100.54940574222996,2,0,0,,,,,,70,52,0.0385733675791677,-0.0460779662092838,0.9751030805110796,0.0248969194889203,,0.0796507484604966,-0.0261670070418595,"{'2025-09': 0.0017596070622301063, '2025-10': 0.07965074846049669, '2025-11': -0.02270465919376574, '2025-12': 0.009847147659241218, '2026-01': 0.0680336317032113, '2026-02': -0.006579583614193418, '2026-03': -0.02616700704185959}","{'2025': 0.06740265251152988, '2026': 0.03324305278472872}",987.83142088223,1170.36066965153,daily_mark_to_market_equity,A04__QQQM_SMH__buffer_0.005,a,QQQM_SMH,A04,buffer_0.005,stress,0,sha256:acd49d7f6e3e633cb9e24e4f31a698d59c7e8a2578e14056df443689e9c014bb,sensitivity_evaluation,W5,False,A04__QQQM_SMH__buffer_0.005/stress/W5
track_a,OK,2026-03-19,2026-09-18,1000.0,1317.55056334069,317.5505633406899,317.5505633406899,0.0,0.3175505633406899,0.733978596789965,0.1860757548373888,2026-06-22,2026-07-29,62,0.334775679900143,1.802903987037924,2.609523797412753,3.9445149500072554,999.99999540306,1.4977533630600797,1.4977533630600797,0.0,0.7066329937500001,0.0,316.84393034694,2,0,0,,,,,,77,48,0.0519268853531005,-0.0728193118124775,0.9285667435995228,0.0714332564004772,,0.2052733658103784,-0.1287696953531252,"{'2026-03': -0.013276054285560335, '2026-04': 0.20527336581037847, '2026-05': 0.14660107933539357, '2026-06': 0.051625729629184214, '2026-07': -0.1287696953531252, '2026-08': 0.035313135214703806, '2026-09': 0.018609721594200934}",{'2026': 0.31755056334068876},960.4613672844398,1452.26896108069,daily_mark_to_market_equity,A04__QQQM_SMH__buffer_0.005,a,QQQM_SMH,A04,buffer_0.005,stress,0,sha256:acd49d7f6e3e633cb9e24e4f31a698d59c7e8a2578e14056df443689e9c014bb,sensitivity_evaluation,W6,False,A04__QQQM_SMH__buffer_0.005/stress/W6
track_a,OK,2023-09-19,2024-03-18,1000.0,1379.0114462764752,379.0114462764752,379.0114462764752,0.0,0.3790114462764753,0.91267770206239,0.0837438152527424,2023-10-12,2023-10-26,19,0.2101737068940111,3.1903260013535393,5.660983819329022,10.898449029434463,990.4949476238248,0.4949999738249174,0.4949999738249174,0.0,6.067016550299999,0.0,372.94442972617514,2,0,0,,,,,,76,47,0.0499308535851106,-0.0313437630341227,0.9739437373287556,0.0260562626712443,,0.130412911410982,-0.03110556765832,"{'2023-09': 0.008008570826174566, '2023-10': -0.031105567658320066, '2023-11': 0.130412911410982, '2023-12': 0.07597219048277526, '2024-01': 0.04099541636618764, '2024-02': 0.09822656538809738, '2024-03': 0.015425973010460448}","{'2023': 0.18789715208662394, '2024': 0.16088454615295888}",961.2061274761752,1444.7558253366249,daily_mark_to_market_equity,A04__QQQM_SMH__buffer_0.015,a,QQQM_SMH,A04,buffer_0.015,base,0,sha256:acd49d7f6e3e633cb9e24e4f31a698d59c7e8a2578e14056df443689e9c014bb,sensitivity_evaluation,W1,False,A04__QQQM_SMH__buffer_0.015/base/W1
track_a,OK,2024-03-19,2024-09-18,1000.0,1030.79388615169,30.793886151690003,30.793886151690003,0.0,0.03079388615169,0.062403970407737,0.1927671505290825,2024-07-10,2024-08-07,49,0.2821108238659804,0.3539080882288005,0.4651473688692665,0.3237272026715062,990.49465424721,0.4949998272099056,0.4949998272099056,0.0,0.8574314889000001,0.0,29.936454662790055,2,0,0,,,,,,72,53,0.051979642365725,-0.0523414327576468,0.974760511972524,0.0252394880274761,,0.092573265423115,-0.0456953084873856,"{'2024-03': -0.013603118087210042, '2024-04': -0.04569530848738568, '2024-05': 0.09257326542311506, '2024-06': 0.0727019787898775, '2024-07': -0.03505019645277607, '2024-08': -0.0013395538892574388, '2024-09': -0.030426220918441382}",{'2024': 0.03079388615168943},898.2446327127901,1174.28943385169,daily_mark_to_market_equity,A04__QQQM_SMH__buffer_0.015,a,QQQM_SMH,A04,buffer_0.015,base,0,sha256:acd49d7f6e3e633cb9e24e4f31a698d59c7e8a2578e14056df443689e9c014bb,sensitivity_evaluation,W2,False,A04__QQQM_SMH__buffer_0.015/base/W2
track_a,OK,2024-09-19,2025-03-18,1000.0,991.1374753878875,-8.862524612112452,-8.862524612112452,0.0,-0.0088625246121124,-0.0179015325411762,0.1153309018167272,2025-01-23,2025-03-11,37,0.2279063604723429,0.034223443565165,0.041354527706024,-0.1552188724720422,1969.1537153680576,1.0045741448624348,0.9845741448624348,0.02,2.9933356477499995,-11.855860259862444,0.0,2,2,2,,,,165.5,165.5,59,58,0.0263879550352132,-0.0629556307539911,0.9055851974407672,0.0944148025592327,,0.0273308493255111,-0.0349135591890183,"{'2024-09': 0.01844809458604013, '2024-10': -0.01187857403269732, '2024-11': 0.02733084932551111, '2024-12': 0.004541209756057318, '2025-01': 0.013780328587644775, '2025-02': -0.034913559189018395, '2025-03': -0.024569076266243273}","{'2024': 0.03854974567378977, '2025': -0.045652382549227544}",983.5486278094876,1111.77007293379,daily_mark_to_market_equity,A04__QQQM_SMH__buffer_0.015,a,QQQM_SMH,A04,buffer_0.015,base,0,sha256:acd49d7f6e3e633cb9e24e4f31a698d59c7e8a2578e14056df443689e9c014bb,sensitivity_evaluation,W3,False,A04__QQQM_SMH__buffer_0.015/base/W3
track_a,OK,2025-03-19,2025-09-18,1000.0,1214.9740360080602,214.97403600806024,214.97403600806024,0.0,0.2149740360080603,0.4749843361347494,0.038258012108955,2025-08-14,2025-08-21,19,0.1309192341900739,3.018305077724383,4.112827998217009,12.41529054834424,991.70955065184,0.4956069718399245,0.4956069718399245,0.0,0.7357730099,0.0,214.23826299816017,2,0,0,,,,,,54,33,0.0273753854932088,-0.0203821640834144,0.6756418948498301,0.3243581051501699,,0.1117664085872804,-0.0135741446518394,"{'2025-03': 0.0, '2025-04': 0.0, '2025-05': -0.013574144651839481, '2025-06': 0.11176640858728049, '2025-07': 0.029705831492701673, '2025-08': 0.007297634007743303, '2025-09': 0.06811500470929088}",{'2025': 0.21497403600806098},972.27514792816,1214.9740360080602,daily_mark_to_market_equity,A04__QQQM_SMH__buffer_0.015,a,QQQM_SMH,A04,buffer_0.015,base,0,sha256:acd49d7f6e3e633cb9e24e4f31a698d59c7e8a2578e14056df443689e9c014bb,sensitivity_evaluation,W4,False,A04__QQQM_SMH__buffer_0.015/base/W4
track_a,OK,2025-09-19,2026-03-18,1000.0,1103.8763748567103,103.8763748567103,103.8763748567103,0.0,0.1038763748567102,0.2220605467859644,0.0984098660831415,2025-10-29,2025-11-20,29,0.2372436783872291,0.965022777905534,1.3369441162824431,2.256486627045674,990.49462499259,0.494999812589882,0.494999812589882,0.0,2.3369694893000004,0.0,101.53940536741015,2,0,0,,,,,,70,52,0.0385382141632577,-0.0460341114523411,0.9742080747527664,0.0257919252472337,,0.0795721104729123,-0.0261441529841939,"{'2025-09': 0.0027496066874097558, '2025-10': 0.07957211047291235, '2025-11': -0.022683895440445245, '2025-12': 0.009837933276064081, '2026-01': 0.06797059002115602, '2026-02': -0.006573874834877702, '2026-03': -0.026144152984193925}","{'2025': 0.06839265213670997, '2026': 0.03321224893210761}",988.8214205074104,1171.3506692767105,daily_mark_to_market_equity,A04__QQQM_SMH__buffer_0.015,a,QQQM_SMH,A04,buffer_0.015,base,0,sha256:acd49d7f6e3e633cb9e24e4f31a698d59c7e8a2578e14056df443689e9c014bb,sensitivity_evaluation,W5,False,A04__QQQM_SMH__buffer_0.015/base/W5
track_a,OK,2026-03-19,2026-09-18,1000.0,1318.73286935886,318.73286935885994,318.73286935885994,0.0,0.31873286935886,0.7370855841884238,0.186006725141805,2026-06-22,2026-07-29,62,0.3346689488696868,1.8087027946014869,2.616103553469935,3.962682444016449,999.99990095544,0.4997500754398978,0.4997500754398978,0.0,0.7080334943000001,0.0,318.02483586456015,2,0,0,,,,,,77,48,0.0519089684661706,-0.072797716416098,0.9285393659999468,0.0714606340000533,,0.205776558701729,-0.128715988612891,"{'2026-03': -0.012781054388520174, '2026-04': 0.20577655870172906, '2026-05': 0.14656351284030555, '2026-06': 0.051578141774580866, '2026-07': -0.12871598861289102, '2026-08': 0.03531909160267266, '2026-09': 0.018598140021874876}",{'2026': 0.31873286935886047},960.95636718148,1453.47906632886,daily_mark_to_market_equity,A04__QQQM_SMH__buffer_0.015,a,QQQM_SMH,A04,buffer_0.015,base,0,sha256:acd49d7f6e3e633cb9e24e4f31a698d59c7e8a2578e14056df443689e9c014bb,sensitivity_evaluation,W6,False,A04__QQQM_SMH__buffer_0.015/base/W6
track_a,OK,2023-09-19,2024-03-18,1000.0,1378.021446328825,378.02144632882505,378.02144632882505,0.0,0.3780214463288249,0.9099078152242792,0.0838229192339758,2023-10-12,2023-10-26,19,0.2104529370731801,3.1794716085925403,5.6490953551328635,10.855119620499533,991.484947571475,1.4849999214750411,1.4849999214750411,0.0,6.067016550299999,0.0,371.95442977852497,2,0,0,,,,,,76,47,0.0499693303175956,-0.0313746204541743,0.9747825472274972,0.0252174527725027,,0.1305452405629765,-0.0311361475415941,"{'2023-09': 0.007018570878524866, '2023-10': -0.031136147541594106, '2023-11': 0.13054524056297656, '2023-12': 0.07604037749189074, '2024-01': 0.04102961066688238, '2024-02': 0.09830526712205767, '2024-03': 0.015437226438626217}","{'2023': 0.18690715213897646, '2024': 0.16101874004671313}",960.216127528525,1443.7658253889747,daily_mark_to_market_equity,A04__QQQM_SMH__buffer_0.015,a,QQQM_SMH,A04,buffer_0.015,stress,0,sha256:acd49d7f6e3e633cb9e24e4f31a698d59c7e8a2578e14056df443689e9c014bb,sensitivity_evaluation,W1,False,A04__QQQM_SMH__buffer_0.015/stress/W1
track_a,OK,2024-03-19,2024-09-18,1000.0,1029.8038864972698,29.803886497269787,29.803886497269787,0.0,0.0298038864972698,0.0603684086638436,0.1929298024547932,2024-07-10,2024-08-07,49,0.2824494910293657,0.3470687135092018,0.4565535589808726,0.3129034907812597,991.4846539016302,1.4849994816300685,1.4849994816300685,0.0,0.8574314889000001,0.0,28.946455008369895,2,0,0,,,,,,72,53,0.0520305435185324,-0.0523902186532415,0.9757002466147364,0.0242997533852635,,0.0926707282197736,-0.0457412167719991,"{'2024-03': -0.01459311774163019, '2024-04': -0.04574121677199916, '2024-05': 0.09267072821977362, '2024-06': 0.07277202912359804, '2024-07': -0.03508167734206891, '2024-08': -0.001340800773601769, '2024-09': -0.030454580295685374}",{'2024': 0.029803886497269394},897.2546330583699,1173.29943419727,daily_mark_to_market_equity,A04__QQQM_SMH__buffer_0.015,a,QQQM_SMH,A04,buffer_0.015,stress,0,sha256:acd49d7f6e3e633cb9e24e4f31a698d59c7e8a2578e14056df443689e9c014bb,sensitivity_evaluation,W2,False,A04__QQQM_SMH__buffer_0.015/stress/W2
track_a,OK,2024-09-19,2025-03-18,1000.0,989.1683270981624,-10.831672901837464,-10.831672901837464,0.0,-0.0108316729018375,-0.0218567745152178,0.1158728963496674,2025-01-23,2025-03-11,37,0.2281225863289908,0.0165479242358834,0.0200286915452706,-0.18862715271448,1969.1645666541729,2.9737224345874576,2.9537224345874575,0.02,2.9933356477499995,-13.825008549587466,0.0,2,2,2,,,,165.5,165.5,59,58,0.0264133751093178,-0.0630124657008623,0.90645664329112,0.0935433567088801,,0.0273577625950947,-0.0349464191178955,"{'2024-09': 0.017458094798119994, '2024-10': -0.011890132037723822, '2024-11': 0.027357762595094703, '2024-12': 0.004545562500695377, '2025-01': 0.013793477249621322, '2025-02': -0.03494641911789553, '2025-03': -0.02555760927223638}","{'2024': 0.0375597458858703, '2025': -0.04663964555254696}",982.0707688629624,1110.78007314587,daily_mark_to_market_equity,A04__QQQM_SMH__buffer_0.015,a,QQQM_SMH,A04,buffer_0.015,stress,0,sha256:acd49d7f6e3e633cb9e24e4f31a698d59c7e8a2578e14056df443689e9c014bb,sensitivity_evaluation,W3,False,A04__QQQM_SMH__buffer_0.015/stress/W3
track_a,OK,2025-03-19,2025-09-18,1000.0,1213.9144539612798,213.91445396127983,213.91445396127983,0.0,0.2139144539612798,0.4724180475190569,0.0382799593740063,2025-08-14,2025-08-21,19,0.1310114831557649,3.0030359259763104,4.104292896662622,12.34113241613962,992.4553323986202,1.486453318620077,1.486453318620077,0.0,0.7357730099,0.0,213.17868095138,2,0,0,,,,,,54,33,0.027395355109232,-0.0203931348972172,0.6760993986636288,0.3239006013363712,,0.1118386022139605,-0.01455727889862,"{'2025-03': 0.0, '2025-04': 0.0, '2025-05': -0.014557278898620019, '2025-06': 0.11183860221396058, '2025-07': 0.029724591611763884, '2025-08': 0.00730298214283942, '2025-09': 0.06815368718137682}",{'2025': 0.21391445396127895},971.29430058138,1213.9144539612798,daily_mark_to_market_equity,A04__QQQM_SMH__buffer_0.015,a,QQQM_SMH,A04,buffer_0.015,stress,0,sha256:acd49d7f6e3e633cb9e24e4f31a698d59c7e8a2578e14056df443689e9c014bb,sensitivity_evaluation,W4,False,A04__QQQM_SMH__buffer_0.015/stress/W4
track_a,OK,2025-09-19,2026-03-18,1000.0,1102.88637523153,102.88637523152988,102.88637523152988,0.0,0.1028863752315298,0.2198376230473167,0.0984987774230041,2025-10-29,2025-11-20,29,0.2375263581272968,0.9564724150465608,1.3268178610473296,2.231881743092317,991.48462461777,1.4849994377700777,1.4849994377700777,0.0,2.3369694893000004,0.0,100.54940574222996,2,0,0,,,,,,70,52,0.0385733675791677,-0.0460779662092838,0.9751030805110796,0.0248969194889203,,0.0796507484604966,-0.0261670070418595,"{'2025-09': 0.0017596070622301063, '2025-10': 0.07965074846049669, '2025-11': -0.02270465919376574, '2025-12': 0.009847147659241218, '2026-01': 0.0680336317032113, '2026-02': -0.006579583614193418, '2026-03': -0.02616700704185959}","{'2025': 0.06740265251152988, '2026': 0.03324305278472872}",987.83142088223,1170.36066965153,daily_mark_to_market_equity,A04__QQQM_SMH__buffer_0.015,a,QQQM_SMH,A04,buffer_0.015,stress,0,sha256:acd49d7f6e3e633cb9e24e4f31a698d59c7e8a2578e14056df443689e9c014bb,sensitivity_evaluation,W5,False,A04__QQQM_SMH__buffer_0.015/stress/W5
track_a,OK,2026-03-19,2026-09-18,1000.0,1317.55056334069,317.5505633406899,317.5505633406899,0.0,0.3175505633406899,0.733978596789965,0.1860757548373888,2026-06-22,2026-07-29,62,0.334775679900143,1.802903987037924,2.609523797412753,3.9445149500072554,999.99999540306,1.4977533630600797,1.4977533630600797,0.0,0.7066329937500001,0.0,316.84393034694,2,0,0,,,,,,77,48,0.0519268853531005,-0.0728193118124775,0.9285667435995228,0.0714332564004772,,0.2052733658103784,-0.1287696953531252,"{'2026-03': -0.013276054285560335, '2026-04': 0.20527336581037847, '2026-05': 0.14660107933539357, '2026-06': 0.051625729629184214, '2026-07': -0.1287696953531252, '2026-08': 0.035313135214703806, '2026-09': 0.018609721594200934}",{'2026': 0.31755056334068876},960.4613672844398,1452.26896108069,daily_mark_to_market_equity,A04__QQQM_SMH__buffer_0.015,a,QQQM_SMH,A04,buffer_0.015,stress,0,sha256:acd49d7f6e3e633cb9e24e4f31a698d59c7e8a2578e14056df443689e9c014bb,sensitivity_evaluation,W6,False,A04__QQQM_SMH__buffer_0.015/stress/W6
track_a,OK,2023-09-19,2024-03-18,1000.0,1108.9988871504802,108.9988871504802,108.9988871504802,0.0,0.1089988871504801,0.2321653586215526,0.0363949513801554,2024-03-07,2024-03-15,7,0.1179676783593666,1.8269920289322723,2.7021126158284674,6.379053957141482,2537.71172720312,1.2987502419797865,1.2687502419797865,0.03,3.70711843246,78.91130257622027,26.38046614180001,4,3,3,1.0,,,53.0,50.0,44,32,0.0359695911262736,-0.020407362779375,0.4409178997506765,0.5590821002493235,,0.069006661434759,-0.0229453739601079,"{'2023-09': 0.0, '2023-10': 0.0, '2023-11': -0.0017357809050398965, '2023-12': 0.04832100289900376, '2024-01': -0.022945373960107984, '2024-02': 0.06900666143475909, '2024-03': 0.0145934674059367}","{'2023': 0.04650134731982036, '2024': 0.05972045806794335}",989.40829371496,1138.35945835581,daily_mark_to_market_equity,A05__QQQM_SMH__atr_2.5,a,QQQM_SMH,A05,atr_2.5,base,0,sha256:acd49d7f6e3e633cb9e24e4f31a698d59c7e8a2578e14056df443689e9c014bb,sensitivity_evaluation,W1,False,A05__QQQM_SMH__atr_2.5/base/W1
track_a,OK,2024-03-19,2024-09-18,1000.0,1029.0489930175702,29.048993017570183,29.048993017570183,0.0,0.0290489930175701,0.05881756325973,0.0504366022819006,2024-06-18,2024-07-17,63,0.0856593758401285,0.7061791842986526,0.3951077132228993,1.1661682309800836,2128.22201316664,1.0941183390298683,1.0641183390298683,0.03,0.8133246366000001,28.23566838097007,0.0,3,3,3,1.0,1.0599779033252827,2.1199558066505655,34.0,32.0,28,15,0.0232089763754854,-0.0336223480682494,0.2141727806480213,0.7858272193519786,,0.0503063304897348,-0.017597402599091,"{'2024-03': 0.0, '2024-04': 0.0, '2024-05': -0.002689097188335099, '2024-06': 0.050306330489734874, '2024-07': -0.01759740259909104, '2024-08': 0.0, '2024-09': 0.0}",{'2024': 0.029048993017569913},997.3109028116652,1074.510279731665,daily_mark_to_market_equity,A05__QQQM_SMH__atr_2.5,a,QQQM_SMH,A05,atr_2.5,base,0,sha256:acd49d7f6e3e633cb9e24e4f31a698d59c7e8a2578e14056df443689e9c014bb,sensitivity_evaluation,W2,False,A05__QQQM_SMH__atr_2.5/base/W2
track_a,OK,2024-09-19,2025-03-18,1000.0,947.3890304107456,-52.61096958925452,-52.61096958925452,0.0,-0.0526109695892544,-0.1038677356999236,0.0551184097861759,2024-12-16,2025-02-25,61,0.0757093807375609,-1.4243667518597745,-0.949042790753848,-1.8844472491652744,3622.750413313535,1.8613625192547345,1.8113625192547345,0.05,0.0,-52.61096958925464,0.0,5,5,5,1.0,0.0241651712741751,0.0060412928185437,15.6,15.0,23,24,0.0121869284461371,-0.0242057209297833,0.1790242486082826,0.8209757513917174,,0.0151590824164917,-0.0284503312573599,"{'2024-09': 0.0, '2024-10': -0.028450331257359962, '2024-11': 0.015159082416491776, '2024-12': 0.000324219205241727, '2025-01': -0.023859906906448014, '2025-02': -0.01626911972562539, '2025-03': 0.0}","{'2024': -0.013402759659625119, '2025': -0.039740846949970265}",947.3890304107456,1002.6537083830304,daily_mark_to_market_equity,A05__QQQM_SMH__atr_2.5,a,QQQM_SMH,A05,atr_2.5,base,0,sha256:acd49d7f6e3e633cb9e24e4f31a698d59c7e8a2578e14056df443689e9c014bb,sensitivity_evaluation,W3,False,A05__QQQM_SMH__atr_2.5/base/W3
track_a,OK,2025-03-19,2025-09-18,1000.0,1079.5812300905502,79.5812300905502,79.5812300905502,0.0,0.0795812300905502,0.1651299284845617,0.0187421614707588,2025-08-14,2025-08-21,24,0.060388614046434,2.546676547070736,3.5770319151201404,8.810612838983094,1889.02302906457,0.9643065148498592,0.9443065148498592,0.02,0.4302797453999999,56.477965194950066,22.67298515020009,4,2,2,1.0,,,96.5,96.5,46,29,0.0173755572362173,-0.0093103310294707,0.2912193102041175,0.7087806897958824,,0.0484857940987801,-0.00496088550991,"{'2025-03': 0.0, '2025-04': 0.0, '2025-05': -0.004960885509910029, '2025-06': 0.04848579409878018, '2025-07': 0.014325476660205672, '2025-08': -0.001248950844749075, '2025-09': 0.021452179277378747}",{'2025': 0.07958123009054985},987.72181797009,1079.5812300905502,daily_mark_to_market_equity,A05__QQQM_SMH__atr_2.5,a,QQQM_SMH,A05,atr_2.5,base,0,sha256:acd49d7f6e3e633cb9e24e4f31a698d59c7e8a2578e14056df443689e9c014bb,sensitivity_evaluation,W4,False,A05__QQQM_SMH__atr_2.5/base/W4
track_a,OK,2025-09-19,2026-03-18,1000.0,938.8007424516128,-61.19925754838732,-61.19925754838732,0.0,-0.0611992575483872,-0.1202750545405906,0.1026429059448392,2025-10-08,2026-03-03,110,0.1023388207210441,-1.2026154336800512,-1.0452715139098996,-1.171781463447917,5441.472292348567,2.8007213943372555,2.7207213943372555,0.08,0.60881098095,-61.80806852933718,0.0,8,8,8,1.0,0.8240518986314102,0.27468396621047,16.5,16.5,34,34,0.0207970152896044,-0.0371152058235946,0.2583863952883658,0.7416136047116342,,0.0174817697751066,-0.042927268976978,"{'2025-09': 0.013192874063244986, '2025-10': 0.017481769775106626, '2025-11': -0.03430951369604662, '2025-12': -0.012638883062608741, '2026-01': 0.003566281694976192, '2026-02': -0.04292726897697807, '2026-03': -0.0056261744470156305}","{'2025': -0.017047035907084895, '2026': -0.04491793936655686}",936.2457773041128,1043.336909583245,daily_mark_to_market_equity,A05__QQQM_SMH__atr_2.5,a,QQQM_SMH,A05,atr_2.5,base,0,sha256:acd49d7f6e3e633cb9e24e4f31a698d59c7e8a2578e14056df443689e9c014bb,sensitivity_evaluation,W5,False,A05__QQQM_SMH__atr_2.5/base/W5
track_a,OK,2026-03-19,2026-09-18,1000.0,1100.90125213142,100.90125213142004,100.90125213142004,0.0,0.1009012521314201,0.2115061734182672,0.0463133548129899,2026-06-03,2026-06-05,74,0.1021163112515234,1.9195438834328191,1.4307844081667993,4.566850625965541,1534.47352790284,0.7972621885799361,0.7672621885799361,0.03,0.0,100.90125213142008,0.0,3,3,3,1.0,3.482139140403651,6.964278280807302,44.666666666666664,53.0,36,20,0.0196640353776489,-0.040471673352567,0.1892429542254687,0.8107570457745312,,0.0780089713038021,-0.0177362909778997,"{'2026-03': 0.0, '2026-04': 0.04869195135781035, '2026-05': 0.07800897130380213, '2026-06': -0.008597620471577305, '2026-07': -0.01773629097789975, '2026-08': 0.0, '2026-09': 0.0}",{'2026': 0.1009012521314201},1000.0,1151.89052823781,daily_mark_to_market_equity,A05__QQQM_SMH__atr_2.5,a,QQQM_SMH,A05,atr_2.5,base,0,sha256:acd49d7f6e3e633cb9e24e4f31a698d59c7e8a2578e14056df443689e9c014bb,sensitivity_evaluation,W6,False,A05__QQQM_SMH__atr_2.5/base/W6
track_a,OK,2023-09-19,2024-03-18,1000.0,1106.3375514933955,106.3375514933955,106.3375514933955,0.0,0.1063375514933955,0.226205740783516,0.0364208371148331,2024-03-07,2024-03-15,7,0.1179361640666824,1.7863465246370849,2.6979302615437186,6.210888016392934,2536.5545462209247,3.8338825325549295,3.8038825325549297,0.03,3.70576354595,76.78830366446012,25.843484282985017,4,3,3,1.0,,,53.0,50.0,44,31,0.035997305799204,-0.0204218774153683,0.4412349880945253,0.5587650119054747,,0.0690613086301046,-0.0243961739761323,"{'2023-09': 0.0, '2023-10': 0.0, '2023-11': -0.0024065385151198493, '2023-12': 0.04835349276754641, '2024-01': -0.024396173976132363, '2024-02': 0.06906130863010462, '2024-03': 0.014262120813355983}","{'2023': 0.045830589709740854, '2024': 0.057855414040288045}",988.73753610488,1136.0321540536202,daily_mark_to_market_equity,A05__QQQM_SMH__atr_2.5,a,QQQM_SMH,A05,atr_2.5,stress,0,sha256:acd49d7f6e3e633cb9e24e4f31a698d59c7e8a2578e14056df443689e9c014bb,sensitivity_evaluation,W1,False,A05__QQQM_SMH__atr_2.5/stress/W1
track_a,OK,2024-03-19,2024-09-18,1000.0,1026.9373630443151,26.937363044315138,26.937363044315138,0.0,0.026937363044315,0.0544854675322685,0.0509898957283585,2024-06-18,2024-07-17,63,0.0856291692826323,0.6587937144027656,0.3679604032547779,1.0685542057691624,2127.357570478815,3.2211023822849345,3.1911023822849347,0.03,0.8133246366000001,26.124038407715,0.0,3,3,3,1.0,1.007226783892606,2.014453567785212,34.0,32.0,28,15,0.0232199818457476,-0.0336462314222812,0.2143207337457161,0.7856792662542839,,0.0500335036364305,-0.0186173648513235,"{'2024-03': 0.0, '2024-04': 0.0, '2024-05': -0.003442345075049702, '2024-06': 0.050033503636430554, '2024-07': -0.018617364851323592, '2024-08': 0.0, '2024-09': 0.0}",{'2024': 0.026937363044315044},996.55765492495,1073.73711412495,daily_mark_to_market_equity,A05__QQQM_SMH__atr_2.5,a,QQQM_SMH,A05,atr_2.5,stress,0,sha256:acd49d7f6e3e633cb9e24e4f31a698d59c7e8a2578e14056df443689e9c014bb,sensitivity_evaluation,W2,False,A05__QQQM_SMH__atr_2.5/stress/W2
track_a,OK,2024-09-19,2025-03-18,1000.0,943.8708789213952,-56.12912107860484,-56.12912107860484,0.0,-0.0561291210786047,-0.1106075099934191,0.0581936143660926,2024-10-14,2025-02-25,105,0.0757680401479454,-1.5237568612122727,-1.0126102535465618,-1.9006812207537729,3617.7990378747354,5.476584588605019,5.426584588605019,0.05,0.0,-56.129121078604925,0.0,5,5,5,,,,15.6,15.0,23,24,0.0121953278489366,-0.024211701086188,0.1791204843863555,0.8208795156136445,,0.0144744314829241,-0.0291323689052154,"{'2024-09': 0.0, '2024-10': -0.029132368905215422, '2024-11': 0.014474431482924155, '2024-12': -0.0006599306618109146, '2025-01': -0.02433061809372128, '2025-02': -0.017131351778552184, '2025-03': 0.0}","{'2024': -0.015729591063494808, '2025': -0.041045153494720155}",943.8708789213952,1002.19205700766,daily_mark_to_market_equity,A05__QQQM_SMH__atr_2.5,a,QQQM_SMH,A05,atr_2.5,stress,0,sha256:acd49d7f6e3e633cb9e24e4f31a698d59c7e8a2578e14056df443689e9c014bb,sensitivity_evaluation,W3,False,A05__QQQM_SMH__atr_2.5/stress/W3
track_a,OK,2025-03-19,2025-09-18,1000.0,1077.667052574775,77.66705257477497,77.66705257477497,0.0,0.0776670525747749,0.1610103121842903,0.0194094568423655,2025-08-14,2025-09-12,24,0.0604528645769909,2.4857487944562995,3.5059045049762187,8.295456874035192,1888.885591806035,2.851485277325099,2.831485277325099,0.02,0.4301997721,55.461825837084966,21.77502696558995,4,2,2,1.0,,,96.5,96.5,44,30,0.0173899312488023,-0.0093134855769094,0.2913364804792023,0.7086635195207976,,0.0485055810818055,-0.0054380748322702,"{'2025-03': 0.0, '2025-04': 0.0, '2025-05': -0.005438074832270212, '2025-06': 0.04850558108180558, '2025-07': 0.014330752423051152, '2025-08': -0.001754544486298859, '2025-09': 0.02062239929601417}",{'2025': 0.07766705257477446},987.24566341773,1077.667052574775,daily_mark_to_market_equity,A05__QQQM_SMH__atr_2.5,a,QQQM_SMH,A05,atr_2.5,stress,0,sha256:acd49d7f6e3e633cb9e24e4f31a698d59c7e8a2578e14056df443689e9c014bb,sensitivity_evaluation,W4,False,A05__QQQM_SMH__atr_2.5/stress/W4
track_a,OK,2025-09-19,2026-03-18,1000.0,933.64059398385,-66.35940601614993,-66.35940601614993,0.0,-0.0663594060161499,-0.130059210258659,0.1066709808381052,2025-10-08,2026-03-03,110,0.1020434002059935,-1.3160933880338526,-1.1456823016967903,-1.2192557829392252,5430.257965843331,8.225254777100028,8.145254777100028,0.08,0.60881098095,-66.96821699709994,0.0,8,8,8,1.0,0.7347563606374775,0.2449187868791592,16.5,16.5,33,36,0.0199613821229429,-0.0371448190349975,0.2585603228699739,0.7414396771300261,,0.0159319734334477,-0.0438854483574467,"{'2025-09': 0.012362296247835136, '2025-10': 0.015931973433447766, '2025-11': -0.035003952841400454, '2025-12': -0.013110563830595834, '2026-01': 0.0028137926609517194, '2026-02': -0.04388544835744679, '2026-03': -0.00584323040028123}","{'2025': -0.020522135961930532, '2026': -0.046797657953440264}",931.301158828225,1042.506331767835,daily_mark_to_market_equity,A05__QQQM_SMH__atr_2.5,a,QQQM_SMH,A05,atr_2.5,stress,0,sha256:acd49d7f6e3e633cb9e24e4f31a698d59c7e8a2578e14056df443689e9c014bb,sensitivity_evaluation,W5,False,A05__QQQM_SMH__atr_2.5/stress/W5
track_a,OK,2026-03-19,2026-09-18,1000.0,1099.37743874513,99.37743874513012,99.37743874513012,0.0,0.09937743874513,0.2081615382758761,0.0463324783120047,2026-06-03,2026-06-05,74,0.1019809337545195,1.8949903912953725,1.4108994604077163,4.492777979069202,1533.8875538316202,2.33106017486997,2.30106017486997,0.03,0.0,99.37743874513004,0.0,3,3,3,1.0,3.389224041839083,6.778448083678166,44.666666666666664,53.0,36,20,0.0196726519291143,-0.0404883817014081,0.1893136592148497,0.8106863407851503,,0.0780432896466343,-0.0178649282830277,"{'2026-03': 0.0, '2026-04': 0.04813064096059505, '2026-05': 0.07804328964663432, '2026-06': -0.009341472074990254, '2026-07': -0.01786492828302777, '2026-08': 0.0, '2026-09': 0.0}",{'2026': 0.09937743874513028},1000.0,1151.320687850595,daily_mark_to_market_equity,A05__QQQM_SMH__atr_2.5,a,QQQM_SMH,A05,atr_2.5,stress,0,sha256:acd49d7f6e3e633cb9e24e4f31a698d59c7e8a2578e14056df443689e9c014bb,sensitivity_evaluation,W6,False,A05__QQQM_SMH__atr_2.5/stress/W6
track_a,OK,2023-09-19,2024-03-18,1000.0,1105.9796879936,105.9796879936,105.9796879936,0.0,0.1059796879935999,0.2254054768595894,0.024713529851844,2024-03-07,2024-03-15,7,0.0831661437966555,2.4838932023335043,3.8684165291497457,9.120731769637125,479.3521353295199,0.2395562895199442,0.2395562895199442,0.0,2.54354975312,0.0,103.43613824048008,2,0,0,,,,,,51,33,0.0235803095452875,-0.0138606659057984,0.3375332319576286,0.6624667680423715,,0.0449693926631644,-0.0012398438395199,"{'2023-09': 0.0, '2023-10': 0.0, '2023-11': -0.0012398438395199163, '2023-12': 0.03449786447707859, '2024-01': 0.01798664868126143, '2024-02': 0.044969392663164465, '2024-03': 0.006261117726628074}","{'2023': 0.03321524867281034, '2024': 0.07042524722148391}",992.43449497048,1130.34464552281,daily_mark_to_market_equity,A05__QQQM_SMH__atr_3.5,a,QQQM_SMH,A05,atr_3.5,base,0,sha256:acd49d7f6e3e633cb9e24e4f31a698d59c7e8a2578e14056df443689e9c014bb,sensitivity_evaluation,W1,False,A05__QQQM_SMH__atr_3.5/base/W1
track_a,OK,2024-03-19,2024-09-18,1000.0,1034.35321315003,34.353213150030115,34.353213150030115,0.0,0.0343532131500301,0.0697384780521896,0.0356939198353425,2024-07-10,2024-07-17,49,0.0647502251621053,1.0674774138676606,0.627784717857025,1.9537915245480475,1111.41732114784,0.5757172475699592,0.5557172475699592,0.02,0.5809460776,33.772267072430026,0.0,2,2,2,1.0,,,59.5,59.5,27,17,0.0165878029407342,-0.025462241317523,0.1757177011345757,0.8242822988654243,,0.0378272160728394,-0.0019205667977044,"{'2024-03': 0.0, '2024-04': 0.0, '2024-05': -0.0019205667977044705, '2024-06': 0.037827216072839454, '2024-07': -0.0014295595920442716, '2024-08': 0.0, '2024-09': 0.0}",{'2024': 0.03435321315003059},998.0794332022951,1070.846122429895,daily_mark_to_market_equity,A05__QQQM_SMH__atr_3.5,a,QQQM_SMH,A05,atr_3.5,base,0,sha256:acd49d7f6e3e633cb9e24e4f31a698d59c7e8a2578e14056df443689e9c014bb,sensitivity_evaluation,W2,False,A05__QQQM_SMH__atr_3.5/base/W2
track_a,OK,2024-09-19,2025-03-18,1000.0,950.4005787875952,-49.59942121240476,-49.59942121240476,0.0,-0.0495994212124047,-0.098077967657997,0.0614625682253716,2024-12-16,2025-02-28,61,0.0650009382411468,-1.5707511522716366,-1.461053045394847,-1.5957349406286376,1888.5701164409152,0.9842727838148672,0.9442727838148672,0.04,0.4824734014099999,-50.08189461381482,0.0,4,4,4,1.0,0.1110309419801165,0.0370103139933721,34.75,22.0,36,38,0.0129632483405237,-0.0172822501838209,0.2149576833569859,0.785042316643014,,0.0150543847906761,-0.0235208734181855,"{'2024-09': 0.0, '2024-10': -0.020315350404774724, '2024-11': 0.015054384790676112, '2024-12': 0.001501458873743866, '2025-01': -0.02352087341818554, '2025-02': -0.022725590085589276, '2025-03': 0.0}","{'2024': -0.0040737001648391, '2025': -0.04571193777601812}",950.4005787875952,1012.6400360937502,daily_mark_to_market_equity,A05__QQQM_SMH__atr_3.5,a,QQQM_SMH,A05,atr_3.5,base,0,sha256:acd49d7f6e3e633cb9e24e4f31a698d59c7e8a2578e14056df443689e9c014bb,sensitivity_evaluation,W3,False,A05__QQQM_SMH__atr_3.5/base/W3
track_a,OK,2025-03-19,2025-09-18,1000.0,1069.04791917172,69.04791917171997,69.04791917171997,0.0,0.0690479191717199,0.142550761722535,0.0136646000452161,2025-08-14,2025-08-21,19,0.0443114372248274,3.0126195720968227,4.040437760499718,10.432121046414402,341.09523634697996,0.1704623869799772,0.1704623869799772,0.0,0.3073335987,0.0,68.74058557302004,2,0,0,,,,,,55,32,0.0089658654400974,-0.0069788614593281,0.2424741618372201,0.7575258381627799,,0.034583041924034,-0.0035434810969801,"{'2025-03': 0.0, '2025-04': 0.0, '2025-05': -0.0035434810969801056, '2025-06': 0.03458304192403405, '2025-07': 0.01035508185376166, '2025-08': 0.002875352739890369, '2025-09': 0.023416645048672136}",{'2025': 0.06904791917171993},991.22999663302,1069.04791917172,daily_mark_to_market_equity,A05__QQQM_SMH__atr_3.5,a,QQQM_SMH,A05,atr_3.5,base,0,sha256:acd49d7f6e3e633cb9e24e4f31a698d59c7e8a2578e14056df443689e9c014bb,sensitivity_evaluation,W4,False,A05__QQQM_SMH__atr_3.5/base/W4
track_a,OK,2025-09-19,2026-03-18,1000.0,989.30322653452,-10.69677346547985,-10.69677346547985,0.0,-0.0106967734654798,-0.0215860730661356,0.0731876802346646,2025-10-29,2026-03-09,95,0.1026820656319567,-0.1617384198659242,-0.1829361992396555,-0.2949413480099847,2383.29747463376,1.2316461093298663,1.1916461093298665,0.04,1.04682016385,-11.74359362932982,0.0,4,4,4,1.0,0.4309106384049226,0.4309106384049226,55.0,62.0,55,50,0.0198845631700559,-0.0293593052133878,0.3405442970418654,0.6594557029581346,,0.0479383169514067,-0.049214285091652,"{'2025-09': 0.009847583282335037, '2025-10': 0.04793831695140671, '2025-11': -0.049214285091652044, '2025-12': -0.004079046444337209, '2026-01': 0.012614920978311961, '2026-02': -0.010754906852407653, '2026-03': -0.014442131189681406}","{'2025': 0.0020723260833463986, '2026': -0.012742692534713496}",989.30322653452,1067.425632392335,daily_mark_to_market_equity,A05__QQQM_SMH__atr_3.5,a,QQQM_SMH,A05,atr_3.5,base,0,sha256:acd49d7f6e3e633cb9e24e4f31a698d59c7e8a2578e14056df443689e9c014bb,sensitivity_evaluation,W5,False,A05__QQQM_SMH__atr_3.5/base/W5
track_a,OK,2026-03-19,2026-09-18,1000.0,1067.40574801906,67.40574801905996,67.40574801905996,0.0,0.0674057480190599,0.1390504754615911,0.0404851031550458,2026-06-03,2026-07-17,74,0.0893105998924631,1.494095699009616,1.3938072265324617,3.4346084022330237,864.12947296514,0.4520817009399651,0.4320817009399651,0.02,0.0,67.40574801906004,0.0,2,2,2,1.0,,,78.5,78.5,44,25,0.0143328385791328,-0.029964774056589,0.1735509637305883,0.8264490362694117,,0.0564063176579099,-0.025975479089181,"{'2026-03': 0.0, '2026-04': 0.034753200766960424, '2026-05': 0.05640631765790993, '2026-06': 0.0025173065553225626, '2026-07': -0.025975479089181075, '2026-08': 0.0, '2026-09': 0.0}",{'2026': 0.06740574801906085},1000.0,1108.39313174696,daily_mark_to_market_equity,A05__QQQM_SMH__atr_3.5,a,QQQM_SMH,A05,atr_3.5,base,0,sha256:acd49d7f6e3e633cb9e24e4f31a698d59c7e8a2578e14056df443689e9c014bb,sensitivity_evaluation,W6,False,A05__QQQM_SMH__atr_3.5/base/W6
track_a,OK,2023-09-19,2024-03-18,1000.0,1105.50057541456,105.50057541456,105.50057541456,0.0,0.1055005754145599,0.2243344851200135,0.0247240094732494,2024-03-07,2024-03-15,7,0.0832473101821783,2.4710500959605053,3.8595021645879184,9.073547935772131,479.83124790855993,0.7186688685600024,0.7186688685600024,0.0,2.54354975312,0.0,102.95702566144004,2,0,0,,,,,,51,33,0.0235908643687188,-0.0138665434365273,0.3376872735756591,0.6623127264243409,,0.0449898863256785,-0.00171895641856,"{'2023-09': 0.0, '2023-10': 0.0, '2023-11': -0.0017189564185600137, '2023-12': 0.03451442129835258, '2024-01': 0.01799499314538644, '2024-02': 0.044989886325678574, '2024-03': 0.006263848227630264}","{'2023': 0.03273613609376924, '2024': 0.07045791928615475}",991.95538239144,1129.86553294377,daily_mark_to_market_equity,A05__QQQM_SMH__atr_3.5,a,QQQM_SMH,A05,atr_3.5,stress,0,sha256:acd49d7f6e3e633cb9e24e4f31a698d59c7e8a2578e14056df443689e9c014bb,sensitivity_evaluation,W1,False,A05__QQQM_SMH__atr_3.5/stress/W1
track_a,OK,2024-03-19,2024-09-18,1000.0,1033.23706093209,33.23706093209012,33.23706093209012,0.0,0.0332370609320902,0.0674357752546856,0.0357051711770838,2024-07-10,2024-07-17,49,0.0647504234125698,1.0343798314121209,0.6104628009627971,1.888683712514088,1111.24279575552,1.6869414655099528,1.6669414655099528,0.02,0.5809460776,32.65611485449003,0.0,2,2,2,1.0,,,59.5,59.5,27,17,0.0165934253920763,-0.0254702504894246,0.1757876628658402,0.8242123371341599,,0.037841947326382,-0.0024587146105153,"{'2024-03': 0.0, '2024-04': 0.0, '2024-05': -0.002458714610515389, '2024-06': 0.03784194732638202, '2024-07': -0.0019831437161242915, '2024-08': 0.0, '2024-09': 0.0}",{'2024': 0.033237060932089335},997.5412853894848,1070.2965534170849,daily_mark_to_market_equity,A05__QQQM_SMH__atr_3.5,a,QQQM_SMH,A05,atr_3.5,stress,0,sha256:acd49d7f6e3e633cb9e24e4f31a698d59c7e8a2578e14056df443689e9c014bb,sensitivity_evaluation,W2,False,A05__QQQM_SMH__atr_3.5/stress/W2
track_a,OK,2024-09-19,2025-03-18,1000.0,948.5584851705652,-51.44151482943471,-51.44151482943471,0.0,-0.0514415148294347,-0.1016216791461521,0.0626788235262024,2024-12-16,2025-02-28,61,0.065151015461882,-1.6279666284702694,-1.5133602301269156,-1.6213080180688124,1887.408358485745,2.8710021686950675,2.8310021686950675,0.04,0.48239116926,-51.92390599869502,0.0,4,4,4,1.0,0.0724600584076926,0.0241533528025642,34.75,22.0,36,38,0.0129681806675037,-0.0172852994970063,0.2150467249016336,0.7849532750983663,,0.0148978761922042,-0.0241746770449965,"{'2024-09': 0.0, '2024-10': -0.020802940810549897, '2024-11': 0.014897876192204285, '2024-12': 0.001502182107405714, '2025-01': -0.02417467704499654, '2025-02': -0.02333036572690672, '2025-03': 0.0}","{'2024': -0.004722138185714431, '2025': -0.04694103871511368}",948.5584851705652,1011.9887494050251,daily_mark_to_market_equity,A05__QQQM_SMH__atr_3.5,a,QQQM_SMH,A05,atr_3.5,stress,0,sha256:acd49d7f6e3e633cb9e24e4f31a698d59c7e8a2578e14056df443689e9c014bb,sensitivity_evaluation,W3,False,A05__QQQM_SMH__atr_3.5/stress/W3
track_a,OK,2025-03-19,2025-09-18,1000.0,1068.70296504664,68.70296504663997,68.70296504663997,0.0,0.0687029650466399,0.1418150477180515,0.0136682311853729,2025-08-14,2025-08-21,19,0.0443294149779681,2.996962272674598,4.0355494200395015,10.37552305010868,341.40852921516,0.51134577516003,0.51134577516003,0.0,0.3072928217999999,0.0,68.39567222483998,2,0,0,,,,,,55,32,0.0089683005081526,-0.0069808044977063,0.2425351123477943,0.7574648876522057,,0.0345931062951974,-0.0038843477151602,"{'2025-03': 0.0, '2025-04': 0.0, '2025-05': -0.003884347715160219, '2025-06': 0.03459310629519741, '2025-07': 0.01035783985650296, '2025-08': 0.002876023328573618, '2025-09': 0.023423077010151117}",{'2025': 0.06870296504663997},990.88965762484,1068.70296504664,daily_mark_to_market_equity,A05__QQQM_SMH__atr_3.5,a,QQQM_SMH,A05,atr_3.5,stress,0,sha256:acd49d7f6e3e633cb9e24e4f31a698d59c7e8a2578e14056df443689e9c014bb,sensitivity_evaluation,W4,False,A05__QQQM_SMH__atr_3.5/stress/W4
track_a,OK,2025-09-19,2026-03-18,1000.0,986.9473261801052,-13.05267381989472,-13.05267381989472,0.0,-0.0130526738198947,-0.026308174724509,0.0748154976707861,2025-10-29,2026-03-09,95,0.1027141188958674,-0.2088249366006773,-0.2364453151050617,-0.3516407100608231,2381.802410610315,3.6126800221449766,3.5726800221449766,0.04,1.04612641225,-14.098800232144931,0.0,4,4,4,1.0,0.3635229613650471,0.3635229613650471,55.0,62.0,55,50,0.01989784393872,-0.0293783380233125,0.3407469940327093,0.6592530059672906,,0.0479700640350633,-0.0498833155659582,"{'2025-09': 0.00917925572530498, '2025-10': 0.04797006403506332, '2025-11': -0.049883315565958264, '2025-12': -0.00425191583670248, '2026-01': 0.012264512061955113, '2026-02': -0.011088683822986778, '2026-03': -0.014630760053166436}","{'2025': 0.0005611032587859999, '2026': -0.01360614262771187}",986.9473261801052,1066.7573048353051,daily_mark_to_market_equity,A05__QQQM_SMH__atr_3.5,a,QQQM_SMH,A05,atr_3.5,stress,0,sha256:acd49d7f6e3e633cb9e24e4f31a698d59c7e8a2578e14056df443689e9c014bb,sensitivity_evaluation,W5,False,A05__QQQM_SMH__atr_3.5/stress/W5
track_a,OK,2026-03-19,2026-09-18,1000.0,1066.5383098602852,66.53830986028515,66.53830986028515,0.0,0.0665383098602852,0.1372036948313311,0.040750947747751,2026-06-03,2026-07-17,74,0.0892573295492367,1.476852868560759,1.3763996337212687,3.3668835306757545,863.9861181474351,1.316131849714988,1.2961318497149878,0.02,0.0,66.53830986028503,0.0,2,2,2,1.0,,,78.5,78.5,44,25,0.0143374145836681,-0.0299739323928206,0.1736133699022813,0.8263866300977187,,0.0564242656348483,-0.0261607598219866,"{'2026-03': 0.0, '2026-04': 0.03435349779642438, '2026-05': 0.05642426563484837, '2026-06': 0.002263313906083475, '2026-07': -0.026160759821986623, '2026-08': 0.0, '2026-09': 0.0}",{'2026': 0.06653830986028453},1000.0,1107.989084506425,daily_mark_to_market_equity,A05__QQQM_SMH__atr_3.5,a,QQQM_SMH,A05,atr_3.5,stress,0,sha256:acd49d7f6e3e633cb9e24e4f31a698d59c7e8a2578e14056df443689e9c014bb,sensitivity_evaluation,W6,False,A05__QQQM_SMH__atr_3.5/stress/W6
track_a,OK,2023-09-19,2024-03-18,1000.0,989.8214032082004,-10.178596791799691,-10.178596791799691,0.0,-0.0101785967917996,-0.0204335539732488,0.0182147626349349,2023-11-01,2024-02-23,93,0.0291768843370632,-0.6923806727899402,-0.3170955386980206,-1.1218128055129528,3947.80290594869,2.0138994117998585,1.9738994117998585,0.04,0.0,-10.17859679179988,0.0,4,4,4,1.0,0.6903266546790374,0.2301088848930125,3.75,3.0,5,5,0.011126622395063,-0.011710317972135,0.0354198073129679,0.964580192687032,,0.0020610754879502,-0.0066429318685606,"{'2023-09': 0.0, '2023-10': 0.0020610754879502036, '2023-11': -0.006449542548240261, '2023-12': 0.0008461755444906238, '2024-01': 0.0, '2024-02': -0.006642931868560686, '2024-03': 0.0}","{'2023': -0.003559309171564773, '2024': -0.006642931868560686}",984.7720534984604,1003.0422296238752,daily_mark_to_market_equity,A06__QQQM_SMH__confirm_2,a,QQQM_SMH,A06,confirm_2,base,0,sha256:acd49d7f6e3e633cb9e24e4f31a698d59c7e8a2578e14056df443689e9c014bb,sensitivity_evaluation,W1,False,A06__QQQM_SMH__confirm_2/base/W1
track_a,OK,2024-03-19,2024-09-18,1000.0,1010.79924958989,10.799249589889996,10.799249589889996,0.0,0.01079924958989,0.0216701460763732,2.659892889556037e-05,2024-09-11,2024-09-12,5,0.0128214450931625,1.6687297359291031,,814.6999513198542,1993.59071219605,1.0167983101098654,0.9967983101098654,0.02,0.0,10.79924958989009,0.0,2,2,2,1.0,,,1.0,1.0,3,1,0.00901119122845,-2.659892889556037e-05,0.0078397507338822,0.9921602492661178,,0.0089843526115198,0.0,"{'2024-03': 0.0, '2024-04': 0.0, '2024-05': 0.0, '2024-06': 0.0017987364954399343, '2024-07': 0.0, '2024-08': 0.0, '2024-09': 0.008984352611519864}",{'2024': 0.01079924958988987},1000.0,1010.82613648242,daily_mark_to_market_equity,A06__QQQM_SMH__confirm_2,a,QQQM_SMH,A06,confirm_2,base,0,sha256:acd49d7f6e3e633cb9e24e4f31a698d59c7e8a2578e14056df443689e9c014bb,sensitivity_evaluation,W2,False,A06__QQQM_SMH__confirm_2/base/W2
track_a,OK,2024-09-19,2025-03-18,1000.0,1016.2767155715004,16.276715571500517,16.276715571500517,0.0,0.0162767155715004,0.0333048471944545,0.0059462080819745,2025-01-08,2025-01-16,6,0.0241518921246189,1.3816471647187072,1.035662543720837,5.601022825860327,6012.7099854623,3.066359828499606,3.006359828499606,0.06,0.0,16.276715571500397,0.0,6,6,6,1.0,0.9622672987731844,4.811336493865922,2.0,1.0,8,7,0.0090376658052824,-0.0059462080819745,0.040255170095463,0.9597448299045368,,0.0123322885805217,-0.0036399774573189,"{'2024-09': 0.0, '2024-10': 0.0, '2024-11': 0.0007850977496000056, '2024-12': 0.006773470005382087, '2025-01': 0.01233228858052171, '2025-02': -0.0036399774573189214, '2025-03': 0.0}","{'2024': 0.007563885591040265, '2025': 0.008647421870772387}",999.800305310575,1020.8113665414604,daily_mark_to_market_equity,A06__QQQM_SMH__confirm_2,a,QQQM_SMH,A06,confirm_2,base,0,sha256:acd49d7f6e3e633cb9e24e4f31a698d59c7e8a2578e14056df443689e9c014bb,sensitivity_evaluation,W3,False,A06__QQQM_SMH__confirm_2/base/W3
track_a,OK,2025-03-19,2025-09-18,1000.0,1018.0783742581402,18.07837425814023,18.07837425814023,0.0,0.0180783742581402,0.0364074700069059,0.004820002015816,2025-07-29,2025-08-05,6,0.0175360309651434,2.0361724067296776,2.026545148255447,7.55341385489904,4027.45193766737,2.053731001859701,2.0137310018597008,0.04,0.0,18.07837425814026,0.0,4,4,4,1.0,15.281055645507438,45.84316693652232,2.5,2.5,8,2,0.0067660929408759,-0.004820002015816,0.0234129612449398,0.97658703875506,,0.01216500270469,-0.0003958311273581,"{'2025-03': 0.0, '2025-04': 0.0, '2025-05': 0.0, '2025-06': 0.0, '2025-07': 0.012165002704690009, '2025-08': 0.0062406013102616065, '2025-09': -0.0003958311273581927}",{'2025': 0.018078374258140295},1000.0,1018.4815209467702,daily_mark_to_market_equity,A06__QQQM_SMH__confirm_2,a,QQQM_SMH,A06,confirm_2,base,0,sha256:acd49d7f6e3e633cb9e24e4f31a698d59c7e8a2578e14056df443689e9c014bb,sensitivity_evaluation,W4,False,A06__QQQM_SMH__confirm_2/base/W4
track_a,OK,2025-09-19,2026-03-18,1000.0,953.9658656641504,-46.03413433584967,-46.03413433584967,0.0,-0.0460341343358496,-0.091199177184432,0.0460341343358496,2025-09-19,2026-03-09,123,0.0597363198260368,-1.572878958289077,-0.4843562186449124,-1.981120716185804,4778.9008690474,2.439439535849753,2.3894395358497533,0.05,0.0,-46.0341343358498,0.0,5,5,5,1.0,0.3900329606221601,0.2600219737481067,1.6,1.0,2,8,0.0145905096909921,-0.0339607302680099,0.0237292145671059,0.976270785432894,,0.0167954522896425,-0.0343431933555098,"{'2025-09': 0.0, '2025-10': 0.0, '2025-11': -0.03434319335550984, '2025-12': 0.0, '2026-01': -0.0026290876381350747, '2026-02': 0.01679545228964252, '2026-03': -0.0258636802282608}","{'2025': -0.03434319335550984, '2026': -0.01210672456290618}",953.9658656641504,1000.0,daily_mark_to_market_equity,A06__QQQM_SMH__confirm_2,a,QQQM_SMH,A06,confirm_2,base,0,sha256:acd49d7f6e3e633cb9e24e4f31a698d59c7e8a2578e14056df443689e9c014bb,sensitivity_evaluation,W5,False,A06__QQQM_SMH__confirm_2/base/W5
track_a,OK,2026-03-19,2026-09-18,1000.0,987.5512893688788,-12.44871063112123,-12.44871063112123,0.0,-0.0124487106311211,-0.0246923803178372,0.0201167358579769,2026-04-01,2026-07-23,117,0.040486801146407,-0.5937095567112661,-0.1583805106354595,-1.227454617496803,3907.289963777131,1.993642368121294,1.953642368121294,0.04,0.0,-12.448710631121298,0.0,4,4,4,1.0,0.384200370990734,0.384200370990734,1.0,1.0,3,3,0.0141970289292476,-0.0178922874424021,0.0156325456465202,0.9843674543534796,,0.0033216535939599,-0.0134837202569373,"{'2026-03': 0.0, '2026-04': -0.013483720256937337, '2026-05': 0.0, '2026-06': 0.0, '2026-07': -0.002264973981094154, '2026-08': 0.0, '2026-09': 0.0033216535939599723}",{'2026': -0.012448710631121185},984.2818460375188,1004.4888835807876,daily_mark_to_market_equity,A06__QQQM_SMH__confirm_2,a,QQQM_SMH,A06,confirm_2,base,0,sha256:acd49d7f6e3e633cb9e24e4f31a698d59c7e8a2578e14056df443689e9c014bb,sensitivity_evaluation,W6,False,A06__QQQM_SMH__confirm_2/base/W6
track_a,OK,2023-09-19,2024-03-18,1000.0,985.89807305471,-14.10192694528996,-14.10192694528996,0.0,-0.01410192694529,-0.0282528300312451,0.0201696805798012,2023-11-01,2024-02-23,93,0.0298911724605918,-0.942955858691844,-0.4187666180111901,-1.400757434876714,3942.93807816724,5.954388785289971,5.914388785289971,0.04,0.0,-14.101926945289993,0.0,4,4,4,1.0,0.3805455759066021,0.1268485253022007,3.75,3.0,5,5,0.0111322258603583,-0.0127003172255032,0.0354414844243052,0.9645585155756948,,0.00156607556385,-0.008617334984691,"{'2023-09': 0.0, '2023-10': 0.0015660755638500223, '2023-11': -0.007438376382198131, '2023-12': 0.0003537660753962779, '2024-01': 0.0, '2024-02': -0.008617334984691083, '2024-03': 0.0}","{'2023': -0.00553226534429474, '2024': -0.008617334984691083}",981.83767895505,1002.048680771625,daily_mark_to_market_equity,A06__QQQM_SMH__confirm_2,a,QQQM_SMH,A06,confirm_2,stress,0,sha256:acd49d7f6e3e633cb9e24e4f31a698d59c7e8a2578e14056df443689e9c014bb,sensitivity_evaluation,W1,False,A06__QQQM_SMH__confirm_2/stress/W1
track_a,OK,2024-03-19,2024-09-18,1000.0,1008.79771758177,8.797717581769916,8.797717581769916,0.0,0.0087977175817699,0.0176363026874579,0.0005268556303822,2024-09-11,2024-09-12,5,0.0120674517100899,1.4462856368048234,,33.47464024378491,1992.58684888337,3.00890683823003,2.98890683823003,0.02,0.0,8.797717581769925,0.0,2,2,2,1.0,,,1.0,1.0,3,1,0.0085161890543392,-0.0005268556303822,0.0078436124346877,0.9921563875653122,,0.0079848466218044,0.0,"{'2024-03': 0.0, '2024-04': 0.0, '2024-05': 0.0, '2024-06': 0.0008064317263201115, '2024-07': 0.0, '2024-08': 0.0, '2024-09': 0.007984846621804431}",{'2024': 0.008797717581769948},1000.0,1009.3294885057,daily_mark_to_market_equity,A06__QQQM_SMH__confirm_2,a,QQQM_SMH,A06,confirm_2,stress,0,sha256:acd49d7f6e3e633cb9e24e4f31a698d59c7e8a2578e14056df443689e9c014bb,sensitivity_evaluation,W2,False,A06__QQQM_SMH__confirm_2/stress/W2
track_a,OK,2024-09-19,2025-03-18,1000.0,1010.260342546125,10.260342546125004,10.260342546125004,0.0,0.0102603425461249,0.0209298811938445,0.0064412073546188,2025-01-07,2025-01-16,7,0.0232194816077646,0.912234558069368,0.6489629101092429,3.2493723678738906,5998.771931434136,9.05820136387508,8.99820136387508,0.06,0.0,10.260342546124924,0.0,6,6,6,1.0,1.440040892838835,2.88008178567767,2.0,1.0,6,8,0.0085403519617406,-0.0064412073546188,0.0402790738334048,0.9597209261665952,,0.0088357520172879,-0.0041336594790853,"{'2024-09': 0.0, '2024-10': 0.0, '2024-11': -0.00020619295120016812, '2024-12': 0.005776176373313069, '2025-01': 0.008835752017287923, '2025-02': -0.004133659479085394, '2025-03': 0.0}","{'2024': 0.005568792415259871, '2025': 0.0046655685481213904}",999.305305331725,1015.511541195805,daily_mark_to_market_equity,A06__QQQM_SMH__confirm_2,a,QQQM_SMH,A06,confirm_2,stress,0,sha256:acd49d7f6e3e633cb9e24e4f31a698d59c7e8a2578e14056df443689e9c014bb,sensitivity_evaluation,W3,False,A06__QQQM_SMH__confirm_2/stress/W3
track_a,OK,2025-03-19,2025-09-18,1000.0,1014.0504753950624,14.050475395062447,14.050475395062447,0.0,0.0140504753950625,0.0282395670164152,0.0053150005542532,2025-07-29,2025-08-05,6,0.0174239346399267,1.5976587010671432,0.7071861162255076,5.313182327670105,4021.441142601423,6.072206989937532,6.032206989937532,0.04,0.0,14.050475395062431,0.0,4,4,4,1.0,3.661111557737426,10.983334673212278,2.5,2.5,7,3,0.0067694373516664,-0.0053150005542532,0.023424543217858,0.976575456782142,,0.0111623266340699,-0.0013859688813665,"{'2025-03': 0.0, '2025-04': 0.0, '2025-05': 0.0, '2025-06': 0.0, '2025-07': 0.011162326634069908, '2025-08': 0.00424812283229925, '2025-09': -0.0013859688813665505}",{'2025': 0.014050475395062323},1000.0,1015.457868401005,daily_mark_to_market_equity,A06__QQQM_SMH__confirm_2,a,QQQM_SMH,A06,confirm_2,stress,0,sha256:acd49d7f6e3e633cb9e24e4f31a698d59c7e8a2578e14056df443689e9c014bb,sensitivity_evaluation,W4,False,A06__QQQM_SMH__confirm_2/stress/W4
track_a,OK,2025-09-19,2026-03-18,1000.0,949.26567353534,-50.734326464659944,-50.734326464659944,0.0,-0.0507343264646599,-0.1002620684917274,0.0507343264646599,2025-09-19,2026-03-09,123,0.0599168377031522,-1.7353947330381967,-0.5162856858887758,-1.976217592275856,4770.46846952255,7.20560476465987,7.15560476465987,0.05,0.0,-50.734326464659915,0.0,5,5,5,1.0,0.3284498708425626,0.2189665805617084,1.6,1.0,2,7,0.0136005112777488,-0.03445573016403,0.0237449254068889,0.976255074593111,,0.0147975978612975,-0.03529933802653,"{'2025-09': 0.0, '2025-10': 0.0, '2025-11': -0.03529933802653007, '2025-12': 0.0, '2026-01': -0.003616972670923757, '2026-02': 0.014797597861297529, '2026-03': -0.026828350589227057}","{'2025': -0.03529933802653007, '2026': -0.015999769717743195}",949.26567353534,1000.0,daily_mark_to_market_equity,A06__QQQM_SMH__confirm_2,a,QQQM_SMH,A06,confirm_2,stress,0,sha256:acd49d7f6e3e633cb9e24e4f31a698d59c7e8a2578e14056df443689e9c014bb,sensitivity_evaluation,W5,False,A06__QQQM_SMH__confirm_2/stress/W5
track_a,OK,2026-03-19,2026-09-18,1000.0,983.6412893948116,-16.35871060518832,-16.35871060518832,0.0,-0.0163587106051883,-0.0323844068135491,0.0225469428321806,2026-04-01,2026-07-23,117,0.0408778806311726,-0.7801598869575731,-0.2074939013876709,-1.436310326175476,3902.460115024969,5.893666626188434,5.853666626188434,0.04,0.0,-16.358710605188435,0.0,4,4,4,1.0,0.2616355510495091,0.2616355510495091,1.0,1.0,3,3,0.0132070212315613,-0.0183812061138308,0.0156440293567675,0.9843559706432324,,0.0023277957518683,-0.0144607348208123,"{'2026-03': 0.0, '2026-04': -0.014460734820812338, '2026-05': 0.0, '2026-06': 0.0, '2026-07': -0.0042437418112767356, '2026-08': 0.0, '2026-09': 0.0023277957518683667}",{'2026': -0.01635871060518812},981.3568909928916,1003.9938836923624,daily_mark_to_market_equity,A06__QQQM_SMH__confirm_2,a,QQQM_SMH,A06,confirm_2,stress,0,sha256:acd49d7f6e3e633cb9e24e4f31a698d59c7e8a2578e14056df443689e9c014bb,sensitivity_evaluation,W6,False,A06__QQQM_SMH__confirm_2/stress/W6
track_a,OK,2023-09-19,2024-03-18,1000.0,998.1434415875154,-1.85655841248456,-1.85655841248456,0.0,-0.0018565584124845,-0.0037429126578079,0.0164799945660599,2023-09-19,2023-12-06,77,0.032285894286118,-0.1000202454841968,-0.050688341128384,-0.2271185614051303,4947.174151455584,2.52358724248482,2.47358724248482,0.05,0.0,-1.8565584124847612,0.0,5,5,5,1.0,1.28992373185131,0.85994915456754,3.2,3.0,5,5,0.0111266214612195,-0.0117103182842658,0.0393742153877831,0.9606257846122168,,0.0114752837631075,-0.00742141142606,"{'2023-09': 0.0, '2023-10': 0.0, '2023-11': -0.0074214114260600095, '2023-12': 0.000846144916491598, '2024-01': 0.01147528376310758, '2024-02': -0.006642764715035665, '2024-03': 0.0}","{'2023': -0.006581546099119762, '2024': 0.004756291437995275}",983.52000543394,1004.8182125549004,daily_mark_to_market_equity,A06__QQQM_SMH__confirm_4,a,QQQM_SMH,A06,confirm_4,base,0,sha256:acd49d7f6e3e633cb9e24e4f31a698d59c7e8a2578e14056df443689e9c014bb,sensitivity_evaluation,W1,False,A06__QQQM_SMH__confirm_4/base/W1
track_a,OK,2024-03-19,2024-09-18,1000.0,894.3238702341855,-105.6761297658145,-105.6761297658145,0.0,-0.1056761297658145,-0.1998186280599804,0.1175705252647746,2024-03-19,2024-08-12,126,0.0846389214872721,-2.574271110069075,-0.9060708933009292,-1.699563964777558,7449.502487331994,3.804725775814585,3.724725775814584,0.08,0.0,-105.6761297658146,0.0,8,8,8,1.0,0.1899766872283685,0.1139860123370211,1.25,1.0,4,9,0.0090111908500776,-0.0446551562950525,0.0389225205895479,0.961077479410452,,0.0089830522020606,-0.0501731949011831,"{'2024-03': 0.0, '2024-04': -0.024367473524149807, '2024-05': 0.0, '2024-06': 0.0017984868623621697, '2024-07': -0.050173194901183105, '2024-08': -0.04522753165065896, '2024-09': 0.008983052202060637}",{'2024': -0.10567612976581431},882.4294747352254,1000.0,daily_mark_to_market_equity,A06__QQQM_SMH__confirm_4,a,QQQM_SMH,A06,confirm_4,base,0,sha256:acd49d7f6e3e633cb9e24e4f31a698d59c7e8a2578e14056df443689e9c014bb,sensitivity_evaluation,W2,False,A06__QQQM_SMH__confirm_4/base/W2
track_a,OK,2024-09-19,2025-03-18,1000.0,1024.2380548404203,24.238054840420546,24.238054840420546,0.0,0.0242380548404206,0.049796632240703,0.0083519875770035,2024-12-16,2024-12-27,14,0.0301406416489334,1.642972837525873,1.6217580679566683,5.9622493186907874,10075.73995119392,5.137877319579473,5.037877319579473,0.0999999999999999,0.0,24.238054840420567,0.0,10,10,10,1.0,1.800299043104391,4.200697767243579,1.6,1.0,11,9,0.0090377393024423,-0.0059462058906902,0.0563891170212801,0.94361088297872,,0.0123325197205057,-0.0036399009966966,"{'2024-09': 0.0, '2024-10': 0.0, '2024-11': 0.011871426877095193, '2024-12': 0.003543170878404389, '2025-01': 0.012332519720505752, '2025-02': -0.0036399009966966434, '2025-03': 0.0}","{'2024': 0.015456660249495657, '2025': 0.008647729572986762}",1000.0,1028.8081504873403,daily_mark_to_market_equity,A06__QQQM_SMH__confirm_4,a,QQQM_SMH,A06,confirm_4,base,0,sha256:acd49d7f6e3e633cb9e24e4f31a698d59c7e8a2578e14056df443689e9c014bb,sensitivity_evaluation,W3,False,A06__QQQM_SMH__confirm_4/base/W3
track_a,OK,2025-03-19,2025-09-18,1000.0,1018.63621490002,18.63621490002015,18.63621490002015,0.0,0.0186362149000201,0.0375412194522983,0.004820002015816,2025-07-29,2025-08-05,6,0.0181411869262555,2.028763159585463,1.1356723255881092,7.788631483786386,5036.06579783345,2.568038199979656,2.518038199979656,0.05,0.0,18.636214900020303,0.0,5,5,5,1.0,11.80055007458888,47.202200298355514,2.4,2.0,7,4,0.0067660929408759,-0.004820002015816,0.0312137810948189,0.968786218905181,,0.01216500270469,-0.0003958257104906,"{'2025-03': 0.0, '2025-04': 0.0, '2025-05': 0.0, '2025-06': 0.0, '2025-07': 0.012165002704690009, '2025-08': 0.006791950167739369, '2025-09': -0.0003958257104906826}",{'2025': 0.0186362149000201},1000.0,1020.2452970374304,daily_mark_to_market_equity,A06__QQQM_SMH__confirm_4,a,QQQM_SMH,A06,confirm_4,base,0,sha256:acd49d7f6e3e633cb9e24e4f31a698d59c7e8a2578e14056df443689e9c014bb,sensitivity_evaluation,W4,False,A06__QQQM_SMH__confirm_4/base/W4
track_a,OK,2025-09-19,2026-03-18,1000.0,953.4653753420804,-46.534624657919494,-46.534624657919494,0.0,-0.0465346246579194,-0.0921664122153902,0.0465346246579194,2025-09-19,2026-03-09,123,0.0597531346072861,-1.5902611939021696,-0.493531641751811,-1.9805985949798557,5732.876319938699,2.9264272579197734,2.866427257919774,0.06,0.0,-46.5346246579198,0.0,6,6,6,1.0,0.5156924438487624,0.2578462219243812,1.5,1.0,3,8,0.0145905121228004,-0.0339607302680099,0.0277252740072492,0.9722747259927508,,0.0167954440974154,-0.0343431933555098,"{'2025-09': 0.0, '2025-10': 0.0, '2025-11': -0.03434319335550984, '2025-12': 0.0, '2026-01': -0.003152355101982529, '2026-02': 0.016795444097415402, '2026-03': -0.02586366745252855}","{'2025': -0.03434319335550984, '2026': -0.012625014620642805}",953.4653753420804,1000.0,daily_mark_to_market_equity,A06__QQQM_SMH__confirm_4,a,QQQM_SMH,A06,confirm_4,base,0,sha256:acd49d7f6e3e633cb9e24e4f31a698d59c7e8a2578e14056df443689e9c014bb,sensitivity_evaluation,W5,False,A06__QQQM_SMH__confirm_4/base/W5
track_a,OK,2026-03-19,2026-09-18,1000.0,1013.350217990284,13.350217990284024,13.350217990284024,0.0,0.013350217990284,0.0268228529039022,0.0435299521131323,2026-07-22,2026-08-04,41,0.0696392242598646,0.4123021121655411,0.2126111896159533,0.6161930257628336,9014.814819618055,4.597411896716011,4.507411896716011,0.09,0.0,13.350217990283854,0.0,9,9,9,1.0,1.018134620958456,1.27266827619807,1.8888888888888888,1.0,7,6,0.0298684106445541,-0.0185152522655068,0.0351335601180471,0.9648664398819528,,0.0420863963076094,-0.0207374912253124,"{'2026-03': 0.0, '2026-04': -0.013483720256937337, '2026-05': 0.0, '2026-06': 0.042086396307609464, '2026-07': -0.020737491225312432, '2026-08': 0.0032569034114255935, '2026-09': 0.0033219132751063363}",{'2026': 0.013350217990284019},986.5162797430626,1042.6302318995035,daily_mark_to_market_equity,A06__QQQM_SMH__confirm_4,a,QQQM_SMH,A06,confirm_4,base,0,sha256:acd49d7f6e3e633cb9e24e4f31a698d59c7e8a2578e14056df443689e9c014bb,sensitivity_evaluation,W6,False,A06__QQQM_SMH__confirm_4/base/W6
track_a,OK,2023-09-19,2024-03-18,1000.0,993.2124747128852,-6.787525287114931,-6.787525287114931,0.0,-0.0067875252871149,-0.0136496091783989,0.0169749944581799,2023-09-19,2023-12-06,77,0.0323798198221652,-0.4079494068126649,-0.1962542702682787,-0.8041009504908236,4939.343844172015,7.459017277114924,7.409017277114924,0.05,0.0,-6.787525287114866,0.0,5,5,5,1.0,0.8714694372155549,0.58097962481037,3.2,3.0,5,5,0.0111322242448637,-0.0127003169718469,0.0394017060462197,0.9605982939537804,,0.0094827729671886,-0.00861718677873,"{'2023-09': 0.0, '2023-10': 0.0, '2023-11': -0.007916411318180105, '2023-12': 0.0003537454150270847, '2024-01': 0.00948277296718869, '2024-02': -0.008617186778730024, '2024-03': 0.0}","{'2023': -0.007565466297360213, '2024': 0.0007838713626202587}",983.02500554182,1001.84556507054,daily_mark_to_market_equity,A06__QQQM_SMH__confirm_4,a,QQQM_SMH,A06,confirm_4,stress,0,sha256:acd49d7f6e3e633cb9e24e4f31a698d59c7e8a2578e14056df443689e9c014bb,sensitivity_evaluation,W1,False,A06__QQQM_SMH__confirm_4/stress/W1
track_a,OK,2024-03-19,2024-09-18,1000.0,887.192228811575,-112.80777118842502,-112.80777118842502,0.0,-0.112807771188425,-0.2125037395099254,0.1233045321109049,2024-03-19,2024-08-12,126,0.085683569145336,-2.727073676310278,-0.9858951931624722,-1.7234057489370394,7426.159502090764,11.219010678424969,11.139010678424969,0.08,0.0,-112.80777118842498,0.0,8,8,8,1.0,0.1455484700932469,0.0873290820559481,1.25,1.0,5,9,0.0085161902403292,-0.0446994764061828,0.0389539147823772,0.9610460852176228,,0.0079834781770613,-0.0521040672156651,"{'2024-03': 0.0, '2024-04': -0.026324104052450004, '2024-05': 0.0, '2024-06': 0.000806161417353346, '2024-07': -0.052104067215665184, '2024-08': -0.04711768597866195, '2024-09': 0.007983478177061354}",{'2024': -0.11280777118842478},876.695467889095,1000.0,daily_mark_to_market_equity,A06__QQQM_SMH__confirm_4,a,QQQM_SMH,A06,confirm_4,stress,0,sha256:acd49d7f6e3e633cb9e24e4f31a698d59c7e8a2578e14056df443689e9c014bb,sensitivity_evaluation,W2,False,A06__QQQM_SMH__confirm_4/stress/W2
track_a,OK,2024-09-19,2025-03-18,1000.0,1014.14989434786,14.149894347860029,14.149894347860029,0.0,0.0141498943478599,0.0289215868863814,0.0098279288288105,2024-12-16,2024-12-27,61,0.0292814355395458,0.9976586299218558,0.8769328202442804,2.94279571923617,10032.77628607295,15.149230352140052,15.049230352140052,0.0999999999999999,0.0,14.14989434785999,0.0,10,10,10,1.0,1.5452132344787424,2.3178198517181134,1.6,1.0,10,10,0.0085403881658492,-0.0064412059439422,0.0564289758979506,0.9435710241020494,,0.0088711985803353,-0.0041336226404368,"{'2024-09': 0.0, '2024-10': 0.0, '2024-11': 0.00887119858033536, '2024-12': 0.0005639264322596649, '2025-01': 0.008835868410028036, '2025-02': -0.004133622640436818, '2025-03': 0.0}","{'2024': 0.009440127715960367, '2025': 0.0046657216238836785}",1000.0,1019.4593011717452,daily_mark_to_market_equity,A06__QQQM_SMH__confirm_4,a,QQQM_SMH,A06,confirm_4,stress,0,sha256:acd49d7f6e3e633cb9e24e4f31a698d59c7e8a2578e14056df443689e9c014bb,sensitivity_evaluation,W3,False,A06__QQQM_SMH__confirm_4/stress/W3
track_a,OK,2025-03-19,2025-09-18,1000.0,1013.60195846173,13.601958461729964,13.601958461729964,0.0,0.0136019584617299,0.0273320452379717,0.0054179153411674,2025-08-26,2025-09-05,16,0.018087682419776,1.491139374099986,0.9035061784609332,5.044753104629051,5027.06086328384,7.590638978270019,7.540638978270019,0.05,0.0,13.601958461729945,0.0,5,5,5,1.0,5.552664697024902,8.328997045537353,2.4,2.0,7,4,0.0067694373516664,-0.0053150005542532,0.0312369557705871,0.9687630442294128,,0.0111623266340699,-0.0013859736055288,"{'2025-03': 0.0, '2025-04': 0.0, '2025-05': 0.0, '2025-06': 0.0, '2025-07': 0.011162326634069908, '2025-08': 0.003803946251497381, '2025-09': -0.001385973605528834}",{'2025': 0.013601958461729735},1000.0,1016.715653881565,daily_mark_to_market_equity,A06__QQQM_SMH__confirm_4,a,QQQM_SMH,A06,confirm_4,stress,0,sha256:acd49d7f6e3e633cb9e24e4f31a698d59c7e8a2578e14056df443689e9c014bb,sensitivity_evaluation,W4,False,A06__QQQM_SMH__confirm_4/stress/W4
track_a,OK,2025-09-19,2026-03-18,1000.0,947.8278300905451,-52.17216990945485,-52.17216990945485,0.0,-0.0521721699094548,-0.1030253106337925,0.0521721699094548,2025-09-19,2026-03-09,123,0.0599359140260669,-1.786199744436984,-0.5586724668795017,-1.974717762603964,5719.725551989295,8.639490379454823,8.579490379454823,0.06,0.0,-52.17216990945485,0.0,6,6,6,1.0,0.4279385383732528,0.2139692691866264,1.5,1.0,3,8,0.0136005078611538,-0.03445573016403,0.0277429638276513,0.9722570361723488,,0.0147975624886782,-0.03529933802653,"{'2025-09': 0.0, '2025-10': 0.0, '2025-11': -0.03529933802653007, '2025-12': 0.0, '2026-01': -0.005126143531277827, '2026-02': 0.01479756248867825, '2026-03': -0.026828356558044053}","{'2025': -0.03529933802653007, '2026': -0.017490225256411196}",947.8278300905451,1000.0,daily_mark_to_market_equity,A06__QQQM_SMH__confirm_4,a,QQQM_SMH,A06,confirm_4,stress,0,sha256:acd49d7f6e3e633cb9e24e4f31a698d59c7e8a2578e14056df443689e9c014bb,sensitivity_evaluation,W5,False,A06__QQQM_SMH__confirm_4/stress/W5
track_a,OK,2026-03-19,2026-09-18,1000.0,1004.3584892702776,4.35848927027746,4.35848927027746,0.0,0.0043584892702774,0.0087179955742517,0.0464139099602043,2026-07-22,2026-08-04,41,0.0693850665300537,0.1587132643163173,0.0789937877946757,0.1878315268359565,8982.197287076713,13.563336254722472,13.473336254722472,0.09,0.0,4.358489270277391,0.0,9,9,9,1.0,0.8660624590747805,1.0825780738434756,1.8888888888888888,1.0,7,6,0.0288756247657513,-0.0195052549852351,0.0351624848242453,0.9648375151757546,,0.0400632397232247,-0.0236654513959996,"{'2026-03': 0.0, '2026-04': -0.014460734820812338, '2026-05': 0.0, '2026-06': 0.040063239723224786, '2026-07': -0.023665451395999626, '2026-08': 0.0012592785874223633, '2026-09': 0.0023280054549119633}",{'2026': 0.004358489270277044},985.5392651791876,1038.5606712626177,daily_mark_to_market_equity,A06__QQQM_SMH__confirm_4,a,QQQM_SMH,A06,confirm_4,stress,0,sha256:acd49d7f6e3e633cb9e24e4f31a698d59c7e8a2578e14056df443689e9c014bb,sensitivity_evaluation,W6,False,A06__QQQM_SMH__confirm_4/stress/W6
track_a,OK,2023-09-19,2024-03-18,1000.0,1193.5173828929255,193.51738289292553,193.51738289292553,0.0,0.1935173828929255,0.4290157617792025,0.0452426733501748,2024-03-07,2024-03-15,7,0.1495429454400543,2.460268775455337,4.018469788189028,9.482546675760144,2681.758026346315,1.3706937521948066,1.3406937521948066,0.03,4.2460180651199995,-11.263169461512618,200.53453428931792,5,3,3,1.0,0.7752306532084653,0.3876153266042326,21.0,21.0,57,39,0.0430990334253398,-0.0254085751649356,0.5555000735469285,0.4444999264530714,,0.0852610307151007,-0.0149107859751398,"{'2023-09': -0.01491078597513984, '2023-10': 0.00034115675753576546, '2023-11': 0.0047162283553165985, '2023-12': 0.05541537387835338, '2024-01': 0.03614922272506482, '2024-02': 0.08526103071510072, '2024-03': 0.0157379993951392}","{'2023': 0.04493802750033504, '2024': 0.14218963372212268}",978.7811956289056,1245.9722957503354,daily_mark_to_market_equity,A07__QQQM_SMH__corr_0.80,a,QQQM_SMH,A07,corr_0.80,base,0,sha256:acd49d7f6e3e633cb9e24e4f31a698d59c7e8a2578e14056df443689e9c014bb,sensitivity_evaluation,W1,False,A07__QQQM_SMH__corr_0.80/base/W1
track_a,OK,2024-03-19,2024-09-18,1000.0,1022.3127830623528,22.312783062352764,22.312783062352764,0.0,0.0223127830623528,0.0450289091462641,0.1643141714081601,2024-07-10,2024-08-05,49,0.2156207293510928,0.310561809704417,0.3862979198825292,0.2740415434674302,4009.420114907238,2.054716038047277,2.004716038047277,0.05,0.4451235754,21.867659486952697,0.0,7,5,5,1.0,0.8880083418283511,3.5520333673134044,86.8,112.0,69,52,0.0460530097561171,-0.0456259913938322,0.6795900317397399,0.3204099682602601,,0.0773991279435357,-0.0411398395491742,"{'2024-03': 0.025748407061459755, '2024-04': -0.04113983954917422, '2024-05': 0.07739912794353576, '2024-06': 0.05896393653232268, '2024-07': -0.03218876490351208, '2024-08': -0.03809733652795444, '2024-09': -0.021393516267277812}",{'2024': 0.022312783062352626},949.9341805614602,1183.11992285253,daily_mark_to_market_equity,A07__QQQM_SMH__corr_0.80,a,QQQM_SMH,A07,corr_0.80,base,0,sha256:acd49d7f6e3e633cb9e24e4f31a698d59c7e8a2578e14056df443689e9c014bb,sensitivity_evaluation,W2,False,A07__QQQM_SMH__corr_0.80/base/W2
track_a,OK,2024-09-19,2025-03-18,1000.0,909.4195085053104,-90.58049149468944,-90.58049149468944,0.0,-0.0905804914946895,-0.1752433543270498,0.1136057742487977,2024-12-16,2025-03-05,61,0.1309986816212034,-1.41892857442673,-1.5099850172865723,-1.5425567537021954,5806.448772872849,3.0032023088396382,2.903202308839638,0.0999999999999999,0.73309651415,-91.31358800883962,-5.644692730748567e-15,9,10,10,1.0,0.0889340630460351,0.0098815625606705,28.1,14.0,57,49,0.019607754892764,-0.0392298960125516,0.5197383881372889,0.4802616118627111,,0.0217956588476035,-0.0323383635960525,"{'2024-09': 0.0034020631557603043, '2024-10': -0.03233836359605258, '2024-11': 0.021795658847603594, '2024-12': -0.012719083719229918, '2025-01': -0.030598380286060767, '2025-02': -0.0275694134541159, '2025-03': -0.015085330545352327}","{'2024': -0.020502552117003914, '2025': -0.07154479016677939}",909.4195085053104,1025.9763456091953,daily_mark_to_market_equity,A07__QQQM_SMH__corr_0.80,a,QQQM_SMH,A07,corr_0.80,base,0,sha256:acd49d7f6e3e633cb9e24e4f31a698d59c7e8a2578e14056df443689e9c014bb,sensitivity_evaluation,W3,False,A07__QQQM_SMH__corr_0.80/base/W3
track_a,OK,2025-03-19,2025-09-18,1000.0,1182.34057814649,182.3405781464901,182.3405781464901,0.0,0.1823405781464901,0.3969699508098259,0.038778795985724,2025-08-14,2025-08-21,19,0.1110413233537218,3.0500269027453615,3.8435193588469225,10.236778649753983,1508.2530234058695,0.7638766117098829,0.7538766117098828,0.01,0.3638823082,13.680557303384123,168.29613853490605,4,1,1,1.0,,,104.0,104.0,52,27,0.0247785803450577,-0.0207374059632212,0.5149287757462983,0.4850712242537017,,0.0959432843919498,-0.0129900276152546,"{'2025-03': 0.0, '2025-04': 0.0, '2025-05': -0.012990027615254696, '2025-06': 0.09594328439194988, '2025-07': 0.024290538411570584, '2025-08': 0.0030288117341350507, '2025-09': 0.0638892123224899}",{'2025': 0.1823405781464893},987.0099723847452,1182.34057814649,daily_mark_to_market_equity,A07__QQQM_SMH__corr_0.80,a,QQQM_SMH,A07,corr_0.80,base,0,sha256:acd49d7f6e3e633cb9e24e4f31a698d59c7e8a2578e14056df443689e9c014bb,sensitivity_evaluation,W4,False,A07__QQQM_SMH__corr_0.80/base/W4
track_a,OK,2025-09-19,2026-03-18,1000.0,1103.4490644221578,103.4490644221578,103.4490644221578,0.0,0.1034490644221577,0.2211008213953487,0.0814775322232492,2025-10-29,2025-11-20,29,0.2069985809133127,1.0699164268818906,1.4290057022735208,2.713641606001642,2042.0133430546623,1.0508815391222923,1.0208815391222923,0.03,2.02633012628,-6.3333173422823315,107.75605163816006,3,3,3,,,,58.666666666666664,21.0,70,52,0.033987796560605,-0.0460341114523411,0.7575312205294465,0.2424687794705534,,0.0661615501506465,-0.0219173405361836,"{'2025-09': 0.0027496066874097558, '2025-10': 0.06616155015064651, '2025-11': -0.019317051135588015, '2025-12': 0.011447382623974267, '2026-01': 0.06564156177583857, '2026-02': -0.0016607509127414266, '2026-03': -0.02191734053618366}","{'2025': 0.06044325876507828, '2026': 0.04055455612699044}",989.0614699874102,1162.762937622988,daily_mark_to_market_equity,A07__QQQM_SMH__corr_0.80,a,QQQM_SMH,A07,corr_0.80,base,0,sha256:acd49d7f6e3e633cb9e24e4f31a698d59c7e8a2578e14056df443689e9c014bb,sensitivity_evaluation,W5,False,A07__QQQM_SMH__corr_0.80/base/W5
track_a,OK,2026-03-19,2026-09-18,1000.0,1193.3832255629177,193.3832255629177,193.3832255629177,0.0,0.1933832255629177,0.423132006742617,0.1724457745171671,2026-06-22,2026-07-29,62,0.2896938443745183,1.355873585867707,1.7858817992652147,2.4537104949503634,4954.881858130212,2.537489822782282,2.477489822782282,0.06,0.3458458107,193.0373797522177,0.0,6,6,6,1.0,3.513153999467921,7.026307998935842,110.83333333333331,126.0,62,47,0.0463823915548484,-0.065596715153765,0.6236431411011853,0.3763568588988146,,0.148086784257263,-0.1206172469782206,"{'2026-03': -0.025106822547305008, '2026-04': 0.14808678425726307, '2026-05': 0.12622212231441665, '2026-06': 0.0547487104845219, '2026-07': -0.12061724697822063, '2026-08': 0.026621269962851413, '2026-09': -0.005769867064610912}",{'2026': 0.19338322556291843},967.22281310889,1346.38199271671,daily_mark_to_market_equity,A07__QQQM_SMH__corr_0.80,a,QQQM_SMH,A07,corr_0.80,base,0,sha256:acd49d7f6e3e633cb9e24e4f31a698d59c7e8a2578e14056df443689e9c014bb,sensitivity_evaluation,W6,False,A07__QQQM_SMH__corr_0.80/base/W6
track_a,OK,2023-09-19,2024-03-18,1000.0,1190.3814137673498,190.38141376734984,190.38141376734984,0.0,0.1903814137673498,0.421448992023687,0.0452606508630727,2024-03-07,2024-03-15,7,0.1495929357179379,2.423988420386581,3.9329163996421,9.31159813186732,2680.1406082787803,4.048547194710036,4.0185471947100355,0.03,4.23661837206,-13.221007059644185,199.3658024549342,5,3,3,1.0,0.6675864614005771,0.3337932307002885,21.0,21.0,56,40,0.0431180833314666,-0.0254186714518845,0.5557765954059672,0.4442234045940327,,0.0853000206981562,-0.0154057859254203,"{'2023-09': -0.015405785925420301, '2023-10': -0.00014711985050208654, '2023-11': 0.003973728641339047, '2023-12': 0.05440286136189565, '2024-01': 0.03616635170669413, '2024-02': 0.08530002069815623, '2024-03': 0.01574463082013522}","{'2023': 0.0421309778675798, '2024': 0.1422570090019981}",976.6014099546348,1242.72020391758,daily_mark_to_market_equity,A07__QQQM_SMH__corr_0.80,a,QQQM_SMH,A07,corr_0.80,stress,0,sha256:acd49d7f6e3e633cb9e24e4f31a698d59c7e8a2578e14056df443689e9c014bb,sensitivity_evaluation,W1,False,A07__QQQM_SMH__corr_0.80/stress/W1
track_a,OK,2024-03-19,2024-09-18,1000.0,1018.3381679698974,18.338167969897427,18.338167969897427,0.0,0.0183381679698975,0.0369353950609152,0.1644585829796419,2024-07-10,2024-08-05,49,0.2157061151287277,0.2746848819075048,0.3416137883511411,0.2245878226099481,4002.8647365845327,6.0543509875025325,6.004350987502533,0.05,0.4446853124,17.893482657497348,3.1098506291407306e-15,7,5,5,1.0,1.9550196565502669,2.9325294848254004,86.8,112.0,69,53,0.0461010086792377,-0.0456686984689574,0.6801009709960425,0.3198990290039575,,0.0774799972807069,-0.0416398193186507,"{'2024-03': 0.025005907204379563, '2024-04': -0.041639819318650795, '2024-05': 0.07747999728070698, '2024-06': 0.0590180394328057, '2024-07': -0.032220727384165815, '2024-08': -0.04024784856168362, '2024-09': -0.02188727843087057}",{'2024': 0.018338167969897956},949.19168070438,1181.8507704402398,daily_mark_to_market_equity,A07__QQQM_SMH__corr_0.80,a,QQQM_SMH,A07,corr_0.80,stress,0,sha256:acd49d7f6e3e633cb9e24e4f31a698d59c7e8a2578e14056df443689e9c014bb,sensitivity_evaluation,W2,False,A07__QQQM_SMH__corr_0.80/stress/W2
track_a,OK,2024-09-19,2025-03-18,1000.0,903.9589318901952,-96.04106810980475,-96.04106810980475,0.0,-0.0960410681098047,-0.1852611899497602,0.1161250260039356,2024-12-16,2025-03-04,61,0.1310131691784816,-1.5128597826730172,-1.610467013221817,-1.5953597284316785,5793.448534417244,8.789974840854997,8.689974840854997,0.0999999999999999,0.7314715610499999,-96.77253967085493,0.0,9,10,10,1.0,0.0388878588703257,0.0043208732078139,49.2,36.5,57,48,0.0196224423121369,-0.0392727425626049,0.5204117298993787,0.4795882701006213,,0.0210745093929884,-0.0340361887948975,"{'2024-09': 0.002907063227280071, '2024-10': -0.03403618879489756, '2024-11': 0.021074509392988494, '2024-12': -0.013694969695098203, '2025-01': -0.03152214577867829, '2025-02': -0.02809902410404952, '2025-03': -0.01565631601426587}","{'2024': -0.02435858189666462, '2025': -0.07347216393548739}",903.9589318901952,1022.72262309151,daily_mark_to_market_equity,A07__QQQM_SMH__corr_0.80,a,QQQM_SMH,A07,corr_0.80,stress,0,sha256:acd49d7f6e3e633cb9e24e4f31a698d59c7e8a2578e14056df443689e9c014bb,sensitivity_evaluation,W3,False,A07__QQQM_SMH__corr_0.80/stress/W3
track_a,OK,2025-03-19,2025-09-18,1000.0,1180.8166064186348,180.8166064186348,180.8166064186348,0.0,0.1808166064186347,0.3933784027611635,0.0387879499980231,2025-08-14,2025-08-21,19,0.1111692495745992,3.023593830853208,3.8165952845318816,10.14176832705034,1506.231404553795,2.2671013895650685,2.2571013895650687,0.01,0.3638823082,13.16946311995917,167.2832609904757,4,1,1,1.0,,,104.0,104.0,52,27,0.0247990206084565,-0.0207454248627729,0.5151695916674909,0.4848304083325091,,0.0960155141499614,-0.0137325273257651,"{'2025-03': 0.0, '2025-04': 0.0, '2025-05': -0.013732527325765131, '2025-06': 0.09601551414996146, '2025-07': 0.024307223250484622, '2025-08': 0.002807260700682157, '2025-09': 0.06346532814054351}",{'2025': 0.1808166064186345},986.2674726742348,1180.8166064186348,daily_mark_to_market_equity,A07__QQQM_SMH__corr_0.80,a,QQQM_SMH,A07,corr_0.80,stress,0,sha256:acd49d7f6e3e633cb9e24e4f31a698d59c7e8a2578e14056df443689e9c014bb,sensitivity_evaluation,W4,False,A07__QQQM_SMH__corr_0.80/stress/W4
track_a,OK,2025-09-19,2026-03-18,1000.0,1101.4088930097175,101.40889300971752,101.40889300971752,0.0,0.1014088930097174,0.2165239340145732,0.0815521868937064,2025-10-29,2025-11-20,29,0.2073522659123831,1.0502925053548642,1.4036625935795692,2.655035287978069,2041.7796275840228,3.0915432515625234,3.0615432515625236,0.03,2.02600711628,-7.87816606104243,107.26105195447992,3,3,3,,,,58.666666666666664,21.0,70,52,0.0340214949566786,-0.0460779662092838,0.7582591061497129,0.241740893850287,,0.065977433591075,-0.022192456096356,"{'2025-09': 0.0017596070622301063, '2025-10': 0.065977433591075, '2025-11': -0.019335679151964325, '2025-12': 0.011462474773958897, '2026-01': 0.06571509431545697, '2026-02': -0.0021335956011331314, '2026-03': -0.022192456096356006}","{'2025': 0.05920903568768088, '2026': 0.03984091515480692}",988.07147036223,1160.9882981367875,daily_mark_to_market_equity,A07__QQQM_SMH__corr_0.80,a,QQQM_SMH,A07,corr_0.80,stress,0,sha256:acd49d7f6e3e633cb9e24e4f31a698d59c7e8a2578e14056df443689e9c014bb,sensitivity_evaluation,W5,False,A07__QQQM_SMH__corr_0.80/stress/W5
track_a,OK,2026-03-19,2026-09-18,1000.0,1188.2578859729451,188.25788597294513,188.25788597294513,0.0,0.1882578859729451,0.4109590169892521,0.172532857466982,2026-06-22,2026-07-29,62,0.2898240198700093,1.3258833936507846,1.7495021061888918,2.381917409951309,4945.048357341429,7.478012164754912,7.418012164754913,0.06,0.3453457577,187.91254021524517,0.0,6,6,6,1.0,3.251038036209686,6.502076072419372,87.33333333333333,122.5,62,47,0.0464079278794662,-0.0656302169807139,0.6239254203894938,0.3760745796105061,,0.1473193501523935,-0.1206796575906025,"{'2026-03': -0.026072207981914786, '2026-04': 0.1473193501523935, '2026-05': 0.12629488719406612, '2026-06': 0.054782004194120715, '2026-07': -0.12067965759060251, '2026-08': 0.024899145186151994, '2026-09': -0.006754622865825954}",{'2026': 0.18825788597294424},966.72781332667,1344.288128911245,daily_mark_to_market_equity,A07__QQQM_SMH__corr_0.80,a,QQQM_SMH,A07,corr_0.80,stress,0,sha256:acd49d7f6e3e633cb9e24e4f31a698d59c7e8a2578e14056df443689e9c014bb,sensitivity_evaluation,W6,False,A07__QQQM_SMH__corr_0.80/stress/W6
track_a,OK,2023-09-19,2024-03-18,1000.0,1208.1269522688858,208.12695226888584,208.12695226888584,0.0,0.2081269522688857,0.4645342861017645,0.0502970398901589,2024-03-07,2024-03-15,7,0.1706369134738337,2.319491890307233,3.669452436549707,9.23581759714361,3973.9318206983057,2.036715490124717,1.986715490124717,0.05,4.774433129009999,8.383066163357599,194.96945297651783,8,5,5,1.0,0.9705279230116702,1.4557918845175053,39.2,28.0,56,40,0.0498749227146266,-0.0282258203797043,0.650700173191539,0.3492998268084609,,0.0900295645581596,-0.0149107859751398,"{'2023-09': -0.01491078597513984, '2023-10': 0.00034115675753576546, '2023-11': 0.0047162283553165985, '2023-12': 0.05661904213314606, '2024-01': 0.043728933139978166, '2024-02': 0.09002956455815969, '2024-03': 0.015081754650162482}","{'2023': 0.04612974666897496, '2024': 0.15485383731390212}",978.7811956289056,1265.2554398624056,daily_mark_to_market_equity,A07__QQQM_SMH__corr_0.90,a,QQQM_SMH,A07,corr_0.90,base,0,sha256:acd49d7f6e3e633cb9e24e4f31a698d59c7e8a2578e14056df443689e9c014bb,sensitivity_evaluation,W1,False,A07__QQQM_SMH__corr_0.90/base/W1
track_a,OK,2024-03-19,2024-09-18,1000.0,1018.5045131237551,18.50451312375526,18.50451312375526,0.0,0.0185045131237553,0.0372734943747701,0.1908475249134898,2024-07-10,2024-08-05,49,0.2469291497203738,0.2705565524726386,0.3299242757866767,0.1953050970488927,4482.333551512265,2.291171754944768,2.241171754944768,0.05,0.8789294087,17.625583715055246,0.0,6,5,5,1.0,0.5072710403946976,2.0290841615787905,86.8,112.0,71,50,0.0528648043307564,-0.0513360649620368,0.847906894442339,0.1520931055576609,,0.0940081185401089,-0.0575247073106052,"{'2024-03': 0.030472995451590545, '2024-04': -0.057524707310605216, '2024-05': 0.09400811854010893, '2024-06': 0.07356135657604779, '2024-07': -0.03564945153768451, '2024-08': -0.053838264130824376, '2024-09': -0.021392271974957855}",{'2024': 0.01850451312375556},938.00037537159,1215.0278699454548,daily_mark_to_market_equity,A07__QQQM_SMH__corr_0.90,a,QQQM_SMH,A07,corr_0.90,base,0,sha256:acd49d7f6e3e633cb9e24e4f31a698d59c7e8a2578e14056df443689e9c014bb,sensitivity_evaluation,W2,False,A07__QQQM_SMH__corr_0.90/base/W2
track_a,OK,2024-09-19,2025-03-18,1000.0,843.5447551111307,-156.4552448888693,-156.4552448888693,0.0,-0.1564552448888693,-0.291954642798911,0.1759233196263988,2024-11-07,2025-03-04,87,0.1674611634879269,-1.9958461959941345,-1.9334458465388076,-1.6595562397237795,7738.10094070462,3.959012163019549,3.8690121630195486,0.09,0.73309651415,-157.18834140301956,-5.644692730748567e-15,9,9,9,,,,25.77777777777778,14.0,58,48,0.0211007357162373,-0.060254534937256,0.5940936847065555,0.4059063152934444,,0.009794387205382,-0.0656832790322567,"{'2024-09': 0.0034020631557603043, '2024-10': -0.03233836359605258, '2024-11': 0.00979438720538206, '2024-12': -0.027079611283996385, '2025-01': -0.06568327903225679, '2025-02': -0.037905008317642985, '2025-03': -0.01624424929135171}","{'2024': -0.046086993861719217, '2025': -0.11570054115726192}",843.5447551111306,1023.6241058644002,daily_mark_to_market_equity,A07__QQQM_SMH__corr_0.90,a,QQQM_SMH,A07,corr_0.90,base,0,sha256:acd49d7f6e3e633cb9e24e4f31a698d59c7e8a2578e14056df443689e9c014bb,sensitivity_evaluation,W3,False,A07__QQQM_SMH__corr_0.90/base/W3
track_a,OK,2025-03-19,2025-09-18,1000.0,1193.3917657086954,193.3917657086954,193.3917657086954,0.0,0.1933917657086954,0.4231523336460359,0.0387335029587174,2025-08-14,2025-08-21,19,0.1158590999987655,3.087432037141421,3.825305836985231,10.924711201489718,1000.3636508695048,0.4999318595049133,0.4999318595049133,0.0,0.3638823082,0.0,193.0278834004952,3,0,0,,,,,,52,27,0.0246319298568329,-0.0206977401436595,0.5510459765760101,0.4489540234239899,,0.0959432843919498,-0.0129900276152546,"{'2025-03': 0.0, '2025-04': 0.0, '2025-05': -0.012990027615254696, '2025-06': 0.09594328439194988, '2025-07': 0.02444811310924111, '2025-08': 0.0073162270635001025, '2025-09': 0.0690982520550274}",{'2025': 0.19339176570869387},987.0099723847452,1193.3917657086954,daily_mark_to_market_equity,A07__QQQM_SMH__corr_0.90,a,QQQM_SMH,A07,corr_0.90,base,0,sha256:acd49d7f6e3e633cb9e24e4f31a698d59c7e8a2578e14056df443689e9c014bb,sensitivity_evaluation,W4,False,A07__QQQM_SMH__corr_0.90/base/W4
track_a,OK,2025-09-19,2026-03-18,1000.0,1101.7460351276352,101.7460351276352,101.7460351276352,0.0,0.1017460351276351,0.2172796719304488,0.0914759074357918,2025-10-29,2025-11-20,29,0.2255123341156244,0.9858073700496216,1.3231819751772338,2.375266646936084,3513.77887886318,1.7967640680146904,1.7567640680146903,0.04,2.02498543565,-8.03499878717491,107.7560484791602,5,4,4,1.0,0.492605721700773,0.492605721700773,105.25,105.5,71,51,0.0388068989819194,-0.0460341114523411,0.8515144506609335,0.1484855493390665,,0.0795721104729123,-0.0255593447911547,"{'2025-09': 0.0027496066874097558, '2025-10': 0.07957211047291235, '2025-11': -0.02105121062251669, '2025-12': 0.011331717702175226, '2026-01': 0.06275368541048909, '2026-02': -0.0073509687987012295, '2026-03': -0.025559344791154737}","{'2025': 0.07176052823716961, '2026': 0.02797780483648271}",989.0614699874102,1168.774621721545,daily_mark_to_market_equity,A07__QQQM_SMH__corr_0.90,a,QQQM_SMH,A07,corr_0.90,base,0,sha256:acd49d7f6e3e633cb9e24e4f31a698d59c7e8a2578e14056df443689e9c014bb,sensitivity_evaluation,W5,False,A07__QQQM_SMH__corr_0.90/base/W5
track_a,OK,2026-03-19,2026-09-18,1000.0,1214.137624393278,214.13762439327795,214.13762439327795,0.0,0.214137624393278,0.4729583769133538,0.1714119548674162,2026-06-22,2026-07-29,62,0.2929647780892351,1.4608141600769158,1.9722400525795256,2.7591913135765695,5464.962561738698,2.8025354228222197,2.73253542282222,0.07,0.3723472110999999,213.76527718217787,0.0,6,7,7,1.0,3.059374601784983,7.648436504462458,77.85714285714286,119.0,64,45,0.0461651314233977,-0.0653372485909061,0.6499852070455284,0.3500147929544716,,0.154975307634344,-0.119764612432724,"{'2026-03': -0.025106822547305008, '2026-04': 0.15497530763434408, '2026-05': 0.1389367808621904, '2026-06': 0.053777197827368894, '2026-07': -0.11976461243272407, '2026-08': 0.026606390422756254, '2026-09': -0.005769723647148339}",{'2026': 0.21413762439327755},967.22281310889,1368.2836273083303,daily_mark_to_market_equity,A07__QQQM_SMH__corr_0.90,a,QQQM_SMH,A07,corr_0.90,base,0,sha256:acd49d7f6e3e633cb9e24e4f31a698d59c7e8a2578e14056df443689e9c014bb,sensitivity_evaluation,W6,False,A07__QQQM_SMH__corr_0.90/base/W6
track_a,OK,2023-09-19,2024-03-18,1000.0,1203.5822299846,203.58222998459996,203.58222998459996,0.0,0.2035822299845999,0.4534381018064657,0.0503338509340566,2024-03-07,2024-03-15,7,0.1707846026959592,2.2730737726648083,3.5891483796729777,9.008611369722614,3964.8573225656705,5.995041126260027,5.945041126260027,0.05,4.76028218086,5.329732404574543,193.4922153991656,8,5,5,1.0,0.8457102039940544,1.2685653059910815,39.2,28.0,55,41,0.049907788227117,-0.0282466065689727,0.650863464411225,0.349136535588775,,0.0898733357265013,-0.0154057859254203,"{'2023-09': -0.015405785925420301, '2023-10': -0.00014711985050208654, '2023-11': 0.003973728641339047, '2023-12': 0.05534328112659126, '2024-01': 0.04298416178394904, '2024-02': 0.08987333572650136, '2024-03': 0.01510869233486889}","{'2023': 0.04306045236438005, '2024': 0.15389498974518068}",976.6014099546348,1260.55257232603,daily_mark_to_market_equity,A07__QQQM_SMH__corr_0.90,a,QQQM_SMH,A07,corr_0.90,stress,0,sha256:acd49d7f6e3e633cb9e24e4f31a698d59c7e8a2578e14056df443689e9c014bb,sensitivity_evaluation,W1,False,A07__QQQM_SMH__corr_0.90/stress/W1
track_a,OK,2024-03-19,2024-09-18,1000.0,1013.8668418107276,13.866841810727465,13.866841810727465,0.0,0.0138668418107275,0.0278679575051088,0.1909557803125096,2024-07-10,2024-08-05,49,0.2470273608218356,0.2338839768107952,0.2854752372479086,0.1459393240649819,4474.280226566553,6.761464783872541,6.711464783872541,0.05,0.8754076296000001,12.991434181127431,0.0,6,5,5,1.0,0.4294316143147202,1.7177264572588808,86.8,112.0,71,50,0.0529123222485974,-0.0513781586749148,0.8481243224011907,0.1518756775988092,,0.0940675297652862,-0.0584862931656607,"{'2024-03': 0.02948299551476996, '2024-04': -0.058486293165660785, '2024-05': 0.0940675297652862, '2024-06': 0.07358328751563836, '2024-07': -0.03568511468648716, '2024-08': -0.05583714234011672, '2024-09': -0.02188607542330301}",{'2024': 0.013866841810727504},937.01037543477,1212.74555051963,daily_mark_to_market_equity,A07__QQQM_SMH__corr_0.90,a,QQQM_SMH,A07,corr_0.90,stress,0,sha256:acd49d7f6e3e633cb9e24e4f31a698d59c7e8a2578e14056df443689e9c014bb,sensitivity_evaluation,W2,False,A07__QQQM_SMH__corr_0.90/stress/W2
track_a,OK,2024-09-19,2025-03-18,1000.0,837.0484506941,-162.95154930590002,-162.95154930590002,0.0,-0.1629515493059,-0.302975431569876,0.1804602481138686,2024-11-07,2025-03-04,87,0.1672155255784738,-2.0936150217208116,-2.028962917378958,-1.6789039954034728,7697.92830680416,11.63655035564996,11.54655035564996,0.09,0.73147048975,-163.6830197956499,0.0,9,9,9,,,,25.77777777777778,14.0,57,48,0.0210966545234558,-0.0601087602808427,0.5947635165123419,0.405236483487658,,0.0090671965379367,-0.0670327173118355,"{'2024-09': 0.002907063227280071, '2024-10': -0.03403618879489756, '2024-11': 0.00906719653793675, '2024-12': -0.028910692705974017, '2025-01': -0.06703271731183558, '2025-02': -0.03865383128557043, '2025-03': -0.016886688785617943}","{'2024': -0.050705845822479945, '2025': -0.11824122479788257}",837.0484506941,1021.36406289954,daily_mark_to_market_equity,A07__QQQM_SMH__corr_0.90,a,QQQM_SMH,A07,corr_0.90,stress,0,sha256:acd49d7f6e3e633cb9e24e4f31a698d59c7e8a2578e14056df443689e9c014bb,sensitivity_evaluation,W3,False,A07__QQQM_SMH__corr_0.90/stress/W3
track_a,OK,2025-03-19,2025-09-18,1000.0,1192.338311739335,192.33831173933504,192.33831173933504,0.0,0.1923383117393351,0.4206460390940887,0.0387427601322316,2025-08-14,2025-08-21,19,0.1160853873047495,3.066522605713772,3.79982972506784,10.857410201503336,1000.3638241988652,1.4982982888650718,1.4982982888650718,0.0,0.3638823082,0.0,191.97442943113495,3,0,0,,,,,,52,27,0.0246457915321993,-0.0207058456736756,0.5512010151854282,0.4487989848145718,,0.0960155141499614,-0.0137325273257651,"{'2025-03': 0.0, '2025-04': 0.0, '2025-05': -0.013732527325765131, '2025-06': 0.09601551414996146, '2025-07': 0.02422713064151183, '2025-08': 0.007314138358461841, '2025-09': 0.06912105280799663}",{'2025': 0.19233831173933424},986.2674726742348,1192.338311739335,daily_mark_to_market_equity,A07__QQQM_SMH__corr_0.90,a,QQQM_SMH,A07,corr_0.90,stress,0,sha256:acd49d7f6e3e633cb9e24e4f31a698d59c7e8a2578e14056df443689e9c014bb,sensitivity_evaluation,W4,False,A07__QQQM_SMH__corr_0.90/stress/W4
track_a,OK,2025-09-19,2026-03-18,1000.0,1098.3430610017974,98.34306100179742,98.34306100179742,0.0,0.0983430610017974,0.2096624879691928,0.0919736332185104,2025-10-29,2025-11-20,45,0.2259228407775766,0.9565785863230656,1.2843581428437847,2.2795934077223827,3502.749520839208,5.292996149972491,5.252996149972491,0.04,2.02450479677,-10.942495749452483,107.26105195447992,5,4,4,1.0,0.3835416349828961,0.3835416349828961,66.75,56.0,71,51,0.0388383686340538,-0.0460779662092838,0.8522401116258761,0.1477598883741239,,0.0796507484604966,-0.0260176367811708,"{'2025-09': 0.0017596070622301063, '2025-10': 0.07965074846049669, '2025-11': -0.02177723474807347, '2025-12': 0.011352838607308735, '2026-01': 0.06262496698980446, '2026-02': -0.008210211163515502, '2026-03': -0.02601763678117086}","{'2025': 0.07000860314080048, '2026': 0.026480588826881757}",988.07147036223,1166.7382466613,daily_mark_to_market_equity,A07__QQQM_SMH__corr_0.90,a,QQQM_SMH,A07,corr_0.90,stress,0,sha256:acd49d7f6e3e633cb9e24e4f31a698d59c7e8a2578e14056df443689e9c014bb,sensitivity_evaluation,W5,False,A07__QQQM_SMH__corr_0.90/stress/W5
track_a,OK,2026-03-19,2026-09-18,1000.0,1208.4221669174526,208.4221669174526,208.4221669174526,0.0,0.2084221669174526,0.4591515629178515,0.1715543106577484,2026-06-22,2026-07-29,62,0.2932073792899541,1.4278636183261189,1.9322869070759985,2.6764210188449353,5451.220963525588,8.247318115397418,8.177318115397417,0.07,0.37165875785,208.0505081596026,0.0,6,7,7,1.0,2.8269538395332408,7.067384598833102,77.85714285714286,119.0,64,45,0.0462067129119549,-0.0653917849510556,0.6503246735215917,0.3496753264784082,,0.1539475869701807,-0.1198667613798368,"{'2026-03': -0.026072207981914786, '2026-04': 0.15394758697018074, '2026-05': 0.13879402051736278, '2026-06': 0.053832278128195465, '2026-07': -0.11986676137983687, '2026-08': 0.024906222898157138, '2026-09': -0.006754483110592013}",{'2026': 0.20842216691745308},966.72781332667,1365.6279660462048,daily_mark_to_market_equity,A07__QQQM_SMH__corr_0.90,a,QQQM_SMH,A07,corr_0.90,stress,0,sha256:acd49d7f6e3e633cb9e24e4f31a698d59c7e8a2578e14056df443689e9c014bb,sensitivity_evaluation,W6,False,A07__QQQM_SMH__corr_0.90/stress/W6
track_a,OK,2023-09-19,2024-03-18,1000.0,1196.5240673186054,196.52406731860535,196.52406731860535,0.0,0.1965240673186052,0.4362896106769072,0.0502397487624873,2024-03-07,2024-03-15,7,0.167432189265165,2.2443028332506954,3.242554199484333,8.684151920016616,2063.652358638945,1.0915759759848518,1.0315759759848515,0.06,4.12490254459,-8.59385110887176,200.9930158828868,11,6,6,1.0,0.0625919547811005,0.0125183909562201,15.166666666666666,14.0,57,39,0.0498133910502027,-0.0281936340851687,0.5767017607167509,0.423298239283249,,0.0978504827185913,-0.0015628267193364,"{'2023-09': -0.0012031282462253712, '2023-10': 7.97002271446523e-06, '2023-11': -0.0015628267193364964, '2023-12': 0.03414795236048973, '2024-01': 0.041124765352387405, '2024-02': 0.09785048271859131, '2024-03': 0.015059291614484493}","{'2023': 0.03129770958590927, '2024': 0.1602120863809906}",985.8681323010852,1253.0327907810852,daily_mark_to_market_equity,A08__QQQM_SMH__er_0.20,a,QQQM_SMH,A08,er_0.20,base,0,sha256:acd49d7f6e3e633cb9e24e4f31a698d59c7e8a2578e14056df443689e9c014bb,sensitivity_evaluation,W1,False,A08__QQQM_SMH__er_0.20/base/W1
track_a,OK,2024-03-19,2024-09-18,1000.0,924.855308124923,-75.144691875077,-75.144691875077,0.0,-0.075144691875077,-0.1443687677104554,0.1548814699359274,2024-07-10,2024-09-06,49,0.1793908849788554,-0.7738720964047591,-0.7985271812180933,-0.9321242093723612,6116.724192785148,3.2583439127771943,3.058343912777194,0.2,0.8479183027,-75.99260993027178,-2.47505456914757e-07,22,20,20,1.0,0.3216100375573855,0.3216100375573855,69.05,56.0,74,53,0.0260472027553528,-0.0494393717176098,0.5661784913384582,0.4338215086615418,,0.0398846013592952,-0.0613435881127044,"{'2024-03': 0.028416532475609824, '2024-04': -0.06134358811270446, '2024-05': 0.03988460135929528, '2024-06': 0.033303140906767226, '2024-07': -0.05158465868777995, '2024-08': -0.054256920996867186, '2024-09': -0.005938042269838073}",{'2024': -0.07514469187507589},923.850651907973,1093.16104078079,daily_mark_to_market_equity,A08__QQQM_SMH__er_0.20,a,QQQM_SMH,A08,er_0.20,base,0,sha256:acd49d7f6e3e633cb9e24e4f31a698d59c7e8a2578e14056df443689e9c014bb,sensitivity_evaluation,W2,False,A08__QQQM_SMH__er_0.20/base/W2
track_a,OK,2024-09-19,2025-03-18,1000.0,959.0490677720528,-40.95093222794719,-40.95093222794719,0.0,-0.0409509322279472,-0.0813459108724631,0.0737009037871532,2024-12-16,2025-03-13,61,0.0890653502875009,-0.91735774868846,-0.9821738428671256,-1.1037301673720112,4138.554967176143,2.2492676255372843,2.069267625537284,0.18,0.7303422025899999,-41.68125428885369,-2.0141683560379817e-05,20,18,18,1.0,0.4022158032929218,0.2011079016464609,68.22222222222223,56.0,64,55,0.0187973516891699,-0.0250627090907512,0.2900780674771436,0.7099219325228563,,0.0175962119596941,-0.0251907108433157,"{'2024-09': 0.000477066574950058, '2024-10': -0.01543224760100792, '2024-11': 0.017596211959694186, '2024-12': -0.004217455194823194, '2025-01': -0.0251907108433157, '2025-02': -0.010358660986990897, '2025-03': -0.004020030471537206}","{'2024': -0.0018570675439452122, '2025': -0.039166599705121374}",959.0490651120527,1035.3557172117555,daily_mark_to_market_equity,A08__QQQM_SMH__er_0.20,a,QQQM_SMH,A08,er_0.20,base,0,sha256:acd49d7f6e3e633cb9e24e4f31a698d59c7e8a2578e14056df443689e9c014bb,sensitivity_evaluation,W3,False,A08__QQQM_SMH__er_0.20/base/W3
track_a,OK,2025-03-19,2025-09-18,1000.0,1165.75000078647,165.75000078646983,165.75000078646983,0.0,0.1657500007864698,0.3581191587923569,0.038078933482132,2025-08-14,2025-08-21,19,0.1072388349988971,2.8925763528494617,3.234650379694027,9.40465307308038,1228.7857824833698,0.6541441576299258,0.6141441576299258,0.04,0.4677271641,3.7693361081247687,161.51293751424527,10,4,4,1.0,,,41.25,23.5,52,27,0.0238630021186265,-0.0202006777489647,0.527329123896979,0.472670876103021,,0.06752625161482,-0.0014745271687901,"{'2025-03': 0.0, '2025-04': 0.0, '2025-05': -0.0014745271687901518, '2025-06': 0.05261182402135445, '2025-07': 0.03136152220200117, '2025-08': 0.007368910420897379, '2025-09': 0.06752625161482007}",{'2025': 0.1657500007864694},998.52547283121,1165.75000078647,daily_mark_to_market_equity,A08__QQQM_SMH__er_0.20,a,QQQM_SMH,A08,er_0.20,base,0,sha256:acd49d7f6e3e633cb9e24e4f31a698d59c7e8a2578e14056df443689e9c014bb,sensitivity_evaluation,W4,False,A08__QQQM_SMH__er_0.20/base/W4
track_a,OK,2025-09-19,2026-03-18,1000.0,1062.3712543902884,62.371254390288414,62.371254390288414,0.0,0.0623712543902883,0.1306261202615513,0.0898131918809115,2025-10-29,2025-11-20,80,0.1824631023967656,0.764996182591461,0.9414046752942892,1.454420197366507,4130.012426610477,2.264984230652204,2.064984230652204,0.2,1.2912786759400006,56.04827214364031,5.031703570707356,17,20,20,1.0,3.0094109878876125,9.028232963662838,107.6,105.0,69,53,0.0326248591136064,-0.0460341114523411,0.6553391287644231,0.3446608712355768,,0.0801027272536638,-0.0346814844760688,"{'2025-09': 0.0027496066874097558, '2025-10': 0.08010272725366385, '2025-11': -0.03468148447606889, '2025-12': 0.0011474651888947474, '2026-01': 0.028774565956260822, '2026-02': 0.0018026194408760077, '2026-03': -0.015200820925328373}","{'2025': 0.046709706247180405, '2026': 0.014962647283801811}",989.0614699874102,1104.5425888574832,daily_mark_to_market_equity,A08__QQQM_SMH__er_0.20,a,QQQM_SMH,A08,er_0.20,base,0,sha256:acd49d7f6e3e633cb9e24e4f31a698d59c7e8a2578e14056df443689e9c014bb,sensitivity_evaluation,W5,False,A08__QQQM_SMH__er_0.20/base/W5
track_a,OK,2026-03-19,2026-09-18,1000.0,1141.632636380117,141.632636380117,141.632636380117,0.0,0.141632636380117,0.3026177372104293,0.1188649597260178,2026-06-22,2026-07-29,62,0.2677536453569645,1.1158065987867676,1.2441071232566214,2.545895257172165,3083.320608499067,1.6616959654328007,1.5416959654328009,0.12,0.64902547955,140.9836030433627,7.857204522378684e-06,13,12,12,1.0,3.168832173173928,9.506496519521786,106.75,112.0,71,50,0.0509452872440896,-0.0719287278216767,0.5185595461462992,0.4814404538537008,,0.1318699726746381,-0.0985496025181974,"{'2026-03': -0.0145313564376649, '2026-04': 0.07438856452548093, '2026-05': 0.13186997267463818, '2026-06': 0.04966460801687811, '2026-07': -0.09854960251819744, '2026-08': 0.006914445756023957, '2026-09': -0.00013655831553049946}",{'2026': 0.1416326363801168},981.03468226017,1273.50238769566,daily_mark_to_market_equity,A08__QQQM_SMH__er_0.20,a,QQQM_SMH,A08,er_0.20,base,0,sha256:acd49d7f6e3e633cb9e24e4f31a698d59c7e8a2578e14056df443689e9c014bb,sensitivity_evaluation,W6,False,A08__QQQM_SMH__er_0.20/base/W6
track_a,OK,2023-09-19,2024-03-18,1000.0,1194.07484838185,194.07484838184996,194.07484838184996,0.0,0.1940748483818499,0.4303629899039296,0.0502403277288122,2024-03-07,2024-03-15,7,0.1674502397376724,2.2193735441917255,3.212720679209722,8.566086436118555,2062.4125917615497,3.151371652200063,3.0913716522000634,0.06,4.118997794049999,-9.658165533334117,199.61401612113417,11,6,6,1.0,0.0131283990188123,0.0026256798037624,33.833333333333336,17.5,57,39,0.0498140777151867,-0.028193958322736,0.576755639880371,0.4232443601196289,,0.0978518476645038,-0.0023472820873788,"{'2023-09': -0.001253250281439855, '2023-10': -1.7019698982490006e-05, '2023-11': -0.002347282087378888, '2023-12': 0.0329336699918501, '2024-01': 0.04110982713845668, '2024-02': 0.09785184766450383, '2024-03': 0.01505939708286319}","{'2023': 0.029200080518470894, '2024': 0.16019700249180246}",983.84751763947,1250.4685144394698,daily_mark_to_market_equity,A08__QQQM_SMH__er_0.20,a,QQQM_SMH,A08,er_0.20,stress,0,sha256:acd49d7f6e3e633cb9e24e4f31a698d59c7e8a2578e14056df443689e9c014bb,sensitivity_evaluation,W1,False,A08__QQQM_SMH__er_0.20/stress/W1
track_a,OK,2024-03-19,2024-09-18,1000.0,919.1132188183576,-80.8867811816425,-80.8867811816425,0.0,-0.0808867811816425,-0.1549388205686409,0.1563704476061163,2024-07-10,2024-09-06,49,0.1792585507308593,-0.8434704606923871,-0.8670489484883314,-0.9908446445003376,6099.537272128183,9.34914304744249,9.149143047442491,0.2,0.8449173208000001,-81.73169850244237,-3.184439299003272e-16,22,20,20,1.0,0.293300972558985,0.293300972558985,69.05,56.0,70,51,0.0260518330224186,-0.0494475714840892,0.566391715181094,0.433608284818906,,0.0391845168811151,-0.0624380891261896,"{'2024-03': 0.027467042798564822, '2024-04': -0.062438089126189644, '2024-05': 0.03918451688111513, '2024-06': 0.03193722918819164, '2024-07': -0.05228209428644859, '2024-08': -0.05544946707188292, '2024-09': -0.006081155505988978}",{'2024': -0.08088678118164261},918.1783574433124,1088.3667539121752,daily_mark_to_market_equity,A08__QQQM_SMH__er_0.20,a,QQQM_SMH,A08,er_0.20,stress,0,sha256:acd49d7f6e3e633cb9e24e4f31a698d59c7e8a2578e14056df443689e9c014bb,sensitivity_evaluation,W2,False,A08__QQQM_SMH__er_0.20/stress/W2
track_a,OK,2024-09-19,2025-03-18,1000.0,955.06122123582,-44.938778764179915,-44.938778764179915,0.0,-0.0449387787641799,-0.0890804977650641,0.0757169958262425,2024-12-16,2025-03-04,61,0.0889319640497609,-1.0148241553771495,-1.0619656753280708,-1.1764927648409145,4130.882441725911,6.37623525612002,6.19623525612002,0.18,0.7292204319400001,-45.66799919612001,-2.2598806143875645e-15,20,18,18,1.0,0.3322620334687037,0.1661310167343518,48.666666666666664,19.0,56,49,0.018800853659316,-0.0250723483534162,0.2901532491408354,0.7098467508591646,,0.0167047019094308,-0.0262177721294742,"{'2024-09': 0.00040765342484960776, '2024-10': -0.01601431721414126, '2024-11': 0.016704701909430852, '2024-12': -0.005302157869931157, '2025-01': -0.026217772129474293, '2025-02': -0.010700751482888626, '2025-03': -0.004159245954961532}","{'2024': -0.0044758662425247175, '2025': -0.04064483335922142}",955.06122123582,1033.299559683645,daily_mark_to_market_equity,A08__QQQM_SMH__er_0.20,a,QQQM_SMH,A08,er_0.20,stress,0,sha256:acd49d7f6e3e633cb9e24e4f31a698d59c7e8a2578e14056df443689e9c014bb,sensitivity_evaluation,W3,False,A08__QQQM_SMH__er_0.20/stress/W3
track_a,OK,2025-03-19,2025-09-18,1000.0,1164.38855796888,164.38855796888015,164.38855796888015,0.0,0.1643885579688802,0.3549552907820157,0.0380912477017425,2025-08-14,2025-08-21,19,0.1072755715929913,2.8699824383686106,3.210125444044259,9.318552481172144,1229.5891069696002,1.8821473685200496,1.8421473685200496,0.04,0.4673962074,3.554671339589663,160.36649042189018,10,4,4,1.0,,,41.25,23.5,52,27,0.0238695703381466,-0.0202072577772051,0.5274775048281422,0.4725224951718578,,0.0675260535352846,-0.00156875784637,"{'2025-03': 0.0, '2025-04': 0.0, '2025-05': -0.0015687578463700058, '2025-06': 0.051831396912194405, '2025-07': 0.031016333533292917, '2025-08': 0.007371380123680771, '2025-09': 0.06752605353528462}",{'2025': 0.1643885579688793},998.43124215363,1164.38855796888,daily_mark_to_market_equity,A08__QQQM_SMH__er_0.20,a,QQQM_SMH,A08,er_0.20,stress,0,sha256:acd49d7f6e3e633cb9e24e4f31a698d59c7e8a2578e14056df443689e9c014bb,sensitivity_evaluation,W4,False,A08__QQQM_SMH__er_0.20/stress/W4
track_a,OK,2025-09-19,2026-03-18,1000.0,1058.1739242305025,58.17392423050251,58.17392423050251,0.0,0.0581739242305026,0.121580262831316,0.0900891924083383,2025-10-29,2025-11-20,80,0.1826031383891219,0.7204700216765191,0.8882690827035535,1.349554364748229,4122.337077608848,6.3833089208675045,6.183308920867504,0.2,1.28901549637,52.00879190868257,4.876116825449806,17,20,20,1.0,3.8939210930230055,7.231567744185582,107.6,105.0,69,53,0.0326574407361526,-0.0460779662092838,0.6555445787757063,0.3444554212242937,,0.0801176156764613,-0.0350993455275808,"{'2025-09': 0.0017596070622301063, '2025-10': 0.08011761567646136, '2025-11': -0.03509934552758087, '2025-12': 0.0003378801498088446, '2026-01': 0.027787928025770237, '2026-02': 0.0013706468568812635, '2026-03': -0.015547411154713364}","{'2025': 0.04439282806761535, '2026': 0.013195318650729426}",988.07147036223,1100.5677811569426,daily_mark_to_market_equity,A08__QQQM_SMH__er_0.20,a,QQQM_SMH,A08,er_0.20,stress,0,sha256:acd49d7f6e3e633cb9e24e4f31a698d59c7e8a2578e14056df443689e9c014bb,sensitivity_evaluation,W5,False,A08__QQQM_SMH__er_0.20/stress/W5
track_a,OK,2026-03-19,2026-09-18,1000.0,1138.421607328697,138.42160732869706,138.42160732869706,0.0,0.138421607328697,0.2953153426698904,0.1195855450029832,2026-06-22,2026-07-29,62,0.2677545181109838,1.09490945248462,1.2070037653932946,2.4694902938521825,3078.916927776682,4.738696044902987,4.618696044902987,0.12,0.6477531616000001,137.77385416709737,8.551210874321713e-16,13,12,12,1.0,4.4325206915305175,8.865041383061035,106.75,112.0,62,47,0.0509532946583553,-0.07193865150107,0.5185887421645552,0.4814112578354448,,0.1316445340857608,-0.0992811271433277,"{'2026-03': -0.015089941332995127, '2026-04': 0.07362070972511847, '2026-05': 0.13164453408576082, '2026-06': 0.049686454218677456, '2026-07': -0.09928112714332771, '2026-08': 0.006388364538619795, '2026-09': -0.0001584412001612856}",{'2026': 0.13842160732869746},980.74826878051,1271.6487372328625,daily_mark_to_market_equity,A08__QQQM_SMH__er_0.20,a,QQQM_SMH,A08,er_0.20,stress,0,sha256:acd49d7f6e3e633cb9e24e4f31a698d59c7e8a2578e14056df443689e9c014bb,sensitivity_evaluation,W6,False,A08__QQQM_SMH__er_0.20/stress/W6
track_a,OK,2023-09-19,2024-03-18,1000.0,1115.8985548716705,115.89855487167029,115.89855487167029,0.0,0.1158985548716702,0.2476838977004967,0.0407560102388814,2024-03-07,2024-03-15,7,0.1274585237864391,1.7982470604418694,2.318919023384268,6.077236124163231,2812.63817176117,1.5461578150698148,1.4061578150698146,0.14,2.1542639267399997,37.88634287289571,75.85794807203436,23,14,14,1.0,5.921697729769871,5.921697729769871,56.785714285714285,50.0,57,39,0.0319608550574381,-0.0249063347783164,0.4129114944153051,0.5870885055846948,,0.0749613073560973,-0.0007787039513461,"{'2023-09': -0.0006065406008499696, '2023-10': -1.0158855857644866e-06, '2023-11': -0.0007787039513461602, '2023-12': 0.016355877738494673, '2024-01': 0.009785102501149279, '2024-02': 0.0749613073560973, '2024-03': 0.012883222354085566}","{'2023': 0.01494742526495596, '2024': 0.09946439302544308}",982.58895841138,1159.254677052555,daily_mark_to_market_equity,A08__QQQM_SMH__er_0.40,a,QQQM_SMH,A08,er_0.40,base,0,sha256:acd49d7f6e3e633cb9e24e4f31a698d59c7e8a2578e14056df443689e9c014bb,sensitivity_evaluation,W1,False,A08__QQQM_SMH__er_0.40/base/W1
track_a,OK,2024-03-19,2024-09-18,1000.0,939.387848535648,-60.61215146435211,-60.61215146435211,0.0,-0.060612151464352,-0.1173243066972181,0.0949240462213344,2024-07-10,2024-09-06,49,0.1063674554367846,-1.1129549033116428,-1.0878714800962117,-1.2359808854297365,3952.133081672772,2.196051812852307,1.9760518128523077,0.22,0.4956418635,-61.10779303532916,-2.9252312393616265e-07,26,22,22,1.0,0.2243827555142793,0.2243827555142793,88.54545454545455,77.0,73,54,0.0154507033695558,-0.0305125703445311,0.320101885734633,0.6798981142653671,,0.0198558526057202,-0.0398558132368946,"{'2024-03': 0.015500448895420238, '2024-04': -0.03666185060827032, '2024-05': 0.019855852605720203, '2024-06': 0.011204943969073788, '2024-07': -0.03985581323689469, '2024-08': -0.02732703266287828, '2024-09': -0.002977912738498012}",{'2024': -0.060612151464352726},938.882911788348,1037.3526198199602,daily_mark_to_market_equity,A08__QQQM_SMH__er_0.40,a,QQQM_SMH,A08,er_0.40,base,0,sha256:acd49d7f6e3e633cb9e24e4f31a698d59c7e8a2578e14056df443689e9c014bb,sensitivity_evaluation,W2,False,A08__QQQM_SMH__er_0.40/base/W2
track_a,OK,2024-09-19,2025-03-18,1000.0,980.82103539279,-19.17896460720999,-19.17896460720999,0.0,-0.01917896460721,-0.0385333058148534,0.0396798022927473,2024-12-16,2025-03-11,61,0.0489096067612244,-0.7868235566779631,-0.8205217551276136,-0.971106295605121,2279.59407502698,1.3297924505398844,1.1397924505398842,0.19,0.4983009033299997,-19.677214255845257,-5.125469477789184e-05,20,19,19,1.0,0.4759528155785563,0.2776391424208245,66.84210526315789,63.0,58,53,0.0096427500108482,-0.0159723832601796,0.1548254507915953,0.8451745492084046,,0.0087971707097538,-0.012587948230238,"{'2024-09': 0.0002385326023199852, '2024-10': -0.007678779238500355, '2024-11': 0.008797170709753832, '2024-12': -0.0007779263751033216, '2025-01': -0.01258794823023801, '2025-02': -0.00518118332485884, '2025-03': -0.0020113048260173017}","{'2024': 0.0005106935943499646, '2025': -0.01967960795183965}",980.82102284279,1021.34790581775,daily_mark_to_market_equity,A08__QQQM_SMH__er_0.40,a,QQQM_SMH,A08,er_0.40,base,0,sha256:acd49d7f6e3e633cb9e24e4f31a698d59c7e8a2578e14056df443689e9c014bb,sensitivity_evaluation,W3,False,A08__QQQM_SMH__er_0.40/base/W3
track_a,OK,2025-03-19,2025-09-18,1000.0,1099.3503505375177,99.35035053751768,99.35035053751768,0.0,0.0993503505375177,0.2081021238012272,0.0324604635966686,2025-07-30,2025-08-01,9,0.081524531745589,2.34669890732642,2.3478970845125144,6.410941211036318,1934.2147218965129,1.0569331020823658,0.9669331020823658,0.09,0.2314123846,30.521109034095577,68.59782911882199,19,9,9,1.0,,,68.44444444444444,76.0,52,27,0.0197531990078903,-0.0177773814278249,0.3884750703775482,0.6115249296224518,,0.0385635775146102,-0.000737262905645,"{'2025-03': 0.0, '2025-04': 0.0, '2025-05': -0.0007372629056450197, '2025-06': 0.02620164743598119, '2025-07': 0.022564258673606563, '2025-08': 0.009485353725656731, '2025-09': 0.03856357751461026}",{'2025': 0.09935035053751684},999.262737094355,1099.3503505375177,daily_mark_to_market_equity,A08__QQQM_SMH__er_0.40,a,QQQM_SMH,A08,er_0.40,base,0,sha256:acd49d7f6e3e633cb9e24e4f31a698d59c7e8a2578e14056df443689e9c014bb,sensitivity_evaluation,W4,False,A08__QQQM_SMH__er_0.40/base/W4
track_a,OK,2025-09-19,2026-03-18,1000.0,1026.3993483063257,26.399348306325464,26.399348306325464,0.0,0.0263993483063254,0.0542965757163858,0.0509749321416576,2025-10-29,2025-11-20,95,0.1151041703453094,0.5174212183080266,0.5966094640578758,1.0651622951747628,3473.63588394305,1.9968066101047344,1.7368066101047346,0.26,0.6309121164300002,24.110068129303585,1.6583680605916205,22,26,26,1.0,2.877174457756933,3.9234197151230905,88.15384615384616,84.0,69,53,0.0251710942239198,-0.0357620025329599,0.3782482664526497,0.6217517335473504,,0.040329961122107,-0.0211314438984163,"{'2025-09': 0.000551275527042483, '2025-10': 0.04032996112210707, '2025-11': -0.02113144389841637, '2025-12': 0.0004301178919248194, '2026-01': 0.014328568661975849, '2026-02': 0.0006500826811624005, '2026-03': -0.00794926640657534}","{'2025': 0.019345926720638618, '2026': 0.006919556355494905}",986.8360615962076,1049.483108479723,daily_mark_to_market_equity,A08__QQQM_SMH__er_0.40,a,QQQM_SMH,A08,er_0.40,base,0,sha256:acd49d7f6e3e633cb9e24e4f31a698d59c7e8a2578e14056df443689e9c014bb,sensitivity_evaluation,W5,False,A08__QQQM_SMH__er_0.40/base/W5
track_a,OK,2026-03-19,2026-09-18,1000.0,1067.5891592922155,67.58915929221553,67.58915929221553,0.0,0.0675891592922155,0.1394411505783386,0.0793916487407404,2026-06-22,2026-07-29,62,0.196760796715977,0.7581681344593848,0.7697742912458095,1.7563705098718183,2879.6953808016997,1.649864874284816,1.439864874284816,0.21,0.5031906564999999,67.085966853143,1.7825722350833752e-06,22,21,21,1.0,2.628099975534268,6.570249938835672,89.0,91.0,71,50,0.0358899699300814,-0.0607394127186818,0.3497101850869485,0.6502898149130515,,0.0692210530679071,-0.0644000628492362,"{'2026-03': -0.007270678218832205, '2026-04': 0.03835552312153134, '2026-05': 0.06922105306790716, '2026-06': 0.031841240587310526, '2026-07': -0.06440006284923627, '2026-08': 0.0034332378563570742, '2026-09': -7.326906724380855e-05}",{'2026': 0.0675891592922162},990.517341130085,1149.7664915886205,daily_mark_to_market_equity,A08__QQQM_SMH__er_0.40,a,QQQM_SMH,A08,er_0.40,base,0,sha256:acd49d7f6e3e633cb9e24e4f31a698d59c7e8a2578e14056df443689e9c014bb,sensitivity_evaluation,W6,False,A08__QQQM_SMH__er_0.40/base/W6
track_a,OK,2023-09-19,2024-03-18,1000.0,1112.8859153724848,112.88591537248476,112.88591537248476,0.0,0.1128859153724848,0.240895902887902,0.0409231133252515,2024-03-07,2024-03-15,7,0.1275648627513213,1.7540935162357276,2.263871246031839,5.886548781694416,2809.194866081035,4.352344732955011,4.212344732955011,0.14,2.15177163544,35.70764266511864,75.0265010719263,23,14,14,1.0,5.133436098847458,5.133436098847458,56.785714285714285,50.0,57,39,0.0319718416606555,-0.0249091228630375,0.4129722169211372,0.5870277830788628,,0.0744569582473095,-0.0011692208122895,"{'2023-09': -0.0006315943233403676, '2023-10': -1.3509538007494548e-05, '2023-11': -0.0011692208122895398, '2023-12': 0.015496898168250173, '2024-01': 0.009102326586309273, '2024-02': 0.07445695824730958, '2024-03': 0.01259586504281196}","{'2023': 0.013655231702234039, '2024': 0.09789391951700588}",981.1059428322196,1156.3257376975046,daily_mark_to_market_equity,A08__QQQM_SMH__er_0.40,a,QQQM_SMH,A08,er_0.40,stress,0,sha256:acd49d7f6e3e633cb9e24e4f31a698d59c7e8a2578e14056df443689e9c014bb,sensitivity_evaluation,W1,False,A08__QQQM_SMH__er_0.40/stress/W1
track_a,OK,2024-03-19,2024-09-18,1000.0,935.631055783735,-64.36894421626505,-64.36894421626505,0.0,-0.064368944216265,-0.1243557888691943,0.0959677370875136,2024-07-10,2024-09-06,49,0.1062652500134637,-1.1889144221315353,-1.1554019545590333,-1.2958082856095006,3944.747464209835,6.136989061464989,5.91698906146499,0.22,0.4946447352000001,-64.86358895146495,-2.7008946111445665e-17,26,22,22,1.0,0.2016506086005663,0.2016506086005663,81.86363636363636,74.0,69,52,0.0154540973155921,-0.0305151303266564,0.3201575488715125,0.6798424511284875,,0.0195110669113294,-0.0405993627027202,"{'2024-03': 0.014934900879254531, '2024-04': -0.03736096805113265, '2024-05': 0.019511066911329422, '2024-06': 0.01027809677398328, '2024-07': -0.04059936270272024, '2024-08': -0.027932779898528493, '2024-09': -0.003049048883618566}",{'2024': -0.06436894421626538},935.1605124064348,1034.43267543756,daily_mark_to_market_equity,A08__QQQM_SMH__er_0.40,a,QQQM_SMH,A08,er_0.40,stress,0,sha256:acd49d7f6e3e633cb9e24e4f31a698d59c7e8a2578e14056df443689e9c014bb,sensitivity_evaluation,W2,False,A08__QQQM_SMH__er_0.40/stress/W2
track_a,OK,2024-09-19,2025-03-18,1000.0,978.5841731408424,-21.41582685915762,-21.41582685915762,0.0,-0.0214158268591576,-0.0429774841184503,0.0408123261088483,2024-12-16,2025-03-04,61,0.0488365386730556,-0.8838417943394732,-0.9015771131903844,-1.053051570837385,2277.189212996293,3.6057426268675,3.4157426268675,0.19,0.49774996271,-21.913576821867544,-2.3071962364425765e-15,20,19,19,1.0,0.3992057346122686,0.2328700118571566,49.78947368421053,49.0,53,48,0.0096434598157657,-0.0159730140251798,0.154843080885196,0.845156919114804,,0.008348587434461,-0.0131016213348578,"{'2024-09': 0.00020382612696012714, '2024-10': -0.007970516402341699, '2024-11': 0.008348587434461097, '2024-12': -0.0015260039438057538, '2025-01': -0.013101621334857816, '2025-02': -0.005351258933787961, '2025-03': -0.002080588767302105}","{'2024': -0.001011372370224639, '2025': -0.020425111882749425}",978.5841731408424,1020.2217978583948,daily_mark_to_market_equity,A08__QQQM_SMH__er_0.40,a,QQQM_SMH,A08,er_0.40,stress,0,sha256:acd49d7f6e3e633cb9e24e4f31a698d59c7e8a2578e14056df443689e9c014bb,sensitivity_evaluation,W3,False,A08__QQQM_SMH__er_0.40/stress/W3
track_a,OK,2025-03-19,2025-09-18,1000.0,1097.3261093569447,97.3261093569447,97.3261093569447,0.0,0.0973261093569446,0.2036663382744488,0.0324680869579397,2025-07-30,2025-08-01,9,0.0815707095758626,2.300552258583893,2.3007262552254875,6.272816089789483,1933.0667416241752,2.988034627755047,2.898034627755047,0.09,0.2313305147,29.31278658774743,67.78199225449755,19,9,9,1.0,,,68.44444444444444,76.0,52,27,0.0197579932895701,-0.0177816190589289,0.3885374314785411,0.6114625685214589,,0.0381898251034678,-0.0007843781369352,"{'2025-03': 0.0, '2025-04': 0.0, '2025-05': -0.0007843781369352154, '2025-06': 0.02582188157528198, '2025-07': 0.02191492240808146, '2025-08': 0.00905079686500998, '2025-09': 0.0381898251034678}",{'2025': 0.09732610935694419},999.2156218630648,1097.3261093569447,daily_mark_to_market_equity,A08__QQQM_SMH__er_0.40,a,QQQM_SMH,A08,er_0.40,stress,0,sha256:acd49d7f6e3e633cb9e24e4f31a698d59c7e8a2578e14056df443689e9c014bb,sensitivity_evaluation,W4,False,A08__QQQM_SMH__er_0.40/stress/W4
track_a,OK,2025-09-19,2026-03-18,1000.0,1022.8936691001202,22.893669100120174,22.893669100120174,0.0,0.0228936691001202,0.0470024646270903,0.051476805562404,2025-10-29,2025-11-20,95,0.1153399089852251,0.4563036336364826,0.5264439042015214,0.9130804468841874,3469.172070041115,5.463656588960025,5.203656588960025,0.26,0.6294703290799999,20.680390849332145,1.583807921707877,22,26,26,1.0,2.6674718041738847,3.1120504382028655,88.15384615384616,84.0,69,53,0.0251749553079414,-0.0357672920137291,0.3783203173718992,0.6216796826281008,,0.039847668711463,-0.0217144130783029,"{'2025-09': -0.0004909626931823841, '2025-10': 0.03984766871146306, '2025-11': -0.021714413078302908, '2025-12': -2.2901768146343926e-06, '2026-01': 0.01384371774025217, '2026-02': 0.00042329251468986584, '2026-03': -0.00813041455319985}","{'2025': 0.016766217684268225, '2026': 0.006026411292271661}",985.6614018366276,1047.9041722995323,daily_mark_to_market_equity,A08__QQQM_SMH__er_0.40,a,QQQM_SMH,A08,er_0.40,stress,0,sha256:acd49d7f6e3e633cb9e24e4f31a698d59c7e8a2578e14056df443689e9c014bb,sensitivity_evaluation,W5,False,A08__QQQM_SMH__er_0.40/stress/W5
track_a,OK,2026-03-19,2026-09-18,1000.0,1064.703771336789,64.70377133678903,64.70377133678903,0.0,0.064703771336789,0.1333028773389564,0.0801838947290689,2026-06-22,2026-07-29,62,0.1968471836739336,0.7306296910506609,0.7376040049552658,1.6624644860338806,2876.045773564164,4.524223290860975,4.3142232908609754,0.21,0.5024514936500001,64.20131746952067,2.3736185108689724e-06,22,21,21,1.0,2.410223763499419,6.025559408748548,89.0,91.0,72,49,0.035895427078044,-0.060744504241687,0.349759997848297,0.650240002151703,,0.0686178865895124,-0.0650234775375309,"{'2026-03': -0.00754997066649743, '2026-04': 0.03794219366505813, '2026-05': 0.0686178865895124, '2026-06': 0.03130148001566768, '2026-07': -0.0650234775375309, '2026-08': 0.0031705199537839235, '2026-09': -8.420303490708214e-05}",{'2026': 0.06470377133678928},990.374134390255,1147.95894211023,daily_mark_to_market_equity,A08__QQQM_SMH__er_0.40,a,QQQM_SMH,A08,er_0.40,stress,0,sha256:acd49d7f6e3e633cb9e24e4f31a698d59c7e8a2578e14056df443689e9c014bb,sensitivity_evaluation,W6,False,A08__QQQM_SMH__er_0.40/stress/W6
track_a,OK,2023-09-19,2024-03-18,1000.0,1276.4188237113258,276.4188237113258,276.4188237113258,0.0,0.2764188237113258,0.6364004614283176,0.0632518522572164,2023-10-11,2023-10-26,24,0.182036977170279,2.795215458176014,4.69748441127361,10.061372730088085,10032.398507730451,5.106047177374313,5.016047177374313,0.0899999999999999,4.5685702387,242.79373410926053,29.05651936336507,12,9,9,1.0,3.5943417195540617,12.580196018439214,15.333333333333334,6.0,62,47,0.048577274304502,-0.0277661947340567,0.5804681776635248,0.4195318223364752,,0.1010576692355784,-0.0224781271892127,"{'2023-09': 0.00532278295964983, '2023-10': -0.022478127189212715, '2023-11': 0.06143764195009438, '2023-12': 0.05681129328510082, '2024-01': 0.030470021660839786, '2024-02': 0.10105766923557846, '2024-03': 0.02052543397592088}","{'2023': 0.10236125168968035, '2024': 0.1578952196975829}",963.81153646063,1340.8627367413255,daily_mark_to_market_equity,A09__QQQM_SMH__throttle_0.8,a,QQQM_SMH,A09,throttle_0.8,base,0,sha256:acd49d7f6e3e633cb9e24e4f31a698d59c7e8a2578e14056df443689e9c014bb,sensitivity_evaluation,W1,False,A09__QQQM_SMH__throttle_0.8/base/W1
track_a,OK,2024-03-19,2024-09-18,1000.0,995.4695143664852,-4.530485633514672,-4.530485633514672,0.0,-0.0045304856335146,-0.0090220042842293,0.1570565995224059,2024-06-18,2024-07-30,63,0.2182384645699191,0.0677476470319176,0.079896781917022,-0.0574442864016185,8215.772443144406,4.237801343514552,4.107801343514552,0.13,0.0,-0.8275764144148354,-3.702909219099978,15,13,13,1.0,1.591637750937698,0.9947735943360612,47.61538461538461,21.0,60,51,0.0368725447624158,-0.0509930226943148,0.5421567711991382,0.4578432288008618,,0.0841970861927139,-0.0893486031744239,"{'2024-03': 0.0, '2024-04': -0.04888464956249061, '2024-05': 0.08419708619271393, '2024-06': 0.062247878906999565, '2024-07': -0.08934860317442395, '2024-08': 0.03998129460537303, '2024-09': -0.040416041620685905}",{'2024': -0.0045304856335161015},920.8858292800952,1141.2890948575102,daily_mark_to_market_equity,A09__QQQM_SMH__throttle_0.8,a,QQQM_SMH,A09,throttle_0.8,base,0,sha256:acd49d7f6e3e633cb9e24e4f31a698d59c7e8a2578e14056df443689e9c014bb,sensitivity_evaluation,W2,False,A09__QQQM_SMH__throttle_0.8/base/W2
track_a,OK,2024-09-19,2025-03-18,1000.0,957.8036176357708,-42.196382364229066,-42.196382364229066,0.0,-0.042196382364229,-0.0837650727880008,0.0879955973231683,2024-11-07,2025-03-07,87,0.1254001848132273,-0.6418801250609568,-0.7519312837036898,-0.9519234522651098,13237.36331989234,6.7186726741293405,6.618672674129341,0.0999999999999999,0.4655549898999999,-42.66193735412923,0.0,15,10,10,1.0,0.1946075624082794,0.4540843122859854,15.2,15.5,49,46,0.0204813070327989,-0.0229108319203471,0.4749511649446391,0.5250488350553608,,0.01708789860171,-0.0349533438574714,"{'2024-09': 0.0, '2024-10': -0.0013750811561100695, '2024-11': 0.003130469716221551, '2024-12': 0.017087898601710005, '2025-01': 0.001797149425016853, '2025-02': -0.027633332042598435, '2025-03': -0.0349533438574714}","{'2024': 0.018868904856205626, '2025': -0.05993439090091124}",957.8036176357708,1050.2181950268152,daily_mark_to_market_equity,A09__QQQM_SMH__throttle_0.8,a,QQQM_SMH,A09,throttle_0.8,base,0,sha256:acd49d7f6e3e633cb9e24e4f31a698d59c7e8a2578e14056df443689e9c014bb,sensitivity_evaluation,W3,False,A09__QQQM_SMH__throttle_0.8/base/W3
track_a,OK,2025-03-19,2025-09-18,1000.0,1205.9907344137785,205.99073441377843,205.99073441377843,0.0,0.2059907344137783,0.4532976301562461,0.0391386435655032,2025-08-14,2025-09-03,20,0.1068427891142079,3.5338749369662565,4.151270778023502,11.58184313152289,6137.583801741118,3.1086331312219264,3.0686331312219264,0.04,0.0,153.78686206291792,52.203872350860095,6,4,4,1.0,,,22.75,16.5,47,24,0.0265697804311555,-0.0198092574210877,0.3812023883839119,0.618797611616088,,0.0994059168454193,-0.0031054848361675,"{'2025-03': 0.0, '2025-04': 0.0, '2025-05': 0.0, '2025-06': 0.09940591684541933, '2025-07': 0.037239410023565345, '2025-08': -0.0031054848361675713, '2025-09': 0.060859048901926505}",{'2025': 0.20599073441377858},1000.0,1205.9907344137785,daily_mark_to_market_equity,A09__QQQM_SMH__throttle_0.8,a,QQQM_SMH,A09,throttle_0.8,base,0,sha256:acd49d7f6e3e633cb9e24e4f31a698d59c7e8a2578e14056df443689e9c014bb,sensitivity_evaluation,W4,False,A09__QQQM_SMH__throttle_0.8/base/W4
track_a,OK,2025-09-19,2026-03-18,1000.0,1050.6899720795284,50.68997207952839,50.68997207952839,0.0,0.0506899720795284,0.1055426885955506,0.1008348118762916,2025-10-29,2025-12-17,46,0.2213487933381431,0.5641089491752976,0.7712291124552783,1.0466890018601394,8778.13815586223,4.488902310411927,4.388902310411927,0.0999999999999999,2.7343531549400004,54.68813875019369,-6.7325198256055625,13,10,10,1.0,0.9207887244681936,2.1485070237591186,17.0,6.5,58,52,0.0376456562830551,-0.0394644235427542,0.6013206383817669,0.3986793616182331,,0.0859263897445585,-0.0536955869283138,"{'2025-09': 0.0, '2025-10': 0.03550441398564996, '2025-11': -0.05369558692831389, '2025-12': 0.024867867438298052, '2026-01': 0.08592638974455857, '2026-02': -0.011712216065580372, '2026-03': -0.025144882180218153}","{'2025': 0.004270479613680989, '2026': 0.04622210192188869}",941.0476929396102,1117.5085127339205,daily_mark_to_market_equity,A09__QQQM_SMH__throttle_0.8,a,QQQM_SMH,A09,throttle_0.8,base,0,sha256:acd49d7f6e3e633cb9e24e4f31a698d59c7e8a2578e14056df443689e9c014bb,sensitivity_evaluation,W5,False,A09__QQQM_SMH__throttle_0.8/base/W5
track_a,OK,2026-03-19,2026-09-18,1000.0,1341.7981823615044,341.79818236150436,341.79818236150436,0.0,0.3417981823615044,0.798254228817485,0.14045093873615,2026-06-03,2026-07-29,74,0.2955121845489077,2.12338087906697,2.64187893378094,5.6835093876950085,9281.14258360254,4.760481562496375,4.640481562496375,0.12,0.0,309.4832501897838,32.31493217172002,13,12,12,1.0,2.5248347627833287,3.53476866789666,57.166666666666664,36.0,68,43,0.0598112945880002,-0.0715892060501359,0.5368981682257136,0.4631018317742864,,0.1917236046530319,-0.078399558949025,"{'2026-03': 0.005773428177749951, '2026-04': 0.19172360465303195, '2026-05': 0.1341952665212831, '2026-06': 0.02694206530742549, '2026-07': -0.07839955894902506, '2026-08': 0.016296329304696933, '2026-09': 0.026159086114991847}",{'2026': 0.3417981823615044},1000.0,1427.428424192225,daily_mark_to_market_equity,A09__QQQM_SMH__throttle_0.8,a,QQQM_SMH,A09,throttle_0.8,base,0,sha256:acd49d7f6e3e633cb9e24e4f31a698d59c7e8a2578e14056df443689e9c014bb,sensitivity_evaluation,W6,False,A09__QQQM_SMH__throttle_0.8/base/W6
track_a,OK,2023-09-19,2024-03-18,1000.0,1264.674442218895,264.6744422188949,264.6744422188949,0.0,0.2646744422188949,0.6061592160342983,0.0635511770127846,2023-10-11,2023-10-26,24,0.1823480611423622,2.688359870996465,4.525152534999164,9.538127294044552,9989.403650876684,15.072749845604902,14.982749845604902,0.0899999999999999,4.5445401745,232.16986055368807,27.96004149070698,12,9,9,1.0,3.1847210979327736,11.146523842764708,19.333333333333332,6.0,65,48,0.0486079714815945,-0.0277839213028776,0.5808240716258503,0.4191759283741497,,0.0995684517763226,-0.0237252763102374,"{'2023-09': 0.004876662558949807, '2023-10': -0.023725276310237464, '2023-11': 0.059121368540706376, '2023-12': 0.05467121236148431, '2024-01': 0.02844017126345344, '2024-02': 0.09956845177632268, '2024-03': 0.020539482658362695}","{'2023': 0.09584120849791922, '2024': 0.1540672429652441}",962.28906655331,1328.5682275588947,daily_mark_to_market_equity,A09__QQQM_SMH__throttle_0.8,a,QQQM_SMH,A09,throttle_0.8,stress,0,sha256:acd49d7f6e3e633cb9e24e4f31a698d59c7e8a2578e14056df443689e9c014bb,sensitivity_evaluation,W1,False,A09__QQQM_SMH__throttle_0.8/stress/W1
track_a,OK,2024-03-19,2024-09-18,1000.0,987.443590273185,-12.55640972681499,-12.55640972681499,0.0,-0.012556409726815,-0.0249046605546656,0.1592239016178734,2024-06-18,2024-07-30,63,0.2182518490967464,-0.0058283867312743,-0.0068887835313046,-0.1564128268533147,8185.5993751538945,12.40764137681501,12.277641376815009,0.13,0.0,-8.541984813865001,-4.014424912950051,15,13,13,1.0,1.5158953988412134,0.9474346242757584,43.23076923076923,8.0,60,51,0.0361223450334649,-0.0510095003735187,0.5424634978196232,0.4575365021803768,,0.0842555123111634,-0.0919626648389249,"{'2024-03': 0.0, '2024-04': -0.05137993755440984, '2024-05': 0.08425551231116346, '2024-06': 0.06186362292515657, '2024-07': -0.0919626648389249, '2024-08': 0.03934938659158216, '2024-09': -0.04202464106448034}",{'2024': -0.012556409726813933},919.9105924124652,1138.42649799559,daily_mark_to_market_equity,A09__QQQM_SMH__throttle_0.8,a,QQQM_SMH,A09,throttle_0.8,stress,0,sha256:acd49d7f6e3e633cb9e24e4f31a698d59c7e8a2578e14056df443689e9c014bb,sensitivity_evaluation,W2,False,A09__QQQM_SMH__throttle_0.8/stress/W2
track_a,OK,2024-09-19,2025-03-18,1000.0,945.3392439797552,-54.660756020244776,-54.660756020244776,0.0,-0.0546607560202447,-0.1077976792283761,0.0977798492203835,2024-11-07,2025-03-07,87,0.1254731067986613,-0.8552288181690875,-1.007024133517172,-1.102452909140959,13156.276028458897,19.834334642875245,19.734334642875243,0.0999999999999999,0.4623845526299999,-55.123140572875464,-9.278633517079363e-15,15,10,10,1.0,0.1415154480691015,0.3302027121612369,20.9,20.0,50,47,0.0203485468838309,-0.02291429157138,0.4751390434257911,0.5248609565742088,,0.0139992246050508,-0.0357552847509498,"{'2024-09': 0.0, '2024-10': -0.002061151068329936, '2024-11': -0.000524267824250968, '2024-12': 0.013999224605050875, '2025-01': -0.001412748344662873, '2025-02': -0.029265206103987085, '2025-03': -0.0357552847509498}","{'2024': 0.011378707575375069, '2025': -0.06529647411100703}",945.3392439797552,1047.7922081022898,daily_mark_to_market_equity,A09__QQQM_SMH__throttle_0.8,a,QQQM_SMH,A09,throttle_0.8,stress,0,sha256:acd49d7f6e3e633cb9e24e4f31a698d59c7e8a2578e14056df443689e9c014bb,sensitivity_evaluation,W3,False,A09__QQQM_SMH__throttle_0.8/stress/W3
track_a,OK,2025-03-19,2025-09-18,1000.0,1199.5810498637295,199.58104986372973,199.58104986372973,0.0,0.1995810498637298,0.437921909719422,0.0406328560253202,2025-08-14,2025-09-03,21,0.1068331280602945,3.435065157268684,4.039436228820239,10.777532089955274,6124.91999783215,9.225959266270154,9.185959266270157,0.04,0.0,148.4084170817,51.17263278203,6,4,4,1.0,,,22.75,16.5,47,24,0.0265876955997717,-0.0198227340646635,0.3814619802307383,0.6185380197692616,,0.0987198469362604,-0.0054524831439309,"{'2025-03': 0.0, '2025-04': 0.0, '2025-05': 0.0, '2025-06': 0.09871984693626046, '2025-07': 0.03650980197643339, '2025-08': -0.005452483143930986, '2025-09': 0.05911635878222321}",{'2025': 0.19958104986372915},1000.0,1199.5810498637295,daily_mark_to_market_equity,A09__QQQM_SMH__throttle_0.8,a,QQQM_SMH,A09,throttle_0.8,stress,0,sha256:acd49d7f6e3e633cb9e24e4f31a698d59c7e8a2578e14056df443689e9c014bb,sensitivity_evaluation,W4,False,A09__QQQM_SMH__throttle_0.8/stress/W4
track_a,OK,2025-09-19,2026-03-18,1000.0,1041.7532469010048,41.753246901004786,41.753246901004786,0.0,0.0417532469010046,0.0865453744050712,0.1026681087931459,2025-10-29,2025-12-17,46,0.2216750939019386,0.485265962372402,0.6710217922604015,0.8429625851922676,8744.988256975426,13.21599320699523,13.115993206995231,0.0999999999999999,2.7270658780000003,46.428442064309785,-7.402261041304916,13,10,10,1.0,0.8194056540401072,1.9119465260935833,17.0,6.5,57,50,0.0376928194749079,-0.0394915849589817,0.601807786862875,0.398192213137125,,0.0853637488035137,-0.0546704376609203,"{'2025-09': 0.0, '2025-10': 0.034523686785274954, '2025-11': -0.05467043766092039, '2025-12': 0.022157686633384355, '2026-01': 0.08536374880351372, '2026-02': -0.013101578809727621, '2026-03': -0.027083610678619308}","{'2025': -0.0003647156742251356, '2026': 0.04213332926081814}",938.2489645018998,1111.8065977720896,daily_mark_to_market_equity,A09__QQQM_SMH__throttle_0.8,a,QQQM_SMH,A09,throttle_0.8,stress,0,sha256:acd49d7f6e3e633cb9e24e4f31a698d59c7e8a2578e14056df443689e9c014bb,sensitivity_evaluation,W5,False,A09__QQQM_SMH__throttle_0.8/stress/W5
track_a,OK,2026-03-19,2026-09-18,1000.0,1332.3143523456863,332.31435234568653,332.31435234568653,0.0,0.3323143523456866,0.7729754802888424,0.1436452951912676,2026-06-03,2026-07-29,74,0.2959135768490445,2.0732291152378015,2.5929464144305743,5.381140254260359,9252.887841113885,13.998533733313742,13.878533733313745,0.12,0.0,300.8733494015264,31.44100294415989,13,12,12,1.0,2.4278938980384948,3.3990514572538935,57.166666666666664,36.0,69,42,0.0598231347365154,-0.0716241836465877,0.5371779605954674,0.4628220394045326,,0.1908596862315292,-0.0800861670816769,"{'2026-03': 0.0056264135332499965, '2026-04': 0.19085968623152927, '2026-05': 0.1342723669576551, '2026-06': 0.025062446515654146, '2026-07': -0.08008616708167693, '2026-08': 0.014358867664682196, '2026-09': 0.02542283867545181}",{'2026': 0.33231435234568885},1000.0,1426.316492946345,daily_mark_to_market_equity,A09__QQQM_SMH__throttle_0.8,a,QQQM_SMH,A09,throttle_0.8,stress,0,sha256:acd49d7f6e3e633cb9e24e4f31a698d59c7e8a2578e14056df443689e9c014bb,sensitivity_evaluation,W6,False,A09__QQQM_SMH__throttle_0.8/stress/W6
track_a,OK,2023-09-19,2024-03-18,1000.0,1276.4188237113258,276.4188237113258,276.4188237113258,0.0,0.2764188237113258,0.6364004614283176,0.0632518522572164,2023-10-11,2023-10-26,24,0.182036977170279,2.795215458176014,4.69748441127361,10.061372730088085,10032.398507730451,5.106047177374313,5.016047177374313,0.0899999999999999,4.5685702387,242.79373410926053,29.05651936336507,12,9,9,1.0,3.5943417195540617,12.580196018439214,15.333333333333334,6.0,62,47,0.048577274304502,-0.0277661947340567,0.5804681776635248,0.4195318223364752,,0.1010576692355784,-0.0224781271892127,"{'2023-09': 0.00532278295964983, '2023-10': -0.022478127189212715, '2023-11': 0.06143764195009438, '2023-12': 0.05681129328510082, '2024-01': 0.030470021660839786, '2024-02': 0.10105766923557846, '2024-03': 0.02052543397592088}","{'2023': 0.10236125168968035, '2024': 0.1578952196975829}",963.81153646063,1340.8627367413255,daily_mark_to_market_equity,A09__QQQM_SMH__throttle_1.2,a,QQQM_SMH,A09,throttle_1.2,base,0,sha256:acd49d7f6e3e633cb9e24e4f31a698d59c7e8a2578e14056df443689e9c014bb,sensitivity_evaluation,W1,False,A09__QQQM_SMH__throttle_1.2/base/W1
track_a,OK,2024-03-19,2024-09-18,1000.0,1011.4301538795604,11.43015387956052,11.43015387956052,0.0,0.0114301538795604,0.022943307192847,0.1570563627216135,2024-06-18,2024-07-30,63,0.2249240647222056,0.2125907615762604,0.2566469633243353,0.1460832709688731,9613.862572830669,4.936805890439437,4.8068058904394375,0.13,0.0,17.08408818148546,-5.65393430192497,17,13,13,1.0,1.294351399344563,1.1094440565810542,18.46153846153846,8.0,59,51,0.036872722456386,-0.0509930366936933,0.571581248891716,0.428418751108284,,0.084197087723125,-0.0893482615352606,"{'2024-03': 0.0, '2024-04': -0.040907841069890316, '2024-05': 0.08419708772312506, '2024-06': 0.062247962563698245, '2024-07': -0.08934826153526065, '2024-08': 0.046215864125547235, '2024-09': -0.03890173892894355}",{'2024': 0.011430153879560478},920.8858292800952,1150.8608548501102,daily_mark_to_market_equity,A09__QQQM_SMH__throttle_1.2,a,QQQM_SMH,A09,throttle_1.2,base,0,sha256:acd49d7f6e3e633cb9e24e4f31a698d59c7e8a2578e14056df443689e9c014bb,sensitivity_evaluation,W2,False,A09__QQQM_SMH__throttle_1.2/base/W2
track_a,OK,2024-09-19,2025-03-18,1000.0,957.8036176357708,-42.196382364229066,-42.196382364229066,0.0,-0.042196382364229,-0.0837650727880008,0.0879955973231683,2024-11-07,2025-03-07,87,0.1254001848132273,-0.6418801250609568,-0.7519312837036898,-0.9519234522651098,13237.36331989234,6.7186726741293405,6.618672674129341,0.0999999999999999,0.4655549898999999,-42.66193735412923,0.0,15,10,10,1.0,0.1946075624082794,0.4540843122859854,15.2,15.5,49,46,0.0204813070327989,-0.0229108319203471,0.4749511649446391,0.5250488350553608,,0.01708789860171,-0.0349533438574714,"{'2024-09': 0.0, '2024-10': -0.0013750811561100695, '2024-11': 0.003130469716221551, '2024-12': 0.017087898601710005, '2025-01': 0.001797149425016853, '2025-02': -0.027633332042598435, '2025-03': -0.0349533438574714}","{'2024': 0.018868904856205626, '2025': -0.05993439090091124}",957.8036176357708,1050.2181950268152,daily_mark_to_market_equity,A09__QQQM_SMH__throttle_1.2,a,QQQM_SMH,A09,throttle_1.2,base,0,sha256:acd49d7f6e3e633cb9e24e4f31a698d59c7e8a2578e14056df443689e9c014bb,sensitivity_evaluation,W3,False,A09__QQQM_SMH__throttle_1.2/base/W3
track_a,OK,2025-03-19,2025-09-18,1000.0,1205.9907344137785,205.99073441377843,205.99073441377843,0.0,0.2059907344137783,0.4532976301562461,0.0391386435655032,2025-08-14,2025-09-03,20,0.1068427891142079,3.5338749369662565,4.151270778023502,11.58184313152289,6137.583801741118,3.1086331312219264,3.0686331312219264,0.04,0.0,153.78686206291792,52.203872350860095,6,4,4,1.0,,,22.75,16.5,47,24,0.0265697804311555,-0.0198092574210877,0.3812023883839119,0.618797611616088,,0.0994059168454193,-0.0031054848361675,"{'2025-03': 0.0, '2025-04': 0.0, '2025-05': 0.0, '2025-06': 0.09940591684541933, '2025-07': 0.037239410023565345, '2025-08': -0.0031054848361675713, '2025-09': 0.060859048901926505}",{'2025': 0.20599073441377858},1000.0,1205.9907344137785,daily_mark_to_market_equity,A09__QQQM_SMH__throttle_1.2,a,QQQM_SMH,A09,throttle_1.2,base,0,sha256:acd49d7f6e3e633cb9e24e4f31a698d59c7e8a2578e14056df443689e9c014bb,sensitivity_evaluation,W4,False,A09__QQQM_SMH__throttle_1.2/base/W4
track_a,OK,2025-09-19,2026-03-18,1000.0,1050.6899720795284,50.68997207952839,50.68997207952839,0.0,0.0506899720795284,0.1055426885955506,0.1008348118762916,2025-10-29,2025-12-17,46,0.2213487933381431,0.5641089491752976,0.7712291124552783,1.0466890018601394,8778.13815586223,4.488902310411927,4.388902310411927,0.0999999999999999,2.7343531549400004,54.68813875019369,-6.7325198256055625,13,10,10,1.0,0.9207887244681936,2.1485070237591186,17.0,6.5,58,52,0.0376456562830551,-0.0394644235427542,0.6013206383817669,0.3986793616182331,,0.0859263897445585,-0.0536955869283138,"{'2025-09': 0.0, '2025-10': 0.03550441398564996, '2025-11': -0.05369558692831389, '2025-12': 0.024867867438298052, '2026-01': 0.08592638974455857, '2026-02': -0.011712216065580372, '2026-03': -0.025144882180218153}","{'2025': 0.004270479613680989, '2026': 0.04622210192188869}",941.0476929396102,1117.5085127339205,daily_mark_to_market_equity,A09__QQQM_SMH__throttle_1.2,a,QQQM_SMH,A09,throttle_1.2,base,0,sha256:acd49d7f6e3e633cb9e24e4f31a698d59c7e8a2578e14056df443689e9c014bb,sensitivity_evaluation,W5,False,A09__QQQM_SMH__throttle_1.2/base/W5
track_a,OK,2026-03-19,2026-09-18,1000.0,1330.0264798094663,330.0264798094663,330.0264798094663,0.0,0.3300264798094663,0.7669039877919495,0.1401435297919184,2026-06-03,2026-07-29,74,0.3047551260296008,2.0105915608140337,2.5548979770923292,5.472275380323508,10042.92332605522,5.151371750534344,5.021371750534344,0.13,0.0,304.939946640509,25.086533168956866,13,13,13,1.0,2.9130494905627717,3.3985577389899007,66.23076923076923,66.0,71,41,0.0598112945880002,-0.0715892060501359,0.571725701114307,0.428274298885693,,0.1917236046530319,-0.0780699421673513,"{'2026-03': 0.005773428177749951, '2026-04': 0.19172360465303195, '2026-05': 0.1341952665212831, '2026-06': 0.02694206530742549, '2026-07': -0.0780699421673513, '2026-08': 0.0142914887453518, '2026-09': 0.018802632267828967}",{'2026': 0.33002647980946587},1000.0,1427.428424192225,daily_mark_to_market_equity,A09__QQQM_SMH__throttle_1.2,a,QQQM_SMH,A09,throttle_1.2,base,0,sha256:acd49d7f6e3e633cb9e24e4f31a698d59c7e8a2578e14056df443689e9c014bb,sensitivity_evaluation,W6,False,A09__QQQM_SMH__throttle_1.2/base/W6
track_a,OK,2023-09-19,2024-03-18,1000.0,1264.674442218895,264.6744422188949,264.6744422188949,0.0,0.2646744422188949,0.6061592160342983,0.0635511770127846,2023-10-11,2023-10-26,24,0.1823480611423622,2.688359870996465,4.525152534999164,9.538127294044552,9989.403650876684,15.072749845604902,14.982749845604902,0.0899999999999999,4.5445401745,232.16986055368807,27.96004149070698,12,9,9,1.0,3.1847210979327736,11.146523842764708,19.333333333333332,6.0,65,48,0.0486079714815945,-0.0277839213028776,0.5808240716258503,0.4191759283741497,,0.0995684517763226,-0.0237252763102374,"{'2023-09': 0.004876662558949807, '2023-10': -0.023725276310237464, '2023-11': 0.059121368540706376, '2023-12': 0.05467121236148431, '2024-01': 0.02844017126345344, '2024-02': 0.09956845177632268, '2024-03': 0.020539482658362695}","{'2023': 0.09584120849791922, '2024': 0.1540672429652441}",962.28906655331,1328.5682275588947,daily_mark_to_market_equity,A09__QQQM_SMH__throttle_1.2,a,QQQM_SMH,A09,throttle_1.2,stress,0,sha256:acd49d7f6e3e633cb9e24e4f31a698d59c7e8a2578e14056df443689e9c014bb,sensitivity_evaluation,W1,False,A09__QQQM_SMH__throttle_1.2/stress/W1
track_a,OK,2024-03-19,2024-09-18,1000.0,1001.9496442352648,1.949644235264941,1.949644235264941,0.0,0.0019496442352648,0.0038950758923175,0.1592236741958108,2024-06-18,2024-07-30,63,0.2249023378443011,0.1295034385844455,0.1567925326967761,0.0244629192988438,9571.118865887604,14.485560214735038,14.355560214735036,0.13,0.0,8.072186845064785,-6.122542609800082,17,13,13,1.0,1.2253231097759796,1.050276951236554,16.307692307692307,8.0,59,51,0.0361225073011834,-0.0510095160318948,0.5718820637414779,0.4281179362585221,,0.0842555285581452,-0.0919623376214673,"{'2024-03': 0.0, '2024-04': -0.04378969559959989, '2024-05': 0.08425552855814522, '2024-06': 0.061863712026021034, '2024-07': -0.09196233762146733, '2024-08': 0.04522235434932309, '2024-09': -0.041086352505810275}",{'2024': 0.0019496442352666676},919.9105924124652,1147.5354847304002,daily_mark_to_market_equity,A09__QQQM_SMH__throttle_1.2,a,QQQM_SMH,A09,throttle_1.2,stress,0,sha256:acd49d7f6e3e633cb9e24e4f31a698d59c7e8a2578e14056df443689e9c014bb,sensitivity_evaluation,W2,False,A09__QQQM_SMH__throttle_1.2/stress/W2
track_a,OK,2024-09-19,2025-03-18,1000.0,945.3392439797552,-54.660756020244776,-54.660756020244776,0.0,-0.0546607560202447,-0.1077976792283761,0.0977798492203835,2024-11-07,2025-03-07,87,0.1254731067986613,-0.8552288181690875,-1.007024133517172,-1.102452909140959,13156.276028458897,19.834334642875245,19.734334642875243,0.0999999999999999,0.4623845526299999,-55.123140572875464,-9.278633517079363e-15,15,10,10,1.0,0.1415154480691015,0.3302027121612369,20.9,20.0,50,47,0.0203485468838309,-0.02291429157138,0.4751390434257911,0.5248609565742088,,0.0139992246050508,-0.0357552847509498,"{'2024-09': 0.0, '2024-10': -0.002061151068329936, '2024-11': -0.000524267824250968, '2024-12': 0.013999224605050875, '2025-01': -0.001412748344662873, '2025-02': -0.029265206103987085, '2025-03': -0.0357552847509498}","{'2024': 0.011378707575375069, '2025': -0.06529647411100703}",945.3392439797552,1047.7922081022898,daily_mark_to_market_equity,A09__QQQM_SMH__throttle_1.2,a,QQQM_SMH,A09,throttle_1.2,stress,0,sha256:acd49d7f6e3e633cb9e24e4f31a698d59c7e8a2578e14056df443689e9c014bb,sensitivity_evaluation,W3,False,A09__QQQM_SMH__throttle_1.2/stress/W3
track_a,OK,2025-03-19,2025-09-18,1000.0,1199.5810498637295,199.58104986372973,199.58104986372973,0.0,0.1995810498637298,0.437921909719422,0.0406328560253202,2025-08-14,2025-09-03,21,0.1068331280602945,3.435065157268684,4.039436228820239,10.777532089955274,6124.91999783215,9.225959266270154,9.185959266270157,0.04,0.0,148.4084170817,51.17263278203,6,4,4,1.0,,,22.75,16.5,47,24,0.0265876955997717,-0.0198227340646635,0.3814619802307383,0.6185380197692616,,0.0987198469362604,-0.0054524831439309,"{'2025-03': 0.0, '2025-04': 0.0, '2025-05': 0.0, '2025-06': 0.09871984693626046, '2025-07': 0.03650980197643339, '2025-08': -0.005452483143930986, '2025-09': 0.05911635878222321}",{'2025': 0.19958104986372915},1000.0,1199.5810498637295,daily_mark_to_market_equity,A09__QQQM_SMH__throttle_1.2,a,QQQM_SMH,A09,throttle_1.2,stress,0,sha256:acd49d7f6e3e633cb9e24e4f31a698d59c7e8a2578e14056df443689e9c014bb,sensitivity_evaluation,W4,False,A09__QQQM_SMH__throttle_1.2/stress/W4
track_a,OK,2025-09-19,2026-03-18,1000.0,1041.7532469010048,41.753246901004786,41.753246901004786,0.0,0.0417532469010046,0.0865453744050712,0.1026681087931459,2025-10-29,2025-12-17,46,0.2216750939019386,0.485265962372402,0.6710217922604015,0.8429625851922676,8744.988256975426,13.21599320699523,13.115993206995231,0.0999999999999999,2.7270658780000003,46.428442064309785,-7.402261041304916,13,10,10,1.0,0.8194056540401072,1.9119465260935833,17.0,6.5,57,50,0.0376928194749079,-0.0394915849589817,0.601807786862875,0.398192213137125,,0.0853637488035137,-0.0546704376609203,"{'2025-09': 0.0, '2025-10': 0.034523686785274954, '2025-11': -0.05467043766092039, '2025-12': 0.022157686633384355, '2026-01': 0.08536374880351372, '2026-02': -0.013101578809727621, '2026-03': -0.027083610678619308}","{'2025': -0.0003647156742251356, '2026': 0.04213332926081814}",938.2489645018998,1111.8065977720896,daily_mark_to_market_equity,A09__QQQM_SMH__throttle_1.2,a,QQQM_SMH,A09,throttle_1.2,stress,0,sha256:acd49d7f6e3e633cb9e24e4f31a698d59c7e8a2578e14056df443689e9c014bb,sensitivity_evaluation,W5,False,A09__QQQM_SMH__throttle_1.2/stress/W5
track_a,OK,2026-03-19,2026-09-18,1000.0,1319.8478772769197,319.84787727691946,319.84787727691946,0.0,0.3198478772769195,0.7400182615142801,0.1431949292506906,2026-06-03,2026-07-29,74,0.3051633060934839,1.9582443934319032,2.492868678097807,5.167908286883076,10009.669227325205,15.143705587081277,15.013705587081276,0.13,0.0,295.59762034535737,24.25025693156154,13,13,13,1.0,2.7897787366997995,3.2547418594830995,54.92307692307692,14.0,71,42,0.0598231347365154,-0.0716241836465877,0.5720445050149342,0.4279554949850658,,0.1908596862315292,-0.0796023956994593,"{'2026-03': 0.0056264135332499965, '2026-04': 0.19085968623152927, '2026-05': 0.1342723669576551, '2026-06': 0.025062446515654146, '2026-07': -0.07960239569945937, '2026-08': 0.011928360400220495, '2026-09': 0.01773261017366834}",{'2026': 0.3198478772769211},1000.0,1426.316492946345,daily_mark_to_market_equity,A09__QQQM_SMH__throttle_1.2,a,QQQM_SMH,A09,throttle_1.2,stress,0,sha256:acd49d7f6e3e633cb9e24e4f31a698d59c7e8a2578e14056df443689e9c014bb,sensitivity_evaluation,W6,False,A09__QQQM_SMH__throttle_1.2/stress/W6
track_a,OK,2023-09-19,2024-03-18,1000.0,1287.3728721781304,287.37287217813036,287.37287217813036,0.0,0.2873728721781303,0.66486313258926,0.0603552878217056,2023-10-11,2023-10-26,27,0.1814584120294085,2.8986875033007404,4.742771077154123,11.015822417305326,5502.36881515516,2.86103265086964,2.7510326508696403,0.1099999999999999,4.603802029,55.913902660860174,226.85516748827,15,11,11,1.0,1.7322028349863128,4.619207559963501,32.81818181818182,28.0,70,51,0.0518152508983567,-0.0277601992088551,0.6141503172233235,0.3858496827766765,,0.1039482967739495,-0.026449078539773,"{'2023-09': 0.007541902846330162, '2023-10': -0.026449078539773074, '2023-11': 0.039837692584107076, '2023-12': 0.0684920746283475, '2024-01': 0.048516232260083614, '2024-02': 0.10394829677394957, '2024-03': 0.020520682687289682}","{'2023': 0.0898297284150753, '2024': 0.18126055714257228}",962.7386940247952,1352.3550907381305,daily_mark_to_market_equity,A10__QQQM_SMH__trend_share_0.70,a,QQQM_SMH,A10,trend_share_0.70,base,0,sha256:acd49d7f6e3e633cb9e24e4f31a698d59c7e8a2578e14056df443689e9c014bb,sensitivity_evaluation,W1,False,A10__QQQM_SMH__trend_share_0.70/base/W1
track_a,OK,2024-03-19,2024-09-18,1000.0,1028.9474471294952,28.94744712949523,28.94744712949523,0.0,0.0289474471294952,0.0586090348549679,0.1869772152271814,2024-07-10,2024-08-07,49,0.268161657823052,0.344557918103186,0.4420297629021115,0.3134554912680491,5195.827096626885,2.7177937805046395,2.5977937805046394,0.12,0.0,13.399596668214192,15.547850461280946,12,12,12,1.0,0.6731231273754591,1.3462462547509182,50.916666666666664,18.5,66,52,0.0627899003268244,-0.0504384342312133,0.6564270077574608,0.3435729922425392,,0.0749945247588401,-0.04967939534928,"{'2024-03': 0.0, '2024-04': -0.026993791581720217, '2024-05': 0.07499452475884016, '2024-06': 0.0619678950614313, '2024-07': -0.04967939534928001, '2024-08': -0.002224398651858195, '2024-09': -0.02308468677599307}",{'2024': 0.02894744712949504},912.1808185452052,1173.306987426175,daily_mark_to_market_equity,A10__QQQM_SMH__trend_share_0.70,a,QQQM_SMH,A10,trend_share_0.70,base,0,sha256:acd49d7f6e3e633cb9e24e4f31a698d59c7e8a2578e14056df443689e9c014bb,sensitivity_evaluation,W2,False,A10__QQQM_SMH__trend_share_0.70/base/W2
track_a,OK,2024-09-19,2025-03-18,1000.0,999.4292093370155,-0.5707906629843364,-0.5707906629843364,0.0,-0.0005707906629843,-0.001157889194464,0.0736820355530664,2025-02-19,2025-03-07,19,0.1190842997089312,0.0493694396138093,0.0616842920799663,-0.0157146743541049,8750.803930568496,4.515402637514511,4.375402637514512,0.14,1.2556889645299998,-1.8264796275144377,0.0,16,14,14,1.0,0.2629567807484213,0.9641748627442114,35.642857142857146,31.0,53,53,0.0198786318871833,-0.0278552348591164,0.4946278775842743,0.5053721224157257,,0.0373130917712565,-0.0310986297036789,"{'2024-09': 0.0, '2024-10': -0.00029927455259026736, '2024-11': -0.009357463265177057, '2024-12': 0.02857785193529594, '2025-01': 0.037313091771256524, '2025-02': -0.023800769570761604, '2025-03': -0.031098629703678937}","{'2024': 0.018648025775489963, '2025': -0.018866984426581968}",977.8200122563652,1078.9267267786756,daily_mark_to_market_equity,A10__QQQM_SMH__trend_share_0.70,a,QQQM_SMH,A10,trend_share_0.70,base,0,sha256:acd49d7f6e3e633cb9e24e4f31a698d59c7e8a2578e14056df443689e9c014bb,sensitivity_evaluation,W3,False,A10__QQQM_SMH__trend_share_0.70/base/W3
track_a,OK,2025-03-19,2025-09-18,1000.0,1221.393457966023,221.3934579660231,221.3934579660231,0.0,0.221393457966023,0.4905797381763874,0.0347586124707688,2025-08-14,2025-08-21,18,0.1167219092524215,3.4602216461003854,4.324035789950308,14.113904534853148,2388.045930154942,1.2438635189773417,1.1938635189773417,0.05,0.0,72.88657029321708,148.50688767280582,6,5,5,1.0,,,48.8,56.0,50,25,0.0267440656313975,-0.0200278837565732,0.4326232958629652,0.5673767041370348,,0.1004100066815403,0.0,"{'2025-03': 0.0, '2025-04': 0.0, '2025-05': 0.0, '2025-06': 0.10041000668154032, '2025-07': 0.029550427892310882, '2025-08': 0.010183060992683401, '2025-09': 0.06721851993678807}",{'2025': 0.22139345796602306},1000.0,1221.393457966023,daily_mark_to_market_equity,A10__QQQM_SMH__trend_share_0.70,a,QQQM_SMH,A10,trend_share_0.70,base,0,sha256:acd49d7f6e3e633cb9e24e4f31a698d59c7e8a2578e14056df443689e9c014bb,sensitivity_evaluation,W4,False,A10__QQQM_SMH__trend_share_0.70/base/W4
track_a,OK,2025-09-19,2026-03-18,1000.0,1130.3148827963305,130.3148827963305,130.3148827963305,0.0,0.1303148827963305,0.2821845588838445,0.0911717754722779,2025-10-29,2025-11-20,27,0.2349260386608719,1.176866496120636,1.6296637752474747,3.095086800954608,4768.7275343478805,2.504255292239797,2.384255292239797,0.12,2.87359991857,84.04820106534574,43.39308181241468,12,12,12,1.0,4.355882454271906,47.91470699699096,51.333333333333336,7.0,63,52,0.048880251937299,-0.0401000845652206,0.6864987380980463,0.3135012619019537,,0.0847739749405074,-0.0232153075652392,"{'2025-09': 0.0, '2025-10': 0.04895733006035008, '2025-11': -0.019682092285838837, '2025-12': 0.02073379157287003, '2026-01': 0.08477397494050742, '2026-02': 0.01630507196033837, '2026-03': -0.023215307565239263}","{'2025': 0.049632454614705335, '2026': 0.07686731467468033}",963.6873385215,1196.6342382551604,daily_mark_to_market_equity,A10__QQQM_SMH__trend_share_0.70,a,QQQM_SMH,A10,trend_share_0.70,base,0,sha256:acd49d7f6e3e633cb9e24e4f31a698d59c7e8a2578e14056df443689e9c014bb,sensitivity_evaluation,W5,False,A10__QQQM_SMH__trend_share_0.70/base/W5
track_a,OK,2026-03-19,2026-09-18,1000.0,1324.0254320055874,324.0254320055874,324.0254320055874,0.0,0.3240254320055873,0.7510279533267732,0.190246666316081,2026-06-22,2026-07-29,62,0.3235549151484992,1.8838092955632637,2.602662870018827,3.9476536849218418,5064.293551402961,2.632063070412786,2.5320630704127858,0.0999999999999999,0.0,232.6002857344996,91.42514627108766,12,10,10,1.0,32.34549291561063,129.3819716624425,62.7,41.0,74,45,0.0631329209481617,-0.0697407431696094,0.6486330925113931,0.3513669074886069,,0.171900033942195,-0.1238836986665966,"{'2026-03': 0.009719588782222344, '2026-04': 0.171900033942195, '2026-05': 0.1301394976073338, '2026-06': 0.07166373837008222, '2026-07': -0.12388369866659665, '2026-08': 0.038557362549392904, '2026-09': 0.015364883732152279}",{'2026': 0.3240254320055882},1000.0,1453.2453932397498,daily_mark_to_market_equity,A10__QQQM_SMH__trend_share_0.70,a,QQQM_SMH,A10,trend_share_0.70,base,0,sha256:acd49d7f6e3e633cb9e24e4f31a698d59c7e8a2578e14056df443689e9c014bb,sensitivity_evaluation,W6,False,A10__QQQM_SMH__trend_share_0.70/base/W6
track_a,OK,2023-09-19,2024-03-18,1000.0,1280.531070610205,280.531070610205,280.531070610205,0.0,0.2805310706102051,0.6470565740380254,0.0608493892014926,2023-10-11,2023-10-26,28,0.1815497647928972,2.8380346209916234,4.652663012178788,10.633739837476512,5488.768697306735,8.34179437179508,8.23179437179508,0.1099999999999999,4.584710192000001,50.860341024358966,225.08601939384565,15,11,11,1.0,1.5020527268765156,4.005473938337375,48.54545454545455,30.0,70,51,0.0516036771494121,-0.027767058488446,0.6142326305058953,0.3857673694941047,,0.1034459518719601,-0.0279041978204863,"{'2023-09': 0.006786362436629778, '2023-10': -0.027904197820486365, '2023-11': 0.03801005127768131, '2023-12': 0.06818642717370182, '2024-01': 0.047900203281122655, '2024-02': 0.10344595187196015, '2024-03': 0.020526118489673673}","{'2023': 0.08516307133407519, '2024': 0.18003561348245034}",960.80558991975,1345.1847157502048,daily_mark_to_market_equity,A10__QQQM_SMH__trend_share_0.70,a,QQQM_SMH,A10,trend_share_0.70,stress,0,sha256:acd49d7f6e3e633cb9e24e4f31a698d59c7e8a2578e14056df443689e9c014bb,sensitivity_evaluation,W1,False,A10__QQQM_SMH__trend_share_0.70/stress/W1
track_a,OK,2024-03-19,2024-09-18,1000.0,1023.6953514358552,23.695351435855173,23.695351435855173,0.0,0.0236953514358551,0.047851595555693,0.1876345028081233,2024-07-10,2024-08-07,49,0.26807403107247,0.3067057806035952,0.3937387812253415,0.2550255674705335,5184.2204883258255,7.895258234145078,7.775258234145078,0.12,0.0,8.719551323899335,14.975800111955564,12,12,12,1.0,0.6076827257689296,1.2153654515378591,50.916666666666664,18.5,66,52,0.0624736532627761,-0.0504531385110903,0.6566430152942525,0.3433569847057475,,0.0745825105738609,-0.0504037104610181,"{'2024-03': 0.0, '2024-04': -0.02861157594658481, '2024-05': 0.0745825105738609, '2024-06': 0.061542007832318335, '2024-07': -0.0504037104610181, '2024-08': -0.002662430563570073, '2024-09': -0.02451708696089372}",{'2024': 0.023695351435855994},910.9316414489653,1170.280204854085,daily_mark_to_market_equity,A10__QQQM_SMH__trend_share_0.70,a,QQQM_SMH,A10,trend_share_0.70,stress,0,sha256:acd49d7f6e3e633cb9e24e4f31a698d59c7e8a2578e14056df443689e9c014bb,sensitivity_evaluation,W2,False,A10__QQQM_SMH__trend_share_0.70/stress/W2
track_a,OK,2024-09-19,2025-03-18,1000.0,990.8820419499676,-9.117958050032255,-9.117958050032255,0.0,-0.0091179580500322,-0.0184150544838235,0.0745884566037716,2025-02-19,2025-03-07,19,0.119000367079059,-0.0985415028673013,-0.1239016287447454,-0.2468887991830674,8716.567355328969,13.214857438152547,13.074857438152549,0.14,1.25016203312,-10.368120083152398,-3.2356265237621323e-14,16,14,14,1.0,0.3235104616131642,0.8087761540329107,70.0,68.0,53,53,0.019881529797505,-0.0278742839879575,0.4947630285318278,0.5052369714681721,,0.0355069498623312,-0.0318102748510814,"{'2024-09': 0.0, '2024-10': -0.000983391596750094, '2024-11': -0.011759179406312548, '2024-12': 0.02619855934519988, '2025-01': 0.03550694986233127, '2025-02': -0.02446788261653321, '2025-03': -0.031810274851081455}","{'2024': 0.01313401817466553, '2025': -0.021963507122964576}",975.28307494515,1070.7474409855154,daily_mark_to_market_equity,A10__QQQM_SMH__trend_share_0.70,a,QQQM_SMH,A10,trend_share_0.70,stress,0,sha256:acd49d7f6e3e633cb9e24e4f31a698d59c7e8a2578e14056df443689e9c014bb,sensitivity_evaluation,W3,False,A10__QQQM_SMH__trend_share_0.70/stress/W3
track_a,OK,2025-03-19,2025-09-18,1000.0,1218.8381772371204,218.83817723712036,218.83817723712036,0.0,0.2188381772371204,0.4843621105459139,0.0350725325546428,2025-08-14,2025-08-21,18,0.1165714161680792,3.428837091240054,4.248834399911925,13.810297553827352,2385.80608401574,3.627277492880056,3.5772774928800564,0.05,0.0,71.22750386920495,147.6106733679152,6,5,5,1.0,,,48.8,56.0,49,26,0.0267480703088252,-0.0200338315778095,0.4328063247778323,0.5671936752221677,,0.0997170068446196,0.0,"{'2025-03': 0.0, '2025-04': 0.0, '2025-05': 0.0, '2025-06': 0.0997170068446196, '2025-07': 0.029281986101739488, '2025-08': 0.00926722317606643, '2025-09': 0.06690209074353803}",{'2025': 0.2188381772371204},1000.0,1218.8381772371204,daily_mark_to_market_equity,A10__QQQM_SMH__trend_share_0.70,a,QQQM_SMH,A10,trend_share_0.70,stress,0,sha256:acd49d7f6e3e633cb9e24e4f31a698d59c7e8a2578e14056df443689e9c014bb,sensitivity_evaluation,W4,False,A10__QQQM_SMH__trend_share_0.70/stress/W4
track_a,OK,2025-09-19,2026-03-18,1000.0,1125.2993397059422,125.2993397059422,125.2993397059422,0.0,0.1252993397059421,0.2706661089038527,0.0915056879007777,2025-10-29,2025-11-20,27,0.2350632245761524,1.1378324719931487,1.5799170059872762,2.957915678393061,4758.530770996627,7.256824003897557,7.136824003897557,0.12,2.8690985648400003,79.680165252909,42.75007588819335,12,12,12,1.0,7.790527923222887,38.95263961611443,51.333333333333336,7.0,63,52,0.048895380812479,-0.040127591038761,0.6868548796886502,0.3131451203113498,,0.0841830274237041,-0.0243356639871548,"{'2025-09': 0.0, '2025-10': 0.04797333920944946, '2025-11': -0.020299530155994172, '2025-12': 0.020161303228451555, '2026-01': 0.0841830274237041, '2026-02': 0.015670019495744203, '2026-03': -0.02433566398715481}","{'2025': 0.04739958228390462, '2026': 0.07437444003192373}",962.43932022375,1192.7040994318977,daily_mark_to_market_equity,A10__QQQM_SMH__trend_share_0.70,a,QQQM_SMH,A10,trend_share_0.70,stress,0,sha256:acd49d7f6e3e633cb9e24e4f31a698d59c7e8a2578e14056df443689e9c014bb,sensitivity_evaluation,W5,False,A10__QQQM_SMH__trend_share_0.70/stress/W5
track_a,OK,2026-03-19,2026-09-18,1000.0,1318.782894572704,318.782894572704,318.782894572704,0.0,0.318782894572704,0.7372171068767381,0.1909893764817111,2026-06-22,2026-07-29,62,0.323599511883042,1.8592162104010073,2.570953924113025,3.859990123311037,5055.034386831294,7.681802231296059,7.581802231296059,0.0999999999999999,0.0,228.08498408142896,90.697910491275,12,10,10,1.0,32.34031378414133,75.46073216299644,62.7,41.0,74,45,0.0631311378128887,-0.0697493738389181,0.6487897151438301,0.3512102848561699,,0.1714821109020405,-0.1246855432700531,"{'2026-03': 0.009472089056667521, '2026-04': 0.17148211090204057, '2026-05': 0.13015834924189784, '2026-06': 0.07117411506779292, '2026-07': -0.1246855432700531, '2026-08': 0.03697327061837141, '2026-09': 0.014874401177935148}",{'2026': 0.31878289457270426},1000.0,1451.7367436450925,daily_mark_to_market_equity,A10__QQQM_SMH__trend_share_0.70,a,QQQM_SMH,A10,trend_share_0.70,stress,0,sha256:acd49d7f6e3e633cb9e24e4f31a698d59c7e8a2578e14056df443689e9c014bb,sensitivity_evaluation,W6,False,A10__QQQM_SMH__trend_share_0.70/stress/W6
track_a,OK,2023-09-19,2024-03-18,1000.0,1357.533756551745,357.533756551745,357.533756551745,0.0,0.3575337565517449,0.8530405336798426,0.0622634351778147,2024-03-07,2024-03-15,7,0.2190105383112901,2.924901099139415,4.807253335251246,13.700505461089492,4439.159679347114,2.3393676554547063,2.219367655454706,0.12,5.918194197199999,15.770796581465516,335.8447657730799,14,12,12,1.0,0.4155866958828809,2.0779334794144044,59.333333333333336,36.0,71,50,0.0623035337884256,-0.0350017351458872,0.7157246791034391,0.2842753208965609,,0.1271903267767482,-0.0264490556603764,"{'2023-09': 0.008492465722135245, '2023-10': -0.026449055660376475, '2023-11': 0.039325769263314436, '2023-12': 0.0863609031213064, '2024-01': 0.058504251433354026, '2024-02': 0.12719032677674824, '2024-03': 0.02636920844730084}","{'2023': 0.10855479102942556, '2024': 0.224597798446311}",963.64699880782,1445.085400171745,daily_mark_to_market_equity,A10__QQQM_SMH__trend_share_0.90,a,QQQM_SMH,A10,trend_share_0.90,base,0,sha256:acd49d7f6e3e633cb9e24e4f31a698d59c7e8a2578e14056df443689e9c014bb,sensitivity_evaluation,W1,False,A10__QQQM_SMH__trend_share_0.90/base/W1
track_a,OK,2024-03-19,2024-09-18,1000.0,1043.1479684690753,43.147968469075295,43.147968469075295,0.0,0.0431479684690752,0.0879693107469568,0.2220982237305798,2024-07-10,2024-08-07,49,0.3161945663808392,0.4225554944849755,0.5418268462789532,0.3960829099365941,4379.9780055285655,2.3098709209247157,2.1898709209247156,0.12,0.0,27.38556660540997,15.762401863665136,12,12,12,1.0,1.5814213000511164,2.213989820071563,50.916666666666664,18.5,67,51,0.0697636587049579,-0.0635908829666845,0.7641186000699253,0.2358813999300747,,0.090095753788804,-0.0511264237894185,"{'2024-03': 0.0, '2024-04': -0.03907404697546535, '2024-05': 0.09009575378880408, '2024-06': 0.07637226202050673, '2024-07': -0.05112642378941856, '2024-08': -0.001879670183953186, '2024-09': -0.02312815257232359}",{'2024': 0.043147968469074316},896.4730638533101,1207.1610384911648,daily_mark_to_market_equity,A10__QQQM_SMH__trend_share_0.90,a,QQQM_SMH,A10,trend_share_0.90,base,0,sha256:acd49d7f6e3e633cb9e24e4f31a698d59c7e8a2578e14056df443689e9c014bb,sensitivity_evaluation,W2,False,A10__QQQM_SMH__trend_share_0.90/base/W2
track_a,OK,2024-09-19,2025-03-18,1000.0,983.4516938175556,-16.54830618244432,-16.54830618244432,0.0,-0.0165483061824442,-0.0332933737866539,0.0791488662316248,2025-02-19,2025-03-11,19,0.128750454237027,-0.2014664355279058,-0.2389025296987143,-0.4206424598581453,8856.51395923281,4.5682536388244825,4.428253638824483,0.14,1.3828876563799994,-17.931174616565006,-1.9222259132205616e-05,16,14,14,1.0,0.2727567413060482,0.6818918532651208,76.85714285714286,74.0,57,56,0.0221644800864575,-0.0311764541325623,0.5183091824937006,0.4816908175062994,,0.0373112677311748,-0.0311044073566918,"{'2024-09': 0.0, '2024-10': -0.004027832574239998, '2024-11': -0.019364896784209162, '2024-12': 0.02734786698869418, '2025-01': 0.03731126773117488, '2025-02': -0.024797522915960823, '2025-03': -0.031104407356691843}","{'2024': 0.003395528035611939, '2025': -0.01987634353633405}",962.3938029836152,1067.9811823578932,daily_mark_to_market_equity,A10__QQQM_SMH__trend_share_0.90,a,QQQM_SMH,A10,trend_share_0.90,base,0,sha256:acd49d7f6e3e633cb9e24e4f31a698d59c7e8a2578e14056df443689e9c014bb,sensitivity_evaluation,W3,False,A10__QQQM_SMH__trend_share_0.90/base/W3
track_a,OK,2025-03-19,2025-09-18,1000.0,1272.069659991805,272.06965999180534,272.06965999180534,0.0,0.2720696599918053,0.6165660935861055,0.0445858220332932,2025-08-14,2025-09-03,19,0.1455609499364895,3.3554619070989267,4.048742648877593,13.82874791734696,1488.685913240165,0.7941272481949138,0.7441272481949137,0.05,0.0,32.219304801111015,239.85035519069424,6,5,5,1.0,,,48.8,56.0,49,26,0.0341381337365169,-0.0256521299442562,0.533868357003924,0.466131642996076,,0.1290986052178804,0.0,"{'2025-03': 0.0, '2025-04': 0.0, '2025-05': 0.0, '2025-06': 0.1290986052178804, '2025-07': 0.03344466204316343, '2025-08': 0.0068966647340633624, '2025-09': 0.08269690383373618}",{'2025': 0.2720696599918051},1000.0,1272.069659991805,daily_mark_to_market_equity,A10__QQQM_SMH__trend_share_0.90,a,QQQM_SMH,A10,trend_share_0.90,base,0,sha256:acd49d7f6e3e633cb9e24e4f31a698d59c7e8a2578e14056df443689e9c014bb,sensitivity_evaluation,W4,False,A10__QQQM_SMH__trend_share_0.90/base/W4
track_a,OK,2025-09-19,2026-03-18,1000.0,1147.8180375370905,147.81803753709028,147.81803753709028,0.0,0.1478180375370903,0.3227945217147823,0.1084372804843399,2025-10-29,2025-11-20,27,0.2793350440553569,1.142500856654692,1.5775041933501,2.976785477033416,3350.38537282373,1.795086175829863,1.675086175829863,0.12,3.07936398292,94.3677984145297,50.370875139640425,12,12,12,1.0,16.74422109313532,184.1864320244885,51.333333333333336,7.0,64,51,0.0522011285339663,-0.0513978087893892,0.8198757026527957,0.1801242973472042,,0.1060967833687824,-0.0305971194044656,"{'2025-09': 0.0, '2025-10': 0.061368913349470144, '2025-11': -0.025730508295934484, '2025-12': 0.02379727006213006, '2026-01': 0.10609678336878248, '2026-02': 0.011151373706481449, '2026-03': -0.030597119404465634}","{'2025': 0.058667141372624076, '2026': 0.08421050647597839}",959.3506071688352,1235.8371155697253,daily_mark_to_market_equity,A10__QQQM_SMH__trend_share_0.90,a,QQQM_SMH,A10,trend_share_0.90,base,0,sha256:acd49d7f6e3e633cb9e24e4f31a698d59c7e8a2578e14056df443689e9c014bb,sensitivity_evaluation,W5,False,A10__QQQM_SMH__trend_share_0.90/base/W5
track_a,OK,2026-03-19,2026-09-18,1000.0,1351.2996275763992,351.2996275763992,351.2996275763992,0.0,0.3512996275763991,0.8237589941474579,0.2278007904366634,2026-06-22,2026-07-29,62,0.3822201410567241,1.7550909818481482,2.3407496645695183,3.616137558471254,4093.289175400624,2.156564175600838,2.046564175600838,0.1099999999999999,0.0,235.6910115865331,115.60861598986624,11,11,11,1.0,48.62392060012133,218.807642700546,63.27272727272727,69.0,76,43,0.0668744404128243,-0.0855663186845611,0.7396526511809042,0.2603473488190958,,0.1805435292359236,-0.1587592189182872,"{'2026-03': 0.009719588782222344, '2026-04': 0.18054352923592365, '2026-05': 0.16609718517261607, '2026-06': 0.08610744955632765, '2026-07': -0.15875921891828726, '2026-08': 0.04789750843781837, '2026-09': 0.015365037319366337}",{'2026': 0.3512996275764002},1000.0,1536.6372244450297,daily_mark_to_market_equity,A10__QQQM_SMH__trend_share_0.90,a,QQQM_SMH,A10,trend_share_0.90,base,0,sha256:acd49d7f6e3e633cb9e24e4f31a698d59c7e8a2578e14056df443689e9c014bb,sensitivity_evaluation,W6,False,A10__QQQM_SMH__trend_share_0.90/base/W6
track_a,OK,2023-09-19,2024-03-18,1000.0,1351.5748354497946,351.5748354497946,351.5748354497946,0.0,0.3515748354497945,0.8366632368798967,0.0622669178676442,2024-03-07,2024-03-15,7,0.2191353187126271,2.8827903442784937,4.749118518399984,13.436721545433224,4431.231162889305,6.764945407905117,6.644945407905117,0.12,5.894332007699998,12.17440077328827,333.5061026688066,14,12,12,1.0,0.5879945224941662,1.7639835674824986,56.916666666666664,33.0,71,50,0.0622386117865163,-0.0350036929592757,0.7157516452201971,0.2842483547798029,,0.1270575972690888,-0.0279038607403836,"{'2023-09': 0.007739924372689888, '2023-10': -0.027903860740383646, '2023-11': 0.037507964895853396, '2023-12': 0.08626705484836039, '2024-01': 0.05828821379004756, '2024-02': 0.12705759726908883, '2024-03': 0.026370819937067802}","{'2023': 0.10404234418052916, '2024': 0.22420561364699765}",961.71592542383,1438.7473595597946,daily_mark_to_market_equity,A10__QQQM_SMH__trend_share_0.90,a,QQQM_SMH,A10,trend_share_0.90,stress,0,sha256:acd49d7f6e3e633cb9e24e4f31a698d59c7e8a2578e14056df443689e9c014bb,sensitivity_evaluation,W1,False,A10__QQQM_SMH__trend_share_0.90/stress/W1
track_a,OK,2024-03-19,2024-09-18,1000.0,1038.6441556833602,38.64415568336017,38.64415568336017,0.0,0.0386441556833601,0.0786140588253909,0.2223196732310134,2024-07-10,2024-08-07,49,0.3162066406294075,0.3953918375080414,0.5074754746630353,0.3536081970744115,4370.970336294351,6.675397196640075,6.555397196640075,0.12,0.0,23.44970434977155,15.194451333588484,12,12,12,1.0,1.394530328439629,1.9523424598154813,50.916666666666664,18.5,67,51,0.0696360501751931,-0.0635935062101122,0.7643474785915076,0.2356525214084923,,0.0892618416080521,-0.0513706884663613,"{'2024-03': 0.0, '2024-04': -0.04030696078331464, '2024-05': 0.08926184160805217, '2024-06': 0.07626433488359652, '2024-07': -0.05137068846636139, '2024-08': -0.002322331570382863, '2024-09': -0.024569329372834292}",{'2024': 0.03864415568336166},895.416067662015,1204.5219435042952,daily_mark_to_market_equity,A10__QQQM_SMH__trend_share_0.90,a,QQQM_SMH,A10,trend_share_0.90,stress,0,sha256:acd49d7f6e3e633cb9e24e4f31a698d59c7e8a2578e14056df443689e9c014bb,sensitivity_evaluation,W2,False,A10__QQQM_SMH__trend_share_0.90/stress/W2
track_a,OK,2024-09-19,2025-03-18,1000.0,974.8581727092296,-25.141827290770262,-25.141827290770262,0.0,-0.0251418272907703,-0.0503570849836154,0.0800563902653321,2025-02-19,2025-03-13,19,0.1286973153481864,-0.3412927039596203,-0.4071087896586613,-0.6290201796098496,8821.415854902394,13.37209420130005,13.232094201300049,0.14,1.3772063605299998,-26.51901521156601,-1.8439734433154376e-05,16,14,14,1.0,0.312068654500197,0.5617235781003547,70.0,68.0,56,57,0.0221654526985493,-0.0312039841968654,0.5184961961375829,0.4815038038624171,,0.0355056915803804,-0.0318193869560248,"{'2024-09': 0.0, '2024-10': -0.004911058524529888, '2024-11': -0.021449805065577254, '2024-12': 0.024885050413225862, '2025-01': 0.035505691580380416, '2025-02': -0.025655812689059143, '2025-03': -0.03181938695602482}","{'2024': -0.0020238419259722695, '2025': -0.023164867394640853}",959.5383506379098,1059.6933983055771,daily_mark_to_market_equity,A10__QQQM_SMH__trend_share_0.90,a,QQQM_SMH,A10,trend_share_0.90,stress,0,sha256:acd49d7f6e3e633cb9e24e4f31a698d59c7e8a2578e14056df443689e9c014bb,sensitivity_evaluation,W3,False,A10__QQQM_SMH__trend_share_0.90/stress/W3
track_a,OK,2025-03-19,2025-09-18,1000.0,1270.44564175402,270.44564175402,270.44564175402,0.0,0.2704456417540199,0.6124495148186704,0.0448448829729178,2025-08-14,2025-09-03,19,0.145398549393994,3.341584589675945,4.028686098548974,13.65706573899485,1487.9932458624803,2.280051315980078,2.230051315980078,0.05,0.0,31.642704104030223,238.8029376499897,6,5,5,1.0,,,48.8,56.0,49,26,0.0341399125146357,-0.0256547350168347,0.5340887139572964,0.4659112860427036,,0.1282076052536396,0.0,"{'2025-03': 0.0, '2025-04': 0.0, '2025-05': 0.0, '2025-06': 0.1282076052536396, '2025-07': 0.03336696828581198, '2025-08': 0.006581051986251474, '2025-09': 0.08258932080200765}",{'2025': 0.27044564175401886},1000.0,1270.44564175402,daily_mark_to_market_equity,A10__QQQM_SMH__trend_share_0.90,a,QQQM_SMH,A10,trend_share_0.90,stress,0,sha256:acd49d7f6e3e633cb9e24e4f31a698d59c7e8a2578e14056df443689e9c014bb,sensitivity_evaluation,W4,False,A10__QQQM_SMH__trend_share_0.90/stress/W4
track_a,OK,2025-09-19,2026-03-18,1000.0,1144.2755600492578,144.27556004925782,144.27556004925782,0.0,0.1442755600492578,0.3145235999772995,0.1085972697548623,2025-10-29,2025-11-20,27,0.2795824171561135,1.1192454537605,1.547794831888972,2.896238558181771,3345.195532340663,5.13683729528256,5.01683729528256,0.12,3.07574101954,91.43950750056678,49.76031152915078,12,12,12,1.0,29.77624000249689,148.88120001248444,51.333333333333336,7.0,64,51,0.0522073660794655,-0.0514430066091279,0.8201930486766174,0.1798069513233826,,0.1059010816671077,-0.0318917043835791,"{'2025-09': 0.0, '2025-10': 0.060381667174009834, '2025-11': -0.025970499889070076, '2025-12': 0.023619399527643692, '2026-01': 0.10590108166710777, '2026-02': 0.010921815686317338, '2026-03': -0.031891704383579134}","{'2025': 0.057238157265935286, '2026': 0.08232525678831482}",958.29841955182,1233.6756339350377,daily_mark_to_market_equity,A10__QQQM_SMH__trend_share_0.90,a,QQQM_SMH,A10,trend_share_0.90,stress,0,sha256:acd49d7f6e3e633cb9e24e4f31a698d59c7e8a2578e14056df443689e9c014bb,sensitivity_evaluation,W5,False,A10__QQQM_SMH__trend_share_0.90/stress/W5
track_a,OK,2026-03-19,2026-09-18,1000.0,1347.06262714462,347.0626271446199,347.0626271446199,0.0,0.34706262714462,0.8123634563716362,0.2279982822534999,2026-06-22,2026-07-29,62,0.3823020854120703,1.738458588397085,2.3197271395216115,3.563024459405399,4087.9641774730553,6.241225485380021,6.13122548538002,0.1099999999999999,0.0,232.167057672326,114.89556947229389,11,11,11,1.0,44.88533912924407,119.6942376779842,63.27272727272727,69.0,76,43,0.0668742529638561,-0.0855901614982074,0.7398158525446243,0.2601841474553756,,0.1798931290365828,-0.158973718890287,"{'2026-03': 0.009472089056667521, '2026-04': 0.17989312903658283, '2026-05': 0.16615354283248163, '2026-06': 0.08597111228614196, '2026-07': -0.158973718890287, '2026-08': 0.046296702857151484, '2026-09': 0.014874561452565604}",{'2026': 0.3470626271446209},1000.0,1535.2970750064474,daily_mark_to_market_equity,A10__QQQM_SMH__trend_share_0.90,a,QQQM_SMH,A10,trend_share_0.90,stress,0,sha256:acd49d7f6e3e633cb9e24e4f31a698d59c7e8a2578e14056df443689e9c014bb,sensitivity_evaluation,W6,False,A10__QQQM_SMH__trend_share_0.90/stress/W6
tqqq_soxl,OK,2023-09-19,2024-03-18,1000.0,1109.826155473785,109.8261554737851,109.8261554737851,0.0,0.1098261554737851,0.2340208579025731,0.0851615817776119,2023-12-27,2024-01-04,55,0.1555770487476012,1.4282560120940673,1.174187172119677,2.7479627904714983,2092.35175816653,2.102435891829844,2.092435891829844,0.01,5.155267515615,96.19649692640029,8.47439103177,2,1,1,1.0,,,30.0,30.0,39,33,0.0414816649267317,-0.0500838255904795,0.1659298429418349,0.834070157058165,0.4977895288255048,0.1838926030696654,-0.0672549047687516,"{'2023-09': 0.0, '2023-10': 0.0, '2023-11': 0.0, '2023-12': 0.18389260306966548, '2024-01': -0.06725490476875162, '2024-02': 0.005176085271465514, '2024-03': -0.00014383886523983147}","{'2023': 0.18389260306966548, '2024': -0.06256179606480894}",990.0120974540504,1203.2727008696652,daily_mark_to_market_equity,L01__TQQQ_SOXL__long_105,b,TQQQ_SOXL,L01,long_105,base,0,sha256:acd49d7f6e3e633cb9e24e4f31a698d59c7e8a2578e14056df443689e9c014bb,sensitivity_evaluation,W1,False,L01__TQQQ_SOXL__long_105/base/W1
tqqq_soxl,OK,2024-03-19,2024-09-18,1000.0,672.9238702417701,-327.07612975822985,-327.07612975822985,0.0,-0.3270761297582298,-0.5464377241933758,0.5512547969605779,2024-07-10,2024-08-07,49,0.8839319768545169,-0.4324521551949141,-0.4559850620273538,-0.9912616220416371,1662.7124322203697,1.6723703498899205,1.6623703498899205,0.01,3.22857080166,-331.5161331786899,1.2114326188000033,2,1,1,,,,122.0,122.0,66,50,0.1891206215074641,-0.2088682972459232,0.6678240655740714,0.3321759344259286,2.003472196722214,0.2697093869023597,-0.3064418528525732,"{'2024-03': 0.0, '2024-04': -0.1662420181489297, '2024-05': 0.2697093869023597, '2024-06': 0.141193012701609, '2024-07': -0.19615009628480373, '2024-08': -0.3064418528525732, '2024-09': -0.0009099048316909553}",{'2024': -0.32707612975822986},670.3761180017701,1493.8903267627304,daily_mark_to_market_equity,L01__TQQQ_SOXL__long_105,b,TQQQ_SOXL,L01,long_105,base,0,sha256:acd49d7f6e3e633cb9e24e4f31a698d59c7e8a2578e14056df443689e9c014bb,sensitivity_evaluation,W2,False,L01__TQQQ_SOXL__long_105/base/W2
tqqq_soxl,OK,2024-09-19,2025-03-18,1000.0,975.548478993942,-24.45152100605787,-24.45152100605787,0.0,-0.0244515210060578,-0.0489920723736284,0.2589514752643714,2024-12-16,2025-03-04,61,0.4557840634635708,0.1180395120403546,0.1276920404616811,-0.189194026887126,1953.67859447736,1.963652246799928,1.953652246799928,0.01,3.859808600742,-28.311329606799863,0.0,1,1,1,,,,120.0,120.0,42,39,0.0804534770162677,-0.1073552964507418,0.6441222793073381,0.3558777206926619,1.9323668379220136,0.1286461785379198,-0.0932587002915679,"{'2024-09': 0.0, '2024-10': 0.0, '2024-11': 0.12864617853791982, '2024-12': -0.006017280037271422, '2025-01': 0.044847917975588514, '2025-02': -0.09325870029156791, '2025-03': -0.08214151410295878}","{'2024': 0.12185479841866154, '2025': -0.13041466652453515}",975.548478993942,1316.4434533379203,daily_mark_to_market_equity,L01__TQQQ_SOXL__long_105,b,TQQQ_SOXL,L01,long_105,base,0,sha256:acd49d7f6e3e633cb9e24e4f31a698d59c7e8a2578e14056df443689e9c014bb,sensitivity_evaluation,W3,False,L01__TQQQ_SOXL__long_105/base/W3
tqqq_soxl,OK,2025-03-19,2025-09-18,1000.0,1125.3887240870558,125.38872408705583,125.38872408705583,0.0,0.1253887240870559,0.2658867740712272,0.0460636510838674,2025-06-10,2025-06-20,9,0.1496901190721694,1.6403393011193637,1.527872950109878,5.772160213421442,2111.92694734533,2.1220349624499946,2.112034962449995,0.01,3.0119534595059996,117.91505321107984,4.461717416470002,2,1,1,1.0,,,29.0,29.0,45,30,0.0451209090548438,-0.0374624597238427,0.1611359462620316,0.8388640537379684,0.4834078387860949,0.1570888361441458,-0.0310637670283528,"{'2025-03': 0.0, '2025-04': 0.0, '2025-05': 0.0, '2025-06': 0.15708883614414582, '2025-07': -0.031063767028352895, '2025-08': 0.00046327909582921656, '2025-09': 0.0033200855796988726}",{'2025': 0.1253887240870557},1000.0,1157.088836144146,daily_mark_to_market_equity,L01__TQQQ_SOXL__long_105,b,TQQQ_SOXL,L01,long_105,base,0,sha256:acd49d7f6e3e633cb9e24e4f31a698d59c7e8a2578e14056df443689e9c014bb,sensitivity_evaluation,W4,False,L01__TQQQ_SOXL__long_105/base/W4
tqqq_soxl,OK,2025-09-19,2026-03-18,1000.0,1381.6947956440804,381.6947956440804,381.6947956440804,0.0,0.3816947956440804,0.9271680946999654,0.3733820890314826,2025-10-29,2025-11-20,29,1.027995645702792,1.1595768557792026,1.5721165664487575,2.483161677907343,990.98997589592,0.9899999759198956,0.9899999759198956,0.0,0.0,0.0,381.69479564408016,1,0,0,,,,,,64,50,0.1585685511387371,-0.1885216545275312,0.9205797567419262,0.0794202432580738,2.7617392702257786,0.4662073263427346,-0.1386147917560154,"{'2025-09': 0.0, '2025-10': 0.22313217116408013, '2025-11': -0.13545356580909929, '2025-12': 0.018503132033601544, '2026-01': 0.46620732634273465, '2026-02': 0.015769678677987065, '2026-03': -0.13861479175601543}","{'2025': 0.07702077841407973, '2026': 0.2828859232211227}",791.9129824740801,1835.02127332408,daily_mark_to_market_equity,L01__TQQQ_SOXL__long_105,b,TQQQ_SOXL,L01,long_105,base,0,sha256:acd49d7f6e3e633cb9e24e4f31a698d59c7e8a2578e14056df443689e9c014bb,sensitivity_evaluation,W5,False,L01__TQQQ_SOXL__long_105/base/W5
tqqq_soxl,OK,2026-03-19,2026-09-18,1000.0,2252.84591139632,1252.84591139632,1252.84591139632,0.0,1.25284591139632,4.058448764052138,0.69318555872586,2026-06-22,2026-07-29,62,1.5144100714569015,1.8323241604451144,2.58341810629582,5.8547797382160525,3234.83583167668,3.246091923679972,3.236091923679972,0.01,0.0,1252.84591139632,0.0,1,1,1,1.0,,,153.0,153.0,65,40,0.2459711952735723,-0.3046528026350452,0.8242604302162072,0.1757395697837928,2.4727812906486215,1.7382804467998194,-0.5689756237363679,"{'2026-03': 0.0, '2026-04': 1.7382804467998194, '2026-05': 0.764212053782005, '2026-06': 0.18851286646469934, '2026-07': -0.5689756237363679, '2026-08': -0.016762319817454907, '2026-09': -0.07415444741293897}",{'2026': 1.2528459113963204},1000.0,6473.671091169819,daily_mark_to_market_equity,L01__TQQQ_SOXL__long_105,b,TQQQ_SOXL,L01,long_105,base,0,sha256:acd49d7f6e3e633cb9e24e4f31a698d59c7e8a2578e14056df443689e9c014bb,sensitivity_evaluation,W6,False,L01__TQQQ_SOXL__long_105/base/W6
tqqq_soxl,OK,2023-09-19,2024-03-18,1000.0,1105.78998717239,105.78998717239006,105.78998717239006,0.0,0.1057899871723899,0.2249813696935823,0.0865921934360932,2023-12-27,2024-01-04,55,0.1561578716772902,1.376451634883685,1.1421227402220016,2.59817150676086,2090.719306894975,5.237333493224856,5.227333493224856,0.01,5.155267515615,93.07906976600026,7.555649890775001,2,1,1,1.0,,,30.0,30.0,38,34,0.0415439801352095,-0.0501467264721248,0.1653676400842075,0.8346323599157924,0.4961029202526226,0.1824076030757397,-0.068998059324999,"{'2023-09': 0.0, '2023-10': 0.0, '2023-11': 0.0, '2023-12': 0.18240760307573978, '2024-01': -0.06899805932499903, '2024-02': 0.004640998372939409, '2024-03': -0.00012903796109220433}","{'2023': 0.18240760307573978, '2024': -0.06479797296976775}",988.5270974601252,1201.78770087574,daily_mark_to_market_equity,L01__TQQQ_SOXL__long_105,b,TQQQ_SOXL,L01,long_105,stress,0,sha256:acd49d7f6e3e633cb9e24e4f31a698d59c7e8a2578e14056df443689e9c014bb,sensitivity_evaluation,W1,False,L01__TQQQ_SOXL__long_105/stress/W1
tqqq_soxl,OK,2024-03-19,2024-09-18,1000.0,670.2839779194352,-329.7160220805648,-329.7160220805648,0.0,-0.3297160220805648,-0.5499821600716914,0.552367775765165,2024-07-10,2024-08-07,49,0.8856092281216408,-0.4386389744132744,-0.463701414821165,-0.9956811099449656,1661.7222057134247,4.162176872224881,4.1521768722248815,0.01,3.22857080166,-333.99134919172485,1.0467563095000014,2,1,1,,,,122.0,122.0,65,51,0.1894651326391203,-0.2091881758433631,0.6681884014995746,0.3318115985004254,2.004565204498723,0.2701906213625058,-0.3081797291505329,"{'2024-03': 0.0, '2024-04': -0.1677270181473246, '2024-05': 0.2701906213625058, '2024-06': 0.14139135025889904, '2024-07': -0.19639150097504687, '2024-08': -0.30817972915053293, '2024-09': -0.0008015330290361833}",{'2024': -0.3297160220805644},668.0487158794351,1492.405326764335,daily_mark_to_market_equity,L01__TQQQ_SOXL__long_105,b,TQQQ_SOXL,L01,long_105,stress,0,sha256:acd49d7f6e3e633cb9e24e4f31a698d59c7e8a2578e14056df443689e9c014bb,sensitivity_evaluation,W2,False,L01__TQQQ_SOXL__long_105/stress/W2
tqqq_soxl,OK,2024-09-19,2025-03-18,1000.0,972.6180006237422,-27.381999376257795,-27.381999376257795,0.0,-0.0273819993762578,-0.0547799548071196,0.2603431704532146,2024-12-16,2025-03-04,61,0.4565518582351068,0.1051136957237971,0.1139363296216784,-0.2104144107631351,1953.7181159934005,4.89413061699982,4.88413061699982,0.01,3.859808600742,-31.24180797699976,0.0,1,1,1,,,,120.0,120.0,42,39,0.0805694977793349,-0.1074781711908989,0.6449472432188686,0.3550527567811313,1.9348417296566065,0.1271611785948001,-0.0933769980766888,"{'2024-09': 0.0, '2024-10': 0.0, '2024-11': 0.12716117859480014, '2024-12': -0.006025207617356698, '2025-01': 0.04490736188038924, '2025-02': -0.09337699807668887, '2025-03': -0.08361834291103498}","{'2024': 0.12036979847554208, '2025': -0.1318777050692026}",972.6180006237422,1314.9584533948002,daily_mark_to_market_equity,L01__TQQQ_SOXL__long_105,b,TQQQ_SOXL,L01,long_105,stress,0,sha256:acd49d7f6e3e633cb9e24e4f31a698d59c7e8a2578e14056df443689e9c014bb,sensitivity_evaluation,W3,False,L01__TQQQ_SOXL__long_105/stress/W3
tqqq_soxl,OK,2025-03-19,2025-09-18,1000.0,1121.6659468038558,121.66594680385585,121.66594680385585,0.0,0.1216659468038559,0.2575426160053653,0.0461284437938621,2025-06-10,2025-06-20,9,0.1496750692664111,1.5965256502100962,1.481783864844556,5.583162899582446,2110.26192436785,5.286339275649992,5.276339275649992,0.01,3.0119534595059996,114.76501572769985,3.88897761665,2,1,1,1.0,,,29.0,29.0,45,30,0.0451854553435231,-0.0375153545263517,0.160731710725037,0.839268289274963,0.482195132175111,0.1556038362111049,-0.0325817470204143,"{'2025-03': 0.0, '2025-04': 0.0, '2025-05': 0.0, '2025-06': 0.15560383621110496, '2025-07': -0.03258174702041439, '2025-08': 0.0004066041660466535, '2025-09': 0.002914090271545877}",{'2025': 0.12166594680385523},1000.0,1155.6038362111058,daily_mark_to_market_equity,L01__TQQQ_SOXL__long_105,b,TQQQ_SOXL,L01,long_105,stress,0,sha256:acd49d7f6e3e633cb9e24e4f31a698d59c7e8a2578e14056df443689e9c014bb,sensitivity_evaluation,W4,False,L01__TQQQ_SOXL__long_105/stress/W4
tqqq_soxl,OK,2025-09-19,2026-03-18,1000.0,1380.2097956802002,380.20979568020016,380.20979568020016,0.0,0.3802097956802002,0.922967494155861,0.3738213431865664,2025-10-29,2025-11-20,29,1.0293005383257277,1.1572993472317457,1.569140321618168,2.4690069493844473,992.4749758598,2.4749999398000093,2.4749999398000093,0.0,0.0,0.0,380.2097956802001,1,0,0,,,,,,64,50,0.1587416121057276,-0.1887806626661667,0.9216998034579011,0.0783001965420988,2.765099410373703,0.4668510221422157,-0.1387432386358162,"{'2025-09': 0.0, '2025-10': 0.2216471712002004, '2025-11': -0.1356182193564378, '2025-12': 0.018529152812529537, '2026-01': 0.46685102214221574, '2026-02': 0.015784522249783217, '2026-03': -0.13874323863581628}","{'2025': 0.07553577845020043, '2026': 0.2832765058443909}",790.4279825102,1833.5362733602,daily_mark_to_market_equity,L01__TQQQ_SOXL__long_105,b,TQQQ_SOXL,L01,long_105,stress,0,sha256:acd49d7f6e3e633cb9e24e4f31a698d59c7e8a2578e14056df443689e9c014bb,sensitivity_evaluation,W5,False,L01__TQQQ_SOXL__long_105/stress/W5
tqqq_soxl,OK,2026-03-19,2026-09-18,1000.0,2247.9917735108,1247.9917735108002,1247.991773510801,9.094947017729282e-13,1.2479917735108002,4.036718205150222,0.6933446055299529,2026-06-22,2026-07-29,62,1.5148601138413735,1.829398831432015,2.580933436238297,5.822095063485474,3232.9516936717,8.100229809199776,8.090229809199776,0.01,0.0,1247.9917735108002,0.0,1,1,1,1.0,,,153.0,153.0,65,40,0.2461552339422799,-0.3047328195663533,0.8246730890227703,0.1753269109772297,2.4740192670683108,1.7367954468595517,-0.5691228210346422,"{'2026-03': 0.0, '2026-04': 1.7367954468595515, '2026-05': 0.7646267193557603, '2026-06': 0.18857083231939953, '2026-07': -0.5691228210346422, '2026-08': -0.016772384192405343, '2026-09': -0.07558518085299593}",{'2026': 1.2479917735108015},1000.0,6472.18609122955,daily_mark_to_market_equity,L01__TQQQ_SOXL__long_105,b,TQQQ_SOXL,L01,long_105,stress,0,sha256:acd49d7f6e3e633cb9e24e4f31a698d59c7e8a2578e14056df443689e9c014bb,sensitivity_evaluation,W6,False,L01__TQQQ_SOXL__long_105/stress/W6
tqqq_soxl,OK,2023-09-19,2024-03-18,1000.0,1895.28673392262,895.28673392262,895.28673392262,0.0,0.89528673392262,2.633588323042424,0.2299111983971524,2024-03-07,2024-03-18,7,0.6670336012632702,2.2627214644599096,3.0889706719503036,11.454806644490276,990.98997873876,0.9899999787599578,0.9899999787599578,0.0,2.7973255213800003,0.0,892.4894084012401,1,0,0,,,,,,37,35,0.1450283336688291,-0.1145958007660298,0.5716731281909353,0.4283268718090647,1.715019384572806,0.4020577641826206,-0.0069594783562397,"{'2023-09': 0.0, '2023-10': 0.0, '2023-11': 0.0, '2023-12': 0.4020577641826206, '2024-01': 0.022105254499316995, '2024-02': 0.33182273586457245, '2024-03': -0.006959478356239779}","{'2023': 0.4020577641826206, '2024': 0.3517893358891291}",959.60481303124,2461.12750890262,daily_mark_to_market_equity,L01__TQQQ_SOXL__long_147,b,TQQQ_SOXL,L01,long_147,base,0,sha256:acd49d7f6e3e633cb9e24e4f31a698d59c7e8a2578e14056df443689e9c014bb,sensitivity_evaluation,W1,False,L01__TQQQ_SOXL__long_147/base/W1
tqqq_soxl,OK,2024-03-19,2024-09-18,1000.0,672.9238702417701,-327.07612975822985,-327.07612975822985,0.0,-0.3270761297582298,-0.5464377241933758,0.5512547969605779,2024-07-10,2024-08-07,49,0.8839319768545169,-0.4324521551949141,-0.4559850620273538,-0.9912616220416371,1662.7124322203697,1.6723703498899205,1.6623703498899205,0.01,3.22857080166,-331.5161331786899,1.2114326188000033,2,1,1,,,,122.0,122.0,66,50,0.1891206215074641,-0.2088682972459232,0.6678240655740714,0.3321759344259286,2.003472196722214,0.2697093869023597,-0.3064418528525732,"{'2024-03': 0.0, '2024-04': -0.1662420181489297, '2024-05': 0.2697093869023597, '2024-06': 0.141193012701609, '2024-07': -0.19615009628480373, '2024-08': -0.3064418528525732, '2024-09': -0.0009099048316909553}",{'2024': -0.32707612975822986},670.3761180017701,1493.8903267627304,daily_mark_to_market_equity,L01__TQQQ_SOXL__long_147,b,TQQQ_SOXL,L01,long_147,base,0,sha256:acd49d7f6e3e633cb9e24e4f31a698d59c7e8a2578e14056df443689e9c014bb,sensitivity_evaluation,W2,False,L01__TQQQ_SOXL__long_147/base/W2
tqqq_soxl,OK,2024-09-19,2025-03-18,1000.0,975.548478993942,-24.45152100605787,-24.45152100605787,0.0,-0.0244515210060578,-0.0489920723736284,0.2589514752643714,2024-12-16,2025-03-04,61,0.4557840634635708,0.1180395120403546,0.1276920404616811,-0.189194026887126,1953.67859447736,1.963652246799928,1.953652246799928,0.01,3.859808600742,-28.311329606799863,0.0,1,1,1,,,,120.0,120.0,42,39,0.0804534770162677,-0.1073552964507418,0.6441222793073381,0.3558777206926619,1.9323668379220136,0.1286461785379198,-0.0932587002915679,"{'2024-09': 0.0, '2024-10': 0.0, '2024-11': 0.12864617853791982, '2024-12': -0.006017280037271422, '2025-01': 0.044847917975588514, '2025-02': -0.09325870029156791, '2025-03': -0.08214151410295878}","{'2024': 0.12185479841866154, '2025': -0.13041466652453515}",975.548478993942,1316.4434533379203,daily_mark_to_market_equity,L01__TQQQ_SOXL__long_147,b,TQQQ_SOXL,L01,long_147,base,0,sha256:acd49d7f6e3e633cb9e24e4f31a698d59c7e8a2578e14056df443689e9c014bb,sensitivity_evaluation,W3,False,L01__TQQQ_SOXL__long_147/base/W3
tqqq_soxl,OK,2025-03-19,2025-09-18,1000.0,1125.3887240870558,125.38872408705583,125.38872408705583,0.0,0.1253887240870559,0.2658867740712272,0.0460636510838674,2025-06-10,2025-06-20,9,0.1496901190721694,1.6403393011193637,1.527872950109878,5.772160213421442,2111.92694734533,2.1220349624499946,2.112034962449995,0.01,3.0119534595059996,117.91505321107984,4.461717416470002,2,1,1,1.0,,,29.0,29.0,45,30,0.0451209090548438,-0.0374624597238427,0.1611359462620316,0.8388640537379684,0.4834078387860949,0.1570888361441458,-0.0310637670283528,"{'2025-03': 0.0, '2025-04': 0.0, '2025-05': 0.0, '2025-06': 0.15708883614414582, '2025-07': -0.031063767028352895, '2025-08': 0.00046327909582921656, '2025-09': 0.0033200855796988726}",{'2025': 0.1253887240870557},1000.0,1157.088836144146,daily_mark_to_market_equity,L01__TQQQ_SOXL__long_147,b,TQQQ_SOXL,L01,long_147,base,0,sha256:acd49d7f6e3e633cb9e24e4f31a698d59c7e8a2578e14056df443689e9c014bb,sensitivity_evaluation,W4,False,L01__TQQQ_SOXL__long_147/base/W4
tqqq_soxl,OK,2025-09-19,2026-03-18,1000.0,1381.6947956440804,381.6947956440804,381.6947956440804,0.0,0.3816947956440804,0.9271680946999654,0.3733820890314826,2025-10-29,2025-11-20,29,1.027995645702792,1.1595768557792026,1.5721165664487575,2.483161677907343,990.98997589592,0.9899999759198956,0.9899999759198956,0.0,0.0,0.0,381.69479564408016,1,0,0,,,,,,64,50,0.1585685511387371,-0.1885216545275312,0.9205797567419262,0.0794202432580738,2.7617392702257786,0.4662073263427346,-0.1386147917560154,"{'2025-09': 0.0, '2025-10': 0.22313217116408013, '2025-11': -0.13545356580909929, '2025-12': 0.018503132033601544, '2026-01': 0.46620732634273465, '2026-02': 0.015769678677987065, '2026-03': -0.13861479175601543}","{'2025': 0.07702077841407973, '2026': 0.2828859232211227}",791.9129824740801,1835.02127332408,daily_mark_to_market_equity,L01__TQQQ_SOXL__long_147,b,TQQQ_SOXL,L01,long_147,base,0,sha256:acd49d7f6e3e633cb9e24e4f31a698d59c7e8a2578e14056df443689e9c014bb,sensitivity_evaluation,W5,False,L01__TQQQ_SOXL__long_147/base/W5
tqqq_soxl,OK,2026-03-19,2026-09-18,1000.0,2252.84591139632,1252.84591139632,1252.84591139632,0.0,1.25284591139632,4.058448764052138,0.69318555872586,2026-06-22,2026-07-29,62,1.5144100714569015,1.8323241604451144,2.58341810629582,5.8547797382160525,3234.83583167668,3.246091923679972,3.236091923679972,0.01,0.0,1252.84591139632,0.0,1,1,1,1.0,,,153.0,153.0,65,40,0.2459711952735723,-0.3046528026350452,0.8242604302162072,0.1757395697837928,2.4727812906486215,1.7382804467998194,-0.5689756237363679,"{'2026-03': 0.0, '2026-04': 1.7382804467998194, '2026-05': 0.764212053782005, '2026-06': 0.18851286646469934, '2026-07': -0.5689756237363679, '2026-08': -0.016762319817454907, '2026-09': -0.07415444741293897}",{'2026': 1.2528459113963204},1000.0,6473.671091169819,daily_mark_to_market_equity,L01__TQQQ_SOXL__long_147,b,TQQQ_SOXL,L01,long_147,base,0,sha256:acd49d7f6e3e633cb9e24e4f31a698d59c7e8a2578e14056df443689e9c014bb,sensitivity_evaluation,W6,False,L01__TQQQ_SOXL__long_147/base/W6
tqqq_soxl,OK,2023-09-19,2024-03-18,1000.0,1893.80173395448,893.8017339544799,893.8017339544799,0.0,0.8938017339544799,2.627845496961807,0.2300500064235445,2024-03-07,2024-03-18,7,0.6677247338926939,2.2586644880079643,3.0883116418919747,11.422931639148432,992.4749787069,2.474999946899895,2.474999946899895,0.0,2.7973255213800003,0.0,891.0044084331001,1,0,0,,,,,,37,35,0.1451620656049657,-0.1146649875522674,0.572245041729445,0.427754958270555,1.7167351251883354,0.4005727642144798,-0.0069648975318351,"{'2023-09': 0.0, '2023-10': 0.0, '2023-11': 0.0, '2023-12': 0.40057276421447985, '2024-01': 0.022128692269253625, '2024-02': 0.33216694415615455, '2024-03': -0.006964897531835157}","{'2023': 0.40057276421447985, '2024': 0.3521623312564055}",958.1198130631,2459.64250893448,daily_mark_to_market_equity,L01__TQQQ_SOXL__long_147,b,TQQQ_SOXL,L01,long_147,stress,0,sha256:acd49d7f6e3e633cb9e24e4f31a698d59c7e8a2578e14056df443689e9c014bb,sensitivity_evaluation,W1,False,L01__TQQQ_SOXL__long_147/stress/W1
tqqq_soxl,OK,2024-03-19,2024-09-18,1000.0,670.2839779194352,-329.7160220805648,-329.7160220805648,0.0,-0.3297160220805648,-0.5499821600716914,0.552367775765165,2024-07-10,2024-08-07,49,0.8856092281216408,-0.4386389744132744,-0.463701414821165,-0.9956811099449656,1661.7222057134247,4.162176872224881,4.1521768722248815,0.01,3.22857080166,-333.99134919172485,1.0467563095000014,2,1,1,,,,122.0,122.0,65,51,0.1894651326391203,-0.2091881758433631,0.6681884014995746,0.3318115985004254,2.004565204498723,0.2701906213625058,-0.3081797291505329,"{'2024-03': 0.0, '2024-04': -0.1677270181473246, '2024-05': 0.2701906213625058, '2024-06': 0.14139135025889904, '2024-07': -0.19639150097504687, '2024-08': -0.30817972915053293, '2024-09': -0.0008015330290361833}",{'2024': -0.3297160220805644},668.0487158794351,1492.405326764335,daily_mark_to_market_equity,L01__TQQQ_SOXL__long_147,b,TQQQ_SOXL,L01,long_147,stress,0,sha256:acd49d7f6e3e633cb9e24e4f31a698d59c7e8a2578e14056df443689e9c014bb,sensitivity_evaluation,W2,False,L01__TQQQ_SOXL__long_147/stress/W2
tqqq_soxl,OK,2024-09-19,2025-03-18,1000.0,972.6180006237422,-27.381999376257795,-27.381999376257795,0.0,-0.0273819993762578,-0.0547799548071196,0.2603431704532146,2024-12-16,2025-03-04,61,0.4565518582351068,0.1051136957237971,0.1139363296216784,-0.2104144107631351,1953.7181159934005,4.89413061699982,4.88413061699982,0.01,3.859808600742,-31.24180797699976,0.0,1,1,1,,,,120.0,120.0,42,39,0.0805694977793349,-0.1074781711908989,0.6449472432188686,0.3550527567811313,1.9348417296566065,0.1271611785948001,-0.0933769980766888,"{'2024-09': 0.0, '2024-10': 0.0, '2024-11': 0.12716117859480014, '2024-12': -0.006025207617356698, '2025-01': 0.04490736188038924, '2025-02': -0.09337699807668887, '2025-03': -0.08361834291103498}","{'2024': 0.12036979847554208, '2025': -0.1318777050692026}",972.6180006237422,1314.9584533948002,daily_mark_to_market_equity,L01__TQQQ_SOXL__long_147,b,TQQQ_SOXL,L01,long_147,stress,0,sha256:acd49d7f6e3e633cb9e24e4f31a698d59c7e8a2578e14056df443689e9c014bb,sensitivity_evaluation,W3,False,L01__TQQQ_SOXL__long_147/stress/W3
tqqq_soxl,OK,2025-03-19,2025-09-18,1000.0,1121.6659468038558,121.66594680385585,121.66594680385585,0.0,0.1216659468038559,0.2575426160053653,0.0461284437938621,2025-06-10,2025-06-20,9,0.1496750692664111,1.5965256502100962,1.481783864844556,5.583162899582446,2110.26192436785,5.286339275649992,5.276339275649992,0.01,3.0119534595059996,114.76501572769985,3.88897761665,2,1,1,1.0,,,29.0,29.0,45,30,0.0451854553435231,-0.0375153545263517,0.160731710725037,0.839268289274963,0.482195132175111,0.1556038362111049,-0.0325817470204143,"{'2025-03': 0.0, '2025-04': 0.0, '2025-05': 0.0, '2025-06': 0.15560383621110496, '2025-07': -0.03258174702041439, '2025-08': 0.0004066041660466535, '2025-09': 0.002914090271545877}",{'2025': 0.12166594680385523},1000.0,1155.6038362111058,daily_mark_to_market_equity,L01__TQQQ_SOXL__long_147,b,TQQQ_SOXL,L01,long_147,stress,0,sha256:acd49d7f6e3e633cb9e24e4f31a698d59c7e8a2578e14056df443689e9c014bb,sensitivity_evaluation,W4,False,L01__TQQQ_SOXL__long_147/stress/W4
tqqq_soxl,OK,2025-09-19,2026-03-18,1000.0,1380.2097956802002,380.20979568020016,380.20979568020016,0.0,0.3802097956802002,0.922967494155861,0.3738213431865664,2025-10-29,2025-11-20,29,1.0293005383257277,1.1572993472317457,1.569140321618168,2.4690069493844473,992.4749758598,2.4749999398000093,2.4749999398000093,0.0,0.0,0.0,380.2097956802001,1,0,0,,,,,,64,50,0.1587416121057276,-0.1887806626661667,0.9216998034579011,0.0783001965420988,2.765099410373703,0.4668510221422157,-0.1387432386358162,"{'2025-09': 0.0, '2025-10': 0.2216471712002004, '2025-11': -0.1356182193564378, '2025-12': 0.018529152812529537, '2026-01': 0.46685102214221574, '2026-02': 0.015784522249783217, '2026-03': -0.13874323863581628}","{'2025': 0.07553577845020043, '2026': 0.2832765058443909}",790.4279825102,1833.5362733602,daily_mark_to_market_equity,L01__TQQQ_SOXL__long_147,b,TQQQ_SOXL,L01,long_147,stress,0,sha256:acd49d7f6e3e633cb9e24e4f31a698d59c7e8a2578e14056df443689e9c014bb,sensitivity_evaluation,W5,False,L01__TQQQ_SOXL__long_147/stress/W5
tqqq_soxl,OK,2026-03-19,2026-09-18,1000.0,2247.9917735108,1247.9917735108002,1247.991773510801,9.094947017729282e-13,1.2479917735108002,4.036718205150222,0.6933446055299529,2026-06-22,2026-07-29,62,1.5148601138413735,1.829398831432015,2.580933436238297,5.822095063485474,3232.9516936717,8.100229809199776,8.090229809199776,0.01,0.0,1247.9917735108002,0.0,1,1,1,1.0,,,153.0,153.0,65,40,0.2461552339422799,-0.3047328195663533,0.8246730890227703,0.1753269109772297,2.4740192670683108,1.7367954468595517,-0.5691228210346422,"{'2026-03': 0.0, '2026-04': 1.7367954468595515, '2026-05': 0.7646267193557603, '2026-06': 0.18857083231939953, '2026-07': -0.5691228210346422, '2026-08': -0.016772384192405343, '2026-09': -0.07558518085299593}",{'2026': 1.2479917735108015},1000.0,6472.18609122955,daily_mark_to_market_equity,L01__TQQQ_SOXL__long_147,b,TQQQ_SOXL,L01,long_147,stress,0,sha256:acd49d7f6e3e633cb9e24e4f31a698d59c7e8a2578e14056df443689e9c014bb,sensitivity_evaluation,W6,False,L01__TQQQ_SOXL__long_147/stress/W6
tqqq_soxl,OK,2023-09-19,2024-03-18,1000.0,1215.0322585950855,215.03225859508552,215.03225859508552,0.0,0.2150322585950854,0.4814754488613217,0.0865128973291032,2024-03-07,2024-03-18,7,0.2719268359527194,1.5793174789849045,2.2940618093752727,5.565360353494386,5068.37556408864,5.188229739059737,5.068229739059737,0.1199999999999999,3.037743854145,80.37182585590426,131.6226888850362,11,12,12,1.0,0.4081263410442742,2.040631705221371,38.083333333333336,21.5,54,42,0.0599098213609343,-0.0450178847942362,0.3361016512131436,0.6638983487868564,1.0083049536394308,0.1229632899354924,-0.0574766819498949,"{'2023-09': -0.05747668194989497, '2023-10': 0.0009391551721726898, '2023-11': 0.0005385091270786457, '2023-12': 0.1170215075596579, '2024-01': 0.019435319814581575, '2024-02': 0.12296328993549244, '2024-03': 0.006624385683771328}","{'2023': 0.05437506287527594, '2024': 0.15237196077238346}",923.8910011701053,1330.1033534491255,daily_mark_to_market_equity,L02__TQQQ_SOXL__vol_target_30,b,TQQQ_SOXL,L02,vol_target_30,base,0,sha256:acd49d7f6e3e633cb9e24e4f31a698d59c7e8a2578e14056df443689e9c014bb,sensitivity_evaluation,W1,False,L02__TQQQ_SOXL__vol_target_30/base/W1
tqqq_soxl,OK,2024-03-19,2024-09-18,1000.0,898.7265429175399,-101.27345708246014,-101.27345708246014,0.0,-0.1012734570824601,-0.1919370632204103,0.282796911343625,2024-07-10,2024-09-06,49,0.3346036682997264,-0.4648474762483297,-0.5469827289971365,-0.6787098993000975,1871.99138085766,1.981891052639939,1.8718910526399388,0.11,1.03655487018,-102.31000453535805,-7.417281939612412e-06,14,11,11,1.0,0.1364639188328817,0.3639037835543513,58.45454545454545,49.0,72,53,0.0549608852228551,-0.07860477729901,0.3264526196017786,0.6735473803982214,0.979357858805336,0.0838072888778458,-0.0979798562755465,"{'2024-03': 0.04625055915941001, '2024-04': -0.05761460550414421, '2024-05': 0.08380728887784583, '2024-06': 0.05813393134011413, '2024-07': -0.062051005735602294, '2024-08': -0.0979798562755465, '2024-09': -0.060546796510781875}",{'2024': -0.10127345708246094},880.5594778882598,1227.7686638772298,daily_mark_to_market_equity,L02__TQQQ_SOXL__vol_target_30,b,TQQQ_SOXL,L02,vol_target_30,base,0,sha256:acd49d7f6e3e633cb9e24e4f31a698d59c7e8a2578e14056df443689e9c014bb,sensitivity_evaluation,W2,False,L02__TQQQ_SOXL__vol_target_30/base/W2
tqqq_soxl,OK,2024-09-19,2025-03-18,1000.0,962.7326295145948,-37.26737048540508,-37.26737048540508,0.0,-0.037267370485405,-0.0741720260708304,0.1543630541618507,2024-12-16,2025-03-13,61,0.2787674165654084,-0.1395385024562757,-0.1651218992237936,-0.480503747956817,2211.31004065519,2.28127145396984,2.21127145396984,0.0699999999999999,3.600526248564999,-40.8678799063093,-1.6827660536464355e-05,11,7,7,1.0,0.1313031468898324,0.3282578672245811,68.14285714285714,70.0,63,53,0.0451804307180954,-0.072042726742265,0.4569577372045763,0.5430422627954237,1.3708732116137288,0.0833548253929046,-0.0560302670683688,"{'2024-09': 0.008031489234243905, '2024-10': -0.05603026706836889, '2024-11': 0.08335482539290462, '2024-12': -1.1895717495935543e-05, '2025-01': 0.02921975923116249, '2025-02': -0.051475765132160345, '2025-03': -0.043353646847872795}","{'2024': 0.030855338204705207, '2025': -0.06608367456169906}",951.551215679124,1138.4703945738638,daily_mark_to_market_equity,L02__TQQQ_SOXL__vol_target_30,b,TQQQ_SOXL,L02,vol_target_30,base,0,sha256:acd49d7f6e3e633cb9e24e4f31a698d59c7e8a2578e14056df443689e9c014bb,sensitivity_evaluation,W3,False,L02__TQQQ_SOXL__vol_target_30/base/W3
tqqq_soxl,OK,2025-03-19,2025-09-18,1000.0,1178.675666823015,178.67566682301504,178.67566682301504,0.0,0.1786756668230149,0.3883406378480611,0.0714367164321703,2025-08-14,2025-09-03,20,0.1708558603012491,1.9948343645420767,2.0919138004697735,5.436149045523298,1055.7143284042747,1.1052887021048854,1.0552887021048851,0.05,0.53701140012,16.457858967263824,161.6807964556312,10,5,5,1.0,,,25.0,14.0,47,31,0.0508156775673309,-0.0389089367287005,0.2021201107617574,0.7978798892382425,0.6063603322852724,0.1318312129912155,-0.0192379112737153,"{'2025-03': 0.0, '2025-04': 0.0, '2025-05': -0.004999999380879916, '2025-06': 0.05017623131359272, '2025-07': -0.019237911273715325, '2025-08': 0.016163791389709026, '2025-09': 0.13183121299121559}",{'2025': 0.17867566682301406},995.00000061912,1178.675666823015,daily_mark_to_market_equity,L02__TQQQ_SOXL__vol_target_30,b,TQQQ_SOXL,L02,vol_target_30,base,0,sha256:acd49d7f6e3e633cb9e24e4f31a698d59c7e8a2578e14056df443689e9c014bb,sensitivity_evaluation,W4,False,L02__TQQQ_SOXL__vol_target_30/base/W4
tqqq_soxl,OK,2025-09-19,2026-03-18,1000.0,1187.15021854081,187.1502185408101,187.1502185408101,0.0,0.18715021854081,0.4163951657998026,0.1378832136299805,2025-10-29,2025-11-20,46,0.3517813736560003,1.1676976387204865,1.5111309254359615,3.019911959096259,1211.95772719485,1.3618122291898795,1.2118122291898794,0.15,0.0,105.81229500399635,81.3379235368138,8,15,15,1.0,15.726475605553174,220.17065847774444,79.86666666666666,77.0,67,53,0.0602895008302859,-0.089418829309991,0.3216783889303748,0.6783216110696252,0.9650351667911246,0.1469768050876709,-0.0459793016066262,"{'2025-09': 0.0017479983500199303, '2025-10': 0.14697680508767097, '2025-11': -0.04597930160662622, '2025-12': 0.010200271372603487, '2026-01': 0.11500235497442768, '2026-02': 0.0042435556693658505, '2026-03': -0.042558072470711195}","{'2025': 0.10733339301887579, '2026': 0.07208021181799129}",987.4427672575,1292.72620838504,daily_mark_to_market_equity,L02__TQQQ_SOXL__vol_target_30,b,TQQQ_SOXL,L02,vol_target_30,base,0,sha256:acd49d7f6e3e633cb9e24e4f31a698d59c7e8a2578e14056df443689e9c014bb,sensitivity_evaluation,W5,False,L02__TQQQ_SOXL__vol_target_30/base/W5
tqqq_soxl,OK,2026-03-19,2026-09-18,1000.0,1417.367103306287,417.36710330628694,417.36710330628694,0.0,0.4173671033062869,1.0060597677750605,0.163421768330619,2026-06-22,2026-07-29,62,0.336011231662974,2.229654486532425,3.0889497208149104,6.156216384464143,2790.081389108007,2.9305016867128377,2.7905016867128376,0.14,0.0,417.3671033062873,0.0,10,14,14,1.0,1.4935824283068635,19.416571567989227,65.5,56.5,68,43,0.0540786516177658,-0.074260729557212,0.1960198465008882,0.8039801534991118,0.5880595395026649,0.3265849585846414,-0.1147666853845542,"{'2026-03': -0.019874807663499916, '2026-04': 0.3265849585846414, '2026-05': 0.19815411440765685, '2026-06': 0.03759576563708622, '2026-07': -0.11476668538455426, '2026-08': 0.006366567927967415, '2026-09': -0.01573758122375568}",{'2026': 0.4173671033062867},937.37507505778,1655.0054469678948,daily_mark_to_market_equity,L02__TQQQ_SOXL__vol_target_30,b,TQQQ_SOXL,L02,vol_target_30,base,0,sha256:acd49d7f6e3e633cb9e24e4f31a698d59c7e8a2578e14056df443689e9c014bb,sensitivity_evaluation,W6,False,L02__TQQQ_SOXL__vol_target_30/base/W6
tqqq_soxl,OK,2023-09-19,2024-03-18,1000.0,1205.458843977705,205.45884397770533,205.45884397770533,0.0,0.2054588439777054,0.4580147959917517,0.0865632627128151,2024-03-07,2024-03-18,7,0.2722612541970248,1.519048241477091,2.211228140579292,5.291099037143221,5050.34986106875,12.744968442399792,12.624968442399792,0.1199999999999999,3.031439880105,72.16917239314512,130.25823170445517,11,12,12,1.0,0.3800200767866301,1.9001003839331505,38.083333333333336,21.5,54,42,0.0599111827735594,-0.0450207098672624,0.3362079834869182,0.6637920165130817,1.008623950460755,0.1227555737151924,-0.0584497326943598,"{'2023-09': -0.058449732694359824, '2023-10': 2.0633295878536018e-06, '2023-11': -0.0032150513031451444, '2023-12': 0.11519866428370462, '2024-01': 0.019177601991149595, '2024-02': 0.12275557371519241, '2024-03': 0.0065125115066062556}","{'2023': 0.04664190599340534, '2024': 0.15173951766584426}",921.4659099699904,1319.6960388935054,daily_mark_to_market_equity,L02__TQQQ_SOXL__vol_target_30,b,TQQQ_SOXL,L02,vol_target_30,stress,0,sha256:acd49d7f6e3e633cb9e24e4f31a698d59c7e8a2578e14056df443689e9c014bb,sensitivity_evaluation,W1,False,L02__TQQQ_SOXL__vol_target_30/stress/W1
tqqq_soxl,OK,2024-03-19,2024-09-18,1000.0,896.1482846099298,-103.85171539007024,-103.85171539007024,0.0,-0.1038517153900702,-0.1965572798297724,0.2836615896435694,2024-07-10,2024-09-06,49,0.334580054423839,-0.4819242878056944,-0.5668396940753991,-0.6929287820629978,1870.38979885615,4.785348858549904,4.675348858549904,0.11,1.0357111684799998,-104.88741898849312,-7.570056888332175e-06,14,11,11,1.0,0.1333019853175412,0.3554719608467767,58.45454545454545,49.0,72,53,0.0549625660981496,-0.0786062167530409,0.3264838732870105,0.6735161267129894,0.979451619861032,0.0837333085839997,-0.0989823175885553,"{'2024-03': 0.04572285375642471, '2024-04': -0.05780429503858264, '2024-05': 0.08373330858399974, '2024-06': 0.057987584673647063, '2024-07': -0.06220679612351909, '2024-08': -0.09898231758855536, '2024-09': -0.061187701853763876}",{'2024': -0.1038517153900701},878.6166931457798,1226.5385751248548,daily_mark_to_market_equity,L02__TQQQ_SOXL__vol_target_30,b,TQQQ_SOXL,L02,vol_target_30,stress,0,sha256:acd49d7f6e3e633cb9e24e4f31a698d59c7e8a2578e14056df443689e9c014bb,sensitivity_evaluation,W2,False,L02__TQQQ_SOXL__vol_target_30/stress/W2
tqqq_soxl,OK,2024-09-19,2025-03-18,1000.0,959.52408828925,-40.47591171074987,-40.47591171074987,0.0,-0.0404759117107498,-0.0804223788687346,0.1552334849218992,2024-12-16,2025-03-04,61,0.278841490288654,-0.1639478846805842,-0.1941637133358683,-0.5180736547220888,2208.3253023192,5.590572750149802,5.520572750149801,0.0699999999999999,3.5955647194000004,-44.07147643014965,0.0,11,7,7,1.0,0.122265605842749,0.3056640146068726,68.14285714285714,70.0,58,48,0.0451835386392305,-0.0720500525472774,0.4570132547687778,0.5429867452312221,1.3710397643063337,0.0831800598364391,-0.0573735248860349,"{'2024-09': 0.007404193229523903, '2024-10': -0.05737352488603498, '2024-11': 0.08318005983643917, '2024-12': -0.00022614905384299444, '2025-01': 0.029098356882687026, '2025-02': -0.05151986054123203, '2025-03': -0.044072538865358446}","{'2024': 0.028361520650125094, '2025': -0.06693894217021701}",949.6058636789742,1135.845314844824,daily_mark_to_market_equity,L02__TQQQ_SOXL__vol_target_30,b,TQQQ_SOXL,L02,vol_target_30,stress,0,sha256:acd49d7f6e3e633cb9e24e4f31a698d59c7e8a2578e14056df443689e9c014bb,sensitivity_evaluation,W3,False,L02__TQQQ_SOXL__vol_target_30/stress/W3
tqqq_soxl,OK,2025-03-19,2025-09-18,1000.0,1176.8687379824523,176.86873798245233,176.86873798245233,0.0,0.1768687379824522,0.38409590610001,0.07152312025373,2025-08-14,2025-09-03,20,0.170817649927733,1.9773999969171705,2.073614148754756,5.370234194725006,1055.8699430790623,2.6870189567374383,2.6370189567374385,0.05,0.5364670041899999,15.542401711406832,160.78986926685545,10,5,5,1.0,,,25.0,14.0,47,31,0.0508174879673219,-0.0389092344301458,0.2021396328961743,0.7978603671038257,0.6064188986885232,0.1317927292491101,-0.0195276890054597,"{'2025-03': 0.0, '2025-04': 0.0, '2025-05': -0.005379107132200134, '2025-06': 0.049491127317071504, '2025-07': -0.01952768900545976, '2025-08': 0.015990025700939325, '2025-09': 0.13179272924911012}",{'2025': 0.17686873798245295},994.6208928678,1176.8687379824523,daily_mark_to_market_equity,L02__TQQQ_SOXL__vol_target_30,b,TQQQ_SOXL,L02,vol_target_30,stress,0,sha256:acd49d7f6e3e633cb9e24e4f31a698d59c7e8a2578e14056df443689e9c014bb,sensitivity_evaluation,W4,False,L02__TQQQ_SOXL__vol_target_30/stress/W4
tqqq_soxl,OK,2025-09-19,2026-03-18,1000.0,1185.1296804339247,185.1296804339247,185.1296804339247,0.0,0.1851296804339246,0.411507708254015,0.1379840189309085,2025-10-29,2025-11-20,46,0.3518999971047962,1.157572049200423,1.4987992813202808,2.9822852779789346,1211.1648449163,3.1770049060748824,3.0270049060748825,0.15,0.0,104.29364234958386,80.83603808434111,8,15,15,1.0,13.935058224449476,195.09081514229263,79.86666666666666,77.0,67,53,0.0602977970394675,-0.0894300334959219,0.3217067278244334,0.6782932721755666,0.9651201834733004,0.1465846837289923,-0.0461122248680514,"{'2025-09': 0.0009842540678501877, '2025-10': 0.14658468372899236, '2025-11': -0.046112224868051443, '2025-12': 0.010020435444845655, '2026-01': 0.11489230911013038, '2026-02': 0.004197942654033282, '2026-03': -0.042689544666051016}","{'2025': 0.105759873101124, '2026': 0.07177852015031583}",986.70398126875,1290.7044512490122,daily_mark_to_market_equity,L02__TQQQ_SOXL__vol_target_30,b,TQQQ_SOXL,L02,vol_target_30,stress,0,sha256:acd49d7f6e3e633cb9e24e4f31a698d59c7e8a2578e14056df443689e9c014bb,sensitivity_evaluation,W5,False,L02__TQQQ_SOXL__vol_target_30/stress/W5
tqqq_soxl,OK,2026-03-19,2026-09-18,1000.0,1412.983345939625,412.983345939625,412.983345939625,0.0,0.412983345939625,0.9936952328672504,0.1636465569064811,2026-06-22,2026-07-29,62,0.3360305727093918,2.2112038790927393,3.0398842443273626,6.072203727666058,2785.8393620344004,7.107223970374849,6.9672239703748495,0.14,0.0,412.9833358385801,1.0101045006173573e-05,10,14,14,1.0,1.3741764061678838,17.864293280182487,65.5,56.5,78,45,0.0540806174233308,-0.0742616805541928,0.1960435608007161,0.803956439199284,0.5881306824021484,0.3262056566577969,-0.1149568298055612,"{'2026-03': -0.020344540644749998, '2026-04': 0.3262056566577969, '2026-05': 0.1976961770964365, '2026-06': 0.03744675836095657, '2026-07': -0.11495682980556121, '2026-08': 0.006093182664613783, '2026-09': -0.01703588921397703}",{'2026': 0.4129833459396264},936.93379398445,1652.9554287972746,daily_mark_to_market_equity,L02__TQQQ_SOXL__vol_target_30,b,TQQQ_SOXL,L02,vol_target_30,stress,0,sha256:acd49d7f6e3e633cb9e24e4f31a698d59c7e8a2578e14056df443689e9c014bb,sensitivity_evaluation,W6,False,L02__TQQQ_SOXL__vol_target_30/stress/W6
tqqq_soxl,OK,2023-09-19,2024-03-18,1000.0,1265.119369085873,265.1193690858727,265.1193690858727,0.0,0.2651193690858726,0.6072996966103044,0.1395872098961587,2024-03-07,2024-03-18,7,0.438623004053102,1.2976406300551544,1.8242643372606953,4.35068296774529,6971.881934016569,7.0915073197895975,6.971507319789597,0.1199999999999999,4.856923925662,83.2401806024775,177.02226455773334,11,12,12,1.0,0.6063628466512104,1.8190885399536312,42.166666666666664,35.0,53,43,0.1001443124348382,-0.0731138148223898,0.5069875981137704,0.4930124018862296,1.5209627943413109,0.2113376374858375,-0.0927139618331549,"{'2023-09': -0.09271396183315495, '2023-10': 0.0014921351744432432, '2023-11': 0.02943530235712921, '2023-12': 0.0781697527026326, '2024-01': 0.026304056066252857, '2024-02': 0.21133763748583756, '2024-03': 0.009049045926702304}","{'2023': 0.008504805782582503, '2024': 0.2544505111248947}",878.8998426568452,1470.363276367833,daily_mark_to_market_equity,L02__TQQQ_SOXL__vol_target_50,b,TQQQ_SOXL,L02,vol_target_50,base,0,sha256:acd49d7f6e3e633cb9e24e4f31a698d59c7e8a2578e14056df443689e9c014bb,sensitivity_evaluation,W1,False,L02__TQQQ_SOXL__vol_target_50/base/W1
tqqq_soxl,OK,2024-03-19,2024-09-18,1000.0,804.87994043964,-195.12005956036,-195.12005956036,0.0,-0.19512005956036,-0.3515917146129499,0.439532547480938,2024-07-10,2024-09-06,49,0.5618695316604386,-0.4810457586417642,-0.5651588798539604,-0.7999219093739537,2687.3846858170596,2.777190434919919,2.687190434919919,0.0899999999999999,1.90799679456,-197.0280447898778,-1.1565042086934974e-05,12,9,9,1.0,0.1247970049561587,0.2495940099123174,55.111111111111114,42.0,70,54,0.0937798316732749,-0.130446441774275,0.544150001780311,0.4558499982196889,1.632450005340933,0.1425870584336437,-0.1717239788594141,"{'2024-03': 0.07701221108578982, '2024-04': -0.09959074996602457, '2024-05': 0.14258705843364372, '2024-06': 0.09384046204759078, '2024-07': -0.10910826054949452, '2024-08': -0.17172397885941415, '2024-09': -0.10003167789733458}",{'2024': -0.19512005956036083},777.4173531503201,1387.08742078806,daily_mark_to_market_equity,L02__TQQQ_SOXL__vol_target_50,b,TQQQ_SOXL,L02,vol_target_50,base,0,sha256:acd49d7f6e3e633cb9e24e4f31a698d59c7e8a2578e14056df443689e9c014bb,sensitivity_evaluation,W2,False,L02__TQQQ_SOXL__vol_target_50/base/W2
tqqq_soxl,OK,2024-09-19,2025-03-18,1000.0,915.6908811120712,-84.30911888792866,-84.30911888792866,0.0,-0.0843091188879286,-0.1636614390641031,0.2481649541743458,2024-12-16,2025-03-13,61,0.4548029339634777,-0.1677670500666104,-0.2001186938453612,-0.659486508111554,3502.217696751084,3.5821311300847554,3.5021311300847553,0.0799999999999999,5.839618417156,-90.14872027788157,-1.7027203086892573e-05,11,8,8,1.0,0.0491247594978372,0.1473742784935118,109.5,116.0,66,54,0.0743012378777692,-0.1078891982084854,0.750569369330454,0.2494306306695459,2.251708107991362,0.1363574840456818,-0.0925500009455446,"{'2024-09': 0.013385815846718163, '2024-10': -0.09255000094554466, '2024-11': 0.13635748404568182, '2024-12': -0.004520695022734111, '2025-01': 0.04345186294260217, '2025-02': -0.08811869131913996, '2025-03': -0.07488990853016964}","{'2024': 0.04026680001753169, '2025': -0.11975381594736956}",915.6908789920712,1217.941201432653,daily_mark_to_market_equity,L02__TQQQ_SOXL__vol_target_50,b,TQQQ_SOXL,L02,vol_target_50,base,0,sha256:acd49d7f6e3e633cb9e24e4f31a698d59c7e8a2578e14056df443689e9c014bb,sensitivity_evaluation,W3,False,L02__TQQQ_SOXL__vol_target_50/base/W3
tqqq_soxl,OK,2025-03-19,2025-09-18,1000.0,1307.959065210585,307.9590652105853,307.9590652105853,0.0,0.3079590652105852,0.7088756423454046,0.1153243473226309,2025-08-14,2025-09-03,20,0.2836732150201703,2.019658892235761,2.1436437581912027,6.146799516343732,1794.1049881347046,1.8433329386248012,1.7933329386248011,0.05,0.90697157421,25.370876492033016,281.6812171443421,13,5,5,1.0,,,25.0,14.0,47,31,0.0844547603196965,-0.0640288712382907,0.3356066941128602,0.6643933058871397,1.006820082338581,0.2240362836580793,-0.0322562945320167,"{'2025-03': 0.0, '2025-04': 0.0, '2025-05': -0.008333331831019808, '2025-06': 0.08482639550129156, '2025-07': -0.03225629453201673, '2025-08': 0.0263926790286777, '2025-09': 0.22403628365807937}",{'2025': 0.30795906521058525},991.66666816898,1307.959065210585,daily_mark_to_market_equity,L02__TQQQ_SOXL__vol_target_50,b,TQQQ_SOXL,L02,vol_target_50,base,0,sha256:acd49d7f6e3e633cb9e24e4f31a698d59c7e8a2578e14056df443689e9c014bb,sensitivity_evaluation,W4,False,L02__TQQQ_SOXL__vol_target_50/base/W4
tqqq_soxl,OK,2025-09-19,2026-03-18,1000.0,1302.695540104875,302.6955401048749,302.6955401048749,0.0,0.302695540104875,0.7101548561572448,0.2230688859129297,2025-10-29,2025-11-20,46,0.5907762621980498,1.2077094753247355,1.5725657256638814,3.1835675031543347,1980.653096273935,2.150354960124796,1.9803549601247965,0.17,0.0,161.32401578857883,141.37152431629616,9,17,17,1.0,10.494118246541865,167.90589194466983,89.0,91.0,67,53,0.1070367923938551,-0.1484592166630318,0.5359515194485953,0.4640484805514047,1.6078545583457855,0.2448807311060739,-0.0798304113408407,"{'2025-09': 0.002790692786115212, '2025-10': 0.2448807311060739, '2025-11': -0.07983041134084079, '2025-12': 0.014486296900055207, '2026-01': 0.19636739084350996, '2026-02': 0.006489137081866714, '2026-03': -0.07163840290220391}","{'2025': 0.16533851493728502, '2026': 0.11786877667471707}",979.0712784676,1503.8300980684949,daily_mark_to_market_equity,L02__TQQQ_SOXL__vol_target_50,b,TQQQ_SOXL,L02,vol_target_50,base,0,sha256:acd49d7f6e3e633cb9e24e4f31a698d59c7e8a2578e14056df443689e9c014bb,sensitivity_evaluation,W5,False,L02__TQQQ_SOXL__vol_target_50/base/W5
tqqq_soxl,OK,2026-03-19,2026-09-18,1000.0,1727.9980215756152,727.9980215756152,727.9980215756152,0.0,0.7279980215756152,1.9792911322197784,0.2589789728672417,2026-06-22,2026-07-29,62,0.5552692991993565,2.2353371455533737,3.1183293325186674,7.642671180236731,5330.102780527174,5.47083624938468,5.330836249384681,0.14,0.0,727.9980215756152,0.0,9,14,14,1.0,1.2803356375462718,16.644363288101534,65.5,56.5,68,43,0.0878459216510929,-0.1211665583264821,0.3236129609713523,0.6763870390286477,0.9708388829140566,0.5824435438623219,-0.184618972264788,"{'2026-03': -0.035023366226520025, '2026-04': 0.5824435438623219, '2026-05': 0.3293484760553198, '2026-06': 0.06155379590123866, '2026-07': -0.18461897226478807, '2026-08': 0.009944287644469085, '2026-09': -0.02622336474184994}",{'2026': 0.7279980215756139},895.62512875348,2241.85097102159,daily_mark_to_market_equity,L02__TQQQ_SOXL__vol_target_50,b,TQQQ_SOXL,L02,vol_target_50,base,0,sha256:acd49d7f6e3e633cb9e24e4f31a698d59c7e8a2578e14056df443689e9c014bb,sensitivity_evaluation,W6,False,L02__TQQQ_SOXL__vol_target_50/base/W6
tqqq_soxl,OK,2023-09-19,2024-03-18,1000.0,1251.4099786168504,251.40997861685037,251.40997861685037,0.0,0.2514099786168504,0.5723459828676289,0.1396800014400772,2024-03-07,2024-03-18,7,0.4389952135483649,1.2467745120794351,1.757800879407411,4.097551381492258,6937.985005205425,17.462643464824755,17.342643464824754,0.1199999999999999,4.844543391675,72.13884304021198,174.4265921849633,11,12,12,1.0,0.5630370250721506,1.6891110752164518,42.166666666666664,35.0,53,43,0.1001500837873943,-0.073118243022053,0.5072210443519719,0.4927789556480281,1.521663133055916,0.21093083340132,-0.0941989617867598,"{'2023-09': -0.0941989617867598, '2023-10': 9.066430406434733e-06, '2023-11': 0.02505071338312903, '2023-12': 0.07528842838041738, '2024-01': 0.02595407836807917, '2024-02': 0.21093083340132002, '2024-03': 0.008893392718347659}","{'2023': -0.001594244227924313, '2024': 0.253408217432725}",877.4148427032402,1454.5866430067504,daily_mark_to_market_equity,L02__TQQQ_SOXL__vol_target_50,b,TQQQ_SOXL,L02,vol_target_50,stress,0,sha256:acd49d7f6e3e633cb9e24e4f31a698d59c7e8a2578e14056df443689e9c014bb,sensitivity_evaluation,W1,False,L02__TQQQ_SOXL__vol_target_50/stress/W1
tqqq_soxl,OK,2024-03-19,2024-09-18,1000.0,801.3943265601353,-198.60567343986472,-198.60567343986472,0.0,-0.1986056734398648,-0.3571841158369605,0.4405617384163232,2024-07-10,2024-09-06,49,0.5618578147658148,-0.4963572473650687,-0.5859773372690334,-0.81074701838821,2684.512365243425,6.800070217124852,6.710070217124852,0.0899999999999999,1.90575414726,-200.51142758712484,8.007106089280575e-15,12,9,9,1.0,0.1221664710296278,0.2443329420592557,55.111111111111114,42.0,65,50,0.0937808366398353,-0.1304503247035205,0.5442313026309535,0.4557686973690464,1.6326939078928606,0.1424867816823998,-0.1731881462329306,"{'2024-03': 0.07615610401962503, '2024-04': -0.09982996420546775, '2024-05': 0.1424867816823998, '2024-06': 0.0937122550713918, '2024-07': -0.10925997783996977, '2024-08': -0.17318814623293066, '2024-09': -0.1010521154572952}",{'2024': -0.19860567343986402},774.9160558798351,1385.168139351385,daily_mark_to_market_equity,L02__TQQQ_SOXL__vol_target_50,b,TQQQ_SOXL,L02,vol_target_50,stress,0,sha256:acd49d7f6e3e633cb9e24e4f31a698d59c7e8a2578e14056df443689e9c014bb,sensitivity_evaluation,W2,False,L02__TQQQ_SOXL__vol_target_50/stress/W2
tqqq_soxl,OK,2024-09-19,2025-03-18,1000.0,910.792745592688,-89.2072544073119,-89.2072544073119,0.0,-0.0892072544073119,-0.1727142768495709,0.2494882270631693,2024-12-16,2025-03-13,61,0.4549848723540515,-0.1916527278802533,-0.228670652618042,-0.6922742563152708,3493.3057743588747,8.812725550874672,8.732725550874672,0.0799999999999999,5.8270147835629995,-95.03425204721056,-1.714366454239642e-05,11,8,8,1.0,0.0454125577819121,0.1362376733457364,109.5,116.0,66,54,0.0743076209764728,-0.1078983266824357,0.7506715096780022,0.2493284903219977,2.2520145290340072,0.1362453956077209,-0.09471448858835,"{'2024-09': 0.012340322469878151, '2024-10': -0.09471448858835008, '2024-11': 0.13624539560772098, '2024-12': -0.00468526132015612, '2025-01': 0.04329483693167524, '2025-02': -0.08828588674391169, '2025-03': -0.07613364777409948}","{'2024': 0.03644122001231298, '2025': -0.12123068051860386}",910.792743472688,1213.562233552528,daily_mark_to_market_equity,L02__TQQQ_SOXL__vol_target_50,b,TQQQ_SOXL,L02,vol_target_50,stress,0,sha256:acd49d7f6e3e633cb9e24e4f31a698d59c7e8a2578e14056df443689e9c014bb,sensitivity_evaluation,W3,False,L02__TQQQ_SOXL__vol_target_50/stress/W3
tqqq_soxl,OK,2025-03-19,2025-09-18,1000.0,1304.6102740498825,304.6102740498825,304.6102740498825,0.0,0.3046102740498824,0.7001541769044075,0.1154206492288411,2025-08-14,2025-09-03,21,0.2835994617605641,2.0021413645123096,2.1249464058050673,6.066108461374468,1793.2930210383122,4.5284201384873946,4.478420138487395,0.05,0.90542711337,23.88297864723103,279.8218682892814,13,5,5,1.0,,,25.0,14.0,47,31,0.08445834090325,-0.0640295145069074,0.3356469763095813,0.6643530236904187,1.0069409289287437,0.2239189030518475,-0.0327265535798858,"{'2025-03': 0.0, '2025-04': 0.0, '2025-05': -0.008965178047549816, '2025-06': 0.08363478396558954, '2025-07': -0.03272655357988585, '2025-08': 0.026140986212222828, '2025-09': 0.22391890305184758}",{'2025': 0.3046102740498813},991.03482195245,1304.6102740498825,daily_mark_to_market_equity,L02__TQQQ_SOXL__vol_target_50,b,TQQQ_SOXL,L02,vol_target_50,stress,0,sha256:acd49d7f6e3e633cb9e24e4f31a698d59c7e8a2578e14056df443689e9c014bb,sensitivity_evaluation,W4,False,L02__TQQQ_SOXL__vol_target_50/stress/W4
tqqq_soxl,OK,2025-09-19,2026-03-18,1000.0,1299.2084468379626,299.2084468379626,299.2084468379626,0.0,0.2992084468379625,0.700878547772448,0.2232194860619142,2025-10-29,2025-11-20,46,0.5909721567615696,1.1982702167711352,1.5610690622074606,3.1398627428881625,1978.4640732083376,5.114303627037306,4.944303627037306,0.17,0.0,158.88340545885055,140.32504137911195,9,17,17,1.0,9.357953666751037,149.7272586680166,89.0,91.0,67,53,0.1070518349822631,-0.1484769828015154,0.5360245983565486,0.4639754016434514,1.6080737950696462,0.2443087722036014,-0.0800453586008191,"{'2025-09': 0.0015179271797249871, '2025-10': 0.24430877220360148, '2025-11': -0.08004535860081918, '2025-12': 0.014260515716560063, '2026-01': 0.19619506286783284, '2026-02': 0.00639837859710668, '2026-03': -0.07188011599657385}","{'2025': 0.16279411312758674, '2026': 0.11731598239989349}",977.839968469,1500.1991268038123,daily_mark_to_market_equity,L02__TQQQ_SOXL__vol_target_50,b,TQQQ_SOXL,L02,vol_target_50,stress,0,sha256:acd49d7f6e3e633cb9e24e4f31a698d59c7e8a2578e14056df443689e9c014bb,sensitivity_evaluation,W5,False,L02__TQQQ_SOXL__vol_target_50/stress/W5
tqqq_soxl,OK,2026-03-19,2026-09-18,1000.0,1719.6530075178655,719.6530075178657,719.6530075178657,0.0,0.7196530075178658,1.9506433982288551,0.2593294990952463,2026-06-22,2026-07-29,62,0.5553373458845068,2.217759118686465,3.0584520779615394,7.52187238642074,5319.154760072514,13.442468746134702,13.302468746134702,0.14,0.0,719.6529968376301,1.0680235225314776e-05,9,14,14,1.0,1.1787397912909487,15.323617286782335,65.5,56.5,77,46,0.087854047104293,-0.1211691169130424,0.3236857413482586,0.6763142586517414,0.9710572240447756,0.582002604668165,-0.1849111661004544,"{'2026-03': -0.03575883465630003, '2026-04': 0.582002604668165, '2026-05': 0.3286885394725385, '2026-06': 0.061292824144750124, '2026-07': -0.18491116610045444, '2026-08': 0.009465261058643426, '2026-09': -0.02838721156189894}",{'2026': 0.7196530075178644},894.8896603236999,2238.099110939763,daily_mark_to_market_equity,L02__TQQQ_SOXL__vol_target_50,b,TQQQ_SOXL,L02,vol_target_50,stress,0,sha256:acd49d7f6e3e633cb9e24e4f31a698d59c7e8a2578e14056df443689e9c014bb,sensitivity_evaluation,W6,False,L02__TQQQ_SOXL__vol_target_50/stress/W6
tqqq_soxl,OK,2023-09-19,2024-03-18,1000.0,1553.7929495843362,553.7929495843362,553.7929495843362,0.0,0.5537929495843361,1.433452706343867,0.1996575692052734,2023-10-11,2023-10-26,42,0.5722229428947295,1.8377828748340077,3.0850401052959553,7.179556037117204,1835.5829530309595,1.8445830561998868,1.8345830561998868,0.01,5.741824010536001,-78.57922480694003,626.6303503807402,3,1,1,,,,35.0,35.0,74,51,0.1156859722927101,-0.0842700532521578,0.9342855327404777,0.0657144672595224,2.8028565982214326,0.256715320179177,-0.0982543252248072,"{'2023-09': -0.06914701929551514, '2023-10': -0.09825432522480726, '2023-11': 0.16993869248343385, '2023-12': 0.256715320179177, '2024-01': 0.030461770683356315, '2024-02': 0.23582636785232625, '2024-03': -0.011358971949898544}","{'2023': 0.23414212229433673, '2024': 0.2590064965092944}",815.2769442418651,1838.240734184336,daily_mark_to_market_equity,L03__TQQQ_SOXL__ema_120,b,TQQQ_SOXL,L03,ema_120,base,0,sha256:acd49d7f6e3e633cb9e24e4f31a698d59c7e8a2578e14056df443689e9c014bb,sensitivity_evaluation,W1,False,L03__TQQQ_SOXL__ema_120/base/W1
tqqq_soxl,OK,2024-03-19,2024-09-18,1000.0,768.957885627796,-231.04211437220397,-231.04211437220397,0.0,-0.231042114372204,-0.4080667682436812,0.5559007411663262,2024-07-10,2024-09-06,49,0.7555908487500246,-0.3024367798787903,-0.3538270804678012,-0.7340640837922309,1791.51430722754,1.8107241815199009,1.7907241815199009,0.02,6.027608629315999,-296.44147552528,59.371752523760094,3,2,2,,,,76.5,76.5,73,54,0.1335227935348442,-0.1521213663619512,0.9327198122681905,0.0672801877318095,2.7981594368045712,0.2273675240697452,-0.2349685457768031,"{'2024-03': 0.09713198103908383, '2024-04': -0.16055602483957176, '2024-05': 0.22736752406974525, '2024-06': 0.16100000059254316, '2024-07': -0.13733211816968294, '2024-08': -0.23496854577680315, '2024-09': -0.11218557822126518}",{'2024': -0.231042114372203},695.9847113477961,1567.182780659536,daily_mark_to_market_equity,L03__TQQQ_SOXL__ema_120,b,TQQQ_SOXL,L03,ema_120,base,0,sha256:acd49d7f6e3e633cb9e24e4f31a698d59c7e8a2578e14056df443689e9c014bb,sensitivity_evaluation,W2,False,L03__TQQQ_SOXL__ema_120/base/W2
tqqq_soxl,OK,2024-09-19,2025-03-18,1000.0,730.3598365908452,-269.64016340915475,-269.64016340915475,0.0,-0.2696401634091547,-0.4714408549678692,0.339255398838021,2024-10-14,2025-03-07,105,0.4649931608704608,-1.1431913670298914,-1.148223811730093,-1.389634053231267,3945.7480009471496,3.995478796029831,3.945478796029831,0.05,3.560232536875,-273.20039594602986,0.0,5,5,5,,,,42.8,5.0,63,53,0.0499453883444118,-0.1431615495142327,0.6670198693607646,0.3329801306392353,2.001059608082293,0.0438462378548154,-0.1101058018126895,"{'2024-09': 0.021990822258663778, '2024-10': -0.11010580181268959, '2024-11': 0.04384623785481545, '2024-12': -0.003594193679516855, '2025-01': -0.07223186397082415, '2025-02': -0.0921424843154961, '2025-03': -0.08331191630016155}","{'2024': -0.054071847595704936, '2025': -0.22789079198619178}",730.3598365908452,1105.358765408664,daily_mark_to_market_equity,L03__TQQQ_SOXL__ema_120,b,TQQQ_SOXL,L03,ema_120,base,0,sha256:acd49d7f6e3e633cb9e24e4f31a698d59c7e8a2578e14056df443689e9c014bb,sensitivity_evaluation,W3,False,L03__TQQQ_SOXL__ema_120/base/W3
tqqq_soxl,OK,2025-03-19,2025-09-18,1000.0,1641.0754672827234,641.0754672827234,641.0754672827234,0.0,0.6410754672827235,1.6876668331079483,0.1137285786653986,2025-08-14,2025-08-21,19,0.364775976024495,2.879569574647434,3.5765379911150323,14.839426052032538,999.9999896386498,0.9990009886498318,0.9990009886498318,0.0,3.412762661373,0.0,637.6627046213503,2,0,0,,,,,,54,31,0.0805134253173609,-0.0632756272950135,0.6248880329354126,0.3751119670645874,1.874664098806238,0.2675509986765436,0.0,"{'2025-03': 0.0, '2025-04': 0.0, '2025-05': 0.010566047827790248, '2025-06': 0.26755099867654364, '2025-07': 0.02666619005665294, '2025-08': 0.02806891956208557, '2025-09': 0.21379939965897954}",{'2025': 0.641075467282725},983.96169758779,1641.0754672827234,daily_mark_to_market_equity,L03__TQQQ_SOXL__ema_120,b,TQQQ_SOXL,L03,ema_120,base,0,sha256:acd49d7f6e3e633cb9e24e4f31a698d59c7e8a2578e14056df443689e9c014bb,sensitivity_evaluation,W4,False,L03__TQQQ_SOXL__ema_120/base/W4
tqqq_soxl,OK,2025-09-19,2026-03-18,1000.0,1255.21227304918,255.2122730491801,255.2122730491801,0.0,0.2552122730491801,0.5860380605137632,0.3085668406504882,2025-10-29,2025-11-20,46,0.7846949978442274,0.98503965425023,1.3336232607358312,1.8992256565168808,990.98997425428,0.9899999742798872,0.9899999742798872,0.0,1.45516986346,0.0,253.75710318572013,2,0,0,,,,,,67,57,0.1223674426544387,-0.1498225382680944,0.991822559188796,0.008177440811204,2.975467677566388,0.2659441763963954,-0.114492056774666,"{'2025-09': 0.025898689180364753, '2025-10': 0.2491264077198423, '2025-11': -0.10401137243284186, '2025-12': -0.004787524772651652, '2026-01': 0.26594417639639545, '2026-02': -0.020101738974012573, '2026-03': -0.114492056774666}","{'2025': 0.14269196474918067, '2026': 0.09846950164272572}",915.441491620364,1598.7417456291798,daily_mark_to_market_equity,L03__TQQQ_SOXL__ema_120,b,TQQQ_SOXL,L03,ema_120,base,0,sha256:acd49d7f6e3e633cb9e24e4f31a698d59c7e8a2578e14056df443689e9c014bb,sensitivity_evaluation,W5,False,L03__TQQQ_SOXL__ema_120/base/W5
tqqq_soxl,OK,2026-03-19,2026-09-18,1000.0,1891.8673247222391,891.8673247222393,891.8673247222393,0.0,0.8918673247222393,2.5698219443357795,0.6156795390767063,2026-06-22,2026-07-29,62,1.2797460795139852,1.639407992566706,2.3912386588573367,4.17396028490661,1994.28992074286,2.0032919240399036,1.993291924039904,0.01,1.542508056279,1.6450009873800544,888.6798156785801,3,1,1,1.0,,,4.0,4.0,81,46,0.2032807022279594,-0.2684108623377176,0.9377564403424276,0.0622435596575723,2.8132693210272826,0.8695461875437016,-0.4906327145579319,"{'2026-03': -0.015040186669409872, '2026-04': 0.8695461875437016, '2026-05': 0.6312318572397109, '2026-06': 0.13080642437123147, '2026-07': -0.4906327145579319, '2026-08': 0.02686052894923585, '2026-09': 0.06485259900819562}",{'2026': 0.8918673247222373},912.10396886059,3749.79612490596,daily_mark_to_market_equity,L03__TQQQ_SOXL__ema_120,b,TQQQ_SOXL,L03,ema_120,base,0,sha256:acd49d7f6e3e633cb9e24e4f31a698d59c7e8a2578e14056df443689e9c014bb,sensitivity_evaluation,W6,False,L03__TQQQ_SOXL__ema_120/base/W6
tqqq_soxl,OK,2023-09-19,2024-03-18,1000.0,1548.620625526451,548.620625526451,548.620625526451,0.0,0.548620625526451,1.4171338130162523,0.2005644986979854,2023-10-11,2023-10-26,42,0.5720051213207812,1.826480532727937,3.0695541296808124,7.065726099164761,1834.3309234767248,4.589595109824862,4.579595109824862,0.01,5.734153516276001,-79.94773946735002,622.8342114775252,3,1,1,,,,35.0,35.0,74,51,0.1155897872943334,-0.0841571748386432,0.934756521992529,0.0652434780074709,2.804269565977587,0.2563684934219179,-0.0990849137019701,"{'2023-09': -0.07063201923424023, '2023-10': -0.09908491370197015, '2023-11': 0.16958094453894734, '2023-12': 0.2563684934219179, '2024-01': 0.030487271723064424, '2024-02': 0.23552423925894783, '2024-03': -0.011373491467178587}","{'2023': 0.23032227221645063, '2024': 0.2587113640855898}",813.1659296342101,1831.5168286664511,daily_mark_to_market_equity,L03__TQQQ_SOXL__ema_120,b,TQQQ_SOXL,L03,ema_120,stress,0,sha256:acd49d7f6e3e633cb9e24e4f31a698d59c7e8a2578e14056df443689e9c014bb,sensitivity_evaluation,W1,False,L03__TQQQ_SOXL__ema_120/stress/W1
tqqq_soxl,OK,2024-03-19,2024-09-18,1000.0,766.9579644186163,-233.04203558138377,-233.04203558138377,0.0,-0.2330420355813837,-0.4111355031655095,0.556756866705403,2024-07-10,2024-09-06,49,0.756514000620619,-0.3079244304985947,-0.3602392532304894,-0.7384471171382135,1788.65648439445,4.48670715069989,4.46670715069989,0.02,6.027608629315999,-297.69889680009993,58.62925258940005,3,2,2,,,,76.5,76.5,73,54,0.1337216122287854,-0.1522724702132875,0.9340081172352248,0.065991882764775,2.8020243517056747,0.2277347261142916,-0.2359495644000198,"{'2024-03': 0.09564698114441383, '2024-04': -0.1607736366105884, '2024-05': 0.22773472611429169, '2024-06': 0.16121178695726734, '2024-07': -0.13748769065910904, '2024-08': -0.2359495644000198, '2024-09': -0.11219314898879695}",{'2024': -0.2330420355813837},693.9847901386162,1565.697780764866,daily_mark_to_market_equity,L03__TQQQ_SOXL__ema_120,b,TQQQ_SOXL,L03,ema_120,stress,0,sha256:acd49d7f6e3e633cb9e24e4f31a698d59c7e8a2578e14056df443689e9c014bb,sensitivity_evaluation,W2,False,L03__TQQQ_SOXL__ema_120/stress/W2
tqqq_soxl,OK,2024-09-19,2025-03-18,1000.0,725.9743814327879,-274.02561856721206,-274.02561856721206,0.0,-0.2740256185672121,-0.4778610055026278,0.3423066760133672,2024-10-14,2025-03-07,105,0.4653331968325228,-1.1684767740615216,-1.174830088658019,-1.396002587702868,3927.0700632579874,9.866001909087258,9.816001909087255,0.05,3.560232536875,-277.5858511040873,0.0,5,5,5,,,,42.8,5.0,63,53,0.0499919973780544,-0.1428434733455341,0.6685705941936256,0.3314294058063743,2.005711782580877,0.0421596722584467,-0.11020193212886,"{'2024-09': 0.020493023556964696, '2024-10': -0.11020193212886009, '2024-11': 0.042159672258446745, '2024-12': -0.003605683607710408, '2025-01': -0.07262158428323229, '2025-02': -0.0930703537122749, '2025-03': -0.08457301704423625}","{'2024': -0.057097030241874513, '2025': -0.2300645933706028}",725.9743814327879,1103.8189912469643,daily_mark_to_market_equity,L03__TQQQ_SOXL__ema_120,b,TQQQ_SOXL,L03,ema_120,stress,0,sha256:acd49d7f6e3e633cb9e24e4f31a698d59c7e8a2578e14056df443689e9c014bb,sensitivity_evaluation,W3,False,L03__TQQQ_SOXL__ema_120/stress/W3
tqqq_soxl,OK,2025-03-19,2025-09-18,1000.0,1638.378177955238,638.378177955238,638.378177955238,0.0,0.638378177955238,1.678857197228199,0.1136898141749312,2025-08-14,2025-08-21,19,0.3644906014553262,2.8725535438436616,3.566934464211506,14.7669974606959,999.9999993143248,2.493765584324874,2.493765584324874,0.0,3.407322169563,0.0,634.9708557856752,2,0,0,,,,,,54,31,0.0804634025972399,-0.0632378439784031,0.6249199697347557,0.3750800302652443,1.874759909204267,0.2664878716430447,0.0,"{'2025-03': 0.0, '2025-04': 0.0, '2025-05': 0.009823547884475481, '2025-06': 0.26648787164304477, '2025-07': 0.02671633166429932, '2025-08': 0.028047168772718623, '2025-09': 0.21367977351686052}",{'2025': 0.6383781779552382},983.219197644475,1638.378177955238,daily_mark_to_market_equity,L03__TQQQ_SOXL__ema_120,b,TQQQ_SOXL,L03,ema_120,stress,0,sha256:acd49d7f6e3e633cb9e24e4f31a698d59c7e8a2578e14056df443689e9c014bb,sensitivity_evaluation,W4,False,L03__TQQQ_SOXL__ema_120/stress/W4
tqqq_soxl,OK,2025-09-19,2026-03-18,1000.0,1253.72727308776,253.72727308776007,253.72727308776007,0.0,0.25372727308776,0.5822328725023809,0.3089133242592861,2025-10-29,2025-11-20,46,0.7856846916134409,0.9817310809649537,1.3301560220803677,1.8847774659719252,992.4749742157,2.474999935699996,2.474999935699996,0.0,1.45516986346,0.0,252.27210322430005,2,0,0,,,,,,67,57,0.1225119671414503,-0.1500146519932049,0.9930331724466211,0.0069668275533787,2.9790995173398636,0.2662902372809452,-0.1146121261623374,"{'2025-09': 0.02441368921894438, '2025-10': 0.24948754376258298, '2025-11': -0.10413204261408715, '2025-12': -0.004793724693840207, '2026-01': 0.26629023728094525, '2026-02': -0.020122395743327193, '2026-03': -0.1146121261623374}","{'2025': 0.14120696478776007, '2026': 0.09859763546126521}",913.956491658944,1597.2567456677598,daily_mark_to_market_equity,L03__TQQQ_SOXL__ema_120,b,TQQQ_SOXL,L03,ema_120,stress,0,sha256:acd49d7f6e3e633cb9e24e4f31a698d59c7e8a2578e14056df443689e9c014bb,sensitivity_evaluation,W5,False,L03__TQQQ_SOXL__ema_120/stress/W5
tqqq_soxl,OK,2026-03-19,2026-09-18,1000.0,1887.998469361235,887.998469361235,887.998469361235,0.0,0.887998469361235,2.5552661793174978,0.6160510044652909,2026-06-22,2026-07-29,62,1.280794942229428,1.6359452418316425,2.3862484897145553,4.1478159451024235,1992.79693580795,4.985773500899937,4.975773500899937,0.01,1.533409632135,0.1560296284500245,886.30903010065,3,1,1,1.0,,,4.0,4.0,81,46,0.2034415093396231,-0.2685787069533731,0.9379257061849576,0.0620742938150422,2.813777118554874,0.8703557901488714,-0.4909999375411568,"{'2026-03': -0.017271658023524705, '2026-04': 0.8703557901488714, '2026-05': 0.631783668983116, '2026-06': 0.13106241622909165, '2026-07': -0.4909999375411568, '2026-08': 0.026689442704058708, '2026-09': 0.06497114837567874}",{'2026': 0.8879984693612339},909.8724975064748,3745.4081961291,daily_mark_to_market_equity,L03__TQQQ_SOXL__ema_120,b,TQQQ_SOXL,L03,ema_120,stress,0,sha256:acd49d7f6e3e633cb9e24e4f31a698d59c7e8a2578e14056df443689e9c014bb,sensitivity_evaluation,W6,False,L03__TQQQ_SOXL__ema_120/stress/W6
tqqq_soxl,OK,2023-09-19,2024-03-18,1000.0,1466.67043828461,466.6704382846099,466.6704382846099,0.0,0.4666704382846098,1.165966379441612,0.1700077674682573,2024-03-07,2024-03-15,7,0.5436893745506888,1.6895038667453706,2.74515283020917,6.85831239833976,2695.71074279567,2.7147117160899095,2.6947117160899094,0.02,5.3738931607,-144.01529640435996,605.31184152827,4,2,2,,,,21.5,21.5,65,51,0.1182802168429932,-0.0872741852716294,0.8069017170913053,0.1930982829086946,2.4207051512739164,0.266164971554947,-0.1011619253047848,"{'2023-09': -0.10116192530478485, '2023-10': -0.04573899859535924, '2023-11': 0.0659135286392667, '2023-12': 0.266164971554947, '2024-01': 0.029772344300541542, '2024-02': 0.24400015221391413, '2024-03': -0.010968837400381015}","{'2023': 0.1576063628746105, '2024': 0.2669854670136067}",845.214019666375,1750.55098600461,daily_mark_to_market_equity,L03__TQQQ_SOXL__ema_80,b,TQQQ_SOXL,L03,ema_80,base,0,sha256:acd49d7f6e3e633cb9e24e4f31a698d59c7e8a2578e14056df443689e9c014bb,sensitivity_evaluation,W1,False,L03__TQQQ_SOXL__ema_80/base/W1
tqqq_soxl,OK,2024-03-19,2024-09-18,1000.0,788.9246717944761,-211.07532820552387,-211.07532820552387,0.0,-0.2110753282055238,-0.3769928066084279,0.5288878094782534,2024-07-10,2024-09-06,49,0.7062766431942193,-0.3047656835003957,-0.3480934751950935,-0.7128029798613253,2173.93711585412,2.193337414839869,2.173337414839869,0.02,6.027608629315999,-204.97854755013995,-12.124389284699946,3,2,2,1.0,0.0230146420407119,0.0230146420407119,142.5,142.5,70,54,0.1335227935348442,-0.1521213663619512,0.8526946122708715,0.1473053877291285,2.558083836812615,0.2273675240697452,-0.2876710435695999,"{'2024-03': 0.09713198103908383, '2024-04': -0.16055602483957176, '2024-05': 0.22736752406974525, '2024-06': 0.16100000059254316, '2024-07': -0.13733211816968294, '2024-08': -0.28767104356959994, '2024-09': -0.021740957599915567}",{'2024': -0.21107532820552277},738.318912744476,1567.182780659536,daily_mark_to_market_equity,L03__TQQQ_SOXL__ema_80,b,TQQQ_SOXL,L03,ema_80,base,0,sha256:acd49d7f6e3e633cb9e24e4f31a698d59c7e8a2578e14056df443689e9c014bb,sensitivity_evaluation,W2,False,L03__TQQQ_SOXL__ema_80/base/W2
tqqq_soxl,OK,2024-09-19,2025-03-18,1000.0,740.1806039197653,-259.8193960802347,-259.8193960802347,0.0,-0.2598193960802347,-0.4569192399669566,0.3208370049845935,2024-10-14,2025-03-07,105,0.4462848945254762,-1.1490072462253664,-1.1107552069435584,-1.4241475667337615,3183.7708632279096,3.223510707109865,3.183510707109865,0.04,3.560232536875,-263.3796286171098,0.0,4,4,4,,,,50.25,14.5,63,53,0.0497889843099554,-0.1443920687734768,0.6238455120807436,0.3761544879192564,1.8715365362422307,0.0904729802212158,-0.1172137109076167,"{'2024-09': 0.016546334302413923, '2024-10': -0.11721371090761679, '2024-11': 0.09047298022121586, '2024-12': -0.0034867893471682843, '2025-01': -0.0890122183480353, '2025-02': -0.0920906151039278, '2025-03': -0.08229749873422554}","{'2024': -0.024829112459865077, '2025': -0.24097344026863998}",740.1806039197653,1089.8423638392942,daily_mark_to_market_equity,L03__TQQQ_SOXL__ema_80,b,TQQQ_SOXL,L03,ema_80,base,0,sha256:acd49d7f6e3e633cb9e24e4f31a698d59c7e8a2578e14056df443689e9c014bb,sensitivity_evaluation,W3,False,L03__TQQQ_SOXL__ema_80/base/W3
tqqq_soxl,OK,2025-03-19,2025-09-18,1000.0,1612.492861069916,612.492861069916,612.492861069916,0.0,0.6124928610699161,1.595046834970502,0.1140368177436838,2025-08-14,2025-08-21,19,0.3652314598947379,2.7805696949758643,3.4401992591375787,13.987121585202669,998.2293931009398,0.9972321609398314,0.9972321609398314,0.0,3.347727850856,0.0,609.1451332190602,2,0,0,,,,,,55,31,0.0809606228554122,-0.0636319787292134,0.6271755453030686,0.3728244546969314,1.8815266359092064,0.2684235732782578,-0.0082217610410597,"{'2025-03': 0.0, '2025-04': 0.0, '2025-05': -0.00822176104105976, '2025-06': 0.26842357327825783, '2025-07': 0.02605086704910775, '2025-08': 0.028281220601561463, '2025-09': 0.21489326590327895}",{'2025': 0.6124928610699156},966.16158967894,1612.492861069916,daily_mark_to_market_equity,L03__TQQQ_SOXL__ema_80,b,TQQQ_SOXL,L03,ema_80,base,0,sha256:acd49d7f6e3e633cb9e24e4f31a698d59c7e8a2578e14056df443689e9c014bb,sensitivity_evaluation,W4,False,L03__TQQQ_SOXL__ema_80/base/W4
tqqq_soxl,OK,2025-09-19,2026-03-18,1000.0,1277.56715708588,277.5671570858801,277.5671570858801,0.0,0.2775671570858802,0.643880850604958,0.3085668406504882,2025-10-29,2025-11-20,46,0.7626640823348632,1.0377729746425215,1.4029246660875545,2.0866819300725767,1461.32303369098,1.470803837579912,1.460803837579912,0.01,1.45516986346,-25.171915698459948,301.28390292088005,2,1,1,,,,158.0,158.0,67,57,0.1223674426544387,-0.1498225382680944,0.9428701996555916,0.0571298003444084,2.8286105989667747,0.2659441763963954,-0.1040113724328418,"{'2025-09': 0.025898689180364753, '2025-10': 0.2491264077198423, '2025-11': -0.10401137243284186, '2025-12': -0.004787524772651652, '2026-01': 0.26594417639639545, '2026-02': -0.027621750291789593, '2026-03': -0.09175132281011966}","{'2025': 0.14269196474918067, '2026': 0.11803285268248431}",915.441491620364,1598.7417456291798,daily_mark_to_market_equity,L03__TQQQ_SOXL__ema_80,b,TQQQ_SOXL,L03,ema_80,base,0,sha256:acd49d7f6e3e633cb9e24e4f31a698d59c7e8a2578e14056df443689e9c014bb,sensitivity_evaluation,W5,False,L03__TQQQ_SOXL__ema_80/base/W5
tqqq_soxl,OK,2026-03-19,2026-09-18,1000.0,1707.780261949632,707.780261949632,707.780261949632,0.0,0.7077802619496318,1.910123295450358,0.6176870981608606,2026-06-22,2026-07-29,62,1.2753126154293704,1.4806138911474145,2.131900179754443,3.092380108209603,2072.6754416681097,2.0827501899498877,2.072750189949888,0.01,1.493589129582,577.17048989729,129.11618292276006,2,1,1,1.0,,,181.0,181.0,81,46,0.204151099646288,-0.269318625899742,0.912469791581114,0.0875302084188861,2.737409374743341,0.8542128600007157,-0.4926182146124024,"{'2026-03': -0.01668518765679028, '2026-04': 0.8542128600007157, '2026-05': 0.6342228585182248, '2026-06': 0.1321918917420455, '2026-07': -0.4926182146124024, '2026-08': 0.025932565647017958, '2026-09': -0.02748835453264664}",{'2026': 0.7077802619496336},910.45896787321,3726.20363676597,daily_mark_to_market_equity,L03__TQQQ_SOXL__ema_80,b,TQQQ_SOXL,L03,ema_80,base,0,sha256:acd49d7f6e3e633cb9e24e4f31a698d59c7e8a2578e14056df443689e9c014bb,sensitivity_evaluation,W6,False,L03__TQQQ_SOXL__ema_80/base/W6
tqqq_soxl,OK,2023-09-19,2024-03-18,1000.0,1459.522601057381,459.52260105738105,459.52260105738105,0.0,0.4595226010573809,1.1447179469399504,0.1699039699072848,2024-03-07,2024-03-15,7,0.5436875536771243,1.6713355903644411,2.724712346780134,6.7374408471127145,2693.1671950848,6.746699270849794,6.726699270849794,0.02,5.358608808231,-146.77206010089986,600.93605235005,4,2,2,,,,21.5,21.5,65,51,0.1182361397872262,-0.0872237866560411,0.8071851672338887,0.1928148327661113,2.4215555017016657,0.2660028705386255,-0.1033086370274148,"{'2023-09': -0.10330863702741488, '2023-10': -0.046528836044030464, '2023-11': 0.06438936409017493, '2023-12': 0.2660028705386255, '2024-01': 0.02978408313630876, '2024-02': 0.24386087560328584, '2024-03': -0.010975441784302653}","{'2023': 0.15208830041738075, '2024': 0.2668495987057782}",841.8626552869353,1741.7606192573812,daily_mark_to_market_equity,L03__TQQQ_SOXL__ema_80,b,TQQQ_SOXL,L03,ema_80,stress,0,sha256:acd49d7f6e3e633cb9e24e4f31a698d59c7e8a2578e14056df443689e9c014bb,sensitivity_evaluation,W1,False,L03__TQQQ_SOXL__ema_80/stress/W1
tqqq_soxl,OK,2024-03-19,2024-09-18,1000.0,785.7069860067661,-214.2930139932339,-214.2930139932339,0.0,-0.2142930139932338,-0.3820540516907824,0.5303885488503559,2024-07-10,2024-09-06,49,0.7073130869709445,-0.3146756795714559,-0.359253555699461,-0.7203286204404374,2173.51403522075,5.450045202549895,5.430045202549896,0.02,6.027608629315999,-207.64377474534996,-12.676847877199991,3,2,2,1.0,0.015806744023217,0.015806744023217,142.5,142.5,70,54,0.1337216122287854,-0.1522724702132875,0.8538042245814357,0.1461957754185643,2.561412673744307,0.2277347261142916,-0.2896329244970608,"{'2024-03': 0.09564698114441383, '2024-04': -0.1607736366105884, '2024-05': 0.22773472611429169, '2024-06': 0.16121178695726734, '2024-07': -0.13748769065910904, '2024-08': -0.2896329244970608, '2024-09': -0.021757001292205924}",{'2024': -0.21429301399323453},735.269606886766,1565.697780764866,daily_mark_to_market_equity,L03__TQQQ_SOXL__ema_80,b,TQQQ_SOXL,L03,ema_80,stress,0,sha256:acd49d7f6e3e633cb9e24e4f31a698d59c7e8a2578e14056df443689e9c014bb,sensitivity_evaluation,W2,False,L03__TQQQ_SOXL__ema_80/stress/W2
tqqq_soxl,OK,2024-09-19,2025-03-18,1000.0,736.4565785716753,-263.5434214283247,-263.5434214283247,0.0,-0.2635434214283246,-0.4624493182225521,0.3233028982861586,2024-10-14,2025-03-07,105,0.4465276102357296,-1.1712264235498206,-1.1326537835323358,-1.4303902645909272,3173.3709516954,7.971807805199829,7.931807805199829,0.04,3.560232536875,-267.1036539651997,0.0,4,4,4,,,,50.25,14.5,63,53,0.0498364245488276,-0.1441708124985545,0.6249868107887676,0.3750131892112324,1.874960432366303,0.0899172789944404,-0.1179723361349746,"{'2024-09': 0.01580383438446442, '2024-10': -0.1179723361349746, '2024-11': 0.08991727899444046, '2024-12': -0.003494119753428837, '2025-01': -0.08957146335925281, '2025-02': -0.09303815093279255, '2025-03': -0.08346974196543644}","{'2024': -0.02688210762277421, '2025': -0.24319901592540982}",736.4565785716753,1088.310525797264,daily_mark_to_market_equity,L03__TQQQ_SOXL__ema_80,b,TQQQ_SOXL,L03,ema_80,stress,0,sha256:acd49d7f6e3e633cb9e24e4f31a698d59c7e8a2578e14056df443689e9c014bb,sensitivity_evaluation,W3,False,L03__TQQQ_SOXL__ema_80/stress/W3
tqqq_soxl,OK,2025-03-19,2025-09-18,1000.0,1610.702240966466,610.702240966466,610.702240966466,0.0,0.610702240966466,1.5892983979541857,0.11411572569837,2025-08-14,2025-08-21,19,0.3654827472345324,2.7728476962469633,3.4304986294703292,13.927076117055147,999.35677479315,2.492161533149918,2.492161533149918,0.0,3.3463900796159995,0.0,607.3558508868501,2,0,0,,,,,,55,31,0.0810312148395204,-0.0636733338347412,0.6277205627140026,0.3722794372859974,1.8831616881420077,0.267736434228133,-0.0089642610126501,"{'2025-03': 0.0, '2025-04': 0.0, '2025-05': -0.008964261012650132, '2025-06': 0.267736434228133, '2025-07': 0.02608655138588767, '2025-08': 0.028300586443035902, '2025-09': 0.2150464911308978}",{'2025': 0.6107022409664664},965.41908970735,1610.702240966466,daily_mark_to_market_equity,L03__TQQQ_SOXL__ema_80,b,TQQQ_SOXL,L03,ema_80,stress,0,sha256:acd49d7f6e3e633cb9e24e4f31a698d59c7e8a2578e14056df443689e9c014bb,sensitivity_evaluation,W4,False,L03__TQQQ_SOXL__ema_80/stress/W4
tqqq_soxl,OK,2025-09-19,2026-03-18,1000.0,1275.37595132951,275.37595132951014,275.37595132951014,0.0,0.2753759513295102,0.6381646953768267,0.3089133242592861,2025-10-29,2025-11-20,46,0.7636498638653256,1.032852170403904,1.3972568663395872,2.065837389523489,1462.10182785745,3.662009593949989,3.6520095939499897,0.01,1.45516986346,-26.620621456149944,300.5414029222,2,1,1,,,,158.0,158.0,67,57,0.1225119671414503,-0.1500146519932049,0.9440722108074344,0.0559277891925654,2.8322166324223033,0.2662902372809452,-0.1041320426140871,"{'2025-09': 0.02441368921894438, '2025-10': 0.24948754376258298, '2025-11': -0.10413204261408715, '2025-12': -0.004793724693840207, '2026-01': 0.26629023728094525, '2026-02': -0.02813882487967967, '2026-03': -0.091894473547534}","{'2025': 0.14120696478776007, '2026': 0.11756761979340324}",913.956491658944,1597.2567456677598,daily_mark_to_market_equity,L03__TQQQ_SOXL__ema_80,b,TQQQ_SOXL,L03,ema_80,stress,0,sha256:acd49d7f6e3e633cb9e24e4f31a698d59c7e8a2578e14056df443689e9c014bb,sensitivity_evaluation,W5,False,L03__TQQQ_SOXL__ema_80/stress/W5
tqqq_soxl,OK,2026-03-19,2026-09-18,1000.0,1704.2860156919774,704.2860156919774,704.2860156919774,0.0,0.7042860156919775,1.898251146469046,0.6178701419970823,2026-06-22,2026-07-29,62,1.2757667188402697,1.4773478880995847,2.127112378762605,3.072249357014584,2071.064813723775,5.188138553374879,5.178138553374879,0.01,1.489159435352,574.817366048225,127.9794902084,2,1,1,1.0,,,181.0,181.0,81,46,0.2042306220540475,-0.2694014737277334,0.912519339066432,0.0874806609335681,2.7375580171992953,0.8539411012033551,-0.4927993536932541,"{'2026-03': -0.01742768765197522, '2026-04': 0.8539411012033551, '2026-05': 0.6344966421088345, '2026-06': 0.13231845830153066, '2026-07': -0.4927993536932541, '2026-08': 0.025847544978308212, '2026-09': -0.028446357680653733}",{'2026': 0.7042860156919759},909.716467878025,3724.067296256425,daily_mark_to_market_equity,L03__TQQQ_SOXL__ema_80,b,TQQQ_SOXL,L03,ema_80,stress,0,sha256:acd49d7f6e3e633cb9e24e4f31a698d59c7e8a2578e14056df443689e9c014bb,sensitivity_evaluation,W6,False,L03__TQQQ_SOXL__ema_80/stress/W6
tqqq_soxl,OK,2023-09-19,2024-03-18,1000.0,1214.0177375662192,214.01773756621924,214.01773756621924,0.0,0.2140177375662193,0.4789803098458074,0.07950783989768,2023-12-27,2024-01-04,15,0.2623208756255584,1.621013141885305,2.4629020052193655,6.024315469546337,3602.23576593993,3.791894544109778,3.6018945441097783,0.19,4.040631160328999,53.34189257961127,156.63521382627903,15,19,19,1.0,0.2032071527066244,1.727260798006308,54.0,56.0,59,37,0.0646113171979494,-0.0396513456950892,0.4130140726460063,0.5869859273539937,1.239042217938019,0.1188714391729748,-0.05562837636174,"{'2023-09': -0.055628376361740006, '2023-10': 0.0008558876774868995, '2023-11': 0.011838425850561052, '2023-12': 0.10944896188764108, '2024-01': 0.023495319811057458, '2024-02': 0.11887143917297482, '2024-03': -0.0008607746379794001}","{'2023': 0.06104297347626897, '2024': 0.14417395705356117}",927.33990655826,1300.9339291197994,daily_mark_to_market_equity,L04__TQQQ_SOXL__vol_target_30,b,TQQQ_SOXL,L04,vol_target_30,base,0,sha256:acd49d7f6e3e633cb9e24e4f31a698d59c7e8a2578e14056df443689e9c014bb,sensitivity_evaluation,W1,False,L04__TQQQ_SOXL__vol_target_30/base/W1
tqqq_soxl,OK,2024-03-19,2024-09-18,1000.0,931.3687906516374,-68.63120934836263,-68.63120934836263,0.0,-0.0686312093483626,-0.1322993705141244,0.2853918633323065,2024-07-10,2024-09-06,49,0.3340215433750667,-0.2545379735850078,-0.2962478450642103,-0.4635709265476739,3878.2327207806793,4.098165215319846,3.8781652153198465,0.22,2.9723854069569997,-71.60358480426987,-9.951050095342466e-06,24,22,22,1.0,0.1814907958441403,0.6170687058700771,89.72727272727273,91.0,72,54,0.0552954887813812,-0.074034802111129,0.4302073087337321,0.5697926912662679,1.290621926201196,0.0979997351167607,-0.0947054462054364,"{'2024-03': 0.04168764387868373, '2024-04': -0.06597301326110694, '2024-05': 0.09799973511676074, '2024-06': 0.09044490871274413, '2024-07': -0.059917342781851235, '2024-08': -0.09470544620543642, '2024-09': -0.060573448170859634}",{'2024': -0.06863120934836342},908.509602046724,1276.981607265167,daily_mark_to_market_equity,L04__TQQQ_SOXL__vol_target_30,b,TQQQ_SOXL,L04,vol_target_30,base,0,sha256:acd49d7f6e3e633cb9e24e4f31a698d59c7e8a2578e14056df443689e9c014bb,sensitivity_evaluation,W2,False,L04__TQQQ_SOXL__vol_target_30/base/W2
tqqq_soxl,OK,2024-09-19,2025-03-18,1000.0,961.986130299886,-38.0138697001139,-38.0138697001139,0.0,-0.0380138697001138,-0.0756281500800779,0.1489858737353486,2024-12-24,2025-03-04,55,0.270663550594948,-0.1582383963870221,-0.2003606411332653,-0.5076196030129686,5611.871545875478,5.741836271419686,5.611836271419686,0.13,3.002422051306,-41.01629175141969,0.0,16,13,13,1.0,0.6419204284584884,0.7489071665349032,38.46153846153846,14.0,58,48,0.0453160363507763,-0.0635114141566812,0.4367760627290938,0.5632239372709062,1.3103281881872817,0.0780343347976959,-0.0588560404170505,"{'2024-09': 0.008031489234243905, '2024-10': -0.058856040417050504, '2024-11': 0.07803433479769595, '2024-12': 0.03691207321694656, '2025-01': -0.00031705741390219977, '2025-02': -0.051471410264728346, '2025-03': -0.04335364606251757}","{'2024': 0.060485372228795464, '2025': -0.09288128295621512}",948.702747162214,1130.399720298796,daily_mark_to_market_equity,L04__TQQQ_SOXL__vol_target_30,b,TQQQ_SOXL,L04,vol_target_30,base,0,sha256:acd49d7f6e3e633cb9e24e4f31a698d59c7e8a2578e14056df443689e9c014bb,sensitivity_evaluation,W3,False,L04__TQQQ_SOXL__vol_target_30/base/W3
tqqq_soxl,OK,2025-03-19,2025-09-18,1000.0,1191.112884146988,191.1128841469881,191.1128841469881,0.0,0.191112884146988,0.4177333719298044,0.0716246511497753,2025-08-14,2025-08-21,19,0.1653648390437138,2.181799077968366,2.2228032682887138,5.83225698448815,1020.51823094886,1.069839622639892,1.0198396226398918,0.05,0.672802429628,9.107778614003074,181.3323031033571,17,5,5,1.0,,,45.8,34.0,50,29,0.0418031019357314,-0.0378836324245819,0.281257614508565,0.718742385491435,0.8437728435256953,0.1292190299840279,-0.0049999993808799,"{'2025-03': 0.0, '2025-04': 0.0, '2025-05': -0.004999999380879916, '2025-06': 0.04935719029289509, '2025-07': -0.0008496368082332451, '2025-08': 0.01110779767788772, '2025-09': 0.1292190299840279}",{'2025': 0.19111288414698668},995.00000061912,1191.112884146988,daily_mark_to_market_equity,L04__TQQQ_SOXL__vol_target_30,b,TQQQ_SOXL,L04,vol_target_30,base,0,sha256:acd49d7f6e3e633cb9e24e4f31a698d59c7e8a2578e14056df443689e9c014bb,sensitivity_evaluation,W4,False,L04__TQQQ_SOXL__vol_target_30/base/W4
tqqq_soxl,OK,2025-09-19,2026-03-18,1000.0,1075.1868786074588,75.18687860745877,75.18687860745877,0.0,0.0751868786074587,0.1584737390959951,0.150612311929758,2025-10-29,2025-11-20,56,0.3577944273013272,0.5915258221314419,0.7366778424497543,1.05219644440425,2844.6563527284297,3.09443130998984,2.84443130998984,0.25,0.815073467448,59.78314466859172,14.58866047141842,17,25,25,1.0,0.594261276649361,2.3770451065974445,82.4,70.0,67,55,0.0652385674883506,-0.1009715117714102,0.4608724929150936,0.5391275070849064,1.3826174787452803,0.1260102466940991,-0.0490521661466741,"{'2025-09': -0.0048673239975322025, '2025-10': 0.1260102466940991, '2025-11': -0.04905216614667418, '2025-12': -0.0018094927656360227, '2026-01': 0.07414248956697977, '2026-02': -0.014236665356254452, '2026-03': -0.045324141355659875}","{'2025': 0.0636370538819433, '2026': 0.010858802524190247}",968.2043855014284,1186.2240729924388,daily_mark_to_market_equity,L04__TQQQ_SOXL__vol_target_30,b,TQQQ_SOXL,L04,vol_target_30,base,0,sha256:acd49d7f6e3e633cb9e24e4f31a698d59c7e8a2578e14056df443689e9c014bb,sensitivity_evaluation,W5,False,L04__TQQQ_SOXL__vol_target_30/base/W5
tqqq_soxl,OK,2026-03-19,2026-09-18,1000.0,1396.8134292787815,396.81342927878154,396.81342927878154,0.0,0.3968134292787815,0.9484172867170512,0.15801710334043,2026-06-03,2026-07-29,74,0.3231835339767674,2.215324804400322,3.012246748295834,6.001991345669671,3239.147999549644,3.48954768657584,3.23954768657584,0.25,0.615950609357,396.19747866942424,0.0,14,25,25,1.0,0.7808162143333011,18.739589143999225,70.36,64.0,73,48,0.0529987928819626,-0.0765096635630299,0.2700727815590802,0.7299272184409198,0.8102183446772407,0.3137463068214801,-0.1056637323993192,"{'2026-03': -0.019874807663499916, '2026-04': 0.3137463068214801, '2026-05': 0.19170340035637845, '2026-06': 0.01563763639703586, '2026-07': -0.10566373239931925, '2026-08': 0.01818495679884191, '2026-09': -0.015737684026458032}",{'2026': 0.39681342927878416},937.37507505778,1592.87548692033,daily_mark_to_market_equity,L04__TQQQ_SOXL__vol_target_30,b,TQQQ_SOXL,L04,vol_target_30,base,0,sha256:acd49d7f6e3e633cb9e24e4f31a698d59c7e8a2578e14056df443689e9c014bb,sensitivity_evaluation,W6,False,L04__TQQQ_SOXL__vol_target_30/base/W6
tqqq_soxl,OK,2023-09-19,2024-03-18,1000.0,1207.4332353729042,207.43323537290416,207.43323537290416,0.0,0.2074332353729042,0.4628377857761869,0.079562508621558,2023-12-27,2024-01-04,15,0.262505413386613,1.5782260074305514,2.399518086103943,5.817284972469784,3595.4824950581506,9.176584749949871,8.986584749949872,0.19,4.032462972854,48.18121048540123,155.21956191464898,15,19,19,1.0,0.1926365834888405,1.637410959655144,54.0,56.0,59,37,0.0646145841528416,-0.0396544732901577,0.4131457388476909,0.5868542611523091,1.2394372165430732,0.1185505203369654,-0.0565193763220801,"{'2023-09': -0.05651937632208015, '2023-10': 9.829869072053299e-07, '2023-11': 0.010296460815160335, '2023-12': 0.1078226057372138, '2024-01': 0.023226608915796643, '2024-02': 0.11855052033696545, '2024-03': -0.0009591893633786874}","{'2023': 0.05597215618155471, '2024': 0.1434328341942641}",926.44890659792,1293.9648436267544,daily_mark_to_market_equity,L04__TQQQ_SOXL__vol_target_30,b,TQQQ_SOXL,L04,vol_target_30,stress,0,sha256:acd49d7f6e3e633cb9e24e4f31a698d59c7e8a2578e14056df443689e9c014bb,sensitivity_evaluation,W1,False,L04__TQQQ_SOXL__vol_target_30/stress/W1
tqqq_soxl,OK,2024-03-19,2024-09-18,1000.0,925.9372083074652,-74.06279169253469,-74.06279169253469,0.0,-0.0740627916925347,-0.1423698631029821,0.2873275958751621,2024-07-10,2024-09-06,49,0.3340201235719866,-0.2892629600428169,-0.3371240016186339,-0.4954966565927727,3868.9393285449255,9.891928703924847,9.671928703924848,0.22,2.96786136139,-77.03065378709763,7.33172842976459e-07,24,22,22,1.0,0.1749547953462862,0.5948463041773734,76.36363636363636,77.5,72,51,0.0552968641632085,-0.0740372412049809,0.4302951157560394,0.5697048842439605,1.2908853472681183,0.0978899797059262,-0.0970066900935212,"{'2024-03': 0.040967046924434536, '2024-04': -0.06732761352491501, '2024-05': 0.09788997970592628, '2024-06': 0.09029022988459245, '2024-07': -0.06011117841462854, '2024-08': -0.09700669009352125, '2024-09': -0.06124237617723305}",{'2024': -0.07406279169253427},907.7676020882342,1273.8284111473654,daily_mark_to_market_equity,L04__TQQQ_SOXL__vol_target_30,b,TQQQ_SOXL,L04,vol_target_30,stress,0,sha256:acd49d7f6e3e633cb9e24e4f31a698d59c7e8a2578e14056df443689e9c014bb,sensitivity_evaluation,W2,False,L04__TQQQ_SOXL__vol_target_30/stress/W2
tqqq_soxl,OK,2024-09-19,2025-03-18,1000.0,954.1313404570676,-45.86865954293239,-45.86865954293239,0.0,-0.0458686595429324,-0.0908792698439733,0.1508530122577176,2024-12-24,2025-03-04,55,0.2704994804839489,-0.2205635967114533,-0.2782079476086596,-0.6024358975922534,5590.664170374748,14.10644319079968,13.976443190799678,0.13,2.995405547867,-48.86406509079944,-1.7850084963162567e-14,16,13,13,1.0,0.6067526808248975,0.707878127629047,38.46153846153846,14.0,59,49,0.0453479150826694,-0.0635587092283398,0.436910661663791,0.563089338336209,1.310731984991373,0.0767487694456254,-0.0607159054266157,"{'2024-09': 0.007404193229523903, '2024-10': -0.06071590542661576, '2024-11': 0.07674876944562548, '2024-12': 0.034574170872234467, '2025-01': -0.0016591466780726538, '2025-02': -0.05152112029742295, '2025-03': -0.044072588769021426}","{'2024': 0.05408768199229197, '2025': -0.09482734998506037}",946.2387355070242,1123.6350764122926,daily_mark_to_market_equity,L04__TQQQ_SOXL__vol_target_30,b,TQQQ_SOXL,L04,vol_target_30,stress,0,sha256:acd49d7f6e3e633cb9e24e4f31a698d59c7e8a2578e14056df443689e9c014bb,sensitivity_evaluation,W3,False,L04__TQQQ_SOXL__vol_target_30/stress/W3
tqqq_soxl,OK,2025-03-19,2025-09-18,1000.0,1189.3796885068853,189.3796885068853,189.3796885068853,0.0,0.1893796885068852,0.413618905050475,0.0716494230766152,2025-08-14,2025-08-21,19,0.1653405627567223,2.164598293901208,2.2074974284374895,5.772815569054747,1020.80700354185,2.597782547749929,2.5477825477499287,0.05,0.672550054635,8.623358638536873,180.08377981371328,17,5,5,1.0,,,45.8,34.0,50,29,0.0418054330975887,-0.0378849689035295,0.2812904257518434,0.7187095742481566,0.8438712772555303,0.1291221228170969,-0.0053791071322001,"{'2025-03': 0.0, '2025-04': 0.0, '2025-05': -0.005379107132200134, '2025-06': 0.0490181415977855, '2025-07': -0.001298447217625287, '2025-08': 0.01088860079832843, '2025-09': 0.1291221228170969}",{'2025': 0.18937968850688414},994.6208928678,1189.3796885068853,daily_mark_to_market_equity,L04__TQQQ_SOXL__vol_target_30,b,TQQQ_SOXL,L04,vol_target_30,stress,0,sha256:acd49d7f6e3e633cb9e24e4f31a698d59c7e8a2578e14056df443689e9c014bb,sensitivity_evaluation,W4,False,L04__TQQQ_SOXL__vol_target_30/stress/W4
tqqq_soxl,OK,2025-09-19,2026-03-18,1000.0,1069.582803634123,69.58280363412268,69.58280363412268,0.0,0.0695828036341226,0.1462541229061402,0.1507516484268272,2025-10-29,2025-11-20,57,0.3579704596866868,0.561742384776248,0.6988299810385785,0.9701659944178324,2827.3168028622877,7.316886610837311,7.066886610837311,0.25,0.8138457399600001,54.68401998218389,14.08493791197874,16,25,25,1.0,0.5500101558047723,2.200040623219089,76.24,70.0,67,55,0.065285327252782,-0.1010395262278901,0.4607792148352308,0.5392207851647692,1.3823376445056923,0.1243011808751042,-0.049261141393653,"{'2025-09': -0.006121656635397099, '2025-10': 0.12430118087510422, '2025-11': -0.04926114139365301, '2025-12': -0.0019458560276343073, '2026-01': 0.07395909409196788, '2026-02': -0.015370564891023952, '2026-03': -0.0460565813459477}","{'2025': 0.06030605423247137, '2026': 0.00874912424070362}",965.3587178330404,1182.309477463735,daily_mark_to_market_equity,L04__TQQQ_SOXL__vol_target_30,b,TQQQ_SOXL,L04,vol_target_30,stress,0,sha256:acd49d7f6e3e633cb9e24e4f31a698d59c7e8a2578e14056df443689e9c014bb,sensitivity_evaluation,W5,False,L04__TQQQ_SOXL__vol_target_30/stress/W5
tqqq_soxl,OK,2026-03-19,2026-09-18,1000.0,1391.7016226421931,391.70162264219334,391.70162264219334,0.0,0.3917016226421934,0.9342115101680216,0.1583261290630299,2026-06-03,2026-07-29,74,0.3232112058770537,2.1925950504832543,2.9916890403188123,5.900551701078413,3233.7739089794104,8.33693116876482,8.08693116876482,0.25,0.6149468649589999,391.0866662265142,9.550721029701851e-06,14,25,25,1.0,0.7172606568458634,17.21425576430072,70.36,64.0,77,47,0.0530028196905361,-0.0765144705629158,0.2701130436869272,0.7298869563130728,0.8103391310607821,0.3127574970168341,-0.1058356696754648,"{'2026-03': -0.020344540644749998, '2026-04': 0.3127574970168341, '2026-05': 0.19135541482649443, '2026-06': 0.015455424392166517, '2026-07': -0.10583566967546487, '2026-08': 0.01772653916881728, '2026-09': -0.01703599316876825}",{'2026': 0.39170162264219344},936.93379398445,1590.4375944397748,daily_mark_to_market_equity,L04__TQQQ_SOXL__vol_target_30,b,TQQQ_SOXL,L04,vol_target_30,stress,0,sha256:acd49d7f6e3e633cb9e24e4f31a698d59c7e8a2578e14056df443689e9c014bb,sensitivity_evaluation,W6,False,L04__TQQQ_SOXL__vol_target_30/stress/W6
tqqq_soxl,OK,2023-09-19,2024-03-18,1000.0,1360.7445908131208,360.7445908131208,360.7445908131208,0.0,0.3607445908131208,0.8618954881146217,0.1317100252210273,2023-12-27,2024-01-04,15,0.4173984571696419,1.6943533728078786,2.5897964342099935,6.543886744143004,3808.66822878119,4.007980176109766,3.8079801761097656,0.2,5.428760689230999,67.1353296505839,288.1805004733063,16,20,20,1.0,0.1995911219979788,1.79632009798181,55.85,56.0,58,38,0.1081100941309056,-0.0650892406220498,0.625245942304056,0.374754057695944,1.8757378269121672,0.2061391428384913,-0.05562837636174,"{'2023-09': -0.055628376361740006, '2023-10': 0.0008558876774868995, '2023-11': 0.00816959080273949, '2023-12': 0.1487530080545172, '2024-01': 0.033119255737878994, '2024-02': 0.20613914283849133, '2024-03': -0.0024055694178480858}","{'2023': 0.09464861693179083, '2024': 0.24308802821783493}",921.2537279527502,1526.8472251362111,daily_mark_to_market_equity,L04__TQQQ_SOXL__vol_target_50,b,TQQQ_SOXL,L04,vol_target_50,base,0,sha256:acd49d7f6e3e633cb9e24e4f31a698d59c7e8a2578e14056df443689e9c014bb,sensitivity_evaluation,W1,False,L04__TQQQ_SOXL__vol_target_50/base/W1
tqqq_soxl,OK,2024-03-19,2024-09-18,1000.0,819.8074249613254,-180.1925750386746,-180.1925750386746,0.0,-0.1801925750386745,-0.3273682942523827,0.4435774989648652,2024-07-10,2024-09-06,49,0.5440516382855158,-0.448255699534654,-0.5149611532110034,-0.7380182606564378,5055.10827044439,5.254928186449807,5.054928186449807,0.2,5.146347537775,-185.33892257644965,-4.484889868525072e-15,23,20,20,1.0,0.1563468007138081,0.3648092016655524,73.45,70.0,69,50,0.0940943050082081,-0.1230694827506941,0.6912136175848886,0.3087863824151113,2.073640852754666,0.1667282375060108,-0.1939013901282821,"{'2024-03': 0.06920394199175584, '2024-04': -0.13887121183506157, '2024-05': 0.16672823750601085, '2024-06': 0.14932011892894415, '2024-07': -0.10651404742449844, '2024-08': -0.19390139012828211, '2024-09': -0.07807292656211096}",{'2024': -0.18019257503867425},798.4987696528854,1435.0583741085354,daily_mark_to_market_equity,L04__TQQQ_SOXL__vol_target_50,b,TQQQ_SOXL,L04,vol_target_50,base,0,sha256:acd49d7f6e3e633cb9e24e4f31a698d59c7e8a2578e14056df443689e9c014bb,sensitivity_evaluation,W2,False,L04__TQQQ_SOXL__vol_target_50/base/W2
tqqq_soxl,OK,2024-09-19,2025-03-18,1000.0,884.9397695933305,-115.06023040666946,-115.06023040666946,0.0,-0.1150602304066694,-0.2196686128578019,0.1978906800088986,2024-12-24,2025-03-04,55,0.342130963340029,-0.5587373383589198,-0.6176664490984592,-1.1100503209545998,6192.73031973423,6.292616963229628,6.192616963229629,0.0999999999999999,4.5888907865599995,-119.64912119322967,0.0,10,10,10,1.0,0.5824635523756659,0.3883090349171106,34.6,10.0,58,48,0.0485908729916448,-0.1065989417471541,0.5189861842003823,0.4810138157996176,1.556958552601147,0.0851621998768572,-0.0929042336870124,"{'2024-09': 0.011407782877022044, '2024-10': -0.0929042336870124, '2024-11': 0.08516219987685725, '2024-12': 0.03893082708252793, '2025-01': -0.04753559409230734, '2025-02': -0.05655936234222736, '2025-03': -0.04788445096741223}","{'2024': 0.034333810778569784, '2025': -0.1444350359897707}",884.9397695933305,1103.26578626857,daily_mark_to_market_equity,L04__TQQQ_SOXL__vol_target_50,b,TQQQ_SOXL,L04,vol_target_50,base,0,sha256:acd49d7f6e3e633cb9e24e4f31a698d59c7e8a2578e14056df443689e9c014bb,sensitivity_evaluation,W3,False,L04__TQQQ_SOXL__vol_target_50/base/W3
tqqq_soxl,OK,2025-03-19,2025-09-18,1000.0,1302.1890720131469,302.18907201314687,302.18907201314687,0.0,0.3021890720131468,0.6938623590226995,0.1055008489491882,2025-08-14,2025-08-21,19,0.2552194503173434,2.1813114078885096,2.225340471511763,6.576841475056572,1487.0257399206898,1.5260530455098449,1.4860530455098446,0.04,1.129805628657,12.501305398173304,288.55796098631697,14,4,4,1.0,,,32.5,24.0,50,29,0.05889061964532,-0.0562057971670822,0.4396914203773093,0.5603085796226907,1.3190742611319282,0.1910031764554041,-0.0083333318310198,"{'2025-03': 0.0, '2025-04': 0.0, '2025-05': -0.008333331831019808, '2025-06': 0.08326211889298629, '2025-07': -0.0018714812802951286, '2025-08': 0.019706974542791356, '2025-09': 0.1910031764554041}",{'2025': 0.3021890720131477},991.66666816898,1302.1890720131469,daily_mark_to_market_equity,L04__TQQQ_SOXL__vol_target_50,b,TQQQ_SOXL,L04,vol_target_50,base,0,sha256:acd49d7f6e3e633cb9e24e4f31a698d59c7e8a2578e14056df443689e9c014bb,sensitivity_evaluation,W4,False,L04__TQQQ_SOXL__vol_target_50/base/W4
tqqq_soxl,OK,2025-09-19,2026-03-18,1000.0,1100.096092428915,100.09609242891496,100.09609242891496,0.0,0.1000960924289149,0.2135834277633361,0.2426552426523559,2025-10-29,2025-11-20,57,0.5599647684872847,0.6286508569952837,0.803041434806291,0.88019292486225,3867.938544142354,4.117580427824791,3.867580427824791,0.25,1.23439329174,46.54705453994885,52.31464459722639,16,25,25,1.0,0.5208227959224158,1.64927218708765,83.8,77.0,68,54,0.0959570202744535,-0.1411355373305163,0.7295527479249481,0.2704472520750519,2.188658243774844,0.2011119384724928,-0.0850967583150413,"{'2025-09': -0.006717046010561667, '2025-10': 0.20111193847249287, '2025-11': -0.08509675831504138, '2025-12': -0.004917829831261877, '2026-01': 0.12329938001017049, '2026-02': -0.0280160169352639, '2026-03': -0.07234729079335689}","{'2025': 0.08615192736057531, '2026': 0.012838134994821004}",929.473937428558,1297.874455480985,daily_mark_to_market_equity,L04__TQQQ_SOXL__vol_target_50,b,TQQQ_SOXL,L04,vol_target_50,base,0,sha256:acd49d7f6e3e633cb9e24e4f31a698d59c7e8a2578e14056df443689e9c014bb,sensitivity_evaluation,W5,False,L04__TQQQ_SOXL__vol_target_50/base/W5
tqqq_soxl,OK,2026-03-19,2026-09-18,1000.0,1694.6531127499873,694.6531127499873,694.6531127499873,0.0,0.6946531127499873,1.8656475281097469,0.2523418317472696,2026-06-03,2026-07-29,74,0.5212703265541027,2.2721452745796324,3.097628370103532,7.393334332209598,5550.404862573303,5.7711039344867405,5.551103934486741,0.22,1.352179317474,693.3009245121613,8.920352246682648e-06,16,22,22,1.0,0.945669178279153,19.859052743862215,72.86363636363636,73.5,76,48,0.0810450818132118,-0.1265884905960448,0.4389138708143766,0.5610861291856234,1.31674161244313,0.541211112005048,-0.1706870498428817,"{'2026-03': -0.028286567722079825, '2026-04': 0.541211112005048, '2026-05': 0.3233751808660079, '2026-06': 0.023382556843009272, '2026-07': -0.17068704984288174, '2026-08': 0.029346232861588994, '2026-09': -0.021232469825218536}",{'2026': 0.6946531127499866},915.70179619792,2107.643107120905,daily_mark_to_market_equity,L04__TQQQ_SOXL__vol_target_50,b,TQQQ_SOXL,L04,vol_target_50,base,0,sha256:acd49d7f6e3e633cb9e24e4f31a698d59c7e8a2578e14056df443689e9c014bb,sensitivity_evaluation,W6,False,L04__TQQQ_SOXL__vol_target_50/base/W6
tqqq_soxl,OK,2023-09-19,2024-03-18,1000.0,1353.1397709051723,353.1397709051723,353.1397709051723,0.0,0.3531397709051722,0.8409571512852925,0.1317746687541017,2023-12-27,2024-01-04,15,0.4175941993067717,1.6666304018633364,2.552615655930217,6.381781561178208,3800.476491906225,9.696914725074818,9.496914725074818,0.2,5.413420650247,62.12523009033091,285.6011201645946,16,20,20,1.0,0.1905366256193738,1.7148296305743649,55.85,56.0,58,38,0.1081138360681126,-0.0650939738195762,0.6253968119249318,0.3746031880750682,1.8761904357747956,0.2057144963834689,-0.0565193763220801,"{'2023-09': -0.05651937632208015, '2023-10': 9.829869072053299e-07, '2023-11': 0.006581898426061716, '2023-12': 0.14724952126841417, '2024-01': 0.032742657084400495, '2024-02': 0.20571449638346895, '2024-03': -0.0026085363136933992}","{'2023': 0.08953306233264713, '2024': 0.24194466206298793}",917.5558884636952,1518.5301133093974,daily_mark_to_market_equity,L04__TQQQ_SOXL__vol_target_50,b,TQQQ_SOXL,L04,vol_target_50,stress,0,sha256:acd49d7f6e3e633cb9e24e4f31a698d59c7e8a2578e14056df443689e9c014bb,sensitivity_evaluation,W1,False,L04__TQQQ_SOXL__vol_target_50/stress/W1
tqqq_soxl,OK,2024-03-19,2024-09-18,1000.0,813.2229733987974,-186.77702660120255,-186.77702660120255,0.0,-0.1867770266012025,-0.3381077880824117,0.4456442631517643,2024-07-10,2024-09-06,49,0.5441404047082642,-0.4774468190759811,-0.5493826805941497,-0.7586943578970049,5039.6503932787755,12.798006520824782,12.598006520824782,0.2,5.1349594296220005,-191.91198603082444,2.737428891672584e-15,23,20,20,1.0,0.150717299228566,0.3516736981999875,65.75,52.5,68,49,0.0941025564344033,-0.1230753357831893,0.6913948933515595,0.3086051066484405,2.0741846800546786,0.1665552610313689,-0.196622809764864,"{'2024-03': 0.06800724914438594, '2024-04': -0.1405754141627582, '2024-05': 0.16655526103136897, '2024-06': 0.1491387184151285, '2024-07': -0.1068358151638309, '2024-08': -0.19662280976486401, '2024-09': -0.07891630683153095}",{'2024': -0.18677702660120254},792.7468577069974,1430.0327479501225,daily_mark_to_market_equity,L04__TQQQ_SOXL__vol_target_50,b,TQQQ_SOXL,L04,vol_target_50,stress,0,sha256:acd49d7f6e3e633cb9e24e4f31a698d59c7e8a2578e14056df443689e9c014bb,sensitivity_evaluation,W2,False,L04__TQQQ_SOXL__vol_target_50/stress/W2
tqqq_soxl,OK,2024-09-19,2025-03-18,1000.0,876.6702567592389,-123.3297432407611,-123.3297432407611,0.0,-0.123329743240761,-0.2343941042973496,0.199650846511073,2024-12-24,2025-03-04,55,0.3422262946397576,-0.6146117778917382,-0.678774273040099,-1.174020087534914,6165.6090347095505,15.513320140549617,15.413320140549615,0.0999999999999999,4.574972719788001,-127.90471596054934,0.0,10,10,10,1.0,0.543113384043701,0.3620755893624673,34.6,10.0,58,48,0.0486235643753556,-0.1066695834330874,0.5193482313376993,0.4806517686623007,1.5580446940130974,0.0836729998098961,-0.0952126357263484,"{'2024-09': 0.010516782912662004, '2024-10': -0.09521263572634842, '2024-11': 0.08367299980989618, '2024-12': 0.03640643534031751, '2025-01': -0.04873325401723849, '2025-02': -0.05659005398345174, '2025-03': -0.048705260585530485}","{'2024': 0.026876964176715035, '2025': -0.1462752721674897}",876.6702567592389,1095.3597600967137,daily_mark_to_market_equity,L04__TQQQ_SOXL__vol_target_50,b,TQQQ_SOXL,L04,vol_target_50,stress,0,sha256:acd49d7f6e3e633cb9e24e4f31a698d59c7e8a2578e14056df443689e9c014bb,sensitivity_evaluation,W3,False,L04__TQQQ_SOXL__vol_target_50/stress/W3
tqqq_soxl,OK,2025-03-19,2025-09-18,1000.0,1299.4854620867104,299.4854620867104,299.4854620867104,0.0,0.2994854620867104,0.6868504219450002,0.1055135136140217,2025-08-14,2025-08-21,19,0.2552566341735671,2.1648434701724546,2.2116478444732635,6.5095967181754855,1486.5849332046,3.750395680349892,3.710395680349891,0.04,1.12908320706,11.76932397563847,286.5870549040116,14,4,4,1.0,,,32.5,24.0,50,29,0.0588985230862955,-0.0562127095514451,0.4397680653639439,0.560231934636056,1.3193041960918317,0.191028065170427,-0.0089651780475498,"{'2025-03': 0.0, '2025-04': 0.0, '2025-05': -0.008965178047549816, '2025-06': 0.0826691897259999, '2025-07': -0.00262505785869549, '2025-08': 0.019544731154773842, '2025-09': 0.19102806517042703}",{'2025': 0.29948546208670934},991.03482195245,1299.4854620867104,daily_mark_to_market_equity,L04__TQQQ_SOXL__vol_target_50,b,TQQQ_SOXL,L04,vol_target_50,stress,0,sha256:acd49d7f6e3e633cb9e24e4f31a698d59c7e8a2578e14056df443689e9c014bb,sensitivity_evaluation,W4,False,L04__TQQQ_SOXL__vol_target_50/stress/W4
tqqq_soxl,OK,2025-09-19,2026-03-18,1000.0,1093.8576153892095,93.85761538920951,93.85761538920951,0.0,0.0938576153892094,0.1996593574326897,0.242891092362657,2025-10-29,2025-11-20,57,0.5605212585037557,0.6079770612720462,0.7762257037929715,0.8220118551510375,3861.0435926410623,9.910381343162268,9.650381343162268,0.26,1.232607817372,41.090614914295415,51.53439265754229,16,26,26,1.0,0.5694182536808038,1.5455638314193243,75.46153846153847,70.0,68,54,0.0961072175182433,-0.1413252298886003,0.7296593226225057,0.2703406773774943,2.188977967867517,0.200420881865571,-0.0854666488722878,"{'2025-09': -0.008202045843326955, '2025-10': 0.20042088186557105, '2025-11': -0.08546664887228783, '2025-12': -0.005138928323411895, '2026-01': 0.12298215771859655, '2026-02': -0.02963646858710922, '2026-03': -0.07330944394246786}","{'2025': 0.08322515082044712, '2026': 0.009815562868634276}",927.2625832906732,1294.013416163397,daily_mark_to_market_equity,L04__TQQQ_SOXL__vol_target_50,b,TQQQ_SOXL,L04,vol_target_50,stress,0,sha256:acd49d7f6e3e633cb9e24e4f31a698d59c7e8a2578e14056df443689e9c014bb,sensitivity_evaluation,W5,False,L04__TQQQ_SOXL__vol_target_50/stress/W5
tqqq_soxl,OK,2026-03-19,2026-09-18,1000.0,1686.1426698366818,686.1426698366818,686.1426698366818,0.0,0.6861426698366817,1.83699612748967,0.2528187749182405,2026-06-03,2026-07-29,74,0.5213929661175298,2.2524901941726205,3.0716889204656925,7.266058970832917,5537.929781028322,14.069192342027184,13.849192342027184,0.22,1.3494764677089994,684.7931924528348,9.161381834848218e-07,16,22,22,1.0,0.8696991705431382,18.263682581405902,79.27272727272727,77.0,75,49,0.0810914823985049,-0.1265919387548333,0.4390174565601815,0.5609825434398186,1.3170523696805447,0.5399261039050496,-0.1709590144811136,"{'2026-03': -0.028880567665200196, '2026-04': 0.5399261039050496, '2026-05': 0.32287992638826624, '2026-06': 0.023046862293900405, '2026-07': -0.1709590144811136, '2026-08': 0.02855694732559466, '2026-09': -0.022984405168741562}",{'2026': 0.6861426698366824},915.1077962548,2103.7583894630875,daily_mark_to_market_equity,L04__TQQQ_SOXL__vol_target_50,b,TQQQ_SOXL,L04,vol_target_50,stress,0,sha256:acd49d7f6e3e633cb9e24e4f31a698d59c7e8a2578e14056df443689e9c014bb,sensitivity_evaluation,W6,False,L04__TQQQ_SOXL__vol_target_50/stress/W6
tqqq_soxl,OK,2023-09-19,2024-03-18,1000.0,1086.3873378882413,86.38733788824129,86.38733788824129,0.0,0.0863873378882413,0.1819946867892747,0.0693225020676149,2023-12-27,2024-01-31,43,0.1710511547161685,1.061568476519247,1.2926486411725748,2.625333497220903,1270.72552857865,1.3005405293099213,1.2705405293099212,0.03,1.400278747551,52.931082880850056,32.05597625984002,4,3,3,1.0,,,48.666666666666664,50.0,42,34,0.0413154585790889,-0.0330854568776645,0.2165276379496359,0.7834723620503641,0.6495829138489079,0.0868805680495201,-0.0609028343975553,"{'2023-09': 0.0, '2023-10': 0.0, '2023-11': -0.00405828276545972, '2023-12': 0.08688056804952016, '2024-01': -0.060902834397555394, '2024-02': 0.077330312630145, '2024-03': -0.008004876216582746}","{'2023': 0.08246969937209148, '2024': 0.0036191669091736323}",981.3904066845402,1156.7132919308613,daily_mark_to_market_equity,L05__TQQQ_SOXL__atr_2.5,b,TQQQ_SOXL,L05,atr_2.5,base,0,sha256:acd49d7f6e3e633cb9e24e4f31a698d59c7e8a2578e14056df443689e9c014bb,sensitivity_evaluation,W1,False,L05__TQQQ_SOXL__atr_2.5/base/W1
tqqq_soxl,OK,2024-03-19,2024-09-18,1000.0,1017.2029179877628,17.20291798776293,17.20291798776293,0.0,0.0172029179877628,0.0346294488976779,0.0755571957472316,2024-06-18,2024-07-17,63,0.1248323389645771,0.3339731733936181,0.1770334046225257,0.4583209918685573,1076.98183483509,1.106998715269969,1.076998715269969,0.03,1.429481793033,15.773436194730024,0.0,3,3,3,1.0,0.7174217330778608,1.4348434661557217,32.333333333333336,27.0,27,16,0.0309385504581878,-0.0531697650644634,0.1079379760051033,0.8920620239948966,0.3238139280153101,0.0580133694056543,-0.0282015054892437,"{'2024-03': 0.0, '2024-04': 0.0, '2024-05': -0.010672184248639693, '2024-06': 0.05801336940565438, '2024-07': -0.028201505489243717, '2024-08': 0.0, '2024-09': 0.0}",{'2024': 0.0172029179877633},989.32781575136,1088.03084908136,daily_mark_to_market_equity,L05__TQQQ_SOXL__atr_2.5,b,TQQQ_SOXL,L05,atr_2.5,base,0,sha256:acd49d7f6e3e633cb9e24e4f31a698d59c7e8a2578e14056df443689e9c014bb,sensitivity_evaluation,W2,False,L05__TQQQ_SOXL__atr_2.5/base/W2
tqqq_soxl,OK,2024-09-19,2025-03-18,1000.0,926.50817543898,-73.49182456101994,-73.49182456101994,0.0,-0.0734918245610199,-0.1434916227934298,0.0739568244913241,2024-12-16,2025-02-25,61,0.0925031949146093,-1.643792970571964,-1.0991544647827318,-1.9402080035259337,1647.08893582742,1.697017141019927,1.647017141019927,0.05,0.0,-73.49182456101992,0.0,5,5,5,,,,13.8,9.0,22,24,0.0165751390346422,-0.0280722970775162,0.0768936132083776,0.9231063867916224,0.2306808396251329,0.0152723704554433,-0.03611632238114,"{'2024-09': 0.0, '2024-10': -0.03611632238114004, '2024-11': 0.015272370455443385, '2024-12': -0.0020750459431324586, '2025-01': -0.02972622974158845, '2025-02': -0.022200325063353676, '2025-03': 0.0}","{'2024': -0.023426183008149914, '2025': -0.05126662284177097}",926.50817543898,1000.50213633943,daily_mark_to_market_equity,L05__TQQQ_SOXL__atr_2.5,b,TQQQ_SOXL,L05,atr_2.5,base,0,sha256:acd49d7f6e3e633cb9e24e4f31a698d59c7e8a2578e14056df443689e9c014bb,sensitivity_evaluation,W3,False,L05__TQQQ_SOXL__atr_2.5/base/W3
tqqq_soxl,OK,2025-03-19,2025-09-18,1000.0,1080.7146486166505,80.71464861665027,80.71464861665027,0.0,0.0807146486166503,0.1675726584324841,0.0407726825089257,2025-08-14,2025-09-04,24,0.0950692375515294,1.6676874804641442,1.9617324416906052,4.109924785934799,1314.24923699507,1.3438565481699,1.3138565481699,0.03,0.85048077482,42.37523513664006,37.48893270519007,5,3,3,1.0,1.5113545020931831,3.0227090041863667,58.333333333333336,60.0,47,32,0.0237635749957936,-0.0166332318167382,0.1587820342213756,0.8412179657786244,0.4763461026641268,0.0603919120506073,-0.0157332905494488,"{'2025-03': 0.0, '2025-04': 0.0, '2025-05': -0.001383542945399996, '2025-06': 0.060391912050607344, '2025-07': 0.009765871788378622, '2025-08': -0.01573329054944883, '2025-09': 0.026862816769332554}",{'2025': 0.0807146486166499},990.7904586546,1087.5688138658202,daily_mark_to_market_equity,L05__TQQQ_SOXL__atr_2.5,b,TQQQ_SOXL,L05,atr_2.5,base,0,sha256:acd49d7f6e3e633cb9e24e4f31a698d59c7e8a2578e14056df443689e9c014bb,sensitivity_evaluation,W4,False,L05__TQQQ_SOXL__atr_2.5/base/W4
tqqq_soxl,OK,2025-09-19,2026-03-18,1000.0,911.2341118495792,-88.76588815042078,-88.76588815042078,0.0,-0.0887658881504207,-0.1719005828775547,0.1482483764469742,2025-10-08,2026-03-03,110,0.1738014353711442,-0.999029511824723,-0.8648868020296707,-1.159544455038538,2585.7761102212953,2.665689688224816,2.585689688224816,0.08,0.321797832804,-89.08768598322482,0.0,8,8,8,1.0,0.6232861051160505,0.2077620350386834,16.75,17.5,34,36,0.0339227768575041,-0.0677857690293936,0.1331976037630885,0.8668023962369115,0.3995928112892656,0.0330801424906619,-0.0591667155760148,"{'2025-09': 0.01052867971960425, '2025-10': 0.033080142490661935, '2025-11': -0.05359474429475686, '2025-12': -0.019456926045003042, '2026-01': 0.010469049849811007, '2026-02': -0.05916671557601483, '2026-03': -0.010609348110519057}","{'2025': -0.03121707142245056, '2026': -0.05940321100875379}",907.7125770219792,1065.7010235396042,daily_mark_to_market_equity,L05__TQQQ_SOXL__atr_2.5,b,TQQQ_SOXL,L05,atr_2.5,base,0,sha256:acd49d7f6e3e633cb9e24e4f31a698d59c7e8a2578e14056df443689e9c014bb,sensitivity_evaluation,W5,False,L05__TQQQ_SOXL__atr_2.5/base/W5
tqqq_soxl,OK,2026-03-19,2026-09-18,1000.0,1234.06250815905,234.0625081590499,234.0625081590499,0.0,0.2340625081590499,0.5215981934213332,0.1259814314452615,2026-06-03,2026-06-05,74,0.2445968881351022,1.8316735982469097,1.1541710671692451,4.140278352432959,944.50289370391,0.9747379309499632,0.9447379309499632,0.03,0.0,234.06250815905003,0.0,3,3,3,1.0,5.936792800141404,11.873585600282809,44.333333333333336,53.0,38,17,0.0487402503370824,-0.1078791368797921,0.1174207433003308,0.8825792566996692,0.3522622299009925,0.1792669678854919,-0.0338883762006879,"{'2026-03': 0.0, '2026-04': 0.10188217667726973, '2026-05': 0.1792669678854919, '2026-06': -0.033888376200687964, '2026-07': -0.016979535971757942, '2026-08': 0.0, '2026-09': 0.0}",{'2026': 0.23406250815905016},1000.0,1380.41373585727,daily_mark_to_market_equity,L05__TQQQ_SOXL__atr_2.5,b,TQQQ_SOXL,L05,atr_2.5,base,0,sha256:acd49d7f6e3e633cb9e24e4f31a698d59c7e8a2578e14056df443689e9c014bb,sensitivity_evaluation,W6,False,L05__TQQQ_SOXL__atr_2.5/base/W6
tqqq_soxl,OK,2023-09-19,2024-03-18,1000.0,1084.409235684701,84.40923568470089,84.40923568470089,0.0,0.0844092356847008,0.1776556978735655,0.0703685111650642,2023-12-27,2024-01-31,43,0.1712203019413962,1.0392157638708754,1.268343242293506,2.5246476716956026,1270.22138971055,3.204398549849925,3.1743985498499248,0.03,1.400161864551,51.34494214495008,31.6641316752,4,3,3,1.0,,,48.666666666666664,50.0,41,34,0.0413311598898096,-0.0330950059970163,0.216614743952251,0.7833852560477489,0.6498442318567532,0.0869094919720037,-0.0619556839075206,"{'2023-09': 0.0, '2023-10': 0.0, '2023-11': -0.004573933277399855, '2023-12': 0.0869094919720037, '2024-01': -0.0619556839075206, '2024-02': 0.07735893238417058, '2024-03': -0.00823895904145766}","{'2023': 0.08193804047715081, '2024': 0.0022840450331702566}",980.8772351726,1154.895116303826,daily_mark_to_market_equity,L05__TQQQ_SOXL__atr_2.5,b,TQQQ_SOXL,L05,atr_2.5,stress,0,sha256:acd49d7f6e3e633cb9e24e4f31a698d59c7e8a2578e14056df443689e9c014bb,sensitivity_evaluation,W1,False,L05__TQQQ_SOXL__atr_2.5/stress/W1
tqqq_soxl,OK,2024-03-19,2024-09-18,1000.0,1015.6113915883632,15.611391588363176,15.611391588363176,0.0,0.0156113915883631,0.0314010162607576,0.0759932110949251,2024-06-18,2024-07-17,63,0.1249002443455419,0.3089866671283652,0.1637460899129979,0.4132081775243552,1076.64960912375,2.721729671449886,2.6917296714498864,0.03,1.429338759813,14.182052828550098,0.0,3,3,3,1.0,0.693374876305206,1.386749752610412,32.333333333333336,27.0,27,16,0.0309501082839689,-0.0531995699770951,0.1079939514656946,0.8920060485343053,0.323981854397084,0.0578036334594405,-0.0289857509609942,"{'2024-03': 0.0, '2024-04': 0.0, '2024-05': -0.011226300440224546, '2024-06': 0.05780363345944051, '2024-07': -0.028985750960994205, '2024-08': 0.0, '2024-09': 0.0}",{'2024': 0.015611391588363999},988.7736995597752,1087.4607988397752,daily_mark_to_market_equity,L05__TQQQ_SOXL__atr_2.5,b,TQQQ_SOXL,L05,atr_2.5,stress,0,sha256:acd49d7f6e3e633cb9e24e4f31a698d59c7e8a2578e14056df443689e9c014bb,sensitivity_evaluation,W2,False,L05__TQQQ_SOXL__atr_2.5/stress/W2
tqqq_soxl,OK,2024-09-19,2025-03-18,1000.0,924.1310769494752,-75.86892305052481,-75.86892305052481,0.0,-0.0758689230505248,-0.147944836286472,0.0758689230505248,2024-09-19,2025-02-25,122,0.0926626465911918,-1.697562752070586,-1.1321659460442248,-1.9500057512078863,1645.7015750031749,4.163805780524924,4.113805780524924,0.05,0.0,-75.86892305052491,0.0,5,5,5,,,,13.8,9.0,22,24,0.016585937151766,-0.0280775020616181,0.0769307994391128,0.9230692005608871,0.2307923983173384,0.0149644140475935,-0.0367500420978501,"{'2024-09': 0.0, '2024-10': -0.036750042097850155, '2024-11': 0.014964414047593522, '2024-12': -0.0027561632757474586, '2025-01': -0.030051909946537392, '2025-02': -0.02277648776461505, '2025-03': 0.0}","{'2024': -0.025030173691975133, '2025': -0.05214392075195173}",924.1310769494752,1000.0,daily_mark_to_market_equity,L05__TQQQ_SOXL__atr_2.5,b,TQQQ_SOXL,L05,atr_2.5,stress,0,sha256:acd49d7f6e3e633cb9e24e4f31a698d59c7e8a2578e14056df443689e9c014bb,sensitivity_evaluation,W3,False,L05__TQQQ_SOXL__atr_2.5/stress/W3
tqqq_soxl,OK,2025-03-19,2025-09-18,1000.0,1078.7031458341305,78.70314583413028,78.70314583413028,0.0,0.0787031458341303,0.1632392467516348,0.0414336177028413,2025-07-30,2025-09-04,35,0.0950058649526181,1.629804405478481,1.9158528931353296,3.9397777891946046,1314.0686774954,3.312720845399895,3.2827208453998953,0.03,0.85039435953,41.06407417775006,36.78867729685007,5,3,3,1.0,1.4605066843131334,2.9210133686262667,58.333333333333336,60.0,47,32,0.0237783062948082,-0.0166363012734392,0.1588404008915434,0.8411595991084566,0.4765212026746304,0.0602320254314097,-0.0164076641726512,"{'2025-03': 0.0, '2025-04': 0.0, '2025-05': -0.001608689263499885, '2025-06': 0.06023202543140971, '2025-07': 0.009769703234626448, '2025-08': -0.01640766417265127, '2025-09': 0.026036385529042194}",{'2025': 0.07870314583413096},990.5653123365,1086.95077125528,daily_mark_to_market_equity,L05__TQQQ_SOXL__atr_2.5,b,TQQQ_SOXL,L05,atr_2.5,stress,0,sha256:acd49d7f6e3e633cb9e24e4f31a698d59c7e8a2578e14056df443689e9c014bb,sensitivity_evaluation,W4,False,L05__TQQQ_SOXL__atr_2.5/stress/W4
tqqq_soxl,OK,2025-09-19,2026-03-18,1000.0,907.6363431910416,-92.36365680895835,-92.36365680895835,0.0,-0.0923636568089583,-0.1785215319152694,0.1509613213201113,2025-10-08,2026-03-03,110,0.173577751536389,-1.0468098450322916,-0.906313703990866,-1.182564714949183,2582.0823756728623,6.534667496762381,6.454667496762381,0.08,0.321797832804,-92.6854546417624,0.0,8,8,8,1.0,1.372500890541943,0.1960715557917061,16.75,17.5,34,36,0.033225157670178,-0.0678290157322563,0.133261876181317,0.8667381238186829,0.3997856285439512,0.0318773771591307,-0.0598020623694552,"{'2025-09': 0.00985169930980434, '2025-10': 0.03187737715913075, '2025-11': -0.054042162686121054, '2025-12': -0.019772701147742988, '2026-01': 0.009946082437855441, '2026-02': -0.05980206236945529, '2026-03': -0.010740727620797474}","{'2025': -0.03376166330345798, '2026': -0.06064962574953647}",904.2466063412415,1065.024043129804,daily_mark_to_market_equity,L05__TQQQ_SOXL__atr_2.5,b,TQQQ_SOXL,L05,atr_2.5,stress,0,sha256:acd49d7f6e3e633cb9e24e4f31a698d59c7e8a2578e14056df443689e9c014bb,sensitivity_evaluation,W5,False,L05__TQQQ_SOXL__atr_2.5/stress/W5
tqqq_soxl,OK,2026-03-19,2026-09-18,1000.0,1232.6575787801,232.65757878010004,232.65757878010004,0.0,0.2326575787800999,0.5181426990920304,0.1260158138597988,2026-06-03,2026-06-05,74,0.2444611236155442,1.8233041331968192,1.1480352589141338,4.111727593716922,943.95600961535,2.391359079899957,2.361359079899957,0.03,0.0,232.6575787801,0.0,3,3,3,1.0,5.856395730894764,11.712791461789529,44.333333333333336,53.0,38,17,0.0487553882335096,-0.1079089510882225,0.1174523314927103,0.8825476685072897,0.3523569944781309,0.1793259466974874,-0.0346023686329292,"{'2026-03': 0.0, '2026-04': 0.10146925638824955, '2026-05': 0.17932594669748747, '2026-06': -0.034602368632929204, '2026-07': -0.017053257494018648, '2026-08': 0.0, '2026-09': 0.0}",{'2026': 0.23265757878009996},1000.0,1379.99089394825,daily_mark_to_market_equity,L05__TQQQ_SOXL__atr_2.5,b,TQQQ_SOXL,L05,atr_2.5,stress,0,sha256:acd49d7f6e3e633cb9e24e4f31a698d59c7e8a2578e14056df443689e9c014bb,sensitivity_evaluation,W6,False,L05__TQQQ_SOXL__atr_2.5/stress/W6
tqqq_soxl,OK,2023-09-19,2024-03-18,1000.0,1055.784604267174,55.78460426717402,55.78460426717402,0.0,0.0557846042671739,0.1157681579833587,0.0575080723045597,2023-12-27,2024-01-31,44,0.1241352715646703,0.94328236298077,1.152443158727449,2.01307665766045,775.0105455217299,0.7947549547699453,0.7747549547699453,0.02,0.999821211944,12.928066003390043,41.85671705184002,4,2,2,1.0,,,47.5,47.5,43,34,0.0295965018829424,-0.0243553200814163,0.160147385455096,0.8398526145449039,0.4804421563652882,0.0619331883650065,-0.0512869363357458,"{'2023-09': 0.0, '2023-10': 0.0, '2023-11': -0.0028940871250900946, '2023-12': 0.0619331883650065, '2024-01': -0.05128693633574588, '2024-02': 0.05494505526846294, '2024-03': -0.003741321755467486}","{'2023': 0.058859861196853824, '2024': -0.0029043096658734058}",986.72013397491,1102.941572527174,daily_mark_to_market_equity,L05__TQQQ_SOXL__atr_3.5,b,TQQQ_SOXL,L05,atr_3.5,base,0,sha256:acd49d7f6e3e633cb9e24e4f31a698d59c7e8a2578e14056df443689e9c014bb,sensitivity_evaluation,W1,False,L05__TQQQ_SOXL__atr_3.5/base/W1
tqqq_soxl,OK,2024-03-19,2024-09-18,1000.0,1030.4411976617212,30.44119766172116,30.44119766172116,0.0,0.0304411976617211,0.0616785758828068,0.0569675322765009,2024-07-10,2024-07-17,49,0.0978597241833262,0.6572181657209362,0.3532318883025647,1.0826969927965304,559.59527083485,0.5796252714099831,0.5596252714099831,0.02,1.020247783131,29.420949878590005,0.0,2,2,2,1.0,,,57.0,57.0,27,17,0.0220042587245181,-0.043012478281208,0.0897133260061338,0.9102866739938662,0.2691399780184014,0.0437327541992051,-0.0076088287181305,"{'2024-03': 0.0, '2024-04': 0.0, '2024-05': -0.007608828718130511, '2024-06': 0.04373275419920519, '2024-07': -0.0051651075389855805, '2024-08': 0.0, '2024-09': 0.0}",{'2024': 0.030441197661720043},992.39117128187,1090.9617702650012,daily_mark_to_market_equity,L05__TQQQ_SOXL__atr_3.5,b,TQQQ_SOXL,L05,atr_3.5,base,0,sha256:acd49d7f6e3e633cb9e24e4f31a698d59c7e8a2578e14056df443689e9c014bb,sensitivity_evaluation,W2,False,L05__TQQQ_SOXL__atr_3.5/base/W2
tqqq_soxl,OK,2024-09-19,2025-03-18,1000.0,938.098634480189,-61.90136551981095,-61.90136551981095,0.0,-0.0619013655198109,-0.1216095833044075,0.0736486516683362,2024-12-16,2025-02-28,61,0.0791074264819773,-1.6150240500055617,-1.3181453750947645,-1.651212623036942,855.4834560731699,0.8954219139899591,0.855421913989959,0.04,0.536139564179,-62.43750508398995,0.0,4,4,4,1.0,0.3347191578291881,0.1115730526097293,27.5,13.0,34,33,0.011843387233791,-0.0200342072839522,0.0863086654301122,0.9136913345698878,0.2589259962903367,0.0222509099517742,-0.03487920591682,"{'2024-09': 0.0, '2024-10': -0.03487920591682003, '2024-11': 0.022250909951774256, '2024-12': -0.0009561608285021395, '2025-01': -0.01867579678009046, '2025-02': -0.03013280744536151, '2025-03': 0.0}","{'2024': -0.014347734110911059, '2025': -0.04824585003718862}",938.098634480189,1012.68124256491,daily_mark_to_market_equity,L05__TQQQ_SOXL__atr_3.5,b,TQQQ_SOXL,L05,atr_3.5,base,0,sha256:acd49d7f6e3e633cb9e24e4f31a698d59c7e8a2578e14056df443689e9c014bb,sensitivity_evaluation,W3,False,L05__TQQQ_SOXL__atr_3.5/base/W3
tqqq_soxl,OK,2025-03-19,2025-09-18,1000.0,1088.504267015081,88.50426701508104,88.50426701508104,0.0,0.088504267015081,0.1844298079134669,0.0264978923270825,2025-08-14,2025-08-21,19,0.0725324136400741,2.356716301980446,2.672320327505006,6.960168968796354,395.28918077026,0.4050932350599694,0.3950932350599694,0.01,0.606950170141,20.463240211200016,67.43407663374003,3,1,1,1.0,,,60.0,60.0,54,30,0.0152558228247532,-0.0139761155585527,0.1317898465502622,0.8682101534497377,0.3953695396507868,0.0453423484338262,-0.0077588605765923,"{'2025-03': 0.0, '2025-04': 0.0, '2025-05': -0.0009882446821800617, '2025-06': 0.04307527325346738, '2025-07': 0.007089604038966968, '2025-08': -0.0077588605765923635, '2025-09': 0.04534234843382623}",{'2025': 0.08850426701508152},993.42175803782,1088.504267015081,daily_mark_to_market_equity,L05__TQQQ_SOXL__atr_3.5,b,TQQQ_SOXL,L05,atr_3.5,base,0,sha256:acd49d7f6e3e633cb9e24e4f31a698d59c7e8a2578e14056df443689e9c014bb,sensitivity_evaluation,W4,False,L05__TQQQ_SOXL__atr_3.5/base/W4
tqqq_soxl,OK,2025-09-19,2026-03-18,1000.0,947.96324905029,-52.036750949709926,-52.036750949709926,0.0,-0.0520367509497099,-0.1027652468642904,0.133400154829646,2025-10-29,2026-03-09,95,0.1681099344840277,-0.5619261849650583,-0.6024820107558218,-0.77035328029059,1246.9272828602298,1.2968763131299448,1.2468763131299447,0.05,0.22985559342,-52.26660654312994,0.0,5,5,5,1.0,0.2788869875228629,0.0697217468807157,39.8,61.0,45,48,0.0301461583712809,-0.0492370651185279,0.1646606878182785,0.8353393121817214,0.4939820634548357,0.0723683896668294,-0.0769005700437199,"{'2025-09': 0.007520485334499671, '2025-10': 0.07236838966682946, '2025-11': -0.07690057004371997, '2025-12': -0.01390060293639983, '2026-01': 0.007574705635251755, '2026-02': -0.014100348172190302, '2026-03': -0.029681154619838113}","{'2025': -0.016516529822510284, '2026': -0.03611674441339552}",947.96324905029,1093.8880895645002,daily_mark_to_market_equity,L05__TQQQ_SOXL__atr_3.5,b,TQQQ_SOXL,L05,atr_3.5,base,0,sha256:acd49d7f6e3e633cb9e24e4f31a698d59c7e8a2578e14056df443689e9c014bb,sensitivity_evaluation,W5,False,L05__TQQQ_SOXL__atr_3.5/base/W5
tqqq_soxl,OK,2026-03-19,2026-09-18,1000.0,1160.55689899836,160.55689899835988,160.55689899835988,0.0,0.1605568989983599,0.3460706311738941,0.1036210186416645,2026-06-03,2026-07-07,74,0.2478512165622112,1.3174853883559123,1.0685348630605207,3.3397725259838755,549.52075505912,0.5696818816399793,0.5496818816399793,0.02,0.0,160.55689899836,0.0,2,2,2,1.0,,,74.5,74.5,44,22,0.0367560611962141,-0.0831355538751177,0.1162218501830316,0.8837781498169683,0.3486655505490951,0.1312362073020374,-0.0606957421466368,"{'2026-03': 0.0, '2026-04': 0.07266040716962063, '2026-05': 0.13123620730203744, '2026-06': 0.018226976352723634, '2026-07': -0.060695742146636866, '2026-08': 0.0, '2026-09': 0.0}",{'2026': 0.160556898998361},1000.0,1271.25913832962,daily_mark_to_market_equity,L05__TQQQ_SOXL__atr_3.5,b,TQQQ_SOXL,L05,atr_3.5,base,0,sha256:acd49d7f6e3e633cb9e24e4f31a698d59c7e8a2578e14056df443689e9c014bb,sensitivity_evaluation,W6,False,L05__TQQQ_SOXL__atr_3.5/base/W6
tqqq_soxl,OK,2023-09-19,2024-03-18,1000.0,1054.585425024299,54.58542502429896,54.58542502429896,0.0,0.0545854250242989,0.1132122615523896,0.0582567785242044,2023-12-27,2024-01-31,44,0.12419403842715,0.924438400557015,1.126121475681537,1.943331993638344,775.121040159325,1.956206565724972,1.936206565724972,0.02,0.999761570024,12.168302734275034,41.417360720000005,4,2,2,1.0,,,47.5,47.5,41,35,0.0296045693666251,-0.0243605012198629,0.1601930118589203,0.8398069881410797,0.4805790355767609,0.0619478851007704,-0.0520391708535039,"{'2023-09': 0.0, '2023-10': 0.0, '2023-11': -0.0032625065475254678, '2023-12': 0.06194788510077043, '2024-01': -0.05203917085350396, '2024-02': 0.05495952716512509, '2024-03': -0.003742566787091506}","{'2023': 0.058483273172498684, '2024': -0.0036824844066893903}",986.352979512475,1101.698134524299,daily_mark_to_market_equity,L05__TQQQ_SOXL__atr_3.5,b,TQQQ_SOXL,L05,atr_3.5,stress,0,sha256:acd49d7f6e3e633cb9e24e4f31a698d59c7e8a2578e14056df443689e9c014bb,sensitivity_evaluation,W1,False,L05__TQQQ_SOXL__atr_3.5/stress/W1
tqqq_soxl,OK,2024-03-19,2024-09-18,1000.0,1029.600346416326,29.60034641632592,29.60034641632592,0.0,0.0296003464163259,0.0599501464937355,0.0569811019357875,2024-07-10,2024-07-17,49,0.0979028629112567,0.6404223698673408,0.3449163115285469,1.0521057764255566,559.4988823643249,1.4189347003249742,1.398934700324974,0.02,1.020174846651,28.580171569675016,0.0,2,2,2,1.0,,,57.0,57.0,27,17,0.0220101086535011,-0.0430224097253929,0.089739419660442,0.910260580339558,0.2692182589813262,0.0437468040646673,-0.0080047355573249,"{'2024-03': 0.0, '2024-04': 0.0, '2024-05': -0.008004735557324949, '2024-06': 0.043746804064667355, '2024-07': -0.005593573376634797, '2024-08': 0.0, '2024-09': 0.0}",{'2024': 0.029600346416326362},991.995264442675,1090.556030489326,daily_mark_to_market_equity,L05__TQQQ_SOXL__atr_3.5,b,TQQQ_SOXL,L05,atr_3.5,stress,0,sha256:acd49d7f6e3e633cb9e24e4f31a698d59c7e8a2578e14056df443689e9c014bb,sensitivity_evaluation,W2,False,L05__TQQQ_SOXL__atr_3.5/stress/W2
tqqq_soxl,OK,2024-09-19,2025-03-18,1000.0,936.857195910154,-63.14280408984587,-63.14280408984587,0.0,-0.0631428040898458,-0.1239667277531436,0.0744717228066363,2024-12-16,2025-02-28,61,0.0792440316379423,-1.6463203672103548,-1.3416487239463213,-1.664614743437849,855.239106685675,2.177713384024925,2.137713384024925,0.04,0.536139564179,-63.67894365402491,0.0,4,4,4,1.0,0.3116891018187859,0.1038963672729286,27.5,13.0,34,33,0.0118487541664791,-0.0200368546941416,0.0863426182877377,0.9136573817122624,0.2590278548632132,0.022161569804681,-0.0352260488420493,"{'2024-09': 0.0, '2024-10': -0.035226048842049384, '2024-11': 0.02216156980468109, '2024-12': -0.0009565881764693751, '2025-01': -0.019141465938451674, '2025-02': -0.03052292503434373, '2025-03': 0.0}","{'2024': -0.01478848765354479, '2025': -0.0490801374429084}",936.857195910154,1012.240489022275,daily_mark_to_market_equity,L05__TQQQ_SOXL__atr_3.5,b,TQQQ_SOXL,L05,atr_3.5,stress,0,sha256:acd49d7f6e3e633cb9e24e4f31a698d59c7e8a2578e14056df443689e9c014bb,sensitivity_evaluation,W3,False,L05__TQQQ_SOXL__atr_3.5/stress/W3
tqqq_soxl,OK,2025-03-19,2025-09-18,1000.0,1087.899695590971,87.89969559097108,87.89969559097108,0.0,0.087899695590971,0.1831171673700757,0.0267323175596488,2025-07-30,2025-08-21,30,0.0725249937436345,2.3417400603351006,2.653851444553137,6.850029630295956,395.5097775612499,0.9975500416499838,0.9875500416499838,0.01,0.6069061126209999,20.192263137600023,67.10052634075001,3,1,1,1.0,,,60.0,60.0,54,30,0.0152596607082959,-0.0139802673582105,0.1318263934178104,0.8681736065821896,0.3954791802534313,0.0453565664598123,-0.0080561726879495,"{'2025-03': 0.0, '2025-04': 0.0, '2025-05': -0.0011490634354499596, '2025-06': 0.04296003086106848, '2025-07': 0.007091609850366165, '2025-08': -0.008056172687949559, '2025-09': 0.04535656645981234}",{'2025': 0.0878996955909701},993.26093928455,1087.899695590971,daily_mark_to_market_equity,L05__TQQQ_SOXL__atr_3.5,b,TQQQ_SOXL,L05,atr_3.5,stress,0,sha256:acd49d7f6e3e633cb9e24e4f31a698d59c7e8a2578e14056df443689e9c014bb,sensitivity_evaluation,W4,False,L05__TQQQ_SOXL__atr_3.5/stress/W4
tqqq_soxl,OK,2025-09-19,2026-03-18,1000.0,946.1531384753577,-53.84686152464235,-53.84686152464235,0.0,-0.0538468615246423,-0.1062382924125733,0.1346723827576295,2025-10-29,2026-03-09,95,0.1681499533463069,-0.584842754391188,-0.6277083174060263,-0.7888647266587008,1246.2784515729622,3.165377933062442,3.115377933062442,0.05,0.22985559342,-54.07671711806244,0.0,5,5,5,1.0,0.2463353800885161,0.061583845022129,39.8,61.0,46,48,0.0301608497465251,-0.049259878226446,0.1647325250618256,0.8352674749381743,0.4941975751854769,0.0724031394078106,-0.0773796785924979,"{'2025-09': 0.007036927906119761, '2025-10': 0.07240313940781062, '2025-11': -0.07737967859249795, '2025-12': -0.01412614782380539, '2026-01': 0.007202841649914582, '2026-02': -0.014305599266086988, '2026-03': -0.029815425894329728}","{'2025': -0.017691646473754652, '2026': -0.03680638052307972}",946.1531384753577,1093.40453213612,daily_mark_to_market_equity,L05__TQQQ_SOXL__atr_3.5,b,TQQQ_SOXL,L05,atr_3.5,stress,0,sha256:acd49d7f6e3e633cb9e24e4f31a698d59c7e8a2578e14056df443689e9c014bb,sensitivity_evaluation,W5,False,L05__TQQQ_SOXL__atr_3.5/stress/W5
tqqq_soxl,OK,2026-03-19,2026-09-18,1000.0,1159.7278887204002,159.7278887204002,159.7278887204002,0.0,0.1597278887204001,0.3441522011782192,0.1038533625725465,2026-06-03,2026-07-07,74,0.2478421751884679,1.3117998282940313,1.0635591599219298,3.313828196345713,549.2498187893,1.394131559599981,1.374131559599981,0.02,0.0,159.7278887204,0.0,2,2,2,1.0,,,74.5,74.5,44,22,0.0367646244919563,-0.0831532034398728,0.1162545719046185,0.8837454280953815,0.3487637157138555,0.1312677542169078,-0.0609391927135352,"{'2026-03': 0.0, '2026-04': 0.0723673913655496, '2026-05': 0.13126775421690784, '2026-06': 0.018013127351883984, '2026-07': -0.060939192713535206, '2026-08': 0.0, '2026-09': 0.0}",{'2026': 0.15972788872039922},1000.0,1270.9610581255502,daily_mark_to_market_equity,L05__TQQQ_SOXL__atr_3.5,b,TQQQ_SOXL,L05,atr_3.5,stress,0,sha256:acd49d7f6e3e633cb9e24e4f31a698d59c7e8a2578e14056df443689e9c014bb,sensitivity_evaluation,W6,False,L05__TQQQ_SOXL__atr_3.5/stress/W6
tqqq_soxl,OK,2023-09-19,2024-03-18,1000.0,1136.9205537662654,136.92055376626536,136.92055376626536,0.0,0.1369205537662654,0.2955700947544348,0.0640658178450948,2023-09-19,2023-12-06,76,0.1731006524964404,1.578852903649177,1.9942130616425675,4.613538150236307,11402.591378821604,11.56199633873442,11.40199633873442,0.16,0.0,159.3028754148054,-22.38232164853993,18,16,16,1.0,1.8683289762210895,4.110323747686397,2.875,2.5,17,16,0.0774927694229365,-0.025950411596869,0.0874801306622723,0.9125198693377276,0.2624403919868169,0.1503725885995761,-0.03848011027589,"{'2023-09': -0.007062954752761863, '2023-10': -0.038480110275890045, '2023-11': -0.0008755994258098365, '2023-12': 0.042538534769842595, '2024-01': 0.013366912658279162, '2024-02': 0.15037258859957614, '2024-03': -0.0193067076112714}","{'2023': -0.005530041401404895, '2024': 0.14324273341389904}",935.9341821549052,1159.3028754148052,daily_mark_to_market_equity,L06__TQQQ_SOXL__rsi_15,b,TQQQ_SOXL,L06,rsi_15,base,0,sha256:acd49d7f6e3e633cb9e24e4f31a698d59c7e8a2578e14056df443689e9c014bb,sensitivity_evaluation,W1,False,L06__TQQQ_SOXL__rsi_15/base/W1
tqqq_soxl,OK,2024-03-19,2024-09-18,1000.0,1081.0965885571748,81.09658855717475,81.09658855717475,0.0,0.0810965885571748,0.1683963858296251,0.0652806678073156,2024-06-28,2024-07-19,56,0.1309394547064098,1.2469599914265546,0.9671855006789736,2.5795751098421484,11945.826002056998,12.115917815319309,11.945917815319309,0.17,1.399243372494,79.69734518468073,0.0,17,17,17,1.0,0.80287768975992,1.926906455423808,2.5294117647058822,1.0,25,16,0.033970986222015,-0.0380768251069965,0.0863701223572952,0.9136298776427048,0.2591103670718856,0.0567298867474426,-0.0308375734565891,"{'2024-03': 0.039577109158760226, '2024-04': -0.011806615709354706, '2024-05': 0.02399435654983484, '2024-06': 0.056729886747442615, '2024-07': -0.030837573456589107, '2024-08': 0.001609698664110315, '2024-09': 0.001864996596917079}",{'2024': 0.08109658855717594},1005.4253423776402,1111.6298591384443,daily_mark_to_market_equity,L06__TQQQ_SOXL__rsi_15,b,TQQQ_SOXL,L06,rsi_15,base,0,sha256:acd49d7f6e3e633cb9e24e4f31a698d59c7e8a2578e14056df443689e9c014bb,sensitivity_evaluation,W2,False,L06__TQQQ_SOXL__rsi_15/base/W2
tqqq_soxl,OK,2024-09-19,2025-03-18,1000.0,1105.32212234188,105.32212234188,105.32212234188,0.0,0.1053221223418801,0.2253104845755535,0.0359060258844647,2025-01-30,2025-02-25,32,0.0875358112426811,2.3879253377895595,2.1526344874793764,6.275004794474821,8522.85651134036,8.642969307419415,8.522969307419416,0.12,1.169012009299,104.15311033258062,0.0,12,12,12,1.0,1.3875231972577866,4.16256959177336,4.166666666666667,4.5,22,14,0.0256606961777638,-0.0174877236715821,0.0809312861087128,0.9190687138912872,0.2427938583261384,0.0470410268142609,-0.0190154235789865,"{'2024-09': 0.0, '2024-10': 0.04704102681426092, '2024-11': 0.03522097331519536, '2024-12': 0.002263283352221146, '2025-01': 0.03073735553016066, '2025-02': -0.019015423578986557, '2025-03': 0.006236542299490333}","{'2024': 0.08637204632468976, '2025': 0.01744344958184474}",1000.0,1121.8275969005997,daily_mark_to_market_equity,L06__TQQQ_SOXL__rsi_15,b,TQQQ_SOXL,L06,rsi_15,base,0,sha256:acd49d7f6e3e633cb9e24e4f31a698d59c7e8a2578e14056df443689e9c014bb,sensitivity_evaluation,W3,False,L06__TQQQ_SOXL__rsi_15/base/W3
tqqq_soxl,OK,2025-03-19,2025-09-18,1000.0,1107.9708294035604,107.9708294035604,107.9708294035604,0.0,0.1079708294035604,0.227083622574836,0.018958522418654,2025-08-08,2025-08-21,10,0.0827474432852147,2.5000064254782934,2.576583342264534,11.97791777018443,4930.968564529059,5.001081536439691,4.931081536439691,0.07,0.0,107.97082940356036,0.0,7,7,7,1.0,,,3.7142857142857144,4.0,12,6,0.0417849308709872,-0.0133093898489136,0.0522342342157335,0.9477657657842664,0.1567027026472006,0.0459727785170378,0.0,"{'2025-03': 0.0, '2025-04': 0.0, '2025-05': 0.0, '2025-06': 0.0, '2025-07': 0.02195063144917997, '2025-08': 0.04597277851703785, '2025-09': 0.03652081530347839}",{'2025': 0.1079708294035604},999.02672515195,1107.9708294035604,daily_mark_to_market_equity,L06__TQQQ_SOXL__rsi_15,b,TQQQ_SOXL,L06,rsi_15,base,0,sha256:acd49d7f6e3e633cb9e24e4f31a698d59c7e8a2578e14056df443689e9c014bb,sensitivity_evaluation,W4,False,L06__TQQQ_SOXL__rsi_15/base/W4
tqqq_soxl,OK,2025-09-19,2026-03-18,1000.0,998.0038156030004,-1.9961843969995243,-1.9961843969995243,0.0,-0.0019961843969995,-0.0040464301397439,0.086638457281181,2025-11-05,2025-12-17,63,0.1791294790111892,0.0655890231526543,0.0728437780581641,-0.0467047806104329,12659.939853233687,12.849950706999303,12.659950706999306,0.19,0.0,-1.996184396999318,0.0,19,19,19,1.0,1.3542144225751145,0.9848832164182648,3.1052631578947367,3.0,22,22,0.0540151032075442,-0.0356175515498501,0.0986164274533107,0.9013835725466892,0.2958492823599322,0.0433953429522455,-0.0413545664142811,"{'2025-09': 0.005929966065880032, '2025-10': 0.006877934898926075, '2025-11': 0.010328119298894212, '2025-12': -0.041354566414281146, '2026-01': 0.006629432322008633, '2026-02': 0.043395342952245564, '2026-03': -0.0313906305391316}","{'2025': -0.01900901209521444, '2026': 0.017342491325584186}",950.2907868795352,1046.1418955431504,daily_mark_to_market_equity,L06__TQQQ_SOXL__rsi_15,b,TQQQ_SOXL,L06,rsi_15,base,0,sha256:acd49d7f6e3e633cb9e24e4f31a698d59c7e8a2578e14056df443689e9c014bb,sensitivity_evaluation,W5,False,L06__TQQQ_SOXL__rsi_15/base/W5
tqqq_soxl,OK,2026-03-19,2026-09-18,1000.0,1020.3493313697168,20.349331369716765,20.349331369716765,0.0,0.0203493313697167,0.0410268055544567,0.0941315047151267,2026-07-20,2026-08-20,43,0.2403235608085104,0.2831750235689047,0.2219296495036286,0.43584563615144,9589.825421097132,9.72985550028357,9.58985550028357,0.14,0.0,20.349331369716552,0.0,14,14,14,1.0,1.128901974886646,1.1289019748866458,2.357142857142857,2.0,10,18,0.1052881628038251,-0.0535637771799014,0.064492460022445,0.935507539977555,0.1934773800673351,0.0736822434373785,-0.0349733100814,"{'2026-03': -0.03497331008140003, '2026-04': 0.0, '2026-05': 0.0736822434373785, '2026-06': 0.01081867120465918, '2026-07': -0.02908633814909234, '2026-08': 0.009181238008662218, '2026-09': -0.005715307595064223}",{'2026': 0.020349331369716506},949.7494036354,1114.0262095805906,daily_mark_to_market_equity,L06__TQQQ_SOXL__rsi_15,b,TQQQ_SOXL,L06,rsi_15,base,0,sha256:acd49d7f6e3e633cb9e24e4f31a698d59c7e8a2578e14056df443689e9c014bb,sensitivity_evaluation,W6,False,L06__TQQQ_SOXL__rsi_15/base/W6
tqqq_soxl,OK,2023-09-19,2024-03-18,1000.0,1117.9646913261647,117.96469132616473,117.96469132616473,0.0,0.1179646913261647,0.2523500573537618,0.0714603874869859,2023-09-19,2023-12-06,76,0.1741305647867373,1.3757002507125224,1.8236425083771657,3.5313278618831845,11314.201969263137,28.441845809435463,28.281845809435463,0.16,0.0,141.1257884469645,-23.161097120800022,18,16,16,1.0,1.6030821551487722,3.5267807413272982,2.875,2.5,18,14,0.0775686906965404,-0.0264483431313725,0.0875532138591791,0.9124467861408208,0.2626596415775374,0.1458907812992282,-0.0413256972050746,"{'2023-09': -0.010011850073795014, '2023-10': -0.04132569720507462, '2023-11': -0.0018653537420516564, '2023-12': 0.03942299523706705, '2024-01': 0.011364629576008145, '2024-02': 0.14589078129922828, '2024-03': -0.020296708176511746}","{'2023': -0.015348529951335732, '2024': 0.1353912783686917}",928.539612513014,1141.1257884469646,daily_mark_to_market_equity,L06__TQQQ_SOXL__rsi_15,b,TQQQ_SOXL,L06,rsi_15,stress,0,sha256:acd49d7f6e3e633cb9e24e4f31a698d59c7e8a2578e14056df443689e9c014bb,sensitivity_evaluation,W1,False,L06__TQQQ_SOXL__rsi_15/stress/W1
tqqq_soxl,OK,2024-03-19,2024-09-18,1000.0,1062.9711788900108,62.97117889001083,62.97117889001083,0.0,0.0629711788900109,0.129624970776957,0.0671212307172582,2024-06-28,2024-07-25,56,0.1303669257156197,0.9944294223831662,0.7624362122524947,1.931206704522295,11852.447342154575,29.801689518424197,29.631689518424196,0.17,1.386782238435,61.58439665157582,0.0,17,17,17,1.0,0.7005553470331041,1.6813328328794497,2.5294117647058822,1.0,24,17,0.0335171475901812,-0.0381156415337433,0.0864388260261051,0.9135611739738948,0.2593164780783153,0.0536031352291521,-0.0346960238065581,"{'2024-03': 0.03852667811690047, '2024-04': -0.016683940948649667, '2024-05': 0.022460187433578582, '2024-06': 0.053603135229152166, '2024-07': -0.03469602380655812, '2024-08': 0.00010366712557496882, '2024-09': 0.0008710429868679093}",{'2024': 0.0629711788900118},1004.9303424041,1100.1052823021105,daily_mark_to_market_equity,L06__TQQQ_SOXL__rsi_15,b,TQQQ_SOXL,L06,rsi_15,stress,0,sha256:acd49d7f6e3e633cb9e24e4f31a698d59c7e8a2578e14056df443689e9c014bb,sensitivity_evaluation,W2,False,L06__TQQQ_SOXL__rsi_15/stress/W2
tqqq_soxl,OK,2024-09-19,2025-03-18,1000.0,1092.2421854832376,92.24218548323756,92.24218548323756,0.0,0.0922421854832376,0.1960670555328481,0.037335455609489,2025-01-30,2025-02-25,32,0.087709714830982,2.1051110422926724,1.848053428194824,5.251497600126151,8477.039379455873,21.313300907424345,21.193300907424344,0.12,1.162080740662,91.08010474257568,0.0,12,12,12,1.0,1.1804977166101132,3.5414931498303392,4.166666666666667,4.5,21,14,0.0256857483503614,-0.0179789383847785,0.0809843240176448,0.9190156759823552,0.2429529720529344,0.0429174117299751,-0.0209464134567005,"{'2024-09': 0.0, '2024-10': 0.0429174117299751, '2024-11': 0.033152054130535236, '2024-12': 0.0007635686649523077, '2025-01': 0.02870405686078259, '2025-02': -0.020946413456700563, '2025-03': 0.005718368502210414}","{'2024': 0.07831500554853732, '2025': 0.012915687774943008}",1000.0,1111.3120241816373,daily_mark_to_market_equity,L06__TQQQ_SOXL__rsi_15,b,TQQQ_SOXL,L06,rsi_15,stress,0,sha256:acd49d7f6e3e633cb9e24e4f31a698d59c7e8a2578e14056df443689e9c014bb,sensitivity_evaluation,W3,False,L06__TQQQ_SOXL__rsi_15/stress/W3
tqqq_soxl,OK,2025-03-19,2025-09-18,1000.0,1100.3084333590757,100.3084333590757,100.3084333590757,0.0,0.1003084333590758,0.2102044405182419,0.0199485234066413,2025-08-08,2025-08-21,10,0.0822637145193742,2.3467163187301012,2.384915890111105,10.537343352854878,4917.663537128975,12.36486305092466,12.29486305092466,0.07,0.0,100.3084333590754,0.0,7,7,7,1.0,,,3.7142857142857144,4.0,12,6,0.0418271416727924,-0.0133224036829359,0.0522806864487662,0.9477193135512336,0.1568420593462987,0.0418528321508269,0.0,"{'2025-03': 0.0, '2025-04': 0.0, '2025-05': 0.0, '2025-06': 0.0, '2025-07': 0.020926666542950167, '2025-08': 0.04185283215082691, '2025-09': 0.034459559464979916}",{'2025': 0.1003084333590758},998.5317251548752,1100.3084333590757,daily_mark_to_market_equity,L06__TQQQ_SOXL__rsi_15,b,TQQQ_SOXL,L06,rsi_15,stress,0,sha256:acd49d7f6e3e633cb9e24e4f31a698d59c7e8a2578e14056df443689e9c014bb,sensitivity_evaluation,W4,False,L06__TQQQ_SOXL__rsi_15/stress/W4
tqqq_soxl,OK,2025-09-19,2026-03-18,1000.0,979.347592590488,-20.652407409511852,-20.652407409511852,0.0,-0.0206524074095117,-0.0414619028908488,0.0921487498233623,2025-11-05,2025-12-17,90,0.1790250131203896,-0.1486262804590056,-0.1699736674192797,-0.4499453651875489,12550.921554393264,31.567372104511836,31.377372104511835,0.19,0.0,-20.65240740951187,0.0,19,19,19,1.0,1.174063277094728,0.8538642015234386,3.1052631578947367,3.0,21,21,0.0540415297925822,-0.0356716741571125,0.0986939921713187,0.9013060078286812,0.2960819765139563,0.0402741396919952,-0.0432746409071899,"{'2025-09': 0.004930056384700121, '2025-10': 0.004885577830424426, '2025-11': 0.005330556531089714, '2025-12': -0.04327464090718991, '2026-01': 0.0036695561426103307, '2026-02': 0.040274139691995225, '2026-03': -0.03428341689324843}","{'2025': -0.028710670893436818, '2026': 0.008296460428879104}",941.297803286688,1036.8414463311503,daily_mark_to_market_equity,L06__TQQQ_SOXL__rsi_15,b,TQQQ_SOXL,L06,rsi_15,stress,0,sha256:acd49d7f6e3e633cb9e24e4f31a698d59c7e8a2578e14056df443689e9c014bb,sensitivity_evaluation,W5,False,L06__TQQQ_SOXL__rsi_15/stress/W5
tqqq_soxl,OK,2026-03-19,2026-09-18,1000.0,1006.3025184397457,6.302518439745654,6.302518439745654,0.0,0.0063025184397456,0.0126186844277786,0.0968700823253791,2026-07-20,2026-08-20,43,0.2405911988278478,0.1688455239802754,0.1301948533332961,0.1302640002451272,9531.070356143198,23.967865080254576,23.827865080254576,0.14,0.0,6.3025184397455565,0.0,14,14,14,1.0,1.0384595305721176,1.0384595305721176,2.357142857142857,2.0,11,16,0.1054016073353474,-0.0536183958440134,0.0645428031104004,0.9354571968895996,0.1936284093312012,0.0715636564763972,-0.0359118035034998,"{'2026-03': -0.03591180350349987, '2026-04': 0.0, '2026-05': 0.07156365647639729, '2026-06': 0.00782426893717525, '2026-07': -0.03294812030073779, '2026-08': 0.007183266865669946, '2026-09': -0.007682316234920328}",{'2026': 0.00630251843974472},949.2009121045752,1105.2930710300252,daily_mark_to_market_equity,L06__TQQQ_SOXL__rsi_15,b,TQQQ_SOXL,L06,rsi_15,stress,0,sha256:acd49d7f6e3e633cb9e24e4f31a698d59c7e8a2578e14056df443689e9c014bb,sensitivity_evaluation,W6,False,L06__TQQQ_SOXL__rsi_15/stress/W6
tqqq_soxl,OK,2023-09-19,2024-03-18,1000.0,1019.7624708019752,19.76247080197527,19.76247080197527,0.0,0.0197624708019752,0.0402809771290344,0.0227093089528216,2023-10-24,2024-01-04,51,0.0850049919968089,0.5053780081724176,0.4820783028272418,1.7737649883013953,3972.473738056664,4.032497533024879,3.972497533024879,0.06,0.0,19.76247080197514,0.0,6,6,6,1.0,1.448673654888694,2.897347309777388,3.0,2.0,5,5,0.0512864524556293,-0.0192233599044371,0.0316156168272507,0.9683843831727492,0.0948468504817524,0.0169028620612186,-0.0104158425292699,"{'2023-09': -0.01041584252926997, '2023-10': 0.016902862061218604, '2023-11': 0.0, '2023-12': 0.0, '2024-01': 0.013367149248827204, '2024-02': 0.0, '2024-03': 0.0}","{'2023': 0.0063109619824250895, '2024': 0.013367149248827204}",983.4583354441552,1039.7499584641553,daily_mark_to_market_equity,L06__TQQQ_SOXL__rsi_5,b,TQQQ_SOXL,L06,rsi_5,base,0,sha256:acd49d7f6e3e633cb9e24e4f31a698d59c7e8a2578e14056df443689e9c014bb,sensitivity_evaluation,W1,False,L06__TQQQ_SOXL__rsi_5/base/W1
tqqq_soxl,OK,2024-03-19,2024-09-18,1000.0,971.8977864194304,-28.102213580569696,-28.102213580569696,0.0,-0.0281022135805697,-0.0553043376912045,0.0392531009488712,2024-07-22,2024-07-24,41,0.0641609152575591,-0.8491123562587303,-0.2409338404057463,-1.4089164003435224,2579.80357300549,2.619778090569907,2.579778090569907,0.04,0.0,-28.10221358056985,0.0,4,4,4,1.0,0.3902353968542731,0.3902353968542731,2.75,2.0,6,4,0.0141686241663718,-0.0357767516948671,0.0179506399140275,0.9820493600859724,0.0538519197420827,0.0061403134498942,-0.0334558630499848,"{'2024-03': 0.0, '2024-04': -0.0005976833248998448, '2024-05': 0.0, '2024-06': 0.0, '2024-07': -0.033455863049984824, '2024-08': 0.0, '2024-09': 0.006140313449894297}",{'2024': -0.028102213580569524},965.7751250155002,1005.2336634855002,daily_mark_to_market_equity,L06__TQQQ_SOXL__rsi_5,b,TQQQ_SOXL,L06,rsi_5,base,0,sha256:acd49d7f6e3e633cb9e24e4f31a698d59c7e8a2578e14056df443689e9c014bb,sensitivity_evaluation,W2,False,L06__TQQQ_SOXL__rsi_5/base/W2
tqqq_soxl,OK,2024-09-19,2025-03-18,1000.0,1015.97609795681,15.976097956810008,15.976097956810008,0.0,0.0159760979568099,0.0326847175050182,0.0186479797814518,2024-11-21,2025-02-25,66,0.0347621965595688,0.951426852574042,0.2993064258913084,1.752721629263455,2001.5381055359296,2.0315561131898976,2.001556113189898,0.03,0.0,15.976097956810117,0.0,3,3,3,1.0,0.966334978002396,1.932669956004792,2.6666666666666665,3.0,5,4,0.0156481665413401,-0.0151702333677889,0.0163082783605803,0.9836917216394196,0.048924835081741,0.0112532030373,-0.001555701640593,"{'2024-09': 0.0, '2024-10': 0.0, '2024-11': 0.011253203037300041, '2024-12': 0.0, '2025-01': 0.0, '2025-02': -0.0015557016405930435, '2025-03': 0.00623574124390025}","{'2024': 0.011253203037300041, '2025': 0.0046703386504236555}",994.12378029354,1015.97609795681,daily_mark_to_market_equity,L06__TQQQ_SOXL__rsi_5,b,TQQQ_SOXL,L06,rsi_5,base,0,sha256:acd49d7f6e3e633cb9e24e4f31a698d59c7e8a2578e14056df443689e9c014bb,sensitivity_evaluation,W3,False,L06__TQQQ_SOXL__rsi_5/base/W3
tqqq_soxl,OK,2025-03-19,2025-09-18,1000.0,1052.9927166936052,52.99271669360519,52.99271669360519,0.0,0.0529927166936052,0.1085590386122823,0.009023009032142,2025-08-07,2025-08-21,11,0.0428637531563352,2.411949594396864,4.071331938593079,12.03135652702663,2087.430061193135,2.117485171394879,2.087485171394879,0.03,0.0,52.99271669360516,0.0,3,3,3,1.0,,,4.0,4.0,7,4,0.0166954898542244,-0.0069893219796073,0.0210290222350344,0.9789709777649656,0.0630870667051033,0.0287402578086748,0.0,"{'2025-03': 0.0, '2025-04': 0.0, '2025-05': 0.0, '2025-06': 0.0, '2025-07': 0.02874025780867484, '2025-08': 0.023574909896683316, '2025-09': 0.0}",{'2025': 0.05299271669360506},1000.0,1056.3187810047452,daily_mark_to_market_equity,L06__TQQQ_SOXL__rsi_5,b,TQQQ_SOXL,L06,rsi_5,base,0,sha256:acd49d7f6e3e633cb9e24e4f31a698d59c7e8a2578e14056df443689e9c014bb,sensitivity_evaluation,W4,False,L06__TQQQ_SOXL__rsi_5/base/W4
tqqq_soxl,OK,2025-09-19,2026-03-18,1000.0,1053.0516793010704,53.05167930107041,53.05167930107041,0.0,0.0530516793010704,0.1105910072473737,0.0390228503820437,2026-02-06,2026-03-06,27,0.0910930952310209,1.1981493499921458,0.746375819948737,2.834006387659004,5622.44575474619,5.702504508929695,5.622504508929695,0.08,0.0,53.051679301070365,0.0,8,8,8,1.0,1.3137932398485714,2.189655399747619,1.75,1.5,11,6,0.0450126820707572,-0.0282825414986458,0.0267954222696629,0.9732045777303372,0.0803862668089888,0.0615332213024701,-0.0352503382501681,"{'2025-09': 0.0, '2025-10': 0.0, '2025-11': 0.06153322130247019, '2025-12': 0.003403168008992985, '2026-01': 0.013558241935911708, '2026-02': 0.011060822848613316, '2026-03': -0.0352503382501681}","{'2025': 0.06514579720169023, '2026': -0.011354424842488942}",1000.0,1095.8134433474502,daily_mark_to_market_equity,L06__TQQQ_SOXL__rsi_5,b,TQQQ_SOXL,L06,rsi_5,base,0,sha256:acd49d7f6e3e633cb9e24e4f31a698d59c7e8a2578e14056df443689e9c014bb,sensitivity_evaluation,W5,False,L06__TQQQ_SOXL__rsi_5/base/W5
tqqq_soxl,OK,2026-03-19,2026-09-18,1000.0,1038.1132828270606,38.11328282706063,38.11328282706063,0.0,0.0381132828270607,0.077513993685977,0.071459777983312,2026-04-01,2026-07-29,117,0.1592719015079989,0.5448910687363062,0.2148222144937176,1.0847220054906803,3476.2477733677597,3.526289412939828,3.476289412939828,0.05,0.0,38.11328282706015,0.0,5,5,5,1.0,13.373526979648776,3.343381744912194,2.0,1.0,6,6,0.0694218206755301,-0.0687592898177835,0.0205016133332438,0.979498386666756,0.0615048399997315,0.0383803518723999,-0.0084859933720989,"{'2026-03': 0.038380351872399965, '2026-04': 0.015405871013789874, '2026-05': 0.0, '2026-06': -0.0028998819918429897, '2026-07': -0.004110864229760147, '2026-08': -0.008485993372098988, '2026-09': 0.0}",{'2026': 0.0381132828270605},979.0319231732104,1054.3775056366,daily_mark_to_market_equity,L06__TQQQ_SOXL__rsi_5,b,TQQQ_SOXL,L06,rsi_5,base,0,sha256:acd49d7f6e3e633cb9e24e4f31a698d59c7e8a2578e14056df443689e9c014bb,sensitivity_evaluation,W6,False,L06__TQQQ_SOXL__rsi_5/base/W6
tqqq_soxl,OK,2023-09-19,2024-03-18,1000.0,1013.7328396202754,13.7328396202754,13.7328396202754,0.0,0.0137328396202753,0.0279059799816765,0.0236993088856436,2023-10-24,2024-01-04,51,0.0855142424790661,0.3630568421752078,0.3428773012327334,1.1775018468399805,3964.200649166525,9.97064976972485,9.91064976972485,0.06,0.0,13.732839620275168,0.0,6,6,6,1.0,1.055089568089459,2.110179136178918,3.0,2.0,6,5,0.0513381653474738,-0.0202223457020545,0.0316457055160043,0.9683542944839956,0.0949371165480129,0.0148954302353099,-0.012369931277525,"{'2023-09': -0.01236993127752506, '2023-10': 0.014895430235309925, '2023-11': 0.0, '2023-12': 0.0, '2024-01': 0.011364987906679058, '2024-02': 0.0, '2024-03': 0.0}","{'2023': 0.002341243509424773, '2024': 0.011364987906679058}",978.5864487706752,1034.6560111606752,daily_mark_to_market_equity,L06__TQQQ_SOXL__rsi_5,b,TQQQ_SOXL,L06,rsi_5,stress,0,sha256:acd49d7f6e3e633cb9e24e4f31a698d59c7e8a2578e14056df443689e9c014bb,sensitivity_evaluation,W1,False,L06__TQQQ_SOXL__rsi_5/stress/W1
tqqq_soxl,OK,2024-03-19,2024-09-18,1000.0,968.0755999610504,-31.92440003894967,-31.92440003894967,0.0,-0.0319244000389496,-0.0627050073343304,0.0395254361757487,2024-07-22,2024-07-25,41,0.0640709974129753,-0.972388422102149,-0.2744520096164272,-1.586446941547068,2576.3791686078503,6.480788898949837,6.440788898949837,0.04,0.0,-31.92440003894978,0.0,4,4,4,1.0,0.333957982865056,0.333957982865056,2.75,2.0,5,5,0.0141757016477388,-0.0357944368201571,0.0179608307094228,0.9820391692905772,0.0538824921282684,0.0051400567648371,-0.0343966603277517,"{'2024-03': 0.0, '2024-04': -0.0025665376292497433, '2024-05': 0.0, '2024-06': 0.0, '2024-07': -0.034396660327751793, '2024-08': 0.0, '2024-09': 0.0051400567648371975}",{'2024': -0.031924400038949696},963.1250823660504,1002.7595926447502,daily_mark_to_market_equity,L06__TQQQ_SOXL__rsi_5,b,TQQQ_SOXL,L06,rsi_5,stress,0,sha256:acd49d7f6e3e633cb9e24e4f31a698d59c7e8a2578e14056df443689e9c014bb,sensitivity_evaluation,W2,False,L06__TQQQ_SOXL__rsi_5/stress/W2
tqqq_soxl,OK,2024-09-19,2025-03-18,1000.0,1012.9505717752252,12.950571775225171,12.950571775225171,0.0,0.0129505717752251,0.0264540168211429,0.0201102095717181,2024-11-21,2025-02-25,66,0.0346273707092862,0.778534065515349,0.2402441912958141,1.3154520705913628,1999.5200971990248,5.0289126147748435,4.998912614774843,0.03,0.0,12.95057177522517,0.0,3,3,3,1.0,0.8579913961866001,1.7159827923732005,2.6666666666666665,3.0,5,4,0.0151531677408223,-0.0156652340011445,0.0163163054402312,0.9836836945597688,0.0489489163206937,0.0102453004432501,-0.0030225300795858,"{'2024-09': 0.0, '2024-10': 0.0, '2024-11': 0.010245300443250116, '2024-12': 0.0, '2025-01': 0.0, '2025-02': -0.003022530079585861, '2025-03': 0.005717647939093684}","{'2024': 0.010245300443250116, '2025': 0.0026778360966275283}",992.15747499105,1012.9505717752252,daily_mark_to_market_equity,L06__TQQQ_SOXL__rsi_5,b,TQQQ_SOXL,L06,rsi_5,stress,0,sha256:acd49d7f6e3e633cb9e24e4f31a698d59c7e8a2578e14056df443689e9c014bb,sensitivity_evaluation,W3,False,L06__TQQQ_SOXL__rsi_5/stress/W3
tqqq_soxl,OK,2025-03-19,2025-09-18,1000.0,1049.8378513466378,49.83785134663776,49.83785134663776,0.0,0.0498378513466377,0.1019398461490073,0.0095180067073976,2025-08-07,2025-08-21,11,0.0424922842666953,2.2924957595132134,4.342360570418356,10.710209530507766,2085.2448840754623,5.243456468362329,5.213456468362328,0.03,0.0,49.83785134663771,0.0,3,3,3,1.0,,,4.0,4.0,7,4,0.0167037139931005,-0.0069927540651057,0.0210393777986627,0.9789606222013372,0.0631181333959882,0.0277060982791876,0.0,"{'2025-03': 0.0, '2025-04': 0.0, '2025-05': 0.0, '2025-06': 0.0, '2025-07': 0.027706098279187685, '2025-08': 0.02153509948467569, '2025-09': 0.0}",{'2025': 0.049837851346637985},1000.0,1053.6808904329878,daily_mark_to_market_equity,L06__TQQQ_SOXL__rsi_5,b,TQQQ_SOXL,L06,rsi_5,stress,0,sha256:acd49d7f6e3e633cb9e24e4f31a698d59c7e8a2578e14056df443689e9c014bb,sensitivity_evaluation,W4,False,L06__TQQQ_SOXL__rsi_5/stress/W4
tqqq_soxl,OK,2025-09-19,2026-03-18,1000.0,1044.7645539348007,44.76455393480069,44.76455393480069,0.0,0.0447645539348007,0.0929280283332616,0.0404461982614948,2026-02-06,2026-03-06,27,0.0898486925294674,1.0347909401866184,0.63636944363145,2.297571399231604,5603.6055792407005,14.08938178519974,14.00938178519974,0.08,0.0,44.76455393480032,0.0,8,8,8,1.0,1.166352807004947,1.9439213450082449,1.75,1.5,10,6,0.0439880248281459,-0.0287432139315773,0.0268112419708885,0.9731887580291114,0.0804337259126657,0.0594588172911751,-0.0361884797732252,"{'2025-09': 0.0, '2025-10': 0.0, '2025-11': 0.05945881729117519, '2025-12': 0.0014136306033862844, '2026-01': 0.01154337267247918, '2026-02': 0.01005315487821834, '2026-03': -0.03618847977322526}","{'2025': 0.060956500698325256, '2026': -0.015261649985524595}",1000.0,1088.8024746938754,daily_mark_to_market_equity,L06__TQQQ_SOXL__rsi_5,b,TQQQ_SOXL,L06,rsi_5,stress,0,sha256:acd49d7f6e3e633cb9e24e4f31a698d59c7e8a2578e14056df443689e9c014bb,sensitivity_evaluation,W5,False,L06__TQQQ_SOXL__rsi_5/stress/W5
tqqq_soxl,OK,2026-03-19,2026-09-18,1000.0,1032.9552586007,32.95525860070006,32.95525860070006,0.0,0.0329552586007,0.0668547881274748,0.0733647409808441,2026-04-01,2026-07-29,117,0.1590366496431506,0.4834251559962898,0.1977445971286742,0.9112659192094866,3469.9802625456005,8.725211159299825,8.675211159299824,0.05,0.0,32.955258600700155,0.0,5,5,5,1.0,10.477821603942308,2.619455400985577,2.0,1.0,5,7,0.0684358959026139,-0.0697492815988508,0.0205146348001002,0.9794853651998996,0.0615439044003007,0.0378853519059998,-0.0094642957939401,"{'2026-03': 0.03788535190599984, '2026-04': 0.014856650454872833, '2026-05': 0.0, '2026-06': -0.0038865429614581837, '2026-07': -0.006086740271018187, '2026-08': -0.009464295793940147, '2026-09': 0.0}",{'2026': 0.03295525860070003},976.02941416595,1053.3048517915,daily_mark_to_market_equity,L06__TQQQ_SOXL__rsi_5,b,TQQQ_SOXL,L06,rsi_5,stress,0,sha256:acd49d7f6e3e633cb9e24e4f31a698d59c7e8a2578e14056df443689e9c014bb,sensitivity_evaluation,W6,False,L06__TQQQ_SOXL__rsi_5/stress/W6
tqqq_soxl,OK,2023-09-19,2024-03-18,1000.0,1017.3875082547702,17.387508254770182,17.387508254770182,0.0,0.01738750825477,0.0353977722507135,0.171600216970574,2023-12-27,2024-01-04,55,0.2489893040070269,0.264794371460109,0.1945378405275414,0.2062804632512994,4007.4800751318,4.0474978900798275,4.0074978900798275,0.04,3.62005794485,13.767450309920196,0.0,4,4,4,1.0,3.904090352378039,1.3013634507926797,21.75,23.0,27,20,0.0558726049938738,-0.0793918907811793,0.2358053964115401,0.7641946035884599,0.7074161892346204,0.1620550989808502,-0.1499877931519082,"{'2023-09': 0.0, '2023-10': 0.0, '2023-11': 0.0, '2023-12': 0.16205509898085024, '2024-01': -0.14998779315190824, '2024-02': 0.057661839745141164, '2024-03': -0.026159835558329347}","{'2023': 0.16205509898085024, '2024': -0.1244928840749091}",985.26581113435,1189.3602959808502,daily_mark_to_market_equity,L07__TQQQ_SOXL__contraction_15,b,TQQQ_SOXL,L07,contraction_15,base,0,sha256:acd49d7f6e3e633cb9e24e4f31a698d59c7e8a2578e14056df443689e9c014bb,sensitivity_evaluation,W1,False,L07__TQQQ_SOXL__contraction_15/base/W1
tqqq_soxl,OK,2024-03-19,2024-09-18,1000.0,887.04594089694,-112.95405910306,-112.95405910306,0.0,-0.11295405910306,-0.2127628844271499,0.13101491624418,2024-03-19,2024-07-17,126,0.1674385643519594,-1.3316719657386622,-0.4574955721973333,-1.623959244690975,878.0458691853,0.8879338030599961,0.8779338030599961,0.01,0.0,-112.95405910306006,0.0,1,1,1,,,,7.0,7.0,4,2,0.0207838517354748,-0.1006188287238059,0.0181743571732459,0.981825642826754,0.0545230715197379,0.0,-0.1129540591030597,"{'2024-03': 0.0, '2024-04': 0.0, '2024-05': 0.0, '2024-06': 0.0, '2024-07': -0.11295405910305978, '2024-08': 0.0, '2024-09': 0.0}",{'2024': -0.11295405910305978},868.9850837558199,1000.0,daily_mark_to_market_equity,L07__TQQQ_SOXL__contraction_15,b,TQQQ_SOXL,L07,contraction_15,base,0,sha256:acd49d7f6e3e633cb9e24e4f31a698d59c7e8a2578e14056df443689e9c014bb,sensitivity_evaluation,W2,False,L07__TQQQ_SOXL__contraction_15/base/W2
tqqq_soxl,OK,2024-09-19,2025-03-18,1000.0,727.2140225408205,-272.78597745917955,-272.78597745917955,0.0,-0.2727859774591795,-0.4760502493625221,0.2757088877031797,2024-09-19,2025-02-21,122,0.2452366132853775,-2.5296330526427244,-1.32662375358404,-1.7266409266973803,5969.0325863916205,6.0387658391797885,5.968765839179788,0.07,0.0,-272.7859774591798,0.0,7,7,7,,,,7.714285714285714,9.0,19,19,0.0264510581180803,-0.107096712360965,0.1461797779275324,0.8538202220724675,0.4385393337825972,0.0,-0.1060308930934335,"{'2024-09': 0.0, '2024-10': -0.07886676273859983, '2024-11': -0.03326458938583943, '2024-12': -0.06307261280959098, '2025-01': -0.1060308930934335, '2025-02': -0.025002011538122537, '2025-03': 0.0}","{'2024': -0.1656735462366994, '2025': -0.12838191901903662}",724.2911122968203,1000.0,daily_mark_to_market_equity,L07__TQQQ_SOXL__contraction_15,b,TQQQ_SOXL,L07,contraction_15,base,0,sha256:acd49d7f6e3e633cb9e24e4f31a698d59c7e8a2578e14056df443689e9c014bb,sensitivity_evaluation,W3,False,L07__TQQQ_SOXL__contraction_15/base/W3
tqqq_soxl,OK,2025-03-19,2025-09-18,1000.0,1030.2500868071843,30.25008680718429,30.25008680718429,0.0,0.0302500868071842,0.0612856105678214,0.110141184562138,2025-07-28,2025-08-21,37,0.1624953605680362,0.4441130364023822,0.3487230864735728,0.556427741461652,4936.602575252879,4.9756146026798005,4.9356146026798005,0.04,1.4110051298639998,-62.14862771259996,90.98770938992013,6,4,4,1.0,1.3877274439300782,0.4625758146433594,12.5,7.0,22,16,0.0651566975765685,-0.0432793552137094,0.1721486156983526,0.8278513843016473,0.5164458470950579,0.0968714510210808,-0.1023341150168496,"{'2025-03': 0.0, '2025-04': 0.0, '2025-05': 0.0, '2025-06': 0.04234373262530333, '2025-07': 0.003832487576107546, '2025-08': -0.10233411501684964, '2025-09': 0.09687145102108086}",{'2025': 0.03025008680718355},939.262377417264,1055.518427330624,daily_mark_to_market_equity,L07__TQQQ_SOXL__contraction_15,b,TQQQ_SOXL,L07,contraction_15,base,0,sha256:acd49d7f6e3e633cb9e24e4f31a698d59c7e8a2578e14056df443689e9c014bb,sensitivity_evaluation,W4,False,L07__TQQQ_SOXL__contraction_15/base/W4
tqqq_soxl,OK,2025-09-19,2026-03-18,1000.0,919.74593473106,-80.25406526893994,-80.25406526893994,0.0,-0.0802540652689399,-0.1561289912232388,0.103411466832463,2025-10-29,2026-02-02,95,0.0807955877108459,-2.06292485031564,-1.0675201692585108,-1.5097841274815635,1860.10282298082,1.880024448939878,1.860024448939878,0.02,0.0,-80.25406526893993,0.0,2,2,2,,,,8.0,8.0,6,8,0.0114090121010004,-0.0308033958548455,0.0478199634142086,0.9521800365857912,0.1434598902426261,0.0090142558117201,-0.0505799480025414,"{'2025-09': 0.0, '2025-10': 0.009014255811720107, '2025-11': -0.0505799480025414, '2025-12': 0.0, '2026-01': -0.03223676537316, '2026-02': -0.00792831238817493, '2026-03': 0.0}","{'2025': -0.04202163278105975, '2026': -0.039909494615072205}",919.74593473106,1025.82834902172,daily_mark_to_market_equity,L07__TQQQ_SOXL__contraction_15,b,TQQQ_SOXL,L07,contraction_15,base,0,sha256:acd49d7f6e3e633cb9e24e4f31a698d59c7e8a2578e14056df443689e9c014bb,sensitivity_evaluation,W5,False,L07__TQQQ_SOXL__contraction_15/base/W5
tqqq_soxl,OK,2026-03-19,2026-09-18,1000.0,1510.9501850476202,510.95018504762015,510.95018504762015,0.0,0.5109501850476201,1.2791119625428742,0.09575157011333,2026-04-24,2026-04-28,5,0.238067619737408,3.5619599341813686,1.7309409630059822,13.358652615606593,1501.9501097323798,1.512462572379884,1.502462572379884,0.01,0.0,510.9501850476201,0.0,1,1,1,1.0,,,27.0,27.0,17,3,0.0862099170130439,-0.0724107728940368,0.0889025974864797,0.9110974025135202,0.2667077924594393,0.4521169059376195,0.0,"{'2026-03': 0.0, '2026-04': 0.45211690593761955, '2026-05': 0.04051552520973645, '2026-06': 0.0, '2026-07': 0.0, '2026-08': 0.0, '2026-09': 0.0}",{'2026': 0.5109501850476199},1000.0,1510.9501850476202,daily_mark_to_market_equity,L07__TQQQ_SOXL__contraction_15,b,TQQQ_SOXL,L07,contraction_15,base,0,sha256:acd49d7f6e3e633cb9e24e4f31a698d59c7e8a2578e14056df443689e9c014bb,sensitivity_evaluation,W6,False,L07__TQQQ_SOXL__contraction_15/base/W6
tqqq_soxl,OK,2023-09-19,2024-03-18,1000.0,1011.3321017516,11.332101751600137,11.332101751600137,0.0,0.0113321017516001,0.0229995853535618,0.1730441987912336,2023-12-27,2024-01-04,55,0.2491582195387985,0.2165021228207266,0.1588371318587544,0.1329116232397325,3999.84868185885,10.039732653249915,9.999732653249916,0.04,3.62005794485,7.712043806750124,0.0,4,4,4,1.0,3.462608753540024,1.1542029178466748,21.75,23.0,28,20,0.0559499551527862,-0.0794934761603141,0.2360490332383598,0.7639509667616401,0.7081470997150798,0.1605700990348499,-0.152072982085807,"{'2023-09': 0.0, '2023-10': 0.0, '2023-11': 0.0, '2023-12': 0.16057009903484998, '2024-01': -0.152072982085807, '2024-02': 0.056871440534342454, '2024-03': -0.027607098622490334}","{'2023': 0.16057009903484998, '2024': -0.12859024836789956}",982.3203671686,1187.8752960348502,daily_mark_to_market_equity,L07__TQQQ_SOXL__contraction_15,b,TQQQ_SOXL,L07,contraction_15,stress,0,sha256:acd49d7f6e3e633cb9e24e4f31a698d59c7e8a2578e14056df443689e9c014bb,sensitivity_evaluation,W1,False,L07__TQQQ_SOXL__contraction_15/stress/W1
tqqq_soxl,OK,2024-03-19,2024-09-18,1000.0,885.7290401923501,-114.27095980764987,-114.27095980764987,0.0,-0.1142709598076499,-0.2150938209154761,0.1317574161904499,2024-03-19,2024-07-17,126,0.1678716353855984,-1.3453089731654673,-0.4705846478663237,-1.632498777940263,878.21396837325,2.204834507649915,2.194834507649915,0.01,0.0,-114.27095980765,0.0,1,1,1,,,,7.0,7.0,4,2,0.0201400584455042,-0.1006962109152923,0.0181887420788192,0.9818112579211808,0.0545662262364578,0.0,-0.11427095980765,"{'2024-03': 0.0, '2024-04': 0.0, '2024-05': 0.0, '2024-06': 0.0, '2024-07': -0.11427095980765001, '2024-08': 0.0, '2024-09': 0.0}",{'2024': -0.11427095980765001},868.2425838095501,1000.0,daily_mark_to_market_equity,L07__TQQQ_SOXL__contraction_15,b,TQQQ_SOXL,L07,contraction_15,stress,0,sha256:acd49d7f6e3e633cb9e24e4f31a698d59c7e8a2578e14056df443689e9c014bb,sensitivity_evaluation,W2,False,L07__TQQQ_SOXL__contraction_15/stress/W2
tqqq_soxl,OK,2024-09-19,2025-03-18,1000.0,719.6329056288753,-280.3670943711247,-280.3670943711247,0.0,-0.2803670943711247,-0.4870743333882527,0.2827415403198747,2024-09-19,2025-02-21,122,0.2461803009873688,-2.605853443841814,-1.3624633124260328,-1.7226840203148417,5944.326283294125,14.929156721124803,14.859156721124805,0.07,0.0,-280.3670943711248,0.0,7,7,7,,,,7.714285714285714,9.0,20,19,0.0264707324847119,-0.1070982673522968,0.1463234266575601,0.8536765733424398,0.4389702799726803,0.0,-0.1073582819765922,"{'2024-09': 0.0, '2024-10': -0.08172134694649968, '2024-11': -0.03470118187800619, '2024-12': -0.06580013624795877, '2025-01': -0.10735828197659225, '2025-02': -0.026451098738985435, '2025-03': 0.0}","{'2024': -0.17191281731404962, '2025': -0.13096963619856705}",717.2584596801253,1000.0,daily_mark_to_market_equity,L07__TQQQ_SOXL__contraction_15,b,TQQQ_SOXL,L07,contraction_15,stress,0,sha256:acd49d7f6e3e633cb9e24e4f31a698d59c7e8a2578e14056df443689e9c014bb,sensitivity_evaluation,W3,False,L07__TQQQ_SOXL__contraction_15/stress/W3
tqqq_soxl,OK,2025-03-19,2025-09-18,1000.0,1022.6603445820142,22.660344582014204,22.660344582014204,0.0,0.0226603445820141,0.0457381420106934,0.1136676122782502,2025-07-10,2025-08-21,49,0.1626945402494939,0.3535688000407654,0.2779934893995399,0.4023849986285429,4924.4730404686,12.345044847849698,12.3050448478497,0.04,1.4110051298639998,-67.80411060607487,89.05345005822514,6,4,4,1.0,1.3010792911255575,0.4336930970418525,12.5,7.0,21,17,0.0652507943380538,-0.0433275139033488,0.1723185053055589,0.8276814946944411,0.5169555159166769,0.0953864528856647,-0.1057424927941977,"{'2025-03': 0.0, '2025-04': 0.0, '2025-05': 0.0, '2025-06': 0.04160123270846383, '2025-07': 0.0023051696267979427, '2025-08': -0.10574249279419778, '2025-09': 0.09538645288566472}",{'2025': 0.022660344582013936},933.6068945237892,1053.337221404664,daily_mark_to_market_equity,L07__TQQQ_SOXL__contraction_15,b,TQQQ_SOXL,L07,contraction_15,stress,0,sha256:acd49d7f6e3e633cb9e24e4f31a698d59c7e8a2578e14056df443689e9c014bb,sensitivity_evaluation,W4,False,L07__TQQQ_SOXL__contraction_15/stress/W4
tqqq_soxl,OK,2025-09-19,2026-03-18,1000.0,917.0147202763,-82.98527972369993,-82.98527972369993,0.0,-0.0829852797236999,-0.1612061131190639,0.1054264175671561,2025-10-29,2026-02-02,95,0.0810972242041874,-2.1294233061633374,-1.1366587022842614,-1.5290865120820072,1858.8665339872,4.6666768436999355,4.646676843699936,0.02,0.0,-82.98527972369999,0.0,2,2,2,,,,8.0,8.0,6,8,0.0114174242535853,-0.0308259252093917,0.0478555794084738,0.9521444205915262,0.1435667382254216,0.0082717558293001,-0.0512925153689474,"{'2025-09': 0.0, '2025-10': 0.008271755829300176, '2025-11': -0.05129251536894741, '2025-12': 0.0, '2026-01': -0.03297926609670643, '2026-02': -0.008641823921781255, '2026-03': 0.0}","{'2025': -0.04344503870264993, '2026': -0.041336089007810384}",917.0147202763,1025.0858490393,daily_mark_to_market_equity,L07__TQQQ_SOXL__contraction_15,b,TQQQ_SOXL,L07,contraction_15,stress,0,sha256:acd49d7f6e3e633cb9e24e4f31a698d59c7e8a2578e14056df443689e9c014bb,sensitivity_evaluation,W5,False,L07__TQQQ_SOXL__contraction_15/stress/W5
tqqq_soxl,OK,2026-03-19,2026-09-18,1000.0,1508.69649118905,508.69649118905,508.69649118905,0.0,0.5086964911890499,1.2723320063730732,0.0958002198879196,2026-04-24,2026-04-28,5,0.2378820298895433,3.55206901092845,1.7238811686263258,13.281096931318354,1501.18141576095,3.766156430950028,3.756156430950028,0.01,0.0,508.69649118905,0.0,1,1,1,1.0,,,27.0,27.0,17,3,0.0862574970683047,-0.0724485137494859,0.0889551841915652,0.9110448158084348,0.2668655525746956,0.4513744059940499,0.0,"{'2026-03': 0.0, '2026-04': 0.4513744059940499, '2026-05': 0.03949503653796316, '2026-06': 0.0, '2026-07': 0.0, '2026-08': 0.0, '2026-09': 0.0}",{'2026': 0.5086964911890495},1000.0,1508.69649118905,daily_mark_to_market_equity,L07__TQQQ_SOXL__contraction_15,b,TQQQ_SOXL,L07,contraction_15,stress,0,sha256:acd49d7f6e3e633cb9e24e4f31a698d59c7e8a2578e14056df443689e9c014bb,sensitivity_evaluation,W6,False,L07__TQQQ_SOXL__contraction_15/stress/W6
tqqq_soxl,OK,2023-09-19,2024-03-18,1000.0,1047.2309339652002,47.230933965200165,47.230933965200165,0.0,0.0472309339652001,0.0976017809017795,0.171600216970574,2023-12-27,2024-01-04,48,0.3541700283856684,0.4397073861710138,0.3976004673419192,0.5687742278234779,5091.46349726173,5.141512249649767,5.091512249649767,0.05,3.62005794485,43.61087602035029,0.0,5,5,5,1.0,2.9165307848498356,1.944353856566557,22.2,23.0,31,22,0.0759781546383833,-0.0840531404754959,0.3008435774844042,0.6991564225155957,0.9025307324532124,0.1620550989808502,-0.1499877931519082,"{'2023-09': 0.0, '2023-10': 0.0, '2023-11': 0.0, '2023-12': 0.16205509898085024, '2024-01': -0.14998779315190824, '2024-02': 0.0658350178570839, '2024-03': -0.005280585906713875}","{'2023': 0.16205509898085024, '2024': -0.09881129140636569}",985.26581113435,1203.0793632211803,daily_mark_to_market_equity,L07__TQQQ_SOXL__contraction_25,b,TQQQ_SOXL,L07,contraction_25,base,0,sha256:acd49d7f6e3e633cb9e24e4f31a698d59c7e8a2578e14056df443689e9c014bb,sensitivity_evaluation,W1,False,L07__TQQQ_SOXL__contraction_25/base/W1
tqqq_soxl,OK,2024-03-19,2024-09-18,1000.0,844.60552890796,-155.39447109204002,-155.39447109204002,0.0,-0.15539447109204,-0.2861475756410648,0.2060233502928662,2024-06-18,2024-07-17,63,0.1930451748980063,-1.634281937771887,-0.5907318784688104,-1.3889084670951155,1777.96077187324,1.7978059435999385,1.7778059435999385,0.02,1.2316080915600005,-156.62607918360004,0.0,2,2,2,,,,9.5,9.5,8,6,0.0211830409319684,-0.1006188278464069,0.0454421586749123,0.9545578413250876,0.1363264760247371,0.0,-0.1129545606335049,"{'2024-03': 0.0, '2024-04': 0.0, '2024-05': 0.0, '2024-06': -0.04784412226823964, '2024-07': -0.11295456063350495, '2024-08': 0.0, '2024-09': 0.0}",{'2024': -0.15539447109203985},827.4092562103599,1042.10779563298,daily_mark_to_market_equity,L07__TQQQ_SOXL__contraction_25,b,TQQQ_SOXL,L07,contraction_25,base,0,sha256:acd49d7f6e3e633cb9e24e4f31a698d59c7e8a2578e14056df443689e9c014bb,sensitivity_evaluation,W2,False,L07__TQQQ_SOXL__contraction_25/base/W2
tqqq_soxl,OK,2024-09-19,2025-03-18,1000.0,600.7618686685105,-399.2381313314895,-399.2381313314895,0.0,-0.3992381313314895,-0.6444094552234818,0.4016510574959896,2024-09-19,2025-02-21,122,0.3350971358938162,-2.9295559240360176,-1.5558642488368282,-1.604401241318569,7196.8453931678905,7.286453441489727,7.196453441489727,0.09,0.0,-399.23813133148974,0.0,9,9,9,,,,7.222222222222222,6.0,22,22,0.0264510581180803,-0.1566215199884778,0.1744651381059589,0.825534861894041,0.523395414317877,0.0,-0.2614772403879589,"{'2024-09': 0.0, '2024-10': -0.07886676273859983, '2024-11': -0.03326458938583943, '2024-12': -0.06307261280959098, '2025-01': -0.26147724038795894, '2025-02': -0.025004835532884573, '2025-03': 0.0}","{'2024': -0.1656735462366994, '2025': -0.27994388052934993}",598.3489425040104,1000.0,daily_mark_to_market_equity,L07__TQQQ_SOXL__contraction_25,b,TQQQ_SOXL,L07,contraction_25,base,0,sha256:acd49d7f6e3e633cb9e24e4f31a698d59c7e8a2578e14056df443689e9c014bb,sensitivity_evaluation,W3,False,L07__TQQQ_SOXL__contraction_25/base/W3
tqqq_soxl,OK,2025-03-19,2025-09-18,1000.0,1166.0080460147565,166.00804601475647,166.00804601475647,0.0,0.1660080460147563,0.3587192472672824,0.1101379673368385,2025-07-28,2025-08-21,37,0.2554408629498994,1.318800312469992,1.2503034041579562,3.256998979926691,6595.84503241204,6.644858203679704,6.5948582036797045,0.05,3.0515882584359995,59.979128394640085,102.97732936168016,7,5,5,1.0,2.187436375597806,1.458290917065204,15.8,7.0,24,15,0.0799507859768546,-0.0572520801698176,0.246385667801693,0.7536143321983069,0.7391570034050794,0.1456563744987353,-0.1023308701975386,"{'2025-03': 0.0, '2025-04': 0.0, '2025-05': 0.0, '2025-06': 0.14565637449873536, '2025-07': 0.03365389992760215, '2025-08': -0.10233087019753861, '2025-09': 0.09687145229998806}",{'2025': 0.16600804601475527},955.2563772903,1194.6017221025363,daily_mark_to_market_equity,L07__TQQQ_SOXL__contraction_25,b,TQQQ_SOXL,L07,contraction_25,base,0,sha256:acd49d7f6e3e633cb9e24e4f31a698d59c7e8a2578e14056df443689e9c014bb,sensitivity_evaluation,W4,False,L07__TQQQ_SOXL__contraction_25/base/W4
tqqq_soxl,OK,2025-09-19,2026-03-18,1000.0,809.375555399764,-190.62444460023596,-190.62444460023596,0.0,-0.1906244446002359,-0.348939703472866,0.1906244446002359,2025-09-19,2026-03-02,123,0.1382069211138317,-3.0372457140960507,-1.7600114183903774,-1.8305086958004655,3561.063507804116,3.600876484235788,3.560876484235788,0.04,0.0,-190.62444460023588,0.0,4,4,4,,,,6.0,4.5,7,13,0.0234849972315465,-0.0518647935767166,0.0631397769546205,0.9368602230453796,0.1894193308638616,0.0,-0.0655263415248866,"{'2025-09': 0.0, '2025-10': -0.02323147522141622, '2025-11': -0.05058026820765893, '2025-12': 0.0, '2026-01': -0.03223676596264591, '2026-02': -0.06552634152488668, '2026-03': -0.03491849867051855}","{'2025': -0.07263668918151633, '2026': -0.12722926822992897}",809.375555399764,1000.0,daily_mark_to_market_equity,L07__TQQQ_SOXL__contraction_25,b,TQQQ_SOXL,L07,contraction_25,base,0,sha256:acd49d7f6e3e633cb9e24e4f31a698d59c7e8a2578e14056df443689e9c014bb,sensitivity_evaluation,W5,False,L07__TQQQ_SOXL__contraction_25/base/W5
tqqq_soxl,OK,2026-03-19,2026-09-18,1000.0,1510.9501850476202,510.95018504762015,510.95018504762015,0.0,0.5109501850476201,1.2791119625428742,0.09575157011333,2026-04-24,2026-04-28,5,0.238067619737408,3.5619599341813686,1.7309409630059822,13.358652615606593,1501.9501097323798,1.512462572379884,1.502462572379884,0.01,0.0,510.9501850476201,0.0,1,1,1,1.0,,,27.0,27.0,17,3,0.0862099170130439,-0.0724107728940368,0.0889025974864797,0.9110974025135202,0.2667077924594393,0.4521169059376195,0.0,"{'2026-03': 0.0, '2026-04': 0.45211690593761955, '2026-05': 0.04051552520973645, '2026-06': 0.0, '2026-07': 0.0, '2026-08': 0.0, '2026-09': 0.0}",{'2026': 0.5109501850476199},1000.0,1510.9501850476202,daily_mark_to_market_equity,L07__TQQQ_SOXL__contraction_25,b,TQQQ_SOXL,L07,contraction_25,base,0,sha256:acd49d7f6e3e633cb9e24e4f31a698d59c7e8a2578e14056df443689e9c014bb,sensitivity_evaluation,W6,False,L07__TQQQ_SOXL__contraction_25/base/W6
tqqq_soxl,OK,2023-09-19,2024-03-18,1000.0,1039.5099313306505,39.50993133065026,39.50993133065026,0.0,0.0395099313306501,0.0813330014234026,0.1730441987912336,2023-12-27,2024-01-04,48,0.354148996315551,0.3976011006075511,0.359132546487148,0.4700128752742845,5075.907630813999,12.740073014199856,12.690073014199855,0.05,3.62005794485,35.889873385800215,0.0,5,5,5,1.0,2.567143958953793,1.7114293059691952,22.2,23.0,32,22,0.0760200181366765,-0.0841052472406963,0.3010754482164639,0.6989245517835361,0.9032263446493916,0.1605700990348499,-0.152072982085807,"{'2023-09': 0.0, '2023-10': 0.0, '2023-11': 0.0, '2023-12': 0.16057009903484998, '2024-01': -0.152072982085807, '2024-02': 0.06425378365417145, '2024-03': -0.0074472677784730434}","{'2023': 0.16057009903484998, '2024': -0.10431094839068755}",982.3203671686,1196.1509575269502,daily_mark_to_market_equity,L07__TQQQ_SOXL__contraction_25,b,TQQQ_SOXL,L07,contraction_25,stress,0,sha256:acd49d7f6e3e633cb9e24e4f31a698d59c7e8a2578e14056df443689e9c014bb,sensitivity_evaluation,W1,False,L07__TQQQ_SOXL__contraction_25/stress/W1
tqqq_soxl,OK,2024-03-19,2024-09-18,1000.0,842.100246477885,-157.89975352211502,-157.89975352211502,0.0,-0.157899753522115,-0.2903675363135117,0.207314075992808,2024-06-18,2024-07-17,63,0.1933197327319639,-1.6621010574907067,-0.6001549370134391,-1.40061660031027,1776.952284338975,4.4614140236748625,4.441414023674863,0.02,1.2316080915600005,-159.13136161367495,0.0,2,2,2,,,,9.5,9.5,8,6,0.0211987849305468,-0.1006962129336681,0.045476819168512,0.954523180831488,0.1364304575055362,0.0,-0.1142714801076493,"{'2024-03': 0.0, '2024-04': 0.0, '2024-05': 0.0, '2024-06': -0.04925693644794016, '2024-07': -0.11427148010764931, '2024-08': 0.0, '2024-09': 0.0}",{'2024': -0.15789975352211505},825.475611613285,1041.36529565245,daily_mark_to_market_equity,L07__TQQQ_SOXL__contraction_25,b,TQQQ_SOXL,L07,contraction_25,stress,0,sha256:acd49d7f6e3e633cb9e24e4f31a698d59c7e8a2578e14056df443689e9c014bb,sensitivity_evaluation,W2,False,L07__TQQQ_SOXL__contraction_25/stress/W2
tqqq_soxl,OK,2024-09-19,2025-03-18,1000.0,592.5632397771005,-407.43676022289947,-407.43676022289947,0.0,-0.4074367602228994,-0.6541873777030285,0.4093901771216495,2024-09-19,2025-02-21,122,0.3357040902632328,-3.007044891752315,-1.5794255964891413,-1.597955726008145,7158.891623073099,17.98479498289974,17.89479498289974,0.09,0.0,-407.4367602228997,0.0,9,9,9,,,,7.222222222222222,6.0,24,21,0.0264707324847119,-0.1568287793478942,0.1746410884262928,0.8253589115737071,0.5239232652788787,0.0,-0.2649749028804739,"{'2024-09': 0.0, '2024-10': -0.08172134694649968, '2024-11': -0.03470118187800619, '2024-12': -0.06580013624795877, '2025-01': -0.2649749028804739, '2025-02': -0.026454003029542594, '2025-03': 0.0}","{'2024': -0.17191281731404962, '2025': -0.2844192590264638}",590.6098228783505,1000.0,daily_mark_to_market_equity,L07__TQQQ_SOXL__contraction_25,b,TQQQ_SOXL,L07,contraction_25,stress,0,sha256:acd49d7f6e3e633cb9e24e4f31a698d59c7e8a2578e14056df443689e9c014bb,sensitivity_evaluation,W3,False,L07__TQQQ_SOXL__contraction_25/stress/W3
tqqq_soxl,OK,2025-03-19,2025-09-18,1000.0,1155.7925004322,155.7925004322001,155.7925004322001,0.0,0.1557925004322,0.335063860366829,0.1136644311653236,2025-07-10,2025-08-21,49,0.2555126807694894,1.2500812034059223,1.1713459047642858,2.947833873197169,6572.598649145299,16.475380173599653,16.425380173599653,0.05,3.0473275058,52.09855209782515,100.64662082857514,7,5,5,1.0,2.077534590334365,1.38502306022291,15.8,7.0,23,16,0.0800008558530323,-0.0572805020746625,0.2465006003029038,0.7534993996970962,0.7395018009087114,0.1440322515876499,-0.1057392837151954,"{'2025-03': 0.0, '2025-04': 0.0, '2025-05': 0.0, '2025-06': 0.14403225158764998, '2025-07': 0.03135953082676379, '2025-08': -0.10573928371519548, '2025-09': 0.09538645108142196}",{'2025': 0.15579250043219983},953.83499285185,1190.458689354975,daily_mark_to_market_equity,L07__TQQQ_SOXL__contraction_25,b,TQQQ_SOXL,L07,contraction_25,stress,0,sha256:acd49d7f6e3e633cb9e24e4f31a698d59c7e8a2578e14056df443689e9c014bb,sensitivity_evaluation,W4,False,L07__TQQQ_SOXL__contraction_25/stress/W4
tqqq_soxl,OK,2025-09-19,2026-03-18,1000.0,804.57627543991,-195.42372456009,-195.42372456009,0.0,-0.19542372456009,-0.3567494660281812,0.19542372456009,2025-09-19,2026-03-02,123,0.1388801381929494,-3.108696385612029,-1.8231372150918317,-1.8255176889666016,3553.7918686622897,8.923314044089844,8.883314044089845,0.04,0.0,-195.4237245600899,0.0,4,4,4,,,,6.0,4.5,7,13,0.0227669899883695,-0.0519034258114693,0.0631872328191131,0.9368127671808868,0.1895616984573395,0.0,-0.0669345304874536,"{'2025-09': 0.0, '2025-10': -0.02540066279614006, '2025-11': -0.05129284887241137, '2025-12': 0.0, '2026-01': -0.032979264843004064, '2026-02': -0.06693453048745368, '2026-03': -0.035591493302674415}","{'2025': -0.07539063931049006, '2026': -0.12982032234682084}",804.57627543991,1000.0,daily_mark_to_market_equity,L07__TQQQ_SOXL__contraction_25,b,TQQQ_SOXL,L07,contraction_25,stress,0,sha256:acd49d7f6e3e633cb9e24e4f31a698d59c7e8a2578e14056df443689e9c014bb,sensitivity_evaluation,W5,False,L07__TQQQ_SOXL__contraction_25/stress/W5
tqqq_soxl,OK,2026-03-19,2026-09-18,1000.0,1508.69649118905,508.69649118905,508.69649118905,0.0,0.5086964911890499,1.2723320063730732,0.0958002198879196,2026-04-24,2026-04-28,5,0.2378820298895433,3.55206901092845,1.7238811686263258,13.281096931318354,1501.18141576095,3.766156430950028,3.756156430950028,0.01,0.0,508.69649118905,0.0,1,1,1,1.0,,,27.0,27.0,17,3,0.0862574970683047,-0.0724485137494859,0.0889551841915652,0.9110448158084348,0.2668655525746956,0.4513744059940499,0.0,"{'2026-03': 0.0, '2026-04': 0.4513744059940499, '2026-05': 0.03949503653796316, '2026-06': 0.0, '2026-07': 0.0, '2026-08': 0.0, '2026-09': 0.0}",{'2026': 0.5086964911890495},1000.0,1508.69649118905,daily_mark_to_market_equity,L07__TQQQ_SOXL__contraction_25,b,TQQQ_SOXL,L07,contraction_25,stress,0,sha256:acd49d7f6e3e633cb9e24e4f31a698d59c7e8a2578e14056df443689e9c014bb,sensitivity_evaluation,W6,False,L07__TQQQ_SOXL__contraction_25/stress/W6
tqqq_soxl,OK,2023-09-19,2024-03-18,1000.0,1329.4699662069656,329.46996620696564,329.46996620696564,0.0,0.3294699662069655,0.7765515281177684,0.1134910559905978,2024-03-07,2024-03-18,7,0.3489045981857685,1.8191800188902172,2.6610459260828128,6.842402877827675,9219.934558970795,9.339734636374631,9.219734636374632,0.1199999999999999,4.116376838340001,228.5265535964577,96.82703577216806,15,12,12,1.0,1.723760902931216,3.447521805862432,27.333333333333332,28.5,58,44,0.0799940524528834,-0.059253192581665,0.4476354739617826,0.5523645260382174,1.3429064218853477,0.1662160266902823,-0.0670781302568196,"{'2023-09': -0.06707813025681963, '2023-10': -0.007908277886910176, '2023-11': 0.103086341568013, '2023-12': 0.09661075609924863, '2024-01': 0.010107398873472118, '2024-02': 0.16621602669028235, '2024-03': 0.008028624111994676}","{'2023': 0.11959025193419603, '2024': 0.18746118404495205}",920.6094838207152,1499.6689826886457,daily_mark_to_market_equity,L08__TQQQ_SOXL__vol_target_40,b,TQQQ_SOXL,L08,vol_target_40,base,0,sha256:acd49d7f6e3e633cb9e24e4f31a698d59c7e8a2578e14056df443689e9c014bb,sensitivity_evaluation,W1,False,L08__TQQQ_SOXL__vol_target_40/base/W1
tqqq_soxl,OK,2024-03-19,2024-09-18,1000.0,670.0138167575592,-329.9861832424408,-329.9861832424408,0.0,-0.3299861832424408,-0.5503441077292084,0.4103799653840734,2024-07-10,2024-09-18,49,0.4254597557190404,-1.6478804434084653,-1.7275111736376831,-1.3410598814543564,10156.28770746008,10.27558704795938,10.15558704795938,0.12,6.393618605519,-324.1208505191594,-12.258951328799922,17,12,12,1.0,0.3262505900620904,0.4567508260869267,24.5,14.0,63,51,0.070894451858156,-0.1289045585782018,0.4421183963000409,0.557881603699959,1.326355188900123,0.1127750872464741,-0.2449303521423865,"{'2024-03': 0.04399918215824994, '2024-04': -0.18246839029260264, '2024-05': 0.11277508724647411, '2024-06': 0.07540350002663132, '2024-07': -0.05067524736489093, '2024-08': -0.24493035214238656, '2024-09': -0.08483713515365143}",{'2024': -0.3299861832424418},670.0138167575592,1136.348457348469,daily_mark_to_market_equity,L08__TQQQ_SOXL__vol_target_40,b,TQQQ_SOXL,L08,vol_target_40,base,0,sha256:acd49d7f6e3e633cb9e24e4f31a698d59c7e8a2578e14056df443689e9c014bb,sensitivity_evaluation,W2,False,L08__TQQQ_SOXL__vol_target_40/base/W2
tqqq_soxl,OK,2024-09-19,2025-03-18,1000.0,1011.732126378971,11.732126378970976,11.732126378970976,0.0,0.0117321263789709,0.0239501793316536,0.1838498814398923,2024-12-16,2025-02-28,61,0.3653874832376831,0.2489991329020862,0.2889532908638418,0.1302703006609439,1928.6285109586695,2.018637196909866,1.928637196909866,0.0899999999999999,5.064812245881001,6.667314133089789,0.0,12,9,9,1.0,0.1541399183107581,1.2331193464860652,105.44444444444444,105.0,60,48,0.0598393099254275,-0.0962626306144456,0.6213061608475281,0.3786938391524719,1.8639184825425843,0.110010468376938,-0.1008422998762696,"{'2024-09': 0.010708653224948073, '2024-10': -0.03133036395155031, '2024-11': 0.11001046837693806, '2024-12': -0.0013481762858581492, '2025-01': 0.03678051937650273, '2025-02': -0.10084229987626969, '2025-03': 0.0}","{'2024': 0.08528261088942224, '2025': -0.06777081266433738}",979.042783270428,1239.6397468690182,daily_mark_to_market_equity,L08__TQQQ_SOXL__vol_target_40,b,TQQQ_SOXL,L08,vol_target_40,base,0,sha256:acd49d7f6e3e633cb9e24e4f31a698d59c7e8a2578e14056df443689e9c014bb,sensitivity_evaluation,W3,False,L08__TQQQ_SOXL__vol_target_40/base/W3
tqqq_soxl,OK,2025-03-19,2025-09-18,1000.0,1208.2901176427704,208.2901176427704,208.2901176427704,0.0,0.2082901176427702,0.4588333386877921,0.0754376591013576,2025-07-28,2025-08-01,9,0.2002677050892421,1.9753014453979905,1.9328682266638595,6.082284950959384,6764.454623326139,6.8639895847996035,6.763989584799604,0.0999999999999999,0.7375312475699999,141.31035944009017,66.24222695511016,11,10,10,1.0,0.9158472645824778,3.663389058329911,23.2,18.0,56,32,0.0559549083869532,-0.0555770531961682,0.312398882460938,0.687601117539062,0.9371966473828136,0.0976511033906661,0.0,"{'2025-03': 0.0, '2025-04': 0.0, '2025-05': 0.016417604310819733, '2025-06': 0.0673967505386508, '2025-07': 0.0029660131380999655, '2025-08': 0.011632175411454115, '2025-09': 0.09765110339066618}",{'2025': 0.2082901176427694},998.53628559082,1208.2901176427704,daily_mark_to_market_equity,L08__TQQQ_SOXL__vol_target_40,b,TQQQ_SOXL,L08,vol_target_40,base,0,sha256:acd49d7f6e3e633cb9e24e4f31a698d59c7e8a2578e14056df443689e9c014bb,sensitivity_evaluation,W4,False,L08__TQQQ_SOXL__vol_target_40/base/W4
tqqq_soxl,OK,2025-09-19,2026-03-18,1000.0,1161.9437093474053,161.94370934740527,161.94370934740527,0.0,0.1619437093474052,0.356036595012636,0.1833801141753961,2025-10-29,2025-12-17,56,0.4348313198174345,0.91987733300008,1.1368011248582002,1.941522376150887,5337.455026263186,5.497622467594714,5.337622467594714,0.16,0.0,161.94370934740544,2.0883718285356638e-14,11,16,16,1.0,1.101746292638935,4.774233934768719,74.1875,73.5,60,49,0.0829133162146757,-0.1189811379095181,0.3935750761755351,0.6064249238244648,1.1807252285266057,0.1959955627052236,-0.107325646804547,"{'2025-09': 0.0022816099473050855, '2025-10': 0.19599556270522367, '2025-11': -0.10732564680454704, '2025-12': -0.01754521163465894, '2026-01': 0.15520507933962624, '2026-02': 0.0054330216421816235, '2026-03': -0.04841433071775747}","{'2025': 0.05129587777821509, '2026': 0.10524899213248151}",983.2570224202,1290.7457597536202,daily_mark_to_market_equity,L08__TQQQ_SOXL__vol_target_40,b,TQQQ_SOXL,L08,vol_target_40,base,0,sha256:acd49d7f6e3e633cb9e24e4f31a698d59c7e8a2578e14056df443689e9c014bb,sensitivity_evaluation,W5,False,L08__TQQQ_SOXL__vol_target_40/base/W5
tqqq_soxl,OK,2026-03-19,2026-09-18,1000.0,1428.7485009540378,428.7485009540378,428.7485009540378,0.0,0.4287485009540377,1.0383394541709483,0.2298032546755078,2026-06-22,2026-07-29,62,0.4320889729325533,1.856022072185526,2.5670409937753544,4.518384457335596,7994.198949949853,8.16463586296255,7.994635862962549,0.17,0.0,428.7485116132123,-1.065917479903482e-05,13,17,17,1.0,0.8613337024013525,2.7993345328043957,43.35294117647059,35.0,72,48,0.0706869241074912,-0.0979622525523707,0.3504246598835967,0.6495753401164033,1.0512739796507902,0.3787481710787952,-0.1809118393986929,"{'2026-03': -0.028773467625399896, '2026-04': 0.3787481710787952, '2026-05': 0.2639571918409369, '2026-06': 0.04968318097735591, '2026-07': -0.18091183939869293, '2026-08': 0.004505316321079311, '2026-09': -0.02258993208259219}",{'2026': 0.42874850095403794},962.08753650986,1833.5665418732451,daily_mark_to_market_equity,L08__TQQQ_SOXL__vol_target_40,b,TQQQ_SOXL,L08,vol_target_40,base,0,sha256:acd49d7f6e3e633cb9e24e4f31a698d59c7e8a2578e14056df443689e9c014bb,sensitivity_evaluation,W6,False,L08__TQQQ_SOXL__vol_target_40/base/W6
tqqq_soxl,OK,2023-09-19,2024-03-18,1000.0,1311.8106637155383,311.81066371553834,311.81066371553834,0.0,0.3118106637155384,0.7292539842365999,0.1135621100763711,2024-03-07,2024-03-18,7,0.3489420553640414,1.7415816215817266,2.5448149282728956,6.421631156256011,9160.79061136896,23.020746348361957,22.900746348361956,0.1199999999999999,4.106280168900001,212.7905361074045,94.91384743923388,15,12,12,1.0,1.5639469002646142,3.1278938005292285,41.333333333333336,31.5,57,45,0.0799971527162259,-0.0592570677574335,0.447751261278606,0.5522487387213939,1.3432537838358185,0.1659563627579534,-0.0694404982667796,"{'2023-09': -0.06944049826677967, '2023-10': -0.010874315813970137, '2023-11': 0.1017446389333223, '2023-12': 0.09437888335344025, '2024-01': 0.005843599550340084, '2024-02': 0.16595636275795345, '2024-03': 0.00789229676729275}","{'2023': 0.10979886808351247, '2024': 0.18202559170102295}",916.4429835624328,1479.8675447284384,daily_mark_to_market_equity,L08__TQQQ_SOXL__vol_target_40,b,TQQQ_SOXL,L08,vol_target_40,stress,0,sha256:acd49d7f6e3e633cb9e24e4f31a698d59c7e8a2578e14056df443689e9c014bb,sensitivity_evaluation,W1,False,L08__TQQQ_SOXL__vol_target_40/stress/W1
tqqq_soxl,OK,2024-03-19,2024-09-18,1000.0,659.5598269445989,-340.44017305540115,-340.44017305540115,0.0,-0.3404401730554012,-0.5642382039582678,0.4142359762839899,2024-07-10,2024-09-18,49,0.4260219317415348,-1.7180675833844408,-1.8069565900098556,-1.3621178175297843,10087.072198479977,25.333364818274323,25.21336481827432,0.12,6.371184752873001,-334.1621349535012,-12.649222854773424,16,12,12,1.0,0.3154893245164804,0.4416850543230725,29.166666666666668,17.5,67,54,0.0709260201466037,-0.1299739896613253,0.4420619424908091,0.5579380575091908,1.3261858274724274,0.1127163209349366,-0.2466272291710318,"{'2024-03': 0.042881510886420005, '2024-04': -0.186059888321922, '2024-05': 0.11271632093493666, '2024-06': 0.07365596112846862, '2024-07': -0.054999777774642045, '2024-08': -0.24662722917103186, '2024-09': -0.08644363455317994}",{'2024': -0.340440173055401},659.5598269445989,1125.9821365614737,daily_mark_to_market_equity,L08__TQQQ_SOXL__vol_target_40,b,TQQQ_SOXL,L08,vol_target_40,stress,0,sha256:acd49d7f6e3e633cb9e24e4f31a698d59c7e8a2578e14056df443689e9c014bb,sensitivity_evaluation,W2,False,L08__TQQQ_SOXL__vol_target_40/stress/W2
tqqq_soxl,OK,2024-09-19,2025-03-18,1000.0,1008.9116933349744,8.91169333497453,8.91169333497453,0.0,0.0089116933349744,0.0181662448363895,0.1850434628724174,2024-12-16,2025-03-13,61,0.3653492764133911,0.2333297006840491,0.2733909023487307,0.0981728538495556,1925.9344884048376,4.9048909462872965,4.814890946287297,0.0899999999999999,5.060480306262001,3.8512274946453577,-1.4465932725397113e-05,12,9,9,1.0,0.1406909444842034,1.1255275558736275,105.44444444444444,105.0,65,55,0.059844115390103,-0.0962644531047318,0.6213717743925908,0.3786282256074091,1.8641153231777725,0.1098512996244607,-0.1018742817406451,"{'2024-09': 0.009872258480708052, '2024-10': -0.0315177640695089, '2024-11': 0.10985129962446072, '2024-12': -0.0017112075045528918, '2025-01': 0.036661422806946176, '2025-02': -0.10187428174064517, '2025-03': -1.48774169650423e-08}","{'2024': 0.08362518910405026, '2025': -0.06894772890139977}",978.0433428975704,1237.9944760870455,daily_mark_to_market_equity,L08__TQQQ_SOXL__vol_target_40,b,TQQQ_SOXL,L08,vol_target_40,stress,0,sha256:acd49d7f6e3e633cb9e24e4f31a698d59c7e8a2578e14056df443689e9c014bb,sensitivity_evaluation,W3,False,L08__TQQQ_SOXL__vol_target_40/stress/W3
tqqq_soxl,OK,2025-03-19,2025-09-18,1000.0,1197.1771106277006,197.1771106277006,197.1771106277006,0.0,0.1971771106277005,0.4321763183942673,0.0759478216528943,2025-07-28,2025-08-01,9,0.2005250868696513,1.8814599282795297,1.8404116900090364,5.690437315891034,6736.158566571701,16.9375187230995,16.8375187230995,0.0999999999999999,0.7365302308000001,131.66007131777508,64.78050907912508,11,10,10,1.0,0.850674285233573,3.402697140934292,32.9,18.0,56,32,0.0560078422935543,-0.0556060313654126,0.3124313662079191,0.6875686337920809,0.9372940986237572,0.0943424657143841,0.0,"{'2025-03': 0.0, '2025-04': 0.0, '2025-05': 0.015901479621849735, '2025-06': 0.06646198324367325, '2025-07': 0.0006715798938097262, '2025-08': 0.009059128430439323, '2025-09': 0.0943424657143841}",{'2025': 0.19717711062769983},998.02890458185,1197.1771106277006,daily_mark_to_market_equity,L08__TQQQ_SOXL__vol_target_40,b,TQQQ_SOXL,L08,vol_target_40,stress,0,sha256:acd49d7f6e3e633cb9e24e4f31a698d59c7e8a2578e14056df443689e9c014bb,sensitivity_evaluation,W4,False,L08__TQQQ_SOXL__vol_target_40/stress/W4
tqqq_soxl,OK,2025-09-19,2026-03-18,1000.0,1153.1164823193255,153.11648231932554,153.11648231932554,0.0,0.1531164823193256,0.3352143590281824,0.1877855561568339,2025-10-29,2025-12-17,56,0.4351104251578574,0.8839098576633214,1.0923290582262997,1.7850912811857564,5318.664072811024,13.457701270674576,13.297701270674576,0.16,0.0,153.11648231932557,6.892709183707644e-15,11,16,16,1.0,1.4551237369223229,4.365371210766968,39.1875,35.0,59,49,0.0829255666409189,-0.1189966254553391,0.3936110987935109,0.606388901206489,1.180833296380533,0.1955045612055979,-0.1105106279697847,"{'2025-09': 0.0012633394050625135, '2025-10': 0.1955045612055979, '2025-11': -0.11051062796978472, '2025-12': -0.01939066618602414, '2026-01': 0.15506251567701712, '2026-02': 0.005358839381944369, '2026-03': -0.048934888723553005}","{'2025': 0.044086158910400464, '2026': 0.10442655759626995}",982.2719744005,1281.6432074260629,daily_mark_to_market_equity,L08__TQQQ_SOXL__vol_target_40,b,TQQQ_SOXL,L08,vol_target_40,stress,0,sha256:acd49d7f6e3e633cb9e24e4f31a698d59c7e8a2578e14056df443689e9c014bb,sensitivity_evaluation,W5,False,L08__TQQQ_SOXL__vol_target_40/stress/W5
tqqq_soxl,OK,2026-03-19,2026-09-18,1000.0,1416.5733194029158,416.5733194029158,416.5733194029158,0.0,0.4165733194029157,1.0038180454744872,0.2308542334795905,2026-06-22,2026-07-29,62,0.4322423605936397,1.8161327046710711,2.510701570984991,4.348276530797228,7963.093773976691,20.08046352108457,19.91046352108457,0.17,0.0,416.5733194029153,-4.823025312461478e-15,13,17,17,1.0,0.8319450601663695,2.7038214455407004,40.05882352941177,23.0,67,48,0.0706897550227103,-0.0979638654749117,0.3505266320526827,0.6494733679473172,1.0515798961580478,0.3777971152932886,-0.1826321550752702,"{'2026-03': -0.029908206743500032, '2026-04': 0.37779711529328863, '2026-05': 0.2633861249737677, '2026-06': 0.04947951542151929, '2026-07': -0.1826321550752702, '2026-08': 0.0015538806442316755, '2026-09': -0.02357470790202254}",{'2026': 0.4165733194029144},961.49916171965,1829.121871648963,daily_mark_to_market_equity,L08__TQQQ_SOXL__vol_target_40,b,TQQQ_SOXL,L08,vol_target_40,stress,0,sha256:acd49d7f6e3e633cb9e24e4f31a698d59c7e8a2578e14056df443689e9c014bb,sensitivity_evaluation,W6,False,L08__TQQQ_SOXL__vol_target_40/stress/W6
tqqq_soxl,OK,2023-09-19,2024-03-18,1000.0,1245.1666957544753,245.1666957544753,245.1666957544753,0.0,0.2451666957544753,0.5565564604517748,0.1648276449360836,2024-03-07,2024-03-18,7,0.5007884259471528,1.129649762477188,1.5836396896737206,3.376596569511108,9247.432151600417,9.366915930479616,9.246915930479616,0.1199999999999999,5.314772924954999,109.49286816871974,130.35905466080067,11,12,12,1.0,1.1827056108999787,1.6557878552599703,40.166666666666664,31.5,56,46,0.1203670420040525,-0.0866073086959459,0.5803844376133757,0.4196155623866243,1.7411533128401273,0.2576596788024778,-0.1290800228521679,"{'2023-09': -0.08082009770366494, '2023-10': -0.0069227176601701634, '2023-11': 0.1415080406314304, '2023-12': 0.08051440294218315, '2024-01': -0.1290800228521679, '2024-02': 0.25765967880247787, '2024-03': 0.009701505738663796}","{'2023': 0.125882586909686, '2024': 0.10594720109509814}",904.0232913448152,1490.909856156795,daily_mark_to_market_equity,L08__TQQQ_SOXL__vol_target_60,b,TQQQ_SOXL,L08,vol_target_60,base,0,sha256:acd49d7f6e3e633cb9e24e4f31a698d59c7e8a2578e14056df443689e9c014bb,sensitivity_evaluation,W1,False,L08__TQQQ_SOXL__vol_target_60/base/W1
tqqq_soxl,OK,2024-03-19,2024-09-18,1000.0,693.4298059340267,-306.5701940659733,-306.5701940659733,0.0,-0.3065701940659733,-0.5184330879299317,0.4237675965090933,2024-06-18,2024-09-18,63,0.5002901316377018,-1.1960769886743683,-1.3686181768940784,-1.2233901133561706,9933.6818236036,10.042791575099391,9.932791575099392,0.11,6.884394009126,-294.24780362159953,-19.206784453499875,15,11,11,1.0,0.5689056778732059,0.4740880648943383,26.181818181818183,14.0,52,52,0.0900755981522276,-0.156283192026124,0.5380817272028554,0.4619182727971446,1.6142451816085666,0.1714717731502002,-0.2200544602348326,"{'2024-03': 0.05372117984185265, '2024-04': -0.22005446023483266, '2024-05': 0.17147177315020024, '2024-06': 0.09968990408589251, '2024-07': -0.15781933159831407, '2024-08': -0.11014732864211019, '2024-09': -0.12604902060687162}",{'2024': -0.3065701940659723},693.4298059340267,1203.3856508816923,daily_mark_to_market_equity,L08__TQQQ_SOXL__vol_target_60,b,TQQQ_SOXL,L08,vol_target_60,base,0,sha256:acd49d7f6e3e633cb9e24e4f31a698d59c7e8a2578e14056df443689e9c014bb,sensitivity_evaluation,W2,False,L08__TQQQ_SOXL__vol_target_60/base/W2
tqqq_soxl,OK,2024-09-19,2025-03-18,1000.0,1000.731873741415,0.7318737414150291,0.7318737414150291,0.0,0.000731873741415,0.0014856531054867,0.2296839073389266,2024-12-16,2025-02-28,61,0.4785499567880129,0.2440760407720408,0.2888838665850672,0.0064682507481662,1975.6679641189096,1.9856641804698631,1.9756641804698631,0.01,6.501186831885001,-5.769313090469978,0.0,5,1,1,,,,157.0,157.0,60,48,0.0802071780934705,-0.1070942050726858,0.8349802709254188,0.1650197290745811,2.5049408127762565,0.1484665806776612,-0.13512530775695,"{'2024-09': 0.016062979837421887, '2024-10': -0.04514207765722289, '2024-11': 0.14846658067766128, '2024-12': -0.0060004441413101794, '2025-01': 0.0447216793941827, '2025-02': -0.13512530775695009, '2025-03': 0.0}","{'2024': 0.10755151731719503, '2025': -0.09644665905431427}",970.195785896972,1299.1184830169725,daily_mark_to_market_equity,L08__TQQQ_SOXL__vol_target_60,b,TQQQ_SOXL,L08,vol_target_60,base,0,sha256:acd49d7f6e3e633cb9e24e4f31a698d59c7e8a2578e14056df443689e9c014bb,sensitivity_evaluation,W3,False,L08__TQQQ_SOXL__vol_target_60/base/W3
tqqq_soxl,OK,2025-03-19,2025-09-18,1000.0,1213.3779067390756,213.37790673907557,213.37790673907557,0.0,0.2133779067390755,0.4711193902842154,0.1008080235977268,2025-08-28,2025-09-02,14,0.2381687623634392,1.729936074475651,1.7825364394917296,4.673431473710974,6598.017576299304,6.687190224354539,6.597190224354539,0.09,1.13385270843,110.2385966874654,102.00545734318024,10,9,9,1.0,0.2932840495922678,2.3462723967381427,27.22222222222222,21.0,56,32,0.0884427039719777,-0.0765280423043721,0.3139948452539199,0.6860051547460801,0.94198453576176,0.1024401260371941,-0.0307772214797895,"{'2025-03': 0.0, '2025-04': 0.0, '2025-05': 0.024586891818370482, '2025-06': 0.1024401260371941, '2025-07': 0.020961102744414317, '2025-08': -0.030777221479789563, '2025-09': 0.08557408418912771}",{'2025': 0.21337790673907775},997.44334429837,1213.3779067390756,daily_mark_to_market_equity,L08__TQQQ_SOXL__vol_target_60,b,TQQQ_SOXL,L08,vol_target_60,base,0,sha256:acd49d7f6e3e633cb9e24e4f31a698d59c7e8a2578e14056df443689e9c014bb,sensitivity_evaluation,W4,False,L08__TQQQ_SOXL__vol_target_60/base/W4
tqqq_soxl,OK,2025-09-19,2026-03-18,1000.0,1211.4444533726,211.44445337260004,211.44445337260004,0.0,0.2114444533726001,0.4758312337003429,0.2729505663117588,2025-10-29,2025-12-17,60,0.6465299059350502,0.929017762898932,1.1510943868401975,1.743287219110796,6683.6711591112,6.843889447399663,6.683889447399663,0.16,0.0,211.4444480993168,5.273283435955192e-06,10,16,16,1.0,2.556582761868099,7.669748285604297,39.1875,35.0,66,53,0.1328734666032049,-0.1779187216859664,0.5574644338178869,0.4425355661821131,1.6723933014536607,0.2903554768343823,-0.1405916907014579,"{'2025-09': 0.002989209120300318, '2025-10': 0.29035547683438234, '2025-11': -0.14059169070145794, '2025-12': -0.057932638240740464, '2026-01': 0.23849478090135512, '2026-02': 0.0074213662660791435, '2026-03': -0.07336002569875255}","{'2025': 0.04782109194988049, '2026': 0.15615581961443037}",962.9856122631054,1420.411999966845,daily_mark_to_market_equity,L08__TQQQ_SOXL__vol_target_60,b,TQQQ_SOXL,L08,vol_target_60,base,0,sha256:acd49d7f6e3e633cb9e24e4f31a698d59c7e8a2578e14056df443689e9c014bb,sensitivity_evaluation,W5,False,L08__TQQQ_SOXL__vol_target_60/base/W5
tqqq_soxl,OK,2026-03-19,2026-09-18,1000.0,1657.1508779838848,657.1508779838848,657.1508779838848,0.0,0.6571508779838848,1.7404701610739617,0.3284185196632744,2026-06-22,2026-07-29,62,0.6373599032022996,1.8938602591431688,2.611471547499666,5.299549376382475,13063.612426955213,13.22428280211529,13.06428280211529,0.16,0.0,657.150877983885,-9.467266970375423e-15,13,16,16,1.0,1.1938638269717972,2.626500419337954,41.6875,25.5,66,50,0.1046214206555038,-0.143889062203207,0.514124085747204,0.4858759142527959,1.542372257241612,0.5995745932569758,-0.2626366365307815,"{'2026-03': -0.04315519954839986, '2026-04': 0.5995745932569758, '2026-05': 0.39394926583300793, '2026-06': 0.0732075366588234, '2026-07': -0.2626366365307815, '2026-08': 0.015788422497699628, '2026-09': -0.0337254143954856}",{'2026': 0.6571508779838853},943.13130725556,2401.37223004556,daily_mark_to_market_equity,L08__TQQQ_SOXL__vol_target_60,b,TQQQ_SOXL,L08,vol_target_60,base,0,sha256:acd49d7f6e3e633cb9e24e4f31a698d59c7e8a2578e14056df443689e9c014bb,sensitivity_evaluation,W6,False,L08__TQQQ_SOXL__vol_target_60/base/W6
tqqq_soxl,OK,2023-09-19,2024-03-18,1000.0,1227.9008060654355,227.90080606543552,227.90080606543552,0.0,0.2279008060654355,0.5133088334113394,0.1649429033382652,2024-03-07,2024-03-18,7,0.5008772071204511,1.0732237905611586,1.5064593560126225,3.112039518054588,9189.614313275248,23.090853082999473,22.970853082999472,0.1199999999999999,5.298256788434999,94.98707831249814,127.61547096450252,11,12,12,1.0,1.5438960440345462,1.5438960440345464,22.666666666666668,21.5,56,46,0.1203768307703816,-0.0866115266824004,0.5807413590782337,0.4192586409217663,1.7422240772347009,0.2571485897821286,-0.1317978396078863,"{'2023-09': -0.08366650461803471, '2023-10': -0.009890249013294161, '2023-11': 0.14002304035419644, '2023-12': 0.0774217751251034, '2024-01': -0.13179783960788638, '2024-02': 0.2571485897821286, '2024-03': 0.009530705731539468}","{'2023': 0.11438761503786021, '2024': 0.10186149728855165}",899.8630639899902,1470.4393399854357,daily_mark_to_market_equity,L08__TQQQ_SOXL__vol_target_60,b,TQQQ_SOXL,L08,vol_target_60,stress,0,sha256:acd49d7f6e3e633cb9e24e4f31a698d59c7e8a2578e14056df443689e9c014bb,sensitivity_evaluation,W1,False,L08__TQQQ_SOXL__vol_target_60/stress/W1
tqqq_soxl,OK,2024-03-19,2024-09-18,1000.0,681.9753917649987,-318.0246082350013,-318.0246082350013,0.0,-0.3180246082350013,-0.534179407202342,0.4290691591085583,2024-06-18,2024-09-18,63,0.5008505113100921,-1.2599731041222983,-1.4464417663817757,-1.2449727412526284,9863.554589237625,24.763398850524418,24.653398850524415,0.11,6.858547985523001,-305.0745422935242,-19.808613927000025,15,11,11,1.0,0.5489844516108111,0.4574870430090093,26.181818181818183,14.0,52,52,0.0900779413207721,-0.1562972428629252,0.5383859994016094,0.4616140005983906,1.6151579982048283,0.1713819512821326,-0.2245800214761945,"{'2024-03': 0.05223617988532214, '2024-04': -0.2245800214761945, '2024-05': 0.17138195128213263, '2024-06': 0.09791394758116523, '2024-07': -0.16043478873528727, '2024-08': -0.11171542587178807, '2024-09': -0.1285447271377116}",{'2024': -0.31802460823500156},681.9753917649987,1194.4973767753972,daily_mark_to_market_equity,L08__TQQQ_SOXL__vol_target_60,b,TQQQ_SOXL,L08,vol_target_60,stress,0,sha256:acd49d7f6e3e633cb9e24e4f31a698d59c7e8a2578e14056df443689e9c014bb,sensitivity_evaluation,W2,False,L08__TQQQ_SOXL__vol_target_60/stress/W2
tqqq_soxl,OK,2024-09-19,2025-03-18,1000.0,997.7966329685112,-2.203367031488824,-2.203367031488824,0.0,-0.0022033670314888,-0.004465929753468,0.2308335758514627,2024-12-16,2025-02-28,61,0.4785923394388727,0.2315173613216825,0.2743195922296236,-0.0193469677753542,1972.8980358675,4.942221608199743,4.932221608199743,0.01,6.495889576711001,-8.699256608199804,-2.1319866996635975e-14,5,1,1,,,,157.0,157.0,60,48,0.0802121706939587,-0.1070995007968071,0.8350656048513864,0.1649343951486136,2.505196814554159,0.1484762808690598,-0.1364109290855089,"{'2024-09': 0.014808387721061855, '2024-10': -0.045356750411390756, '2024-11': 0.14847628086905984, '2024-12': -0.006000785501572903, '2025-01': 0.04472423893246491, '2025-02': -0.1364109290855089, '2025-03': 0.0}","{'2024': 0.10594422600886144, '2025': -0.09778756513846376}",968.779976963812,1297.2441355238122,daily_mark_to_market_equity,L08__TQQQ_SOXL__vol_target_60,b,TQQQ_SOXL,L08,vol_target_60,stress,0,sha256:acd49d7f6e3e633cb9e24e4f31a698d59c7e8a2578e14056df443689e9c014bb,sensitivity_evaluation,W3,False,L08__TQQQ_SOXL__vol_target_60/stress/W3
tqqq_soxl,OK,2025-03-19,2025-09-18,1000.0,1202.6319364496806,202.63193644968055,202.63193644968055,0.0,0.2026319364496804,0.4452302802684236,0.1008461982667654,2025-08-28,2025-09-02,14,0.2384918453320732,1.6538048510376022,1.696222579315614,4.414943626240319,6571.26962937875,16.51305255599961,16.42305255599961,0.09,1.13155974568,101.7585523051752,99.74182439882514,10,9,9,1.0,0.2757492963571778,2.2059943708574226,47.55555555555556,28.0,56,32,0.0884834731142436,-0.0765570224647091,0.3140085150885106,0.6859914849114894,0.9420255452655324,0.1009894456438322,-0.032638556805699,"{'2025-03': 0.0, '2025-04': 0.0, '2025-05': 0.02382267514922498, '2025-06': 0.10098944564383228, '2025-07': 0.019026218399043504, '2025-08': -0.03263855680569905, '2025-09': 0.08230758350168799}",{'2025': 0.20263193644968025},996.698800909225,1203.2945456109553,daily_mark_to_market_equity,L08__TQQQ_SOXL__vol_target_60,b,TQQQ_SOXL,L08,vol_target_60,stress,0,sha256:acd49d7f6e3e633cb9e24e4f31a698d59c7e8a2578e14056df443689e9c014bb,sensitivity_evaluation,W4,False,L08__TQQQ_SOXL__vol_target_60/stress/W4
tqqq_soxl,OK,2025-09-19,2026-03-18,1000.0,1200.5281919707506,200.52819197075064,200.52819197075064,0.0,0.2005281919707506,0.4489711996210288,0.2774418942775001,2025-10-29,2025-12-17,60,0.6470032048324817,0.9003380324251317,1.1157220768243024,1.6182530788661766,6659.686292919876,16.810574099249465,16.650574099249464,0.16,0.0,200.52818678348484,5.1872657016056195e-06,10,16,16,1.0,2.2506775633372036,6.752032690011611,74.1875,73.5,67,53,0.1328817409396128,-0.1779278297589928,0.5576077994436209,0.442392200556379,1.6728233983308634,0.2900943092904853,-0.1436973186871153,"{'2025-09': 0.0015116370907501953, '2025-10': 0.2900943092904853, '2025-11': -0.14369731868711533, '2025-12': -0.06041103384636215, '2026-01': 0.2382950624356177, '2026-02': 0.007314406066968093, '2026-03': -0.07415026783118273}","{'2025': 0.03954351022748814, '2026': 0.1548609367086844}",955.4344973468004,1408.8197072785256,daily_mark_to_market_equity,L08__TQQQ_SOXL__vol_target_60,b,TQQQ_SOXL,L08,vol_target_60,stress,0,sha256:acd49d7f6e3e633cb9e24e4f31a698d59c7e8a2578e14056df443689e9c014bb,sensitivity_evaluation,W5,False,L08__TQQQ_SOXL__vol_target_60/stress/W5
tqqq_soxl,OK,2026-03-19,2026-09-18,1000.0,1637.2277054315384,637.2277054315384,637.2277054315384,0.0,0.6372277054315385,1.6751040213952693,0.3296777081402916,2026-06-22,2026-07-29,62,0.637498878171777,1.8558135029543272,2.563899260946846,5.0810351444279105,12985.441382955463,32.62779005346179,32.46779005346179,0.16,0.0,637.2277162920111,-1.0860472367164151e-05,13,16,16,1.0,1.1546313723814308,2.540189019239148,48.25,38.5,70,49,0.1047029314533682,-0.14389274489387,0.5142650836479059,0.4857349163520941,1.5427952509437175,0.5981998861607036,-0.2648216775236195,"{'2026-03': -0.04485730815100031, '2026-04': 0.5981998861607036, '2026-05': 0.3932336262271543, '2026-06': 0.07288620771270282, '2026-07': -0.2648216775236195, '2026-08': 0.01160994489955125, '2026-09': -0.035224337086232294}",{'2026': 0.6372277054315383},942.2487451089,2393.4373322524752,daily_mark_to_market_equity,L08__TQQQ_SOXL__vol_target_60,b,TQQQ_SOXL,L08,vol_target_60,stress,0,sha256:acd49d7f6e3e633cb9e24e4f31a698d59c7e8a2578e14056df443689e9c014bb,sensitivity_evaluation,W6,False,L08__TQQQ_SOXL__vol_target_60/stress/W6
tqqq_soxl,OK,2023-09-19,2024-03-18,1000.0,1547.5654079718984,547.5654079718984,547.5654079718984,0.0,0.5475654079718983,1.41381136138529,0.1502858317514799,2023-12-27,2024-01-04,15,0.497846464442978,2.0165344519138864,3.254620439264534,9.407482694198604,3316.7259056408893,3.3764987649898117,3.3164987649898117,0.06,6.001629866888001,289.5940637267702,251.96971437824024,8,6,6,1.0,7.934256540606956,3.967128270303478,43.0,31.5,74,51,0.1105953613187276,-0.0795239950857015,0.8120871701943868,0.1879128298056132,2.436261510583161,0.2218538775520133,-0.0677830638142197,"{'2023-09': -0.06778306381421972, '2023-10': -0.06773132104809465, '2023-11': 0.12392035534712353, '2023-12': 0.21588907636069843, '2024-01': 0.03063048154358672, '2024-02': 0.22185387755201336, '2024-03': 0.03475893067602298}","{'2023': 0.1876475467169585, '2024': 0.30305107121205177}",851.4664795476301,1726.359767036958,daily_mark_to_market_equity,L09__TQQQ_SOXL__cooldown_15,b,TQQQ_SOXL,L09,cooldown_15,base,0,sha256:acd49d7f6e3e633cb9e24e4f31a698d59c7e8a2578e14056df443689e9c014bb,sensitivity_evaluation,W1,False,L09__TQQQ_SOXL__cooldown_15/base/W1
tqqq_soxl,OK,2024-03-19,2024-09-18,1000.0,1026.1216677751852,26.121667775185188,26.121667775185188,0.0,0.0261216677751852,0.0528144080271881,0.3213866171616886,2024-07-10,2024-09-06,49,0.5438247078440734,0.368744943213202,0.4620201087055889,0.1643329410963538,4467.97352774486,4.557571274099833,4.467571274099833,0.09,6.196968349285,-26.10470867009156,46.02940809599168,9,9,9,1.0,1.633755463318215,0.8168777316591076,54.111111111111114,31.0,76,50,0.0863174107100477,-0.1391747446659986,0.8057956275359268,0.1942043724640731,2.41738688260778,0.1828476548279924,-0.2056370022881676,"{'2024-03': 0.08844982154974201, '2024-04': -0.20563700228816761, '2024-05': 0.18284765482799248, '2024-06': 0.16744748514622243, '2024-07': -0.06409701254101241, '2024-08': -0.002072711918743808, '2024-09': -0.07981417131639934}",{'2024': 0.02612166777518543},843.2621812473021,1415.6523374958551,daily_mark_to_market_equity,L09__TQQQ_SOXL__cooldown_15,b,TQQQ_SOXL,L09,cooldown_15,base,0,sha256:acd49d7f6e3e633cb9e24e4f31a698d59c7e8a2578e14056df443689e9c014bb,sensitivity_evaluation,W2,False,L09__TQQQ_SOXL__cooldown_15/base/W2
tqqq_soxl,OK,2024-09-19,2025-03-18,1000.0,746.6572656134215,-253.3427343865785,-253.3427343865785,0.0,-0.2533427343865785,-0.4472331855341559,0.334632349763808,2024-12-16,2025-03-13,61,0.446743678726307,-1.1104221623681914,-1.2260657975864298,-1.336491184578611,7861.416601356329,8.031166346829515,7.861166346829515,0.17,4.942898380251,-258.28562861282757,-4.154001873938974e-06,18,17,17,1.0,0.5062243572092179,0.1557613406797593,33.8235294117647,5.0,64,56,0.0500344924459317,-0.1172297155115207,0.6619410762203285,0.3380589237796715,1.9858232286609856,0.0454074055768853,-0.1296380155987108,"{'2024-09': 0.018247079216702433, '2024-10': -0.06632910377607493, '2024-11': 0.045407405576885385, '2024-12': 0.032708027400228046, '2025-01': -0.058600331175302944, '2025-02': -0.11215486152115162, '2025-03': -0.1296380155987108}","{'2024': 0.026384582106062204, '2025': -0.2725365534219748}",746.6572634934215,1122.1724759662925,daily_mark_to_market_equity,L09__TQQQ_SOXL__cooldown_15,b,TQQQ_SOXL,L09,cooldown_15,base,0,sha256:acd49d7f6e3e633cb9e24e4f31a698d59c7e8a2578e14056df443689e9c014bb,sensitivity_evaluation,W3,False,L09__TQQQ_SOXL__cooldown_15/base/W3
tqqq_soxl,OK,2025-03-19,2025-09-18,1000.0,1605.4057523633148,605.4057523633148,605.4057523633148,0.0,0.6054057523633147,1.5723322867365526,0.1052432920466872,2025-08-14,2025-08-21,19,0.3297296658936663,3.016739851327728,3.780430692999669,14.939976279334232,1235.5318118802495,1.244576249689876,1.234576249689876,0.01,3.2708398830049994,5.471981681060012,596.66293079925,7,1,1,1.0,,,1.0,1.0,58,31,0.070919203390749,-0.0563732783825939,0.6110920077609859,0.388907992239014,1.8332760232829577,0.269855838002095,0.0,"{'2025-03': 0.0, '2025-04': 0.0, '2025-05': 0.003611482708490099, '2025-06': 0.269855838002095, '2025-07': 0.03234649502417808, '2025-08': 0.024306870199587438, '2025-09': 0.19126724334652923}",{'2025': 0.6054057523633158},986.97252215035,1605.4057523633148,daily_mark_to_market_equity,L09__TQQQ_SOXL__cooldown_15,b,TQQQ_SOXL,L09,cooldown_15,base,0,sha256:acd49d7f6e3e633cb9e24e4f31a698d59c7e8a2578e14056df443689e9c014bb,sensitivity_evaluation,W4,False,L09__TQQQ_SOXL__cooldown_15/base/W4
tqqq_soxl,OK,2025-09-19,2026-03-18,1000.0,886.4158362509256,-113.58416374907438,-113.58416374907438,0.0,-0.1135841637490744,-0.2170252203099792,0.2615675630844328,2025-10-29,2025-11-20,95,0.5329010849396703,-0.1903255655128042,-0.2294771268185867,-0.829709990607377,6979.179991123685,7.08890336717446,6.97890336717446,0.1099999999999999,1.5242540030999998,-96.72050081228451,-18.38791693988996,10,11,11,1.0,0.6238566636774608,0.5198805530645506,50.36363636363637,17.0,62,60,0.0845581955307266,-0.1411355373305163,0.7302564064344989,0.2697435935655011,2.190769219303496,0.1145140811039415,-0.1505213786239497,"{'2025-09': -0.006717046010561667, '2025-10': 0.11451408110394157, '2025-11': -0.15052137862394976, '2025-12': -0.0033536459918680483, '2026-01': 0.05476534307534697, '2026-02': -0.0663779974208375, '2026-03': -0.03958596402250414}","{'2025': -0.06275727461431457, '2026': -0.05423023060951837}",833.7479829779681,1129.078222051748,daily_mark_to_market_equity,L09__TQQQ_SOXL__cooldown_15,b,TQQQ_SOXL,L09,cooldown_15,base,0,sha256:acd49d7f6e3e633cb9e24e4f31a698d59c7e8a2578e14056df443689e9c014bb,sensitivity_evaluation,W5,False,L09__TQQQ_SOXL__cooldown_15/base/W5
tqqq_soxl,OK,2026-03-19,2026-09-18,1000.0,1175.7078223569915,175.70782235699153,175.70782235699153,0.0,0.1757078223569914,0.3813721728619519,0.3418579238663353,2026-06-02,2026-07-29,75,0.5512962190877054,0.8565149416794864,1.0861318379740803,1.1155867576469178,10908.94061062643,11.028324542008264,10.908324542008264,0.12,0.0,125.1859122775986,50.52191007939317,14,12,12,1.0,3.94867809718164,1.31622603239388,19.0,5.0,57,46,0.1115294900022578,-0.0920475635704208,0.5202110154254638,0.4797889845745362,1.560633046276391,0.3408708769327964,-0.1832148134673339,"{'2026-03': -0.06850879447843994, '2026-04': 0.1992988174169219, '2026-05': 0.3408708769327964, '2026-06': -0.12073888195768578, '2026-07': -0.18321481346733393, '2026-08': 0.04666811970134055, '2026-09': 0.04417085654619468}",{'2026': 0.175707822356991},913.66470570204,1523.74672216532,daily_mark_to_market_equity,L09__TQQQ_SOXL__cooldown_15,b,TQQQ_SOXL,L09,cooldown_15,base,0,sha256:acd49d7f6e3e633cb9e24e4f31a698d59c7e8a2578e14056df443689e9c014bb,sensitivity_evaluation,W6,False,L09__TQQQ_SOXL__cooldown_15/base/W6
tqqq_soxl,OK,2023-09-19,2024-03-18,1000.0,1540.2953264656026,540.2953264656026,540.2953264656026,0.0,0.5402953264656025,1.3909834799678276,0.1503456031274441,2023-12-27,2024-01-04,15,0.4982460159704515,1.996193213657499,3.2272201385786317,9.25190661404794,3310.8478921865503,8.335701204399781,8.27570120439978,0.06,5.988339150002,283.9090250145001,250.39796230110016,8,6,6,1.0,7.690039225138632,3.845019612569316,43.0,31.5,74,51,0.1106367789705873,-0.0795395483556552,0.8125773841972236,0.1874226158027764,2.437732152591671,0.2219335089486875,-0.0690700637482797,"{'2023-09': -0.06907006374827973, '2023-10': -0.0690374530427571, '2023-11': 0.1227717726962505, '2023-12': 0.21557868732460927, '2024-01': 0.03064950783173903, '2024-02': 0.22193350894868757, '2024-03': 0.034002656469424464}","{'2023': 0.18283391495305357, '2024': 0.30220761088570725}",849.3297178804451,1719.5339314530524,daily_mark_to_market_equity,L09__TQQQ_SOXL__cooldown_15,b,TQQQ_SOXL,L09,cooldown_15,stress,0,sha256:acd49d7f6e3e633cb9e24e4f31a698d59c7e8a2578e14056df443689e9c014bb,sensitivity_evaluation,W1,False,L09__TQQQ_SOXL__cooldown_15/stress/W1
tqqq_soxl,OK,2024-03-19,2024-09-18,1000.0,1018.5809876268884,18.580987626888373,18.580987626888373,0.0,0.0185809876268883,0.0374289485385468,0.3237409799650975,2024-07-10,2024-09-06,49,0.5441233328931239,0.3419480556474975,0.4283326841807124,0.1156138729875409,4453.424752396576,11.22106122082478,11.13106122082478,0.09,6.183293057713,-32.73975171415248,45.13744628332773,9,9,9,1.0,1.5536424451518118,0.776821222575906,54.111111111111114,31.0,76,50,0.0862834144554673,-0.1391091435719003,0.8063049481572957,0.1936950518427043,2.418914844471886,0.1821179841739779,-0.2069282563512076,"{'2024-03': 0.08696482160222763, '2024-04': -0.2069282563512076, '2024-05': 0.18211798417397795, '2024-06': 0.16747022785551868, '2024-07': -0.06586392901422933, '2024-08': -0.003413530457770375, '2024-09': -0.08032192659108017}",{'2024': 0.018580987626888534},841.2816706511271,1410.524021157688,daily_mark_to_market_equity,L09__TQQQ_SOXL__cooldown_15,b,TQQQ_SOXL,L09,cooldown_15,stress,0,sha256:acd49d7f6e3e633cb9e24e4f31a698d59c7e8a2578e14056df443689e9c014bb,sensitivity_evaluation,W2,False,L09__TQQQ_SOXL__cooldown_15/stress/W2
tqqq_soxl,OK,2024-09-19,2025-03-18,1000.0,736.6960335698067,-263.3039664301933,-263.3039664301933,0.0,-0.2633039664301934,-0.4620945975046129,0.3401106220640817,2024-12-16,2025-03-13,61,0.4487607461010109,-1.1644968859905038,-1.2863771014134828,-1.3586597051871778,7823.911336213175,19.728225149024578,19.558225149024576,0.17,4.934840078831,-268.23880225902275,-4.250001903269135e-06,18,17,17,1.0,0.6658174057483691,0.1426751583746505,87.76470588235294,85.0,64,56,0.0501092300117651,-0.1176254206293724,0.6643747291813041,0.3356252708186958,1.9931241875439127,0.0438834246700701,-0.1324431924699329,"{'2024-09': 0.01715807928186197, '2024-10': -0.06820188536677918, '2024-11': 0.043883424670070115, '2024-12': 0.030109116957810267, '2025-01': -0.05989961241561992, '2025-02': -0.1137205798424934, '2025-03': -0.13244319246993297}","{'2024': 0.019167375422881605, '2025': -0.277158932541252}",736.6960314498066,1116.3932260193874,daily_mark_to_market_equity,L09__TQQQ_SOXL__cooldown_15,b,TQQQ_SOXL,L09,cooldown_15,stress,0,sha256:acd49d7f6e3e633cb9e24e4f31a698d59c7e8a2578e14056df443689e9c014bb,sensitivity_evaluation,W3,False,L09__TQQQ_SOXL__cooldown_15/stress/W3
tqqq_soxl,OK,2025-03-19,2025-09-18,1000.0,1602.8758053551892,602.8758053551892,602.8758053551892,0.0,0.6028758053551893,1.5642478106499742,0.1052907512085219,2025-08-14,2025-08-21,19,0.3298802853938176,3.005989542799181,3.771712435218084,14.85645978108824,1235.8380856940498,3.093628972049958,3.0836289720499583,0.01,3.2674539672389997,5.059162689500004,594.54918869845,7,1,1,1.0,,,1.0,1.0,58,31,0.0709557139465779,-0.056393763174196,0.6114793434168058,0.3885206565831942,1.8344380302504175,0.2695826615382481,0.0,"{'2025-03': 0.0, '2025-04': 0.0, '2025-05': 0.002133143598274767, '2025-06': 0.26958266153824817, '2025-07': 0.03238470415585937, '2025-08': 0.024315241457042003, '2025-09': 0.19134698111699722}",{'2025': 0.6028758053551899},986.394681616575,1602.8758053551892,daily_mark_to_market_equity,L09__TQQQ_SOXL__cooldown_15,b,TQQQ_SOXL,L09,cooldown_15,stress,0,sha256:acd49d7f6e3e633cb9e24e4f31a698d59c7e8a2578e14056df443689e9c014bb,sensitivity_evaluation,W4,False,L09__TQQQ_SOXL__cooldown_15/stress/W4
tqqq_soxl,OK,2025-09-19,2026-03-18,1000.0,875.6459270107754,-124.35407298922462,-124.35407298922462,0.0,-0.1243540729892246,-0.2362082213445813,0.2624161179361093,2025-10-29,2025-11-20,95,0.5328495508536897,-0.2369086695599397,-0.2855868545049355,-0.900128479920929,6921.177230289125,17.411223842324592,17.301223842324593,0.1099999999999999,1.5242540030999998,-107.42808052637083,-18.45024646595372,10,11,11,1.0,0.5736807729561509,0.4780673107967924,50.36363636363637,17.0,62,60,0.0840007556982802,-0.1413252298886003,0.7321490805166468,0.2678509194833531,2.1964472415499414,0.1140257017387536,-0.1525804082069257,"{'2025-09': -0.008202045843326955, '2025-10': 0.1140257017387536, '2025-11': -0.15258040820692576, '2025-12': -0.0057284879018877355, '2026-01': 0.05380836828121738, '2026-02': -0.06780596910881553, '2026-03': -0.04250027918654464}","{'2025': -0.06905951967725044, '2026': -0.05939644314618686}",831.2118913916979,1126.938795172448,daily_mark_to_market_equity,L09__TQQQ_SOXL__cooldown_15,b,TQQQ_SOXL,L09,cooldown_15,stress,0,sha256:acd49d7f6e3e633cb9e24e4f31a698d59c7e8a2578e14056df443689e9c014bb,sensitivity_evaluation,W5,False,L09__TQQQ_SOXL__cooldown_15/stress/W5
tqqq_soxl,OK,2026-03-19,2026-09-18,1000.0,1159.6645022652158,159.6645022652158,159.6645022652158,0.0,0.1596645022652159,0.344005573443054,0.3463818360564972,2026-06-02,2026-07-29,75,0.551908266859234,0.8067432203292587,1.0243660695490768,0.9931397597504056,10827.545442315011,27.1850791787844,27.0650791787844,0.12,0.0,110.92159887388492,48.74290339133057,14,12,12,1.0,3.824092378145253,1.274697459381751,19.0,5.0,57,46,0.1116249738272734,-0.0926011651672156,0.5208349889917183,0.4791650110082817,1.5625049669751545,0.3403102380917722,-0.1859932205582607,"{'2026-03': -0.07070194568849986, '2026-04': 0.19776746388968114, '2026-05': 0.3403102380917722, '2026-06': -0.12356377977296962, '2026-07': -0.18599322055826073, '2026-08': 0.04447199044828132, '2026-09': 0.043168229193412566}",{'2026': 0.159664502265217},912.0094451915,1517.6194694695505,daily_mark_to_market_equity,L09__TQQQ_SOXL__cooldown_15,b,TQQQ_SOXL,L09,cooldown_15,stress,0,sha256:acd49d7f6e3e633cb9e24e4f31a698d59c7e8a2578e14056df443689e9c014bb,sensitivity_evaluation,W6,False,L09__TQQQ_SOXL__cooldown_15/stress/W6
tqqq_soxl,OK,2023-09-19,2024-03-18,1000.0,1547.5654079718984,547.5654079718984,547.5654079718984,0.0,0.5475654079718983,1.41381136138529,0.1502858317514799,2023-12-27,2024-01-04,15,0.497846464442978,2.0165344519138864,3.254620439264534,9.407482694198604,3316.7259056408893,3.3764987649898117,3.3164987649898117,0.06,6.001629866888001,289.5940637267702,251.96971437824024,8,6,6,1.0,7.934256540606956,3.967128270303478,43.0,31.5,74,51,0.1105953613187276,-0.0795239950857015,0.8120871701943868,0.1879128298056132,2.436261510583161,0.2218538775520133,-0.0677830638142197,"{'2023-09': -0.06778306381421972, '2023-10': -0.06773132104809465, '2023-11': 0.12392035534712353, '2023-12': 0.21588907636069843, '2024-01': 0.03063048154358672, '2024-02': 0.22185387755201336, '2024-03': 0.03475893067602298}","{'2023': 0.1876475467169585, '2024': 0.30305107121205177}",851.4664795476301,1726.359767036958,daily_mark_to_market_equity,L09__TQQQ_SOXL__cooldown_5,b,TQQQ_SOXL,L09,cooldown_5,base,0,sha256:acd49d7f6e3e633cb9e24e4f31a698d59c7e8a2578e14056df443689e9c014bb,sensitivity_evaluation,W1,False,L09__TQQQ_SOXL__cooldown_5/base/W1
tqqq_soxl,OK,2024-03-19,2024-09-18,1000.0,877.9247775089756,-122.07522249102442,-122.07522249102442,0.0,-0.1220752224910244,-0.2288367148230926,0.419749571082793,2024-07-10,2024-09-06,49,0.6210470114619853,-0.1014400850568321,-0.1249420761762496,-0.5451743863198756,6156.555816554909,6.265955581329682,6.155955581329682,0.1099999999999999,6.216979100305,-160.12435268698698,31.8321510956574,12,11,11,1.0,1.1809636103291594,0.4428613538734347,46.09090909090909,22.0,74,53,0.1020220990802058,-0.1392014422687152,0.8501028922893362,0.1498971077106637,2.550308676868008,0.2193905582464383,-0.2213744322540349,"{'2024-03': 0.08844982154974201, '2024-04': -0.22137443225403497, '2024-05': 0.21939055824643838, '2024-06': 0.16660884158907208, '2024-07': -0.06513273365012062, '2024-08': -0.14599454265000822, '2024-09': -0.08790191878491671}",{'2024': -0.12207522249102276},802.9608875021621,1429.058537097715,daily_mark_to_market_equity,L09__TQQQ_SOXL__cooldown_5,b,TQQQ_SOXL,L09,cooldown_5,base,0,sha256:acd49d7f6e3e633cb9e24e4f31a698d59c7e8a2578e14056df443689e9c014bb,sensitivity_evaluation,W2,False,L09__TQQQ_SOXL__cooldown_5/base/W2
tqqq_soxl,OK,2024-09-19,2025-03-18,1000.0,700.1275065156868,-299.87249348431317,-299.87249348431317,0.0,-0.2998724934843132,-0.5148918016931268,0.3444546959690615,2024-12-16,2025-03-13,61,0.488765035617802,-1.2427485820296318,-1.3838546420689188,-1.4948026771548897,9165.158400940834,9.374862999514452,9.164862999514453,0.21,4.903735440201,-304.77622477051244,-4.154002002618805e-06,22,21,21,1.0,0.4917231656476321,0.153663489264885,29.857142857142858,6.0,63,57,0.0604986915452168,-0.1203512840500679,0.7058554259883167,0.2941445740116832,2.1175662779649502,0.0527069293879944,-0.1322985039734718,"{'2024-09': 0.018247079216702433, '2024-10': -0.12251837533188703, '2024-11': 0.05270692938799448, '2024-12': 0.03255046151484864, '2025-01': -0.05716227006014929, '2025-02': -0.118829660514286, '2025-03': -0.13229850397347187}","{'2024': -0.028797100074877346, '2025': -0.2791130395413093}",700.1275043956867,1068.0078098197223,daily_mark_to_market_equity,L09__TQQQ_SOXL__cooldown_5,b,TQQQ_SOXL,L09,cooldown_5,base,0,sha256:acd49d7f6e3e633cb9e24e4f31a698d59c7e8a2578e14056df443689e9c014bb,sensitivity_evaluation,W3,False,L09__TQQQ_SOXL__cooldown_5/base/W3
tqqq_soxl,OK,2025-03-19,2025-09-18,1000.0,1605.4057523633148,605.4057523633148,605.4057523633148,0.0,0.6054057523633147,1.5723322867365526,0.1052432920466872,2025-08-14,2025-08-21,19,0.3297296658936663,3.016739851327728,3.780430692999669,14.939976279334232,1235.5318118802495,1.244576249689876,1.234576249689876,0.01,3.2708398830049994,5.471981681060012,596.66293079925,7,1,1,1.0,,,1.0,1.0,58,31,0.070919203390749,-0.0563732783825939,0.6110920077609859,0.388907992239014,1.8332760232829577,0.269855838002095,0.0,"{'2025-03': 0.0, '2025-04': 0.0, '2025-05': 0.003611482708490099, '2025-06': 0.269855838002095, '2025-07': 0.03234649502417808, '2025-08': 0.024306870199587438, '2025-09': 0.19126724334652923}",{'2025': 0.6054057523633158},986.97252215035,1605.4057523633148,daily_mark_to_market_equity,L09__TQQQ_SOXL__cooldown_5,b,TQQQ_SOXL,L09,cooldown_5,base,0,sha256:acd49d7f6e3e633cb9e24e4f31a698d59c7e8a2578e14056df443689e9c014bb,sensitivity_evaluation,W4,False,L09__TQQQ_SOXL__cooldown_5/base/W4
tqqq_soxl,OK,2025-09-19,2026-03-18,1000.0,943.3378359409004,-56.66216405909961,-56.66216405909961,0.0,-0.0566621640590996,-0.1116264171028276,0.2847657561542331,2025-10-29,2025-11-20,61,0.603759110971822,0.1091038213010296,0.1375567829339749,-0.3919938219059217,7095.24670098336,7.194644682199569,7.0946446821995695,0.0999999999999999,1.5242540030999998,-30.641682896068623,-27.54473516613105,10,10,10,1.0,1.29725908867331,0.8648393924488733,61.7,26.5,65,57,0.0845581955307266,-0.1411355373305163,0.8541298410495162,0.1458701589504838,2.562389523148548,0.1881129315929586,-0.1688384452445372,"{'2025-09': -0.006717046010561667, '2025-10': 0.17432044074532227, '2025-11': -0.16883844524453728, '2025-12': -0.02371275114435345, '2026-01': 0.1881129315929586, '2026-02': -0.07314261732493599, '2026-03': -0.09494712876324563}","{'2025': -0.05349553540919472, '2026': -0.003345603500427119}",861.5014070636931,1227.9380444708052,daily_mark_to_market_equity,L09__TQQQ_SOXL__cooldown_5,b,TQQQ_SOXL,L09,cooldown_5,base,0,sha256:acd49d7f6e3e633cb9e24e4f31a698d59c7e8a2578e14056df443689e9c014bb,sensitivity_evaluation,W5,False,L09__TQQQ_SOXL__cooldown_5/base/W5
tqqq_soxl,OK,2026-03-19,2026-09-18,1000.0,1284.8864536682818,284.8864536682818,284.8864536682818,0.0,0.2848864536682818,0.6492380041423305,0.5070989585540133,2026-06-03,2026-07-29,74,0.755741314813142,1.041252647482427,1.2584398633308571,1.2802984371997626,17829.730575084122,18.009510711004086,17.829510711004087,0.18,2.228123184286,332.0595850619285,-49.40125457793272,19,18,18,1.0,4.98257625893311,1.4235932168380316,24.72222222222222,5.0,75,46,0.1246060064952843,-0.183370150861407,0.6738364725738316,0.3261635274261684,2.0215094177214956,0.6162233787268578,-0.3189618723947075,"{'2026-03': -0.06850879447843994, '2026-04': 0.6162233787268578, '2026-05': 0.3076043796459462, '2026-06': -0.11856650305230854, '2026-07': -0.3189618723947075, '2026-08': 0.09718738694790008, '2026-09': -0.009016424093831632}",{'2026': 0.28488645366828136},913.66470570204,2172.5296157849098,daily_mark_to_market_equity,L09__TQQQ_SOXL__cooldown_5,b,TQQQ_SOXL,L09,cooldown_5,base,0,sha256:acd49d7f6e3e633cb9e24e4f31a698d59c7e8a2578e14056df443689e9c014bb,sensitivity_evaluation,W6,False,L09__TQQQ_SOXL__cooldown_5/base/W6
tqqq_soxl,OK,2023-09-19,2024-03-18,1000.0,1540.2953264656026,540.2953264656026,540.2953264656026,0.0,0.5402953264656025,1.3909834799678276,0.1503456031274441,2023-12-27,2024-01-04,15,0.4982460159704515,1.996193213657499,3.2272201385786317,9.25190661404794,3310.8478921865503,8.335701204399781,8.27570120439978,0.06,5.988339150002,283.9090250145001,250.39796230110016,8,6,6,1.0,7.690039225138632,3.845019612569316,43.0,31.5,74,51,0.1106367789705873,-0.0795395483556552,0.8125773841972236,0.1874226158027764,2.437732152591671,0.2219335089486875,-0.0690700637482797,"{'2023-09': -0.06907006374827973, '2023-10': -0.0690374530427571, '2023-11': 0.1227717726962505, '2023-12': 0.21557868732460927, '2024-01': 0.03064950783173903, '2024-02': 0.22193350894868757, '2024-03': 0.034002656469424464}","{'2023': 0.18283391495305357, '2024': 0.30220761088570725}",849.3297178804451,1719.5339314530524,daily_mark_to_market_equity,L09__TQQQ_SOXL__cooldown_5,b,TQQQ_SOXL,L09,cooldown_5,stress,0,sha256:acd49d7f6e3e633cb9e24e4f31a698d59c7e8a2578e14056df443689e9c014bb,sensitivity_evaluation,W1,False,L09__TQQQ_SOXL__cooldown_5/stress/W1
tqqq_soxl,OK,2024-03-19,2024-09-18,1000.0,869.0513250482584,-130.94867495174162,-130.94867495174162,0.0,-0.1309486749517416,-0.2443152362539604,0.4234729626258686,2024-07-10,2024-09-06,49,0.6219956604197828,-0.1326369806577927,-0.1631560495248601,-0.5769323140231007,6132.496674230875,15.437521090574776,15.327521090574775,0.1099999999999999,6.2060964688330005,-168.02858749952784,30.873816078953137,12,11,11,1.0,1.1379558854267684,0.4267334570350382,46.09090909090909,22.0,74,53,0.1015898374114676,-0.1392812447337761,0.8509507939605204,0.1490492060394795,2.5528523818815616,0.2195932175783246,-0.2231317016986277,"{'2024-03': 0.08696482160222763, '2024-04': -0.22313170169862773, '2024-05': 0.21959321757832462, '2024-06': 0.16673502869988055, '2024-07': -0.06799060791104672, '2024-08': -0.14854755103172068, '2024-09': -0.08858827243956469}",{'2024': -0.13094867495174145},800.0146770465772,1424.4232783706584,daily_mark_to_market_equity,L09__TQQQ_SOXL__cooldown_5,b,TQQQ_SOXL,L09,cooldown_5,stress,0,sha256:acd49d7f6e3e633cb9e24e4f31a698d59c7e8a2578e14056df443689e9c014bb,sensitivity_evaluation,W2,False,L09__TQQQ_SOXL__cooldown_5/stress/W2
tqqq_soxl,OK,2024-09-19,2025-03-18,1000.0,690.7232027115465,-309.2767972884535,-309.2767972884535,0.0,-0.3092767972884535,-0.5280226856549992,0.349941461806615,2024-10-14,2025-03-13,105,0.489822381086754,-1.2953868793025205,-1.4457002747668712,-1.50888860933774,9083.228792118724,22.916251634974497,22.706251634974496,0.21,4.894645926520999,-314.1714389649726,-4.25000203015601e-06,22,21,21,1.0,0.6030295838081776,0.1418893138372182,30.904761904761905,6.0,63,57,0.0604604450036128,-0.1208742183456551,0.7089621767203563,0.2910378232796436,2.126886530161069,0.0496302298734694,-0.134446942216498,"{'2024-09': 0.01715807928186197, '2024-10': -0.12461231724675825, '2024-11': 0.049630229873469434, '2024-12': 0.02993766648083085, '2025-01': -0.05840646946536798, '2025-02': -0.11953777443463387, '2025-03': -0.134446942216498}","{'2024': -0.03742150254842869, '2025': -0.2824240261545027}",690.7232005915464,1062.555385413712,daily_mark_to_market_equity,L09__TQQQ_SOXL__cooldown_5,b,TQQQ_SOXL,L09,cooldown_5,stress,0,sha256:acd49d7f6e3e633cb9e24e4f31a698d59c7e8a2578e14056df443689e9c014bb,sensitivity_evaluation,W3,False,L09__TQQQ_SOXL__cooldown_5/stress/W3
tqqq_soxl,OK,2025-03-19,2025-09-18,1000.0,1602.8758053551892,602.8758053551892,602.8758053551892,0.0,0.6028758053551893,1.5642478106499742,0.1052907512085219,2025-08-14,2025-08-21,19,0.3298802853938176,3.005989542799181,3.771712435218084,14.85645978108824,1235.8380856940498,3.093628972049958,3.0836289720499583,0.01,3.2674539672389997,5.059162689500004,594.54918869845,7,1,1,1.0,,,1.0,1.0,58,31,0.0709557139465779,-0.056393763174196,0.6114793434168058,0.3885206565831942,1.8344380302504175,0.2695826615382481,0.0,"{'2025-03': 0.0, '2025-04': 0.0, '2025-05': 0.002133143598274767, '2025-06': 0.26958266153824817, '2025-07': 0.03238470415585937, '2025-08': 0.024315241457042003, '2025-09': 0.19134698111699722}",{'2025': 0.6028758053551899},986.394681616575,1602.8758053551892,daily_mark_to_market_equity,L09__TQQQ_SOXL__cooldown_5,b,TQQQ_SOXL,L09,cooldown_5,stress,0,sha256:acd49d7f6e3e633cb9e24e4f31a698d59c7e8a2578e14056df443689e9c014bb,sensitivity_evaluation,W4,False,L09__TQQQ_SOXL__cooldown_5/stress/W4
tqqq_soxl,OK,2025-09-19,2026-03-18,1000.0,931.4635293178504,-68.53647068214968,-68.53647068214968,0.0,-0.0685364706821496,-0.134170495443478,0.2851442539334508,2025-10-29,2025-11-20,61,0.6035849556980599,0.0663721066006769,0.0837352175861791,-0.470535504723135,7042.145290085899,17.701632125249645,17.601632125249644,0.0999999999999999,1.5242540030999998,-41.964503653843146,-28.09622103140663,10,10,10,1.0,1.2275144836181977,0.8183429890787984,61.7,26.5,65,57,0.0840007556982802,-0.1413252298886003,0.8554673750319363,0.1445326249680637,2.566402125095809,0.1864055933050454,-0.1703801689532029,"{'2025-09': -0.008202045843326955, '2025-10': 0.1731686176893763, '2025-11': -0.17038016895320296, '2025-12': -0.02537247143602528, '2026-01': 0.18640559330504547, '2026-02': -0.07511133565214467, '2026-03': -0.09771908968381482}","{'2025': -0.0591910420144387, '2026': -0.009933396773477376}",858.9590796751356,1218.4401272655623,daily_mark_to_market_equity,L09__TQQQ_SOXL__cooldown_5,b,TQQQ_SOXL,L09,cooldown_5,stress,0,sha256:acd49d7f6e3e633cb9e24e4f31a698d59c7e8a2578e14056df443689e9c014bb,sensitivity_evaluation,W5,False,L09__TQQQ_SOXL__cooldown_5/stress/W5
tqqq_soxl,OK,2026-03-19,2026-09-18,1000.0,1262.7326547824762,262.7326547824762,262.7326547824762,0.0,0.2627326547824762,0.5929700574679255,0.5111941573900622,2026-06-03,2026-07-29,74,0.7557817209573554,0.9955854212475947,1.2078086096420904,1.1599703339634708,17601.763783961604,44.1831143202415,44.0031143202415,0.18,2.214688385717,310.02662623301956,-49.50865983626112,19,18,18,1.0,4.866698629321158,1.390485322663188,17.72222222222222,5.0,73,44,0.1246602167991957,-0.1834453798355694,0.6747258375882005,0.3252741624117995,2.0241775127646013,0.614581603758457,-0.3211302448137351,"{'2026-03': -0.07070194568849986, '2026-04': 0.614581603758457, '2026-05': 0.3056950700247727, '2026-06': -0.12321912874238083, '2026-07': -0.3211302448137351, '2026-08': 0.09434342038690113, '2026-09': -0.010482540135028473}",{'2026': 0.2627326547824753},912.0094451915,2162.1650186937504,daily_mark_to_market_equity,L09__TQQQ_SOXL__cooldown_5,b,TQQQ_SOXL,L09,cooldown_5,stress,0,sha256:acd49d7f6e3e633cb9e24e4f31a698d59c7e8a2578e14056df443689e9c014bb,sensitivity_evaluation,W6,False,L09__TQQQ_SOXL__cooldown_5/stress/W6
tqqq_soxl,OK,2023-09-19,2024-03-18,1000.0,1171.2102285318306,171.21022853183058,171.21022853183058,0.0,0.1712102285318306,0.3756314840224919,0.0752904160367702,2023-09-19,2023-12-06,61,0.2323143612364869,1.4868545468937646,2.2696778986548782,4.989100921411319,6420.768892004795,6.620665947454682,6.420665947454681,0.2,2.419591134285,68.43558197863464,100.35505541891084,18,20,20,1.0,0.6228374209154595,1.8685122627463784,23.9,7.0,55,45,0.0508782668968497,-0.0362939279354677,0.2857032252596355,0.7142967747403645,0.8571096757789066,0.1019810007516992,-0.0475748983750549,"{'2023-09': -0.04757489837505491, '2023-10': -0.013489230661188567, '2023-11': 0.0005119309199939082, '2023-12': 0.10094041870992965, '2024-01': 0.021220257086486116, '2024-02': 0.10198100075169925, '2024-03': 0.005593776820033813}","{'2023': 0.03494852914793056, '2024': 0.13166036333815012}",926.4515193232006,1259.2177959150708,daily_mark_to_market_equity,L10__TQQQ_SOXL__trend_share_60,b,TQQQ_SOXL,L10,trend_share_60,base,0,sha256:acd49d7f6e3e633cb9e24e4f31a698d59c7e8a2578e14056df443689e9c014bb,sensitivity_evaluation,W1,False,L10__TQQQ_SOXL__trend_share_60/base/W1
tqqq_soxl,OK,2024-03-19,2024-09-18,1000.0,916.7850519810612,-83.21494801893868,-83.21494801893868,0.0,-0.0832149480189387,-0.1592058361923328,0.240886695807834,2024-07-10,2024-09-06,49,0.2913999822429299,-0.4454714316054025,-0.5339808487332957,-0.6609158536482164,4803.643626941275,5.033564086404757,4.803564086404757,0.23,1.359121202466,-84.57405404294981,-1.517845497828012e-05,21,23,23,1.0,0.3056387210159397,0.5730726019048868,53.608695652173914,35.0,70,55,0.0484322732351822,-0.0629650724022722,0.2904452083142551,0.709554791685745,0.8713356249427653,0.0665885849033049,-0.0708716056891615,"{'2024-03': 0.048841487911989834, '2024-04': -0.059520385015164545, '2024-05': 0.06658858490330499, '2024-06': 0.05453886553388876, '2024-07': -0.06761830590774998, '2024-08': -0.07087160568916151, '2024-09': -0.0461517514958556}",{'2024': -0.0832149480189387},899.7832904390114,1185.308287274116,daily_mark_to_market_equity,L10__TQQQ_SOXL__trend_share_60,b,TQQQ_SOXL,L10,trend_share_60,base,0,sha256:acd49d7f6e3e633cb9e24e4f31a698d59c7e8a2578e14056df443689e9c014bb,sensitivity_evaluation,W2,False,L10__TQQQ_SOXL__trend_share_60/base/W2
tqqq_soxl,OK,2024-09-19,2025-03-18,1000.0,1006.2544288703624,6.254428870362517,6.254428870362517,0.0,0.0062544288703625,0.0127321269891802,0.1086911960052559,2025-02-19,2025-03-04,19,0.2359858823875314,0.1717334864492317,0.2172688057775824,0.1171403706751425,4422.65637752128,4.582663717939761,4.422663717939761,0.16,3.4966738683020004,2.7577550020604633,-1.5517163750444963e-14,16,16,16,1.0,0.2418966952063283,1.048219012560756,79.5625,82.0,59,49,0.0419737263589823,-0.0574926111167281,0.3873592741781804,0.6126407258218196,1.1620778225345412,0.0812178837237926,-0.0476553826052911,"{'2024-09': 0.006425191661181939, '2024-10': -0.042642652850067075, '2024-11': 0.08121788372379268, '2024-12': 0.018154657693563392, '2025-01': 0.029698825645892546, '2025-02': -0.04765538260529112, '2025-03': -0.03256697320237445}","{'2024': 0.060675521904571594, '2025': -0.05130795602456262}",963.508551593612,1128.9627392441826,daily_mark_to_market_equity,L10__TQQQ_SOXL__trend_share_60,b,TQQQ_SOXL,L10,trend_share_60,base,0,sha256:acd49d7f6e3e633cb9e24e4f31a698d59c7e8a2578e14056df443689e9c014bb,sensitivity_evaluation,W3,False,L10__TQQQ_SOXL__trend_share_60/base/W3
tqqq_soxl,OK,2025-03-19,2025-09-18,1000.0,1171.6746811393157,171.67468113931545,171.67468113931545,0.0,0.1716746811393155,0.371930447286029,0.0553512652424272,2025-08-14,2025-08-21,19,0.1494823635414734,2.178009349611524,2.4928433041045075,6.719457010730455,2289.143328136315,2.3888275610248253,2.288827561024825,0.0999999999999999,0.44215705534,48.25343915943811,122.97908492453712,12,10,10,1.0,1.449693686220777,13.047243175986994,42.8,35.0,47,31,0.0456994746118739,-0.0311227646826222,0.1766016121749244,0.8233983878250755,0.5298048365247734,0.1004627875664558,-0.0059288225057244,"{'2025-03': 0.0, '2025-04': 0.0, '2025-05': -0.003999998657900017, '2025-06': 0.040249927271275965, '2025-07': -0.0059288225057244626, '2025-08': 0.03375391893952684, '2025-09': 0.10046278756645588}",{'2025': 0.17167468113931528},996.0000013421,1171.6746811393157,daily_mark_to_market_equity,L10__TQQQ_SOXL__trend_share_60,b,TQQQ_SOXL,L10,trend_share_60,base,0,sha256:acd49d7f6e3e633cb9e24e4f31a698d59c7e8a2578e14056df443689e9c014bb,sensitivity_evaluation,W4,False,L10__TQQQ_SOXL__trend_share_60/base/W4
tqqq_soxl,OK,2025-09-19,2026-03-18,1000.0,1164.6512729362653,164.6512729362653,164.6512729362653,0.0,0.1646512729362652,0.3624561239433976,0.115315891128656,2025-10-29,2025-11-20,46,0.3053327311697657,1.167122623742341,1.5760727773430545,3.1431585048327064,4550.620762493785,4.820527838734709,4.550527838734709,0.27,0.0,150.76180982037022,13.88946311589518,19,27,27,1.0,4.766272138503918,9.532544277007837,66.5925925925926,63.0,66,54,0.0623316553811881,-0.0716324479813576,0.2788882153046593,0.7211117846953408,0.8366646459139782,0.1157638535852536,-0.0454627662810854,"{'2025-09': 0.0014160591621148466, '2025-10': 0.11576385358525365, '2025-11': -0.04070679950068723, '2025-12': -0.009383212987391754, '2026-01': 0.1113624567833813, '2026-02': 0.03395924658819793, '2026-03': -0.045462766281085476}","{'2025': 0.061802855543244606, '2026': 0.09686206517160012}",989.954213806,1261.5722108162902,daily_mark_to_market_equity,L10__TQQQ_SOXL__trend_share_60,b,TQQQ_SOXL,L10,trend_share_60,base,0,sha256:acd49d7f6e3e633cb9e24e4f31a698d59c7e8a2578e14056df443689e9c014bb,sensitivity_evaluation,W5,False,L10__TQQQ_SOXL__trend_share_60/base/W5
tqqq_soxl,OK,2026-03-19,2026-09-18,1000.0,1351.9156656904304,351.9156656904304,351.9156656904304,0.0,0.3519156656904303,0.8254188144958432,0.1331274074764131,2026-06-22,2026-07-29,62,0.3014988428711128,2.1356962195133207,3.2113592732878815,6.200216996204081,5540.815652854651,5.761173329569795,5.541173329569795,0.22,0.0,351.9156661417659,-4.5133549206807145e-07,17,22,22,1.0,1.9473600464284635,5.192960123809237,57.27272727272727,45.5,76,47,0.0713602391981358,-0.0597943465184702,0.1751618494942224,0.8248381505057776,0.5254855484826675,0.2603849450226623,-0.0923245669110008,"{'2026-03': -0.0010003738199600987, '2026-04': 0.2603849450226623, '2026-05': 0.1585435892748055, '2026-06': 0.038720523257147255, '2026-07': -0.09232456691100088, '2026-08': -0.0004915530175786387, '2026-09': -0.016548545419197702}",{'2026': 0.3519156656904303},949.90006443484,1544.041953655395,daily_mark_to_market_equity,L10__TQQQ_SOXL__trend_share_60,b,TQQQ_SOXL,L10,trend_share_60,base,0,sha256:acd49d7f6e3e633cb9e24e4f31a698d59c7e8a2578e14056df443689e9c014bb,sensitivity_evaluation,W6,False,L10__TQQQ_SOXL__trend_share_60/base/W6
tqqq_soxl,OK,2023-09-19,2024-03-18,1000.0,1159.7399861035751,159.73998610357512,159.73998610357512,0.0,0.1597399861035751,0.3485806041638062,0.0807163623695315,2023-09-19,2023-12-06,61,0.2327721635867241,1.3990510319990337,2.1269509113609075,4.318586640066266,6392.2519970911,16.179991651949727,15.979991651949726,0.2,2.414019795525,58.208237479960474,99.1177288280899,18,20,20,1.0,0.5692753626324382,1.7078260878973144,23.9,7.0,55,46,0.050681003369724,-0.0362959994089649,0.2858098910783753,0.7141901089216247,0.8574296732351261,0.1014003292562,-0.0491543190491198,"{'2023-09': -0.04915431904911982, '2023-10': -0.01538978180990569, '2023-11': -0.0024872826709209095, '2023-12': 0.09910583169604004, '2024-01': 0.02023781257538637, '2024-02': 0.10140032925620002, '2024-03': 0.005499094136304672}","{'2023': 0.026437074183325526, '2024': 0.12986954122473748}",920.3355570950552,1246.937523886475,daily_mark_to_market_equity,L10__TQQQ_SOXL__trend_share_60,b,TQQQ_SOXL,L10,trend_share_60,stress,0,sha256:acd49d7f6e3e633cb9e24e4f31a698d59c7e8a2578e14056df443689e9c014bb,sensitivity_evaluation,W1,False,L10__TQQQ_SOXL__trend_share_60/stress/W1
tqqq_soxl,OK,2024-03-19,2024-09-18,1000.0,910.171196775503,-89.82880322449705,-89.82880322449705,0.0,-0.089828803224497,-0.171268772604068,0.2429217248566383,2024-07-10,2024-09-06,49,0.2914485861090994,-0.4945943043056683,-0.5920529242471924,-0.7050368702311137,4788.795814740088,12.201495894312208,11.971495894312207,0.23,1.355467564815,-91.18425554143144,-1.5247880830709478e-05,21,23,23,1.0,0.2917966535467325,0.5471187254001235,53.608695652173914,35.0,70,55,0.0482643014185417,-0.0629659931243989,0.2904949613328965,0.7095050386671036,0.8714848839986898,0.0665250010935551,-0.0721105536009234,"{'2024-03': 0.04800294323234966, '2024-04': -0.06118359614352109, '2024-05': 0.06652500109355519, '2024-06': 0.053786140418147, '2024-07': -0.06912008286266247, '2024-08': -0.07211055360092344, '2024-09': -0.04705793722796858}",{'2024': -0.08982880322449738},894.1245047268528,1181.0198946172902,daily_mark_to_market_equity,L10__TQQQ_SOXL__trend_share_60,b,TQQQ_SOXL,L10,trend_share_60,stress,0,sha256:acd49d7f6e3e633cb9e24e4f31a698d59c7e8a2578e14056df443689e9c014bb,sensitivity_evaluation,W2,False,L10__TQQQ_SOXL__trend_share_60/stress/W2
tqqq_soxl,OK,2024-09-19,2025-03-18,1000.0,999.7961782128596,-0.2038217871404413,-0.2038217871404413,0.0,-0.0002038217871404,-0.0004135449979801,0.1113144883010613,2024-12-16,2025-03-10,61,0.2358268182438802,0.1157626710138478,0.1463488161636171,-0.0037151048735157,4409.748810232175,11.184418846124643,11.024418846124645,0.16,3.4893099289840004,-3.6931317161246255,-4.6862796436405726e-14,16,16,16,1.0,0.2164870776274962,0.9381106697191506,79.5625,82.0,58,49,0.0417268136377144,-0.0574934089658005,0.3874295590878849,0.6125704409121151,1.1622886772636547,0.0802137926369594,-0.0484781381294614,"{'2024-09': 0.005923354836022021, '2024-10': -0.044106887569413944, '2024-11': 0.08021379263695949, '2024-12': 0.017461306235470264, '2025-01': 0.02857629389967209, '2025-02': -0.048478138129461446, '2025-03': -0.033383183278052564}","{'2024': 0.05682199676340938, '2025': -0.053959719541413986}",961.555206520822,1125.0281061761723,daily_mark_to_market_equity,L10__TQQQ_SOXL__trend_share_60,b,TQQQ_SOXL,L10,trend_share_60,stress,0,sha256:acd49d7f6e3e633cb9e24e4f31a698d59c7e8a2578e14056df443689e9c014bb,sensitivity_evaluation,W3,False,L10__TQQQ_SOXL__trend_share_60/stress/W3
tqqq_soxl,OK,2025-03-19,2025-09-18,1000.0,1167.8306325293274,167.83063252932743,167.83063252932743,0.0,0.1678306325293275,0.3629614690260945,0.0557956054793993,2025-08-14,2025-08-21,19,0.1495071115491162,2.13400675605335,2.444720559642416,6.505198140740779,2286.3259644134378,5.81384871056233,5.71384871056233,0.0999999999999999,0.44202413489,45.34899317385658,122.0396152205812,12,10,10,1.0,1.2657167910831493,11.391451119748345,42.8,35.0,47,31,0.045711192747748,-0.0311357098919223,0.1766353236389423,0.8233646763610576,0.5299059709168272,0.0999835607715964,-0.0065636105732109,"{'2025-03': 0.0, '2025-04': 0.0, '2025-05': -0.004303284794749951, '2025-06': 0.0397078834030451, '2025-07': -0.006563610573210976, '2025-08': 0.03232202339748924, '2025-09': 0.09998356077159642}",{'2025': 0.1678306325293284},995.69671520525,1167.8306325293274,daily_mark_to_market_equity,L10__TQQQ_SOXL__trend_share_60,b,TQQQ_SOXL,L10,trend_share_60,stress,0,sha256:acd49d7f6e3e633cb9e24e4f31a698d59c7e8a2578e14056df443689e9c014bb,sensitivity_evaluation,W4,False,L10__TQQQ_SOXL__trend_share_60/stress/W4
tqqq_soxl,OK,2025-09-19,2026-03-18,1000.0,1157.4750073858877,157.4750073858877,157.4750073858877,0.0,0.1574750073858877,0.3454751065152521,0.1161180806387731,2025-10-29,2025-11-20,46,0.3052222051431129,1.1262443561469273,1.5206147312395135,2.975205106859939,4538.155765075662,11.614815609112233,11.344815609112231,0.27,0.0,144.02196247411362,13.45304491177422,19,27,27,1.0,3.937371513465771,7.874743026931544,66.5925925925926,63.0,66,54,0.0621635733089467,-0.0716406371836353,0.2789342764518157,0.7210657235481843,0.8368028293554471,0.1150170543987387,-0.0462702728508515,"{'2025-09': 0.0008050422611878272, '2025-10': 0.11501705439873877, '2025-11': -0.04158457774153512, '2025-12': -0.010325880565997148, '2026-01': 0.11000222415619798, '2026-02': 0.032964632750032585, '2026-03': -0.0462702728508515}","{'2025': 0.05846621809432517, '2026': 0.09353986702553319}",989.363185015,1254.8612386592004,daily_mark_to_market_equity,L10__TQQQ_SOXL__trend_share_60,b,TQQQ_SOXL,L10,trend_share_60,stress,0,sha256:acd49d7f6e3e633cb9e24e4f31a698d59c7e8a2578e14056df443689e9c014bb,sensitivity_evaluation,W5,False,L10__TQQQ_SOXL__trend_share_60/stress/W5
tqqq_soxl,OK,2026-03-19,2026-09-18,1000.0,1343.5694658843308,343.56946588433084,343.56946588433084,0.0,0.3435694658843309,0.8029953001720174,0.1347282576774388,2026-06-22,2026-07-29,62,0.3014371781686286,2.095220228285557,3.1914772865690124,5.960110477302526,5524.423216352245,14.033293057669756,13.813293057669757,0.22,0.0,343.56946487283585,1.0114944576596465e-06,17,22,22,1.0,1.8340184916100375,4.890715977626767,57.27272727272727,45.5,70,45,0.0713692841257509,-0.0597949392988559,0.175187841182324,0.824812158817676,0.5255635235469721,0.2598073097285973,-0.0939611536053023,"{'2026-03': -0.0015714676448999043, '2026-04': 0.25980730972859734, '2026-05': 0.15816405399632494, '2026-06': 0.037755706590058, '2026-07': -0.09396115360530233, '2026-08': -0.0011586552474385226, '2026-09': -0.01795706148752385}",{'2026': 0.34356946588433135},949.5470396071,1540.5738333090376,daily_mark_to_market_equity,L10__TQQQ_SOXL__trend_share_60,b,TQQQ_SOXL,L10,trend_share_60,stress,0,sha256:acd49d7f6e3e633cb9e24e4f31a698d59c7e8a2578e14056df443689e9c014bb,sensitivity_evaluation,W6,False,L10__TQQQ_SOXL__trend_share_60/stress/W6
tqqq_soxl,OK,2023-09-19,2024-03-18,1000.0,1218.2225937558503,218.22259375585057,218.22259375585057,0.0,0.2182225937558506,0.4893356677031832,0.0919806107053285,2024-03-07,2024-03-18,7,0.2943502917279383,1.498162476024829,2.192112610225045,5.319987157628594,6459.833679627885,6.659666375294669,6.459666375294669,0.2,3.229292276145,78.24659703773561,136.74670444196988,20,20,20,1.0,0.6237218798203554,1.8711656394610665,26.35,10.5,55,45,0.0654159444998305,-0.0478952830350948,0.3622833798072861,0.6377166201927138,1.0868501394218582,0.1337859776551297,-0.0624713292915,"{'2023-09': -0.06247132929150001, '2023-10': -0.006128532407620124, '2023-11': 0.0018017775449825635, '2023-12': 0.11728011414776485, '2024-01': 0.02313917733391513, '2024-02': 0.13378597765512978, '2024-03': 0.0069367835597671235}","{'2023': 0.04293837522040955, '2024': 0.16806766602906564}",916.1998117289904,1341.6261900554105,daily_mark_to_market_equity,L10__TQQQ_SOXL__trend_share_80,b,TQQQ_SOXL,L10,trend_share_80,base,0,sha256:acd49d7f6e3e633cb9e24e4f31a698d59c7e8a2578e14056df443689e9c014bb,sensitivity_evaluation,W1,False,L10__TQQQ_SOXL__trend_share_80/base/W1
tqqq_soxl,OK,2024-03-19,2024-09-18,1000.0,882.2042495395859,-117.79575046041408,-117.79575046041408,0.0,-0.117795750460414,-0.2213157902281288,0.3062833273128782,2024-07-10,2024-09-06,49,0.3711900162244926,-0.4830811667117388,-0.5741090977097749,-0.7225851703055574,3605.2302281083394,3.835114868579839,3.605114868579839,0.23,1.3988616081659997,-119.19459778006927,-1.4288510626894718e-05,21,23,23,1.0,0.2420661738703066,0.453874076006825,53.608695652173914,35.0,70,55,0.0594962258252411,-0.0838090283439924,0.364321066887519,0.635678933112481,1.0929632006625565,0.089597835714815,-0.1034934810068402,"{'2024-03': 0.05457896225754988, '2024-04': -0.0702780393968645, '2024-05': 0.08959783571481506, '2024-06': 0.06569126257274926, '2024-07': -0.07711891657091918, '2024-08': -0.1034934810068402, '2024-09': -0.06343026501742188}",{'2024': -0.11779575046041435},862.1259715411959,1242.7638047125756,daily_mark_to_market_equity,L10__TQQQ_SOXL__trend_share_80,b,TQQQ_SOXL,L10,trend_share_80,base,0,sha256:acd49d7f6e3e633cb9e24e4f31a698d59c7e8a2578e14056df443689e9c014bb,sensitivity_evaluation,W2,False,L10__TQQQ_SOXL__trend_share_80/base/W2
tqqq_soxl,OK,2024-09-19,2025-03-18,1000.0,975.083484412616,-24.916515587383856,-24.916515587383856,0.0,-0.0249165155873838,-0.0499116626238507,0.1558592474479486,2024-12-16,2025-03-04,61,0.3028852716172666,-0.0191084149361178,-0.023162938071797,-0.3202354909388318,3723.694320835065,3.883669032604777,3.7236690326047768,0.16,4.255383510221001,-29.171899097604477,-1.5401757770154888e-14,16,16,16,1.0,0.1374148464259184,0.5954643345123132,80.4375,82.0,59,49,0.0503426023751081,-0.0764876518122122,0.4974509876326407,0.5025490123673593,1.4923529628979222,0.0946798183828585,-0.0585717137656275,"{'2024-09': 0.008566921758597967, '2024-10': -0.05857171376562753, '2024-11': 0.09467981838285855, '2024-12': 0.009936814266029215, '2025-01': 0.032666673225398846, '2025-02': -0.05758835848582933, '2025-03': -0.045518053034164785}","{'2024': 0.0497195323283659, '2025': -0.07110094231570852}",949.4934287038732,1155.1195478534733,daily_mark_to_market_equity,L10__TQQQ_SOXL__trend_share_80,b,TQQQ_SOXL,L10,trend_share_80,base,0,sha256:acd49d7f6e3e633cb9e24e4f31a698d59c7e8a2578e14056df443689e9c014bb,sensitivity_evaluation,W3,False,L10__TQQQ_SOXL__trend_share_80/base/W3
tqqq_soxl,OK,2025-03-19,2025-09-18,1000.0,1209.2569881206302,209.25698812063024,209.25698812063024,0.0,0.2092569881206303,0.4611641917951383,0.0706612547600047,2025-08-14,2025-09-03,19,0.1880484512402543,2.099140390036661,2.2875870650504955,6.5264081901948305,1866.48044949913,1.9760354618298352,1.8660354618298352,0.1099999999999999,0.57356051246,38.80225826156639,169.88116934660377,12,11,11,1.0,3.5355688570290305,35.355688570290305,39.54545454545455,21.0,47,31,0.0538431960674401,-0.0412740938953544,0.223294334604518,0.776705665395482,0.6698830038135539,0.1392110801622521,-0.0152652486242109,"{'2025-03': 0.0, '2025-04': 0.0, '2025-05': -0.005333332484759756, '2025-06': 0.053581171377197645, '2025-07': -0.01526524862421097, '2025-08': 0.028607237557734866, '2025-09': 0.13921108016225214}",{'2025': 0.20925698812063032},994.66666751524,1209.2569881206302,daily_mark_to_market_equity,L10__TQQQ_SOXL__trend_share_80,b,TQQQ_SOXL,L10,trend_share_80,base,0,sha256:acd49d7f6e3e633cb9e24e4f31a698d59c7e8a2578e14056df443689e9c014bb,sensitivity_evaluation,W4,False,L10__TQQQ_SOXL__trend_share_80/base/W4
tqqq_soxl,OK,2025-09-19,2026-03-18,1000.0,1215.346041544425,215.3460415444249,215.3460415444249,0.0,0.2153460415444248,0.4854919984672465,0.1483991615584052,2025-10-29,2025-11-20,46,0.3872707647949795,1.2177146605842954,1.6124720758746152,3.2715279073606633,3181.135908937804,3.4509900105747713,3.1809900105747713,0.27,0.0,171.54920496523502,43.79683657919016,20,27,27,1.0,9.303677011512743,22.09623290234277,66.5925925925926,63.0,67,53,0.0653923733820291,-0.0953389997028654,0.3540600086235249,0.6459399913764751,1.0621800258705747,0.1558939149053542,-0.0514196658611884,"{'2025-09': 0.0018566825382302365, '2025-10': 0.1558939149053542, '2025-11': -0.0514196658611884, '2025-12': 0.000992044850263385, '2026-01': 0.1318488463148415, '2026-02': 0.02677762402374384, '2026-03': -0.04894243804420895}","{'2025': 0.09958376621722587, '2026': 0.10527826881752111}",986.6056181131,1335.9972447474051,daily_mark_to_market_equity,L10__TQQQ_SOXL__trend_share_80,b,TQQQ_SOXL,L10,trend_share_80,base,0,sha256:acd49d7f6e3e633cb9e24e4f31a698d59c7e8a2578e14056df443689e9c014bb,sensitivity_evaluation,W5,False,L10__TQQQ_SOXL__trend_share_80/base/W5
tqqq_soxl,OK,2026-03-19,2026-09-18,1000.0,1464.2762823703004,464.2762823703003,464.2762823703003,0.0,0.4642762823703004,1.1407565080744524,0.1721476048151923,2026-06-22,2026-07-29,62,0.3717203248394436,2.2232051643873327,3.1858390211848184,6.62661853064469,4896.458538562328,5.126927941699784,4.896927941699784,0.23,0.0,464.2762813063627,1.0639375374932751e-06,16,23,23,1.0,3.25071298697919,7.430201113095291,61.47826086956522,49.0,70,45,0.0625780259752741,-0.0790415837855448,0.2176359837635275,0.7823640162364724,0.6529079512905827,0.3508137674270717,-0.11968867600801,"{'2026-03': -0.014177123661360036, '2026-04': 0.3508137674270717, '2026-05': 0.21134010615779975, '2026-06': 0.04625319472038081, '2026-07': -0.11968867600801003, '2026-08': 0.004291276190101279, '2026-09': -0.01863676139280246}",{'2026': 0.46427628237030105},933.20008591312,1730.74384589545,daily_mark_to_market_equity,L10__TQQQ_SOXL__trend_share_80,b,TQQQ_SOXL,L10,trend_share_80,base,0,sha256:acd49d7f6e3e633cb9e24e4f31a698d59c7e8a2578e14056df443689e9c014bb,sensitivity_evaluation,W6,False,L10__TQQQ_SOXL__trend_share_80/base/W6
tqqq_soxl,OK,2023-09-19,2024-03-18,1000.0,1206.0542340266256,206.05423402662564,206.05423402662564,0.0,0.2060542340266256,0.4594683525304912,0.0921993048889027,2023-12-27,2024-01-04,15,0.2947696805393463,1.4276888610397906,2.092925687714974,4.983425342350859,6427.923777639499,16.26877199499974,16.06877199499974,0.2,3.2212991216250013,67.81755202276196,135.01538288223873,20,20,20,1.0,0.5754722334045833,1.7264167002137498,49.2,41.5,56,45,0.0653185644374836,-0.0478983385084368,0.3623407441057913,0.6376592558942087,1.087022232317374,0.1333340838773122,-0.0639241088616523,"{'2023-09': -0.06392410886165234, '2023-10': -0.0077044674609574315, '2023-11': -0.002031755822054615, '2023-12': 0.11516544196876821, '2024-01': 0.022466705874089943, '2024-02': 0.13333408387731227, '2024-03': 0.006819438551370904}","{'2023': 0.03373238158085057, '2024': 0.16669870801788012}",909.7724781515108,1328.3047769766258,daily_mark_to_market_equity,L10__TQQQ_SOXL__trend_share_80,b,TQQQ_SOXL,L10,trend_share_80,stress,0,sha256:acd49d7f6e3e633cb9e24e4f31a698d59c7e8a2578e14056df443689e9c014bb,sensitivity_evaluation,W1,False,L10__TQQQ_SOXL__trend_share_80/stress/W1
tqqq_soxl,OK,2024-03-19,2024-09-18,1000.0,877.3520792672405,-122.64792073275952,-122.64792073275952,0.0,-0.1226479207327595,-0.2298404356336695,0.3077910717468383,2024-07-10,2024-09-06,49,0.3711983647763749,-0.5125059294199623,-0.6119532679585005,-0.7467417242782011,3597.0627010241624,9.221939113537292,8.991939113537292,0.23,1.3962620457780002,-124.04418277853716,0.0,21,23,23,1.0,0.2339260708118843,0.4386113827722831,53.608695652173914,35.0,66,51,0.0595026361441592,-0.0838106538509743,0.3643665186615093,0.6356334813384907,1.093099555984528,0.0895208135337601,-0.1047507826253725,"{'2024-03': 0.05380771801379991, '2024-04': -0.07120772686727239, '2024-05': 0.08952081353376018, '2024-06': 0.06522652165875198, '2024-07': -0.07799739593766086, '2024-08': -0.10475078262537252, '2024-09': -0.06429200276968661}",{'2024': -0.12264792073276076},858.1588814217905,1239.739688980053,daily_mark_to_market_equity,L10__TQQQ_SOXL__trend_share_80,b,TQQQ_SOXL,L10,trend_share_80,stress,0,sha256:acd49d7f6e3e633cb9e24e4f31a698d59c7e8a2578e14056df443689e9c014bb,sensitivity_evaluation,W2,False,L10__TQQQ_SOXL__trend_share_80/stress/W2
tqqq_soxl,OK,2024-09-19,2025-03-18,1000.0,969.7125681983482,-30.287431801651792,-30.287431801651792,0.0,-0.0302874318016518,-0.0605006793482258,0.1579405354713506,2024-12-16,2025-03-04,61,0.3028444393305233,-0.0565024086728662,-0.0685861939970807,-0.3830598596343261,3714.6537574782,9.446477595449682,9.286477595449682,0.16,4.2467650737980005,-34.53419687544945,-3.101027345952683e-14,16,16,16,1.0,0.1246606441645863,0.5401961247132074,80.4375,82.0,58,48,0.0501912314480637,-0.0764964421335863,0.4975315740974604,0.5024684259025396,1.4925947222923814,0.0940635425706,-0.0601861711463066,"{'2024-09': 0.007897806027358012, '2024-10': -0.060186171146306644, '2024-11': 0.09406354257060001, '2024-12': 0.009382983639008913, '2025-01': 0.03205252515235957, '2025-02': -0.05803893750814826, '2025-03': -0.046432553487160355}","{'2024': 0.04606062812594813, '2025': -0.0729862666415233}",947.2362961758082,1151.5963053050582,daily_mark_to_market_equity,L10__TQQQ_SOXL__trend_share_80,b,TQQQ_SOXL,L10,trend_share_80,stress,0,sha256:acd49d7f6e3e633cb9e24e4f31a698d59c7e8a2578e14056df443689e9c014bb,sensitivity_evaluation,W3,False,L10__TQQQ_SOXL__trend_share_80/stress/W3
tqqq_soxl,OK,2025-03-19,2025-09-18,1000.0,1206.0090184798903,206.0090184798903,206.0090184798903,0.0,0.2060090184798904,0.4533416071756029,0.0712708286855755,2025-08-14,2025-09-03,19,0.1880374613178027,2.0708311893305256,2.2581034306725303,6.360829746706093,1865.0668698232,4.769894079699873,4.659894079699873,0.1099999999999999,0.57294091959,36.717578527862614,168.71849903243762,12,11,11,1.0,2.9680212640345274,29.680212640345275,39.54545454545455,21.0,47,31,0.0538445006408687,-0.0412832922772394,0.2233264253427304,0.7766735746572695,0.6699792760281913,0.138937104274746,-0.0157691951088997,"{'2025-03': 0.0, '2025-04': 0.0, '2025-05': -0.005737714071900157, '2025-06': 0.05284921775393636, '2025-07': -0.015769195108899736, '2025-08': 0.027748177188050338, '2025-09': 0.13893710427474604}",{'2025': 0.20600901847989106},994.2622859281,1206.0090184798903,daily_mark_to_market_equity,L10__TQQQ_SOXL__trend_share_80,b,TQQQ_SOXL,L10,trend_share_80,stress,0,sha256:acd49d7f6e3e633cb9e24e4f31a698d59c7e8a2578e14056df443689e9c014bb,sensitivity_evaluation,W4,False,L10__TQQQ_SOXL__trend_share_80/stress/W4
tqqq_soxl,OK,2025-09-19,2026-03-18,1000.0,1210.2007254459752,210.2007254459752,210.2007254459752,0.0,0.2102007254459752,0.4727583451978034,0.1488559389552254,2025-10-29,2025-11-20,46,0.3872935197124968,1.1953742199924038,1.583608468566975,3.175945471278812,3175.147206011575,8.206962724024784,7.936962724024784,0.27,0.0,167.02852150175335,43.1722039442218,20,27,27,1.0,7.673613549668139,18.22483218046183,66.5925925925926,63.0,67,53,0.0653024961475914,-0.0953511606580602,0.3541066602529977,0.6458933397470024,1.062319980758993,0.1552653472189988,-0.0519436231755501,"{'2025-09': 0.001042030836312824, '2025-10': 0.15526534721899887, '2025-11': -0.051943623175550124, '2025-12': 0.0004089246657714707, '2026-01': 0.13110596916321082, '2026-02': 0.02613795217840309, '2026-03': -0.04938955091814867}","{'2025': 0.09684631476252514, '2026': 0.10334575515074951}",985.8175797077502,1330.9681865527878,daily_mark_to_market_equity,L10__TQQQ_SOXL__trend_share_80,b,TQQQ_SOXL,L10,trend_share_80,stress,0,sha256:acd49d7f6e3e633cb9e24e4f31a698d59c7e8a2578e14056df443689e9c014bb,sensitivity_evaluation,W5,False,L10__TQQQ_SOXL__trend_share_80/stress/W5
tqqq_soxl,OK,2026-03-19,2026-09-18,1000.0,1456.7531656556423,456.75316565564253,456.75316565564253,0.0,0.4567531656556425,1.1188603123007417,0.1730889383230808,2026-06-22,2026-07-29,62,0.3717057366980469,2.195702259560226,3.154070459932721,6.464077503394943,4883.538385982777,12.441778433357262,12.211778433357262,0.23,0.0,456.75316565564265,-1.1211155782065693e-15,16,23,23,1.0,3.06123028976179,6.997097805169806,61.47826086956522,49.0,67,45,0.0625834220972059,-0.0790426369759473,0.2176642064816152,0.7823357935183848,0.652992619444846,0.3502772219288899,-0.1206363077083721,"{'2026-03': -0.014773297015199471, '2026-04': 0.3502772219288899, '2026-05': 0.21085773971391797, '2026-06': 0.045628926416614535, '2026-07': -0.12063630770837219, '2026-08': 0.003792462906852201, '2026-09': -0.020185904323571924}",{'2026': 0.45675316565564184},932.7293861428,1727.3893695004128,daily_mark_to_market_equity,L10__TQQQ_SOXL__trend_share_80,b,TQQQ_SOXL,L10,trend_share_80,stress,0,sha256:acd49d7f6e3e633cb9e24e4f31a698d59c7e8a2578e14056df443689e9c014bb,sensitivity_evaluation,W6,False,L10__TQQQ_SOXL__trend_share_80/stress/W6
spxl_soxl,OK,2023-09-19,2024-03-18,1000.0,1104.4676364534153,104.46763645341524,104.46763645341524,0.0,0.1044676364534151,0.2220270960437076,0.0426135774647705,2023-12-19,2023-12-20,4,0.117435432204192,1.764623786666944,1.564554414918857,5.210243055215478,2088.117048280305,2.098200700374933,2.088200700374933,0.01,3.2765978187899996,93.840537804065,7.350500830560001,2,1,1,1.0,,,30.0,30.0,38,33,0.0401740277533708,-0.0426135774647705,0.1650443315508867,0.8349556684491133,0.4951329946526602,0.1337473733553904,-0.030076372164865,"{'2023-09': 0.0, '2023-10': 0.0, '2023-11': 0.0, '2023-12': 0.13374737335539044, '2024-01': -0.03007637216486503, '2024-02': 0.004508491983377327, '2024-03': -0.0001253702992729533}","{'2023': 0.13374737335539044, '2024': -0.025825627110667715}",992.5394122666002,1144.63952948539,daily_mark_to_market_equity,L01__SPXL_SOXL__long_105,b,SPXL_SOXL,L01,long_105,base,0,sha256:acd49d7f6e3e633cb9e24e4f31a698d59c7e8a2578e14056df443689e9c014bb,sensitivity_evaluation,W1,False,L01__SPXL_SOXL__long_105/base/W1
spxl_soxl,OK,2024-03-19,2024-09-18,1000.0,673.1456425859202,-326.8543574140798,-326.8543574140798,0.0,-0.3268543574140797,-0.5461393310918181,0.551203698407503,2024-07-10,2024-08-05,49,0.8839243899079013,-0.4317243614506828,-0.4535728671629259,-0.990812167388723,1662.7123279662198,1.6723702457399212,1.6623702457399212,0.01,3.22857080166,-331.5161331786899,1.4332049629500008,2,1,1,,,,122.0,122.0,66,49,0.1891206215074641,-0.2088682972459232,0.6677757258704262,0.3322242741295738,2.0033271776112787,0.2697093869023597,-0.3065378543191378,"{'2024-03': 0.0, '2024-04': -0.1662420181489297, '2024-05': 0.2697093869023597, '2024-06': 0.141193012701609, '2024-07': -0.19615009628480373, '2024-08': -0.3065378543191378, '2024-09': -0.00044228187288253284}",{'2024': -0.32685435741407964},670.4524536359202,1493.8903267627304,daily_mark_to_market_equity,L01__SPXL_SOXL__long_105,b,SPXL_SOXL,L01,long_105,base,0,sha256:acd49d7f6e3e633cb9e24e4f31a698d59c7e8a2578e14056df443689e9c014bb,sensitivity_evaluation,W2,False,L01__SPXL_SOXL__long_105/base/W2
spxl_soxl,OK,2024-09-19,2025-03-18,1000.0,999.7010132192604,-0.2989867807397104,-0.2989867807397104,0.0,-0.0002989867807396,-0.0006066006674562,0.1604895659256221,2024-12-06,2025-03-04,67,0.3534981277624845,0.1751526888566038,0.2109297603777165,-0.0037796891278112,1979.6877964231,1.9896874841398084,1.9796874841398084,0.01,2.0029838034,-2.301970584139702,0.0,1,1,1,,,,153.0,153.0,59,45,0.0737097971754123,-0.0879991931400626,0.8298860163651592,0.1701139836348407,2.489658049095477,0.1723219029297023,-0.0841835246591107,"{'2024-09': 0.0, '2024-10': -0.008359881043619177, '2024-11': 0.1723219029297023, '2024-12': -0.08418352465911072, '2025-01': 0.0661725936373252, '2025-02': -0.05012563874895226, '2025-03': -0.07281364406461743}","{'2024': 0.06465627969978094, '2025': -0.06101055121643273}",991.6401189563804,1190.81428013638,daily_mark_to_market_equity,L01__SPXL_SOXL__long_105,b,SPXL_SOXL,L01,long_105,base,0,sha256:acd49d7f6e3e633cb9e24e4f31a698d59c7e8a2578e14056df443689e9c014bb,sensitivity_evaluation,W3,False,L01__SPXL_SOXL__long_105/base/W3
spxl_soxl,OK,2025-03-19,2025-09-18,1000.0,1129.93822113221,129.93822113220995,129.93822113220995,0.0,0.1299382211322099,0.276121310671878,0.0425874644015662,2025-06-12,2025-06-20,7,0.1213061074769203,2.059048545668312,2.026696544203916,6.483628799035125,2116.22397005449,2.1263349256898585,2.1163349256898587,0.01,3.6923487879,121.53165058465012,4.714221759660002,2,1,1,1.0,,,29.0,29.0,44,31,0.0314377589517047,-0.0334703204420355,0.1613416629245685,0.8386583370754315,0.4840249887737055,0.1307934630031495,-0.0047213027715611,"{'2025-03': 0.0, '2025-04': 0.0, '2025-05': 0.0, '2025-06': 0.13079346300314953, '2025-07': -0.004721302771561131, '2025-08': 0.00048762341742403237, '2025-09': 0.003494463916071}",{'2025': 0.12993822113220888},1000.0,1130.7934630031502,daily_mark_to_market_equity,L01__SPXL_SOXL__long_105,b,SPXL_SOXL,L01,long_105,base,0,sha256:acd49d7f6e3e633cb9e24e4f31a698d59c7e8a2578e14056df443689e9c014bb,sensitivity_evaluation,W4,False,L01__SPXL_SOXL__long_105/base/W4
spxl_soxl,OK,2025-09-19,2026-03-18,1000.0,1381.6947956440804,381.6947956440804,381.6947956440804,0.0,0.3816947956440804,0.9271680946999654,0.3733820890314826,2025-10-29,2025-11-20,29,1.027995645702792,1.1595768557792026,1.5721165664487575,2.483161677907343,990.98997589592,0.9899999759198956,0.9899999759198956,0.0,0.0,0.0,381.69479564408016,1,0,0,,,,,,64,50,0.1585685511387371,-0.1885216545275312,0.9205797567419262,0.0794202432580738,2.7617392702257786,0.4662073263427346,-0.1386147917560154,"{'2025-09': 0.0, '2025-10': 0.22313217116408013, '2025-11': -0.13545356580909929, '2025-12': 0.018503132033601544, '2026-01': 0.46620732634273465, '2026-02': 0.015769678677987065, '2026-03': -0.13861479175601543}","{'2025': 0.07702077841407973, '2026': 0.2828859232211227}",791.9129824740801,1835.02127332408,daily_mark_to_market_equity,L01__SPXL_SOXL__long_105,b,SPXL_SOXL,L01,long_105,base,0,sha256:acd49d7f6e3e633cb9e24e4f31a698d59c7e8a2578e14056df443689e9c014bb,sensitivity_evaluation,W5,False,L01__SPXL_SOXL__long_105/base/W5
spxl_soxl,OK,2026-03-19,2026-09-18,1000.0,2252.81520628032,1252.81520628032,1252.81520628032,0.0,1.25281520628032,4.058311159501278,0.69318555872586,2026-06-22,2026-07-29,62,1.5144095893064926,1.8323061925856623,2.479925950139323,5.8545812278040446,3243.84570855268,3.255092799679971,3.2450927996799717,0.01,0.0,1252.84591139632,-0.0307051159999996,2,1,1,1.0,,,153.0,153.0,69,47,0.2459711952735723,-0.3046528026350452,0.8246378564280035,0.1753621435719965,2.473913569284011,1.7382804467998194,-0.5689756237363679,"{'2026-03': 0.0, '2026-04': 1.7382804467998194, '2026-05': 0.764212053782005, '2026-06': 0.18851286646469934, '2026-07': -0.5689756237363679, '2026-08': -0.016762319817454907, '2026-09': -0.07416706620543889}",{'2026': 1.2528152062803208},1000.0,6473.671091169819,daily_mark_to_market_equity,L01__SPXL_SOXL__long_105,b,SPXL_SOXL,L01,long_105,base,0,sha256:acd49d7f6e3e633cb9e24e4f31a698d59c7e8a2578e14056df443689e9c014bb,sensitivity_evaluation,W6,False,L01__SPXL_SOXL__long_105/base/W6
spxl_soxl,OK,2023-09-19,2024-03-18,1000.0,1100.4395204763778,100.43952047637777,100.43952047637777,0.0,0.1004395204763777,0.2130500274181272,0.0433777657749396,2023-12-27,2024-01-04,55,0.1178022319142924,1.6969202624422433,1.4924873620568615,4.911503015704214,2086.4881716047375,5.2267526274124085,5.216752627412409,0.01,3.2765978187899996,90.72664830766251,6.436274349925001,2,1,1,1.0,,,30.0,30.0,38,33,0.0402308020731509,-0.0426693411582985,0.1644832135657308,0.8355167864342692,0.4934496406971925,0.1322623734552905,-0.0318418409938765,"{'2023-09': 0.0, '2023-10': 0.0, '2023-11': 0.0, '2023-12': 0.13226237345529057, '2024-01': -0.03184184099387655, '2024-02': 0.003970073555006115, '2024-03': -0.00011045738541282102}","{'2023': 0.13226237345529057, '2024': -0.02810554666918752}",991.0544123665,1143.1545295852898,daily_mark_to_market_equity,L01__SPXL_SOXL__long_105,b,SPXL_SOXL,L01,long_105,stress,0,sha256:acd49d7f6e3e633cb9e24e4f31a698d59c7e8a2578e14056df443689e9c014bb,sensitivity_evaluation,W1,False,L01__SPXL_SOXL__long_105/stress/W1
spxl_soxl,OK,2024-03-19,2024-09-18,1000.0,670.4785607405603,-329.5214392594397,-329.5214392594397,0.0,-0.3295214392594396,-0.5497213782603156,0.552322906847905,2024-07-10,2024-08-05,49,0.8856038472886687,-0.4379972274827665,-0.4613291684463222,-0.9952898412227076,1661.7222132823,4.1621768910998815,4.152176891099882,0.01,3.22857080166,-333.99134919172485,1.241339130625,2,1,1,,,,122.0,122.0,65,50,0.1894651326391203,-0.2091881758433631,0.6681457451938091,0.3318542548061909,2.0044372355814275,0.2701906213625058,-0.3082640702796765,"{'2024-03': 0.0, '2024-04': -0.1677270181473246, '2024-05': 0.2701906213625058, '2024-06': 0.14139135025889904, '2024-07': -0.19639150097504687, '2024-08': -0.3082640702796765, '2024-09': -0.00038960222408368494}",{'2024': -0.32952143925943966},668.1156784905602,1492.405326764335,daily_mark_to_market_equity,L01__SPXL_SOXL__long_105,b,SPXL_SOXL,L01,long_105,stress,0,sha256:acd49d7f6e3e633cb9e24e4f31a698d59c7e8a2578e14056df443689e9c014bb,sensitivity_evaluation,W2,False,L01__SPXL_SOXL__long_105/stress/W2
spxl_soxl,OK,2024-09-19,2025-03-18,1000.0,996.73148199305,-3.2685180069499893,-3.2685180069499893,0.0,-0.0032685180069499,-0.0066212129993927,0.1619381625478398,2024-12-06,2025-03-04,67,0.3541448477756806,0.1582706989516911,0.1906440452144291,-0.040887292378884,1979.68826484775,4.959218710350054,4.9492187103500545,0.01,2.0029838034,-5.271501810349947,0.0,1,1,1,,,,153.0,153.0,59,45,0.0738160098679576,-0.0881114688742498,0.8310048208661379,0.168995179133862,2.493014462598414,0.1725803452594192,-0.0842911978690437,"{'2024-09': 0.0, '2024-10': -0.009844880869049888, '2024-11': 0.17258034525941923, '2024-12': -0.08429119786904371, '2025-01': 0.06626502116227839, '2025-02': -0.05019130132606453, '2025-03': -0.07429281524266795}","{'2024': 0.06317127987435045, '2025': -0.06249209242103693}",990.15511913095,1189.32928031095,daily_mark_to_market_equity,L01__SPXL_SOXL__long_105,b,SPXL_SOXL,L01,long_105,stress,0,sha256:acd49d7f6e3e633cb9e24e4f31a698d59c7e8a2578e14056df443689e9c014bb,sensitivity_evaluation,W3,False,L01__SPXL_SOXL__long_105/stress/W3
spxl_soxl,OK,2025-03-19,2025-09-18,1000.0,1126.2086130177,126.20861301770016,126.20861301770016,0.0,0.1262086130177002,0.2677281564546534,0.0426476082269631,2025-06-12,2025-06-20,7,0.1211674777526408,2.007077065661671,1.9679282911013505,6.277682795946046,2114.5535042872,5.297086610199835,5.287086610199835,0.01,3.6923487879,118.37618268662516,4.140081543175,2,1,1,1.0,,,29.0,29.0,44,31,0.0314827242739701,-0.0335175886496391,0.1609416583034091,0.8390583416965909,0.4828249749102275,0.1293084630260255,-0.006245715337531,"{'2025-03': 0.0, '2025-04': 0.0, '2025-05': 0.0, '2025-06': 0.1293084630260255, '2025-07': -0.006245715337531044, '2025-08': 0.0004311981916784724, '2025-09': 0.003090277154260912}",{'2025': 0.12620861301770092},1000.0,1129.3084630260253,daily_mark_to_market_equity,L01__SPXL_SOXL__long_105,b,SPXL_SOXL,L01,long_105,stress,0,sha256:acd49d7f6e3e633cb9e24e4f31a698d59c7e8a2578e14056df443689e9c014bb,sensitivity_evaluation,W4,False,L01__SPXL_SOXL__long_105/stress/W4
spxl_soxl,OK,2025-09-19,2026-03-18,1000.0,1380.2097956802002,380.20979568020016,380.20979568020016,0.0,0.3802097956802002,0.922967494155861,0.3738213431865664,2025-10-29,2025-11-20,29,1.0293005383257277,1.1572993472317457,1.569140321618168,2.4690069493844473,992.4749758598,2.4749999398000093,2.4749999398000093,0.0,0.0,0.0,380.2097956802001,1,0,0,,,,,,64,50,0.1587416121057276,-0.1887806626661667,0.9216998034579011,0.0783001965420988,2.765099410373703,0.4668510221422157,-0.1387432386358162,"{'2025-09': 0.0, '2025-10': 0.2216471712002004, '2025-11': -0.1356182193564378, '2025-12': 0.018529152812529537, '2026-01': 0.46685102214221574, '2026-02': 0.015784522249783217, '2026-03': -0.13874323863581628}","{'2025': 0.07553577845020043, '2026': 0.2832765058443909}",790.4279825102,1833.5362733602,daily_mark_to_market_equity,L01__SPXL_SOXL__long_105,b,SPXL_SOXL,L01,long_105,stress,0,sha256:acd49d7f6e3e633cb9e24e4f31a698d59c7e8a2578e14056df443689e9c014bb,sensitivity_evaluation,W5,False,L01__SPXL_SOXL__long_105/stress/W5
spxl_soxl,OK,2026-03-19,2026-09-18,1000.0,2247.9549089658003,1247.9549089658003,1247.9549089658008,4.547473508864641e-13,1.2479549089658004,4.036553351942358,0.6933446055299529,2026-06-22,2026-07-29,62,1.5148598164670763,1.8293771638394405,2.4768728563262887,5.821857298301251,3240.4764526567,8.118994794199775,8.108994794199775,0.01,0.0,1247.9917735108002,-0.0368645449999997,2,1,1,1.0,,,153.0,153.0,69,47,0.2461552339422799,-0.3047328195663533,0.8249885126449109,0.1750114873550891,2.4749655379347324,1.7367954468595517,-0.5691228210346422,"{'2026-03': 0.0, '2026-04': 1.7367954468595515, '2026-05': 0.7646267193557603, '2026-06': 0.18857083231939953, '2026-07': -0.5691228210346422, '2026-08': -0.016772384192405343, '2026-09': -0.07560034021972539}",{'2026': 1.2479549089658017},1000.0,6472.18609122955,daily_mark_to_market_equity,L01__SPXL_SOXL__long_105,b,SPXL_SOXL,L01,long_105,stress,0,sha256:acd49d7f6e3e633cb9e24e4f31a698d59c7e8a2578e14056df443689e9c014bb,sensitivity_evaluation,W6,False,L01__SPXL_SOXL__long_105/stress/W6
spxl_soxl,OK,2023-09-19,2024-03-18,1000.0,1895.28673392262,895.28673392262,895.28673392262,0.0,0.89528673392262,2.633588323042424,0.2299111983971524,2024-03-07,2024-03-18,7,0.6670336012632702,2.2627214644599096,3.0889706719503036,11.454806644490276,990.98997873876,0.9899999787599578,0.9899999787599578,0.0,2.7973255213800003,0.0,892.4894084012401,1,0,0,,,,,,37,35,0.1450283336688291,-0.1145958007660298,0.5716731281909353,0.4283268718090647,1.715019384572806,0.4020577641826206,-0.0069594783562397,"{'2023-09': 0.0, '2023-10': 0.0, '2023-11': 0.0, '2023-12': 0.4020577641826206, '2024-01': 0.022105254499316995, '2024-02': 0.33182273586457245, '2024-03': -0.006959478356239779}","{'2023': 0.4020577641826206, '2024': 0.3517893358891291}",959.60481303124,2461.12750890262,daily_mark_to_market_equity,L01__SPXL_SOXL__long_147,b,SPXL_SOXL,L01,long_147,base,0,sha256:acd49d7f6e3e633cb9e24e4f31a698d59c7e8a2578e14056df443689e9c014bb,sensitivity_evaluation,W1,False,L01__SPXL_SOXL__long_147/base/W1
spxl_soxl,OK,2024-03-19,2024-09-18,1000.0,673.1456425859202,-326.8543574140798,-326.8543574140798,0.0,-0.3268543574140797,-0.5461393310918181,0.551203698407503,2024-07-10,2024-08-05,49,0.8839243899079013,-0.4317243614506828,-0.4535728671629259,-0.990812167388723,1662.7123279662198,1.6723702457399212,1.6623702457399212,0.01,3.22857080166,-331.5161331786899,1.4332049629500008,2,1,1,,,,122.0,122.0,66,49,0.1891206215074641,-0.2088682972459232,0.6677757258704262,0.3322242741295738,2.0033271776112787,0.2697093869023597,-0.3065378543191378,"{'2024-03': 0.0, '2024-04': -0.1662420181489297, '2024-05': 0.2697093869023597, '2024-06': 0.141193012701609, '2024-07': -0.19615009628480373, '2024-08': -0.3065378543191378, '2024-09': -0.00044228187288253284}",{'2024': -0.32685435741407964},670.4524536359202,1493.8903267627304,daily_mark_to_market_equity,L01__SPXL_SOXL__long_147,b,SPXL_SOXL,L01,long_147,base,0,sha256:acd49d7f6e3e633cb9e24e4f31a698d59c7e8a2578e14056df443689e9c014bb,sensitivity_evaluation,W2,False,L01__SPXL_SOXL__long_147/base/W2
spxl_soxl,OK,2024-09-19,2025-03-18,1000.0,999.7010132192604,-0.2989867807397104,-0.2989867807397104,0.0,-0.0002989867807396,-0.0006066006674562,0.1604895659256221,2024-12-06,2025-03-04,67,0.3534981277624845,0.1751526888566038,0.2109297603777165,-0.0037796891278112,1979.6877964231,1.9896874841398084,1.9796874841398084,0.01,2.0029838034,-2.301970584139702,0.0,1,1,1,,,,153.0,153.0,59,45,0.0737097971754123,-0.0879991931400626,0.8298860163651592,0.1701139836348407,2.489658049095477,0.1723219029297023,-0.0841835246591107,"{'2024-09': 0.0, '2024-10': -0.008359881043619177, '2024-11': 0.1723219029297023, '2024-12': -0.08418352465911072, '2025-01': 0.0661725936373252, '2025-02': -0.05012563874895226, '2025-03': -0.07281364406461743}","{'2024': 0.06465627969978094, '2025': -0.06101055121643273}",991.6401189563804,1190.81428013638,daily_mark_to_market_equity,L01__SPXL_SOXL__long_147,b,SPXL_SOXL,L01,long_147,base,0,sha256:acd49d7f6e3e633cb9e24e4f31a698d59c7e8a2578e14056df443689e9c014bb,sensitivity_evaluation,W3,False,L01__SPXL_SOXL__long_147/base/W3
spxl_soxl,OK,2025-03-19,2025-09-18,1000.0,1129.93822113221,129.93822113220995,129.93822113220995,0.0,0.1299382211322099,0.276121310671878,0.0425874644015662,2025-06-12,2025-06-20,7,0.1213061074769203,2.059048545668312,2.026696544203916,6.483628799035125,2116.22397005449,2.1263349256898585,2.1163349256898587,0.01,3.6923487879,121.53165058465012,4.714221759660002,2,1,1,1.0,,,29.0,29.0,44,31,0.0314377589517047,-0.0334703204420355,0.1613416629245685,0.8386583370754315,0.4840249887737055,0.1307934630031495,-0.0047213027715611,"{'2025-03': 0.0, '2025-04': 0.0, '2025-05': 0.0, '2025-06': 0.13079346300314953, '2025-07': -0.004721302771561131, '2025-08': 0.00048762341742403237, '2025-09': 0.003494463916071}",{'2025': 0.12993822113220888},1000.0,1130.7934630031502,daily_mark_to_market_equity,L01__SPXL_SOXL__long_147,b,SPXL_SOXL,L01,long_147,base,0,sha256:acd49d7f6e3e633cb9e24e4f31a698d59c7e8a2578e14056df443689e9c014bb,sensitivity_evaluation,W4,False,L01__SPXL_SOXL__long_147/base/W4
spxl_soxl,OK,2025-09-19,2026-03-18,1000.0,1381.6947956440804,381.6947956440804,381.6947956440804,0.0,0.3816947956440804,0.9271680946999654,0.3733820890314826,2025-10-29,2025-11-20,29,1.027995645702792,1.1595768557792026,1.5721165664487575,2.483161677907343,990.98997589592,0.9899999759198956,0.9899999759198956,0.0,0.0,0.0,381.69479564408016,1,0,0,,,,,,64,50,0.1585685511387371,-0.1885216545275312,0.9205797567419262,0.0794202432580738,2.7617392702257786,0.4662073263427346,-0.1386147917560154,"{'2025-09': 0.0, '2025-10': 0.22313217116408013, '2025-11': -0.13545356580909929, '2025-12': 0.018503132033601544, '2026-01': 0.46620732634273465, '2026-02': 0.015769678677987065, '2026-03': -0.13861479175601543}","{'2025': 0.07702077841407973, '2026': 0.2828859232211227}",791.9129824740801,1835.02127332408,daily_mark_to_market_equity,L01__SPXL_SOXL__long_147,b,SPXL_SOXL,L01,long_147,base,0,sha256:acd49d7f6e3e633cb9e24e4f31a698d59c7e8a2578e14056df443689e9c014bb,sensitivity_evaluation,W5,False,L01__SPXL_SOXL__long_147/base/W5
spxl_soxl,OK,2026-03-19,2026-09-18,1000.0,2252.81520628032,1252.81520628032,1252.81520628032,0.0,1.25281520628032,4.058311159501278,0.69318555872586,2026-06-22,2026-07-29,62,1.5144095893064926,1.8323061925856623,2.479925950139323,5.8545812278040446,3243.84570855268,3.255092799679971,3.2450927996799717,0.01,0.0,1252.84591139632,-0.0307051159999996,2,1,1,1.0,,,153.0,153.0,69,47,0.2459711952735723,-0.3046528026350452,0.8246378564280035,0.1753621435719965,2.473913569284011,1.7382804467998194,-0.5689756237363679,"{'2026-03': 0.0, '2026-04': 1.7382804467998194, '2026-05': 0.764212053782005, '2026-06': 0.18851286646469934, '2026-07': -0.5689756237363679, '2026-08': -0.016762319817454907, '2026-09': -0.07416706620543889}",{'2026': 1.2528152062803208},1000.0,6473.671091169819,daily_mark_to_market_equity,L01__SPXL_SOXL__long_147,b,SPXL_SOXL,L01,long_147,base,0,sha256:acd49d7f6e3e633cb9e24e4f31a698d59c7e8a2578e14056df443689e9c014bb,sensitivity_evaluation,W6,False,L01__SPXL_SOXL__long_147/base/W6
spxl_soxl,OK,2023-09-19,2024-03-18,1000.0,1893.80173395448,893.8017339544799,893.8017339544799,0.0,0.8938017339544799,2.627845496961807,0.2300500064235445,2024-03-07,2024-03-18,7,0.6677247338926939,2.2586644880079643,3.0883116418919747,11.422931639148432,992.4749787069,2.474999946899895,2.474999946899895,0.0,2.7973255213800003,0.0,891.0044084331001,1,0,0,,,,,,37,35,0.1451620656049657,-0.1146649875522674,0.572245041729445,0.427754958270555,1.7167351251883354,0.4005727642144798,-0.0069648975318351,"{'2023-09': 0.0, '2023-10': 0.0, '2023-11': 0.0, '2023-12': 0.40057276421447985, '2024-01': 0.022128692269253625, '2024-02': 0.33216694415615455, '2024-03': -0.006964897531835157}","{'2023': 0.40057276421447985, '2024': 0.3521623312564055}",958.1198130631,2459.64250893448,daily_mark_to_market_equity,L01__SPXL_SOXL__long_147,b,SPXL_SOXL,L01,long_147,stress,0,sha256:acd49d7f6e3e633cb9e24e4f31a698d59c7e8a2578e14056df443689e9c014bb,sensitivity_evaluation,W1,False,L01__SPXL_SOXL__long_147/stress/W1
spxl_soxl,OK,2024-03-19,2024-09-18,1000.0,670.4785607405603,-329.5214392594397,-329.5214392594397,0.0,-0.3295214392594396,-0.5497213782603156,0.552322906847905,2024-07-10,2024-08-05,49,0.8856038472886687,-0.4379972274827665,-0.4613291684463222,-0.9952898412227076,1661.7222132823,4.1621768910998815,4.152176891099882,0.01,3.22857080166,-333.99134919172485,1.241339130625,2,1,1,,,,122.0,122.0,65,50,0.1894651326391203,-0.2091881758433631,0.6681457451938091,0.3318542548061909,2.0044372355814275,0.2701906213625058,-0.3082640702796765,"{'2024-03': 0.0, '2024-04': -0.1677270181473246, '2024-05': 0.2701906213625058, '2024-06': 0.14139135025889904, '2024-07': -0.19639150097504687, '2024-08': -0.3082640702796765, '2024-09': -0.00038960222408368494}",{'2024': -0.32952143925943966},668.1156784905602,1492.405326764335,daily_mark_to_market_equity,L01__SPXL_SOXL__long_147,b,SPXL_SOXL,L01,long_147,stress,0,sha256:acd49d7f6e3e633cb9e24e4f31a698d59c7e8a2578e14056df443689e9c014bb,sensitivity_evaluation,W2,False,L01__SPXL_SOXL__long_147/stress/W2
spxl_soxl,OK,2024-09-19,2025-03-18,1000.0,996.73148199305,-3.2685180069499893,-3.2685180069499893,0.0,-0.0032685180069499,-0.0066212129993927,0.1619381625478398,2024-12-06,2025-03-04,67,0.3541448477756806,0.1582706989516911,0.1906440452144291,-0.040887292378884,1979.68826484775,4.959218710350054,4.9492187103500545,0.01,2.0029838034,-5.271501810349947,0.0,1,1,1,,,,153.0,153.0,59,45,0.0738160098679576,-0.0881114688742498,0.8310048208661379,0.168995179133862,2.493014462598414,0.1725803452594192,-0.0842911978690437,"{'2024-09': 0.0, '2024-10': -0.009844880869049888, '2024-11': 0.17258034525941923, '2024-12': -0.08429119786904371, '2025-01': 0.06626502116227839, '2025-02': -0.05019130132606453, '2025-03': -0.07429281524266795}","{'2024': 0.06317127987435045, '2025': -0.06249209242103693}",990.15511913095,1189.32928031095,daily_mark_to_market_equity,L01__SPXL_SOXL__long_147,b,SPXL_SOXL,L01,long_147,stress,0,sha256:acd49d7f6e3e633cb9e24e4f31a698d59c7e8a2578e14056df443689e9c014bb,sensitivity_evaluation,W3,False,L01__SPXL_SOXL__long_147/stress/W3
spxl_soxl,OK,2025-03-19,2025-09-18,1000.0,1126.2086130177,126.20861301770016,126.20861301770016,0.0,0.1262086130177002,0.2677281564546534,0.0426476082269631,2025-06-12,2025-06-20,7,0.1211674777526408,2.007077065661671,1.9679282911013505,6.277682795946046,2114.5535042872,5.297086610199835,5.287086610199835,0.01,3.6923487879,118.37618268662516,4.140081543175,2,1,1,1.0,,,29.0,29.0,44,31,0.0314827242739701,-0.0335175886496391,0.1609416583034091,0.8390583416965909,0.4828249749102275,0.1293084630260255,-0.006245715337531,"{'2025-03': 0.0, '2025-04': 0.0, '2025-05': 0.0, '2025-06': 0.1293084630260255, '2025-07': -0.006245715337531044, '2025-08': 0.0004311981916784724, '2025-09': 0.003090277154260912}",{'2025': 0.12620861301770092},1000.0,1129.3084630260253,daily_mark_to_market_equity,L01__SPXL_SOXL__long_147,b,SPXL_SOXL,L01,long_147,stress,0,sha256:acd49d7f6e3e633cb9e24e4f31a698d59c7e8a2578e14056df443689e9c014bb,sensitivity_evaluation,W4,False,L01__SPXL_SOXL__long_147/stress/W4
spxl_soxl,OK,2025-09-19,2026-03-18,1000.0,1380.2097956802002,380.20979568020016,380.20979568020016,0.0,0.3802097956802002,0.922967494155861,0.3738213431865664,2025-10-29,2025-11-20,29,1.0293005383257277,1.1572993472317457,1.569140321618168,2.4690069493844473,992.4749758598,2.4749999398000093,2.4749999398000093,0.0,0.0,0.0,380.2097956802001,1,0,0,,,,,,64,50,0.1587416121057276,-0.1887806626661667,0.9216998034579011,0.0783001965420988,2.765099410373703,0.4668510221422157,-0.1387432386358162,"{'2025-09': 0.0, '2025-10': 0.2216471712002004, '2025-11': -0.1356182193564378, '2025-12': 0.018529152812529537, '2026-01': 0.46685102214221574, '2026-02': 0.015784522249783217, '2026-03': -0.13874323863581628}","{'2025': 0.07553577845020043, '2026': 0.2832765058443909}",790.4279825102,1833.5362733602,daily_mark_to_market_equity,L01__SPXL_SOXL__long_147,b,SPXL_SOXL,L01,long_147,stress,0,sha256:acd49d7f6e3e633cb9e24e4f31a698d59c7e8a2578e14056df443689e9c014bb,sensitivity_evaluation,W5,False,L01__SPXL_SOXL__long_147/stress/W5
spxl_soxl,OK,2026-03-19,2026-09-18,1000.0,2247.9549089658003,1247.9549089658003,1247.9549089658008,4.547473508864641e-13,1.2479549089658004,4.036553351942358,0.6933446055299529,2026-06-22,2026-07-29,62,1.5148598164670763,1.8293771638394405,2.4768728563262887,5.821857298301251,3240.4764526567,8.118994794199775,8.108994794199775,0.01,0.0,1247.9917735108002,-0.0368645449999997,2,1,1,1.0,,,153.0,153.0,69,47,0.2461552339422799,-0.3047328195663533,0.8249885126449109,0.1750114873550891,2.4749655379347324,1.7367954468595517,-0.5691228210346422,"{'2026-03': 0.0, '2026-04': 1.7367954468595515, '2026-05': 0.7646267193557603, '2026-06': 0.18857083231939953, '2026-07': -0.5691228210346422, '2026-08': -0.016772384192405343, '2026-09': -0.07560034021972539}",{'2026': 1.2479549089658017},1000.0,6472.18609122955,daily_mark_to_market_equity,L01__SPXL_SOXL__long_147,b,SPXL_SOXL,L01,long_147,stress,0,sha256:acd49d7f6e3e633cb9e24e4f31a698d59c7e8a2578e14056df443689e9c014bb,sensitivity_evaluation,W6,False,L01__SPXL_SOXL__long_147/stress/W6
spxl_soxl,OK,2023-09-19,2024-03-18,1000.0,1091.3521423605002,91.35214236050024,91.35214236050024,0.0,0.0913521423605001,0.1929204973801646,0.1331589185725403,2023-09-19,2023-12-06,86,0.2721570739925887,0.782394546335145,1.04447868192955,1.4487989197288966,4567.3837598222,4.677152950699793,4.567152950699793,0.1099999999999999,0.7815264912000005,-18.41866905552302,108.98928492482352,10,11,11,1.0,0.3229447703321343,0.8611860542190249,47.27272727272727,42.0,47,44,0.0599098826977302,-0.0469996146075606,0.3409359445415081,0.6590640554584919,1.0228078336245243,0.122961175592235,-0.1003131988463502,"{'2023-09': -0.10031319884635026, '2023-10': -0.017265054655700385, '2023-11': -0.010856791995728643, '2023-12': 0.08289866058416084, '2024-01': 0.019433155699761562, '2024-02': 0.12296117559223507, '2024-03': 0.006622586698781907}","{'2023': -0.052946009144260286, '2024': 0.1523652852931594}",867.0535292398401,1194.7111313230605,daily_mark_to_market_equity,L02__SPXL_SOXL__vol_target_30,b,SPXL_SOXL,L02,vol_target_30,base,0,sha256:acd49d7f6e3e633cb9e24e4f31a698d59c7e8a2578e14056df443689e9c014bb,sensitivity_evaluation,W1,False,L02__SPXL_SOXL__vol_target_30/base/W1
spxl_soxl,OK,2024-03-19,2024-09-18,1000.0,1049.44480404325,49.44480404324986,49.44480404324986,0.0,0.0494448040432498,0.1011165830595148,0.2703910222113844,2024-07-10,2024-08-07,49,0.348157599408762,0.4496312251410373,0.561310769964881,0.3739642767446052,1833.28819022305,1.9726858669298597,1.83268586692986,0.14,1.03655487018,-73.76443811191204,122.17268728498216,13,14,14,1.0,0.0854776688791655,0.5128660132749931,52.5,42.0,73,52,0.0549608852228551,-0.07860477729901,0.4249575478982458,0.5750424521017542,1.2748726436947375,0.0838072888778458,-0.0620510057356022,"{'2024-03': 0.04625055915941001, '2024-04': -0.05761460550414421, '2024-05': 0.08380728887784583, '2024-06': 0.05813393134011413, '2024-07': -0.062051005735602294, '2024-08': 0.006173468022137252, '2024-09': -0.016553905251103118}",{'2024': 0.04944480404324936},895.7910398123599,1227.7686638772298,daily_mark_to_market_equity,L02__SPXL_SOXL__vol_target_30,b,SPXL_SOXL,L02,vol_target_30,base,0,sha256:acd49d7f6e3e633cb9e24e4f31a698d59c7e8a2578e14056df443689e9c014bb,sensitivity_evaluation,W2,False,L02__SPXL_SOXL__vol_target_30/base/W2
spxl_soxl,OK,2024-09-19,2025-03-18,1000.0,984.6596248398404,-15.34037516015951,-15.34037516015951,0.0,-0.0153403751601595,-0.0308824919473013,0.1369494587984749,2024-12-06,2025-03-04,67,0.2878620032233349,0.0342807983520634,0.0398019211370833,-0.2255028403781118,2275.95787757814,2.3659430188598662,2.2759430188598664,0.09,1.8842859987,-17.22466115885954,-4.5841155143991864e-14,11,9,9,1.0,0.1765348916385297,0.6178721207348542,96.55555555555556,98.0,63,49,0.0613051149860897,-0.0862635390724378,0.6752988357355646,0.3247011642644354,2.025896507206694,0.1419152625382689,-0.0746006007318761,"{'2024-09': 0.0094472557145997, '2024-10': -0.031209722123943462, '2024-11': 0.14191526253826892, '2024-12': -0.07460060073187613, '2025-01': 0.052040059428230645, '2025-02': -0.04004767907821094, '2025-03': -0.05653086767354987}","{'2024': 0.0334191247638409, '2025': -0.04718269553521415}",977.94268736497,1140.9060974216102,daily_mark_to_market_equity,L02__SPXL_SOXL__vol_target_30,b,SPXL_SOXL,L02,vol_target_30,base,0,sha256:acd49d7f6e3e633cb9e24e4f31a698d59c7e8a2578e14056df443689e9c014bb,sensitivity_evaluation,W3,False,L02__SPXL_SOXL__vol_target_30/base/W3
spxl_soxl,OK,2025-03-19,2025-09-18,1000.0,1178.2795546533052,178.27955465330524,178.27955465330524,0.0,0.1782795546533051,0.3874095592248756,0.0714367200506163,2025-08-14,2025-09-03,20,0.170579535779944,1.9938741141335787,2.050633815275648,5.423115156328253,1173.8862851336853,1.2234605843948905,1.1734605843948904,0.05,0.5368306827,16.116267330778605,161.6264566398265,10,5,5,1.0,,,23.8,14.0,44,30,0.0508156736668032,-0.0389089366206045,0.1965064618214123,0.8034935381785877,0.5895193854642372,0.1318312011954201,-0.0192379101275431,"{'2025-03': 0.0, '2025-04': 0.0, '2025-05': 0.0, '2025-06': 0.04457419946948993, '2025-07': -0.019237910127543167, '2025-08': 0.01616378914639771, '2025-09': 0.13183120119542013}",{'2025': 0.17827955465330536},1000.0,1178.2795546533052,daily_mark_to_market_equity,L02__SPXL_SOXL__vol_target_30,b,SPXL_SOXL,L02,vol_target_30,base,0,sha256:acd49d7f6e3e633cb9e24e4f31a698d59c7e8a2578e14056df443689e9c014bb,sensitivity_evaluation,W4,False,L02__SPXL_SOXL__vol_target_30/base/W4
spxl_soxl,OK,2025-09-19,2026-03-18,1000.0,1187.15021854081,187.1502185408101,187.1502185408101,0.0,0.18715021854081,0.4163951657998026,0.1378832136299805,2025-10-29,2025-11-20,46,0.3517813736560003,1.1676976387204865,1.5111309254359615,3.019911959096259,1211.95772719485,1.3618122291898795,1.2118122291898794,0.15,0.0,105.81229500399635,81.3379235368138,8,15,15,1.0,15.726475605553174,220.17065847774444,79.86666666666666,77.0,67,53,0.0602895008302859,-0.089418829309991,0.3216783889303748,0.6783216110696252,0.9650351667911246,0.1469768050876709,-0.0459793016066262,"{'2025-09': 0.0017479983500199303, '2025-10': 0.14697680508767097, '2025-11': -0.04597930160662622, '2025-12': 0.010200271372603487, '2026-01': 0.11500235497442768, '2026-02': 0.0042435556693658505, '2026-03': -0.042558072470711195}","{'2025': 0.10733339301887579, '2026': 0.07208021181799129}",987.4427672575,1292.72620838504,daily_mark_to_market_equity,L02__SPXL_SOXL__vol_target_30,b,SPXL_SOXL,L02,vol_target_30,base,0,sha256:acd49d7f6e3e633cb9e24e4f31a698d59c7e8a2578e14056df443689e9c014bb,sensitivity_evaluation,W5,False,L02__SPXL_SOXL__vol_target_30/base/W5
spxl_soxl,OK,2026-03-19,2026-09-18,1000.0,1418.3338673854705,418.3338673854703,418.3338673854703,0.0,0.4183338673854702,1.0087916919442304,0.1682650885485737,2026-06-22,2026-09-16,62,0.3440065016181756,2.1895804125448706,3.3234184896130734,5.995252495011874,2771.6611116344898,2.9008760445297086,2.7708760445297087,0.13,0.0,440.0296874775852,-21.6958200921147,13,13,13,1.0,,,70.07692307692308,64.0,74,49,0.0540786516177658,-0.074260729557212,0.2903762852920372,0.7096237147079627,0.8711288558761121,0.3265849585846414,-0.1147666853845542,"{'2026-03': -0.019874807663499916, '2026-04': 0.3265849585846414, '2026-05': 0.19815411440765685, '2026-06': 0.03759576563708622, '2026-07': -0.11476668538455426, '2026-08': 0.00627548718151516, '2026-09': -0.014977082071475523}",{'2026': 0.4183338673854704},937.37507505778,1655.0054469678948,daily_mark_to_market_equity,L02__SPXL_SOXL__vol_target_30,b,SPXL_SOXL,L02,vol_target_30,base,0,sha256:acd49d7f6e3e633cb9e24e4f31a698d59c7e8a2578e14056df443689e9c014bb,sensitivity_evaluation,W6,False,L02__SPXL_SOXL__vol_target_30/base/W6
spxl_soxl,OK,2023-09-19,2024-03-18,1000.0,1083.039820054195,83.03982005419493,83.03982005419493,0.0,0.0830398200541948,0.1746565848649854,0.1365324338861859,2023-09-19,2023-12-06,86,0.2725379890928918,0.7250840689288169,0.9694746265018516,1.279231460933158,4553.739404196475,11.492912050824716,11.382912050824716,0.1099999999999999,0.77619719502,-25.57336186336176,107.83698472253693,10,11,11,1.0,0.3046424475606802,0.812379860161814,40.90909090909091,28.0,46,45,0.0599112406792108,-0.0470683236468729,0.3410048285603605,0.6589951714396395,1.0230144856810817,0.122753439159478,-0.1017312889958997,"{'2023-09': -0.10173128899589978, '2023-10': -0.018640350901161118, '2023-11': -0.012949201266133636, '2023-12': 0.08073370590247042, '2024-01': 0.01917547790421592, '2024-02': 0.122753439159478, '2024-03': 0.006510696909916458}","{'2023': -0.05964319860260492, '2024': 0.15173285123771052}",862.4529639995001,1185.676953064295,daily_mark_to_market_equity,L02__SPXL_SOXL__vol_target_30,b,SPXL_SOXL,L02,vol_target_30,stress,0,sha256:acd49d7f6e3e633cb9e24e4f31a698d59c7e8a2578e14056df443689e9c014bb,sensitivity_evaluation,W1,False,L02__SPXL_SOXL__vol_target_30/stress/W1
spxl_soxl,OK,2024-03-19,2024-09-18,1000.0,1046.5692354712298,46.56923547122983,46.56923547122983,0.0,0.0465692354712299,0.095102857642608,0.2715132845405617,2024-07-10,2024-08-07,49,0.3481756347078085,0.4339846504995802,0.5416081421383934,0.350269629729298,1833.1955803465,4.719234637249862,4.579234637249862,0.14,1.0357111684799998,-75.52725645513715,121.0607807578872,13,14,14,1.0,0.0839284579640936,0.5035707477845621,52.5,42.0,73,52,0.0549625660981496,-0.0786062167530409,0.4250125856816446,0.5749874143183554,1.2750377570449338,0.0837333085839997,-0.062206796123519,"{'2024-03': 0.04572285375642471, '2024-04': -0.05780429503858264, '2024-05': 0.08373330858399974, '2024-06': 0.057987584673647063, '2024-07': -0.06220679612351909, '2024-08': 0.004596722655666685, '2024-09': -0.01664934006563501}",{'2024': 0.04656923547123082},893.517057977005,1226.5385751248548,daily_mark_to_market_equity,L02__SPXL_SOXL__vol_target_30,b,SPXL_SOXL,L02,vol_target_30,stress,0,sha256:acd49d7f6e3e633cb9e24e4f31a698d59c7e8a2578e14056df443689e9c014bb,sensitivity_evaluation,W2,False,L02__SPXL_SOXL__vol_target_30/stress/W2
spxl_soxl,OK,2024-09-19,2025-03-18,1000.0,981.407895879775,-18.59210412022503,-18.59210412022503,0.0,-0.018592104120225,-0.0373656072161187,0.1385199649560377,2024-12-06,2025-03-04,67,0.2879470815664746,0.0108239175098753,0.0125689042956966,-0.2697488930781745,2273.5769760096746,5.77385056702498,5.68385056702498,0.09,1.8814263168,-20.4735304370248,0.0,11,9,9,1.0,0.1619729497364492,0.5669053240775722,96.55555555555556,98.0,62,48,0.0613147077447926,-0.0862697073128203,0.6754110424523896,0.3245889575476104,2.0262331273571688,0.1416078582392665,-0.0751142559487,"{'2024-09': 0.008521235761500101, '2024-10': -0.03135006832781406, '2024-11': 0.14160785823926658, '2024-12': -0.07511425594870003, '2025-01': 0.051927813611847506, '2025-02': -0.04021847510122567, '2025-03': -0.05760214437573996}","{'2024': 0.03147079152740151, '2025': -0.048535446722143716}",976.904026110325,1139.2114221540753,daily_mark_to_market_equity,L02__SPXL_SOXL__vol_target_30,b,SPXL_SOXL,L02,vol_target_30,stress,0,sha256:acd49d7f6e3e633cb9e24e4f31a698d59c7e8a2578e14056df443689e9c014bb,sensitivity_evaluation,W3,False,L02__SPXL_SOXL__vol_target_30/stress/W3
spxl_soxl,OK,2025-03-19,2025-09-18,1000.0,1176.26673659032,176.26673659031985,176.26673659031985,0.0,0.1762667365903198,0.3826831598858446,0.0715231253950043,2025-08-14,2025-09-03,20,0.170481725912668,1.9749974310933465,2.029569829519629,5.350481508915907,1173.9778542523,2.9822887502499333,2.9322887502499335,0.05,0.53619246057,15.022930878890463,160.70761325085942,10,5,5,1.0,,,23.8,14.0,44,30,0.0508174874802185,-0.0389092367427702,0.1965255358445221,0.8034744641554779,0.5895766075335663,0.131792727129222,-0.0195276964543434,"{'2025-03': 0.0, '2025-04': 0.0, '2025-05': 0.0, '2025-06': 0.04331186376532026, '2025-07': -0.01952769645434349, '2025-08': 0.01599001771310804, '2025-09': 0.13179272712922208}",{'2025': 0.17626673659031988},1000.0,1176.26673659032,daily_mark_to_market_equity,L02__SPXL_SOXL__vol_target_30,b,SPXL_SOXL,L02,vol_target_30,stress,0,sha256:acd49d7f6e3e633cb9e24e4f31a698d59c7e8a2578e14056df443689e9c014bb,sensitivity_evaluation,W4,False,L02__SPXL_SOXL__vol_target_30/stress/W4
spxl_soxl,OK,2025-09-19,2026-03-18,1000.0,1185.1296804339247,185.1296804339247,185.1296804339247,0.0,0.1851296804339246,0.411507708254015,0.1379840189309085,2025-10-29,2025-11-20,46,0.3518999971047962,1.157572049200423,1.4987992813202808,2.9822852779789346,1211.1648449163,3.1770049060748824,3.0270049060748825,0.15,0.0,104.29364234958386,80.83603808434111,8,15,15,1.0,13.935058224449476,195.09081514229263,79.86666666666666,77.0,67,53,0.0602977970394675,-0.0894300334959219,0.3217067278244334,0.6782932721755666,0.9651201834733004,0.1465846837289923,-0.0461122248680514,"{'2025-09': 0.0009842540678501877, '2025-10': 0.14658468372899236, '2025-11': -0.046112224868051443, '2025-12': 0.010020435444845655, '2026-01': 0.11489230911013038, '2026-02': 0.004197942654033282, '2026-03': -0.042689544666051016}","{'2025': 0.105759873101124, '2026': 0.07177852015031583}",986.70398126875,1290.7044512490122,daily_mark_to_market_equity,L02__SPXL_SOXL__vol_target_30,b,SPXL_SOXL,L02,vol_target_30,stress,0,sha256:acd49d7f6e3e633cb9e24e4f31a698d59c7e8a2578e14056df443689e9c014bb,sensitivity_evaluation,W5,False,L02__SPXL_SOXL__vol_target_30/stress/W5
spxl_soxl,OK,2026-03-19,2026-09-18,1000.0,1413.9777008757924,413.9777008757924,413.9777008757924,0.0,0.4139777008757923,0.9964964995474476,0.1697929493329997,2026-06-22,2026-09-16,62,0.3440070594945019,2.171786278086138,3.295569842160455,5.868892103364718,2767.7744977620323,7.044550901207364,6.914550901207364,0.13,0.0,437.47195975997994,-23.494258884187342,13,13,13,1.0,,,70.07692307692308,64.0,74,49,0.0540806174233308,-0.0742616805541928,0.2904322314345248,0.7095677685654752,0.8712966943035746,0.3262056566577969,-0.1149568298055612,"{'2026-03': -0.020344540644749998, '2026-04': 0.3262056566577969, '2026-05': 0.1976961770964365, '2026-06': 0.03744675836095657, '2026-07': -0.11495682980556121, '2026-08': 0.004944423686805033, '2026-09': -0.015219726687222268}",{'2026': 0.41397770087579366},936.93379398445,1652.9554287972746,daily_mark_to_market_equity,L02__SPXL_SOXL__vol_target_30,b,SPXL_SOXL,L02,vol_target_30,stress,0,sha256:acd49d7f6e3e633cb9e24e4f31a698d59c7e8a2578e14056df443689e9c014bb,sensitivity_evaluation,W6,False,L02__SPXL_SOXL__vol_target_30/stress/W6
spxl_soxl,OK,2023-09-19,2024-03-18,1000.0,1239.4891915471298,239.48919154712985,239.48919154712985,0.0,0.2394891915471297,0.5422676043470007,0.1493142208073712,2023-09-19,2023-12-06,68,0.4328896296713093,1.21327236248113,1.74024377439994,3.6317210873475654,4847.174252366129,4.966788401469789,4.846788401469789,0.1199999999999999,1.3442979186,14.638913760747734,223.50597986778237,8,12,12,1.0,0.2196122503426695,1.0980612517133477,42.166666666666664,35.0,45,46,0.1001443310911347,-0.0731138280347977,0.4670487253113432,0.5329512746886568,1.4011461759340296,0.2113370109120662,-0.1049977750737397,"{'2023-09': -0.10499777507373975, '2023-10': -0.01832657769363799, '2023-11': -0.027222840160069484, '2023-12': 0.15607438481645097, '2024-01': 0.02630234606362647, '2024-02': 0.21133701091206625, '2024-03': 0.009048738549944702}","{'2023': -0.011924133733449582, '2024': 0.2544473899869113}",850.9037934513502,1440.57530744897,daily_mark_to_market_equity,L02__SPXL_SOXL__vol_target_50,b,SPXL_SOXL,L02,vol_target_50,base,0,sha256:acd49d7f6e3e633cb9e24e4f31a698d59c7e8a2578e14056df443689e9c014bb,sensitivity_evaluation,W1,False,L02__SPXL_SOXL__vol_target_50/base/W1
spxl_soxl,OK,2024-03-19,2024-09-18,1000.0,995.5335055540502,-4.46649444594982,-4.46649444594982,0.0,-0.0044664944459498,-0.0088948563663145,0.4193697328849838,2024-07-10,2024-08-07,49,0.5678877431376064,0.2719016992267439,0.3309027075427562,-0.0212100580199813,2156.5621118138097,2.2255697205098266,2.1555697205098268,0.0699999999999999,1.90799679456,-192.68315178897785,186.30866054846803,12,7,7,1.0,0.0910437586956354,0.2276093967390887,65.85714285714286,49.0,73,52,0.0937798316732749,-0.130446441774275,0.6690894300644554,0.3309105699355446,2.0072682901933656,0.1425870584336437,-0.1091082605494945,"{'2024-03': 0.07701221108578982, '2024-04': -0.09959074996602457, '2024-05': 0.14258705843364372, '2024-06': 0.09384046204759078, '2024-07': -0.10910826054949452, '2024-08': -0.058068665367153605, '2024-09': -0.021168708842747463}",{'2024': -0.0044664944459512634},805.3849396440502,1387.08742078806,daily_mark_to_market_equity,L02__SPXL_SOXL__vol_target_50,b,SPXL_SOXL,L02,vol_target_50,base,0,sha256:acd49d7f6e3e633cb9e24e4f31a698d59c7e8a2578e14056df443689e9c014bb,sensitivity_evaluation,W2,False,L02__SPXL_SOXL__vol_target_50/base/W2
spxl_soxl,OK,2024-09-19,2025-03-18,1000.0,982.4441977204004,-17.555802279599675,-17.555802279599675,0.0,-0.0175558022795996,-0.0353018826476497,0.1604681885880284,2024-12-06,2025-03-04,67,0.3568569566218738,0.0768691916823857,0.0951884022315943,-0.2199930276416383,1962.4658400482,1.9724482885998784,1.9624482885998784,0.01,1.968094209,-19.52389648859979,0.0,1,1,1,,,,161.0,161.0,62,48,0.0736983899492969,-0.0879871325425578,0.8781075429604022,0.1218924570395978,2.6343226288812067,0.1722941480698927,-0.0841719585026127,"{'2024-09': 0.015149968231600086, '2024-10': -0.04001978098937531, '2024-11': 0.17229414806989274, '2024-12': -0.08417195850261272, '2025-01': 0.06616266645086166, '2025-02': -0.050118585577010655, '2025-03': -0.07280302227078639}","{'2024': 0.04626819494060008, '2025': -0.061001564922676055}",974.5238888316004,1170.2286731316003,daily_mark_to_market_equity,L02__SPXL_SOXL__vol_target_50,b,SPXL_SOXL,L02,vol_target_50,base,0,sha256:acd49d7f6e3e633cb9e24e4f31a698d59c7e8a2578e14056df443689e9c014bb,sensitivity_evaluation,W3,False,L02__SPXL_SOXL__vol_target_50/base/W3
spxl_soxl,OK,2025-03-19,2025-09-18,1000.0,1306.903322128455,306.9033221284551,306.9033221284551,0.0,0.3069033221284551,0.7061237014936792,0.1153243521640976,2025-08-14,2025-09-03,20,0.2831779218220667,2.017022678630702,2.0990286968525385,6.12293664124746,1977.2248715374544,2.02645282262481,1.97645282262481,0.05,0.90623816608,24.543227041462764,281.4538569209124,12,5,5,1.0,,,23.8,14.0,44,30,0.0844547617982127,-0.0640288696091562,0.3259641965568346,0.6740358034431654,0.977892589670504,0.2240362853779554,-0.0322563028001612,"{'2025-03': 0.0, '2025-04': 0.0, '2025-05': 0.0, '2025-06': 0.0749178511357993, '2025-07': -0.03225630280016123, '2025-08': 0.02639267255197697, '2025-09': 0.2240362853779554}",{'2025': 0.3069033221284547},1000.0,1306.903322128455,daily_mark_to_market_equity,L02__SPXL_SOXL__vol_target_50,b,SPXL_SOXL,L02,vol_target_50,base,0,sha256:acd49d7f6e3e633cb9e24e4f31a698d59c7e8a2578e14056df443689e9c014bb,sensitivity_evaluation,W4,False,L02__SPXL_SOXL__vol_target_50/base/W4
spxl_soxl,OK,2025-09-19,2026-03-18,1000.0,1302.695540104875,302.6955401048749,302.6955401048749,0.0,0.302695540104875,0.7101548561572448,0.2230688859129297,2025-10-29,2025-11-20,46,0.5907762621980498,1.2077094753247355,1.5725657256638814,3.1835675031543347,1980.653096273935,2.150354960124796,1.9803549601247965,0.17,0.0,161.32401578857883,141.37152431629616,9,17,17,1.0,10.494118246541865,167.90589194466983,89.0,91.0,67,53,0.1070367923938551,-0.1484592166630318,0.5359515194485953,0.4640484805514047,1.6078545583457855,0.2448807311060739,-0.0798304113408407,"{'2025-09': 0.002790692786115212, '2025-10': 0.2448807311060739, '2025-11': -0.07983041134084079, '2025-12': 0.014486296900055207, '2026-01': 0.19636739084350996, '2026-02': 0.006489137081866714, '2026-03': -0.07163840290220391}","{'2025': 0.16533851493728502, '2026': 0.11786877667471707}",979.0712784676,1503.8300980684949,daily_mark_to_market_equity,L02__SPXL_SOXL__vol_target_50,b,SPXL_SOXL,L02,vol_target_50,base,0,sha256:acd49d7f6e3e633cb9e24e4f31a698d59c7e8a2578e14056df443689e9c014bb,sensitivity_evaluation,W5,False,L02__SPXL_SOXL__vol_target_50/base/W5
spxl_soxl,OK,2026-03-19,2026-09-18,1000.0,1746.2679094299351,746.2679094299351,746.2679094299351,0.0,0.7462679094299352,2.042492306536531,0.2589789728672417,2026-06-22,2026-07-29,62,0.5581873965404314,2.2640839677135287,3.277406013858922,7.886710970869274,4113.357906420135,4.242793515064611,4.112793515064611,0.13,0.0,774.532227421455,-28.264317991519707,9,13,13,1.0,,,70.07692307692308,64.0,74,49,0.0878459216510929,-0.1211665583264821,0.4075412661748924,0.5924587338251076,1.2226237985246766,0.5824435438623219,-0.184618972264788,"{'2026-03': -0.035023366226520025, '2026-04': 0.5824435438623219, '2026-05': 0.3293484760553198, '2026-06': 0.06155379590123866, '2026-07': -0.18461897226478807, '2026-08': 0.009845649237894216, '2026-09': -0.01583163598999937}",{'2026': 0.7462679094299343},895.62512875348,2241.85097102159,daily_mark_to_market_equity,L02__SPXL_SOXL__vol_target_50,b,SPXL_SOXL,L02,vol_target_50,base,0,sha256:acd49d7f6e3e633cb9e24e4f31a698d59c7e8a2578e14056df443689e9c014bb,sensitivity_evaluation,W6,False,L02__SPXL_SOXL__vol_target_50/base/W6
spxl_soxl,OK,2023-09-19,2024-03-18,1000.0,1229.538233790085,229.53823379008531,229.53823379008531,0.0,0.2295382337900853,0.5173838815502918,0.1529096320614097,2023-09-19,2023-12-06,69,0.4332706971310801,1.1750121097243316,1.6877425051770272,3.383592482535739,4831.813891266075,12.197137380574707,12.077137380574708,0.1199999999999999,1.3347335406599998,7.055103122827028,221.14839712659824,8,12,12,1.0,0.2091800020267631,1.0459000101338156,42.166666666666664,35.0,44,47,0.1001501011404897,-0.0731182513993399,0.467192665208405,0.5328073347915949,1.4015779956252148,0.2109302900162397,-0.1064827749743498,"{'2023-09': -0.10648277497434988, '2023-10': -0.019818345709246565, '2023-11': -0.029698994057818395, '2023-12': 0.1543426634919436, '2024-01': 0.025951917451109807, '2024-02': 0.21093029001623975, '2024-03': 0.008893119780330805}","{'2023': -0.019041290157664648, '2024': 0.25340467590904336}",846.0495316509753,1429.1640625987852,daily_mark_to_market_equity,L02__SPXL_SOXL__vol_target_50,b,SPXL_SOXL,L02,vol_target_50,stress,0,sha256:acd49d7f6e3e633cb9e24e4f31a698d59c7e8a2578e14056df443689e9c014bb,sensitivity_evaluation,W1,False,L02__SPXL_SOXL__vol_target_50/stress/W1
spxl_soxl,OK,2024-03-19,2024-09-18,1000.0,992.340983778785,-7.659016221214984,-7.659016221214984,0.0,-0.007659016221215,-0.0152283420163904,0.4205951519975071,2024-07-10,2024-08-07,49,0.5680762988100905,0.2607884051652883,0.3172831116393214,-0.0362066513226969,2155.8262571461746,5.453375798474827,5.383375798474827,0.0699999999999999,1.90575414726,-194.30112539962496,184.73635503115003,12,7,7,1.0,0.0896999043102995,0.2242497607757489,65.85714285714286,49.0,72,52,0.0937808366398353,-0.1304503247035205,0.6694297565453203,0.3305702434546796,2.00828926963596,0.1424867816823998,-0.1092599778399697,"{'2024-03': 0.07615610401962503, '2024-04': -0.09982996420546775, '2024-05': 0.1424867816823998, '2024-06': 0.0937122550713918, '2024-07': -0.10925997783996977, '2024-08': -0.05971580432851875, '2024-09': -0.021193742425879347}",{'2024': -0.00765901622121401},802.5731352387851,1385.168139351385,daily_mark_to_market_equity,L02__SPXL_SOXL__vol_target_50,b,SPXL_SOXL,L02,vol_target_50,stress,0,sha256:acd49d7f6e3e633cb9e24e4f31a698d59c7e8a2578e14056df443689e9c014bb,sensitivity_evaluation,W2,False,L02__SPXL_SOXL__vol_target_50/stress/W2
spxl_soxl,OK,2024-09-19,2025-03-18,1000.0,979.5005252875,-20.499474712499932,-20.499474712499932,0.0,-0.0204994747124999,-0.0411581464591453,0.161920147556793,2024-12-06,2025-03-04,67,0.3575318561986253,0.0602066088287699,0.0745726805845068,-0.2541879258398605,1962.4921672205,4.916120721500045,4.906120721500045,0.01,1.968094209,-22.467568921499957,0.0,1,1,1,,,,161.0,161.0,62,48,0.0738064548178145,-0.0881013698992331,0.8793176524071918,0.1206823475928081,2.6379529572215756,0.172557094164605,-0.0842815128539751,"{'2024-09': 0.01366496842899978, '2024-10': -0.04007840920354855, '2024-11': 0.17255709416460507, '2024-12': -0.08428151285397512, '2025-01': 0.06625670658002569, '2025-02': -0.05018539492718466, '2025-03': -0.07428377532187003}","{'2024': 0.04478319513800044, '2025': -0.062484417967573425}",973.0388890290002,1168.743673329,daily_mark_to_market_equity,L02__SPXL_SOXL__vol_target_50,b,SPXL_SOXL,L02,vol_target_50,stress,0,sha256:acd49d7f6e3e633cb9e24e4f31a698d59c7e8a2578e14056df443689e9c014bb,sensitivity_evaluation,W3,False,L02__SPXL_SOXL__vol_target_50/stress/W3
spxl_soxl,OK,2025-03-19,2025-09-18,1000.0,1303.2165035915527,303.21650359155274,303.21650359155274,0.0,0.3032165035915528,0.6965308559649717,0.1154206524545683,2025-08-14,2025-09-03,21,0.283007486137435,1.9982243228023395,2.077696973218453,6.034715981519328,1976.8064462100128,4.987205063187387,4.937205063187387,0.05,0.90445913974,22.78911809774559,279.52292635406695,12,5,5,1.0,,,23.8,14.0,44,30,0.0844583414767243,-0.064029511319245,0.3260134545430963,0.6739865454569036,0.978040363629289,0.2239188996871399,-0.0327265622315054,"{'2025-03': 0.0, '2025-04': 0.0, '2025-05': 0.0, '2025-06': 0.07277251448026423, '2025-07': -0.032726562231505496, '2025-08': 0.026140975883142792, '2025-09': 0.22391889968713996}",{'2025': 0.3032165035915515},1000.0,1303.2165035915527,daily_mark_to_market_equity,L02__SPXL_SOXL__vol_target_50,b,SPXL_SOXL,L02,vol_target_50,stress,0,sha256:acd49d7f6e3e633cb9e24e4f31a698d59c7e8a2578e14056df443689e9c014bb,sensitivity_evaluation,W4,False,L02__SPXL_SOXL__vol_target_50/stress/W4
spxl_soxl,OK,2025-09-19,2026-03-18,1000.0,1299.2084468379626,299.2084468379626,299.2084468379626,0.0,0.2992084468379625,0.700878547772448,0.2232194860619142,2025-10-29,2025-11-20,46,0.5909721567615696,1.1982702167711352,1.5610690622074606,3.1398627428881625,1978.4640732083376,5.114303627037306,4.944303627037306,0.17,0.0,158.88340545885055,140.32504137911195,9,17,17,1.0,9.357953666751037,149.7272586680166,89.0,91.0,67,53,0.1070518349822631,-0.1484769828015154,0.5360245983565486,0.4639754016434514,1.6080737950696462,0.2443087722036014,-0.0800453586008191,"{'2025-09': 0.0015179271797249871, '2025-10': 0.24430877220360148, '2025-11': -0.08004535860081918, '2025-12': 0.014260515716560063, '2026-01': 0.19619506286783284, '2026-02': 0.00639837859710668, '2026-03': -0.07188011599657385}","{'2025': 0.16279411312758674, '2026': 0.11731598239989349}",977.839968469,1500.1991268038123,daily_mark_to_market_equity,L02__SPXL_SOXL__vol_target_50,b,SPXL_SOXL,L02,vol_target_50,stress,0,sha256:acd49d7f6e3e633cb9e24e4f31a698d59c7e8a2578e14056df443689e9c014bb,sensitivity_evaluation,W5,False,L02__SPXL_SOXL__vol_target_50/stress/W5
spxl_soxl,OK,2026-03-19,2026-09-18,1000.0,1739.7319517668004,739.7319517668004,739.7319517668004,0.0,0.7397319517668004,2.0198063649033893,0.2593294990952463,2026-06-22,2026-07-29,62,0.5581791647151401,2.2507226541037952,3.2464069495937293,7.788571573809105,4105.999051039675,10.391498593199804,10.261498593199804,0.13,0.0,769.8954029581648,-30.163451191364636,9,13,13,1.0,,,70.07692307692308,64.0,73,50,0.087854047104293,-0.1211691169130424,0.4075873772247935,0.5924126227752065,1.2227621316743809,0.582002604668165,-0.1849111661004544,"{'2026-03': -0.03575883465630003, '2026-04': 0.582002604668165, '2026-05': 0.3286885394725385, '2026-06': 0.061292824144750124, '2026-07': -0.18491116610045444, '2026-08': 0.008223118333411383, '2026-09': -0.015831489672770482}",{'2026': 0.7397319517667984},894.8896603236999,2238.099110939763,daily_mark_to_market_equity,L02__SPXL_SOXL__vol_target_50,b,SPXL_SOXL,L02,vol_target_50,stress,0,sha256:acd49d7f6e3e633cb9e24e4f31a698d59c7e8a2578e14056df443689e9c014bb,sensitivity_evaluation,W6,False,L02__SPXL_SOXL__vol_target_50/stress/W6
spxl_soxl,OK,2023-09-19,2024-03-18,1000.0,1386.1540607558302,386.1540607558302,386.1540607558302,0.0,0.3861540607558302,0.9327217865923364,0.1653769014840516,2023-10-11,2023-12-06,45,0.519838892076922,1.5241253548729732,2.4713432025942073,5.639976189070666,2653.8737965154096,2.6728840352899046,2.652884035289905,0.02,2.57921744112,-160.28007388243998,543.8549171971501,4,2,2,,,,34.5,34.5,64,47,0.1071752160977232,-0.0790085714916837,0.860383185817888,0.139616814182112,2.581149557453664,0.2501425164403534,-0.0919110334899326,"{'2023-09': -0.0752889231274998, '2023-10': -0.09191103348993268, '2023-11': 0.021781610627862102, '2023-12': 0.25014251644035346, '2024-01': 0.02752749050057801, '2024-02': 0.24633004651661494, '2024-03': 0.0090970115408191}","{'2023': 0.07263525381582991, '2024': 0.2922883672009451}",827.8231428247102,1625.1139782158302,daily_mark_to_market_equity,L03__SPXL_SOXL__ema_120,b,SPXL_SOXL,L03,ema_120,base,0,sha256:acd49d7f6e3e633cb9e24e4f31a698d59c7e8a2578e14056df443689e9c014bb,sensitivity_evaluation,W1,False,L03__SPXL_SOXL__ema_120/base/W1
spxl_soxl,OK,2024-03-19,2024-09-18,1000.0,810.89899780271,-189.10100219728997,-189.10100219728997,0.0,-0.1891010021972899,-0.3418776885288732,0.4907035364753096,2024-07-10,2024-09-06,49,0.6617620961450946,-0.290105103473217,-0.3364038639595748,-0.6967092411531361,1786.5649545332797,1.805775656619896,1.785775656619896,0.02,3.13653958933,-295.60869528295996,103.37115349634004,3,2,2,,,,76.5,76.5,75,52,0.1105670908711002,-0.1346200434288712,0.9364845208105164,0.0635154791894837,2.8094535624315484,0.2063390483840756,-0.2110101344627886,"{'2024-03': 0.09990580502280011, '2024-04': -0.15432363818325456, '2024-05': 0.20633904838407569, '2024-06': 0.1207448283484227, '2024-07': -0.09784074709186874, '2024-08': -0.2110101344627886, '2024-09': -0.09410822581065803}",{'2024': -0.1891010021972901},749.30805352271,1471.2610575321305,daily_mark_to_market_equity,L03__SPXL_SOXL__ema_120,b,SPXL_SOXL,L03,ema_120,base,0,sha256:acd49d7f6e3e633cb9e24e4f31a698d59c7e8a2578e14056df443689e9c014bb,sensitivity_evaluation,W2,False,L03__SPXL_SOXL__ema_120/base/W2
spxl_soxl,OK,2024-09-19,2025-03-18,1000.0,703.3553476957702,-296.6446523042298,-296.6446523042298,0.0,-0.2966446523042297,-0.510342753855644,0.3585977240171172,2024-10-14,2025-03-11,105,0.3853744046285714,-1.670357969251567,-1.6219934329439532,-1.4231622781612618,3906.64309043727,3.956348821699774,3.906348821699775,0.05,1.58043378747,-298.22508609169984,0.0,5,5,5,,,,43.6,5.0,65,53,0.0402275138590177,-0.1176517995716621,0.669078729569673,0.330921270430327,2.007236188709019,0.0559108709942763,-0.1147623857578906,"{'2024-09': 0.015378516732390102, '2024-10': -0.10901112174030048, '2024-11': 0.055910870994276385, '2024-12': -0.05051301329247215, '2025-01': -0.06457091596976516, '2025-02': -0.06354365917896254, '2025-03': -0.11476238575789066}","{'2024': -0.09298069353355054, '2025': -0.22454203269841067}",703.3553476957702,1096.59004034239,daily_mark_to_market_equity,L03__SPXL_SOXL__ema_120,b,SPXL_SOXL,L03,ema_120,base,0,sha256:acd49d7f6e3e633cb9e24e4f31a698d59c7e8a2578e14056df443689e9c014bb,sensitivity_evaluation,W3,False,L03__SPXL_SOXL__ema_120/base/W3
spxl_soxl,OK,2025-03-19,2025-09-18,1000.0,1567.9016688981,567.9016688981001,567.9016688981001,0.0,0.5679016688981,1.453788675357452,0.0973399197883092,2025-07-30,2025-08-01,9,0.3386958541242953,2.8062503061154263,3.439111108666818,14.93517437161537,992.92508379064,0.991933150639865,0.991933150639865,0.0,3.63608156874,0.0,564.2655873293602,2,0,0,,,,,,51,33,0.0742561308204423,-0.0576542627537948,0.6165383503316167,0.3834616496683832,1.84961505099485,0.2477505205330934,-0.0125806125476799,"{'2025-03': 0.0, '2025-04': 0.0, '2025-05': -0.012580612547679948, '2025-06': 0.24775052053309343, '2025-07': 0.023773996865461555, '2025-08': 0.0456398636299693, '2025-09': 0.18878464315085974}",{'2025': 0.5679016688981007},964.17291881232,1567.9016688981,daily_mark_to_market_equity,L03__SPXL_SOXL__ema_120,b,SPXL_SOXL,L03,ema_120,base,0,sha256:acd49d7f6e3e633cb9e24e4f31a698d59c7e8a2578e14056df443689e9c014bb,sensitivity_evaluation,W4,False,L03__SPXL_SOXL__ema_120/base/W4
spxl_soxl,OK,2025-09-19,2026-03-18,1000.0,1269.275620123595,269.275620123595,269.275620123595,0.0,0.269275620123595,0.6223040717152593,0.2785441182398535,2025-10-29,2025-11-20,46,0.7224764748749704,1.0351067024695912,1.4087117865303722,2.2341310800158243,990.989876821945,0.9899998769448862,0.9899998769448862,0.0,1.22640064554,0.0,268.0492194780551,2,0,0,,,,,,67,57,0.1188100086707231,-0.1399683741578694,0.9918253369427326,0.0081746630572674,2.9754760108281983,0.2680645463062956,-0.1282764740448355,"{'2025-09': 0.02515786939705489, '2025-10': 0.2146625487735161, '2025-11': -0.08009934806744934, '2025-12': 0.005890211149013558, '2026-01': 0.2680645463062956, '2026-02': -0.003452711867330538, '2026-03': -0.12827647404483555}","{'2025': 0.15222660667359333, '2026': 0.10158506388592525}",925.061148317055,1606.716488403595,daily_mark_to_market_equity,L03__SPXL_SOXL__ema_120,b,SPXL_SOXL,L03,ema_120,base,0,sha256:acd49d7f6e3e633cb9e24e4f31a698d59c7e8a2578e14056df443689e9c014bb,sensitivity_evaluation,W5,False,L03__SPXL_SOXL__ema_120/base/W5
spxl_soxl,OK,2026-03-19,2026-09-18,1000.0,1855.7514858404704,855.7514858404702,855.7514858404702,0.0,0.8557514858404702,2.4350980891967096,0.5914436769017488,2026-06-22,2026-07-29,62,1.2230192919872946,1.625770622628906,2.3199547765195616,4.117210453500596,1994.5864957760296,2.0035884994098483,1.9935884994098485,0.01,1.15026019988,1.7933747973800704,852.8078508432101,3,1,1,1.0,,,1.0,1.0,81,46,0.1956870013559095,-0.2615375046985879,0.9339868099618186,0.0660131900381814,2.801960429885456,0.8381967843823808,-0.4673434704886906,"{'2026-03': -0.014891812859409659, '2026-04': 0.8381967843823808, '2026-05': 0.5838184825206318, '2026-06': 0.13732505189298672, '2026-07': -0.4673434704886906, '2026-08': 0.013111392249425036, '2026-09': 0.05426410509074553}",{'2026': 0.85575148584047},912.25234267059,3599.7666874605898,daily_mark_to_market_equity,L03__SPXL_SOXL__ema_120,b,SPXL_SOXL,L03,ema_120,base,0,sha256:acd49d7f6e3e633cb9e24e4f31a698d59c7e8a2578e14056df443689e9c014bb,sensitivity_evaluation,W6,False,L03__SPXL_SOXL__ema_120/base/W6
spxl_soxl,OK,2023-09-19,2024-03-18,1000.0,1380.40076971066,380.40076971066014,380.40076971066014,0.0,0.3804007697106601,0.9165682572334236,0.1681002765824172,2023-10-11,2023-12-06,45,0.5205923502152309,1.5065059087031896,2.4530942630132255,5.45250891829463,2652.6466666004494,6.6454475651498175,6.625447565149818,0.02,2.5708250258099996,-163.0124158660999,540.84236055095,4,2,2,,,,34.5,34.5,63,47,0.1072851466305877,-0.079069243119085,0.8614628029897807,0.1385371970102192,2.584388408969343,0.2505065905007877,-0.0934099404372655,"{'2023-09': -0.07677392300374963, '2023-10': -0.09340994043726558, '2023-11': 0.020296610980829577, '2023-12': 0.2505065905007877, '2024-01': 0.027559529909428893, '2024-02': 0.24660906094827717, '2024-03': 0.009105277357283947}","{'2023': 0.06790211033066007, '2024': 0.292628562446833}",823.8865849948502,1618.5831429706602,daily_mark_to_market_equity,L03__SPXL_SOXL__ema_120,b,SPXL_SOXL,L03,ema_120,stress,0,sha256:acd49d7f6e3e633cb9e24e4f31a698d59c7e8a2578e14056df443689e9c014bb,sensitivity_evaluation,W1,False,L03__SPXL_SOXL__ema_120/stress/W1
spxl_soxl,OK,2024-03-19,2024-09-18,1000.0,808.9052546531301,-191.0947453468699,-191.0947453468699,0.0,-0.1910947453468698,-0.3451033304764426,0.491545459243013,2024-07-10,2024-09-06,49,0.6625479058675013,-0.2962971910559364,-0.3435072740030641,-0.7020781577514856,1783.7132241748,4.474354166199896,4.454354166199896,0.02,3.13653958933,-296.85993844204995,102.62865350584995,3,2,2,,,,76.5,76.5,75,52,0.1107280478677859,-0.134758832740596,0.9377800171755908,0.0622199828244093,2.813340051526773,0.2066689937846448,-0.211954046205351,"{'2024-03': 0.09842080507200013, '2024-04': -0.1545322746129837, '2024-05': 0.20666899378464487, '2024-06': 0.12090483610659875, '2024-07': -0.09795641783329545, '2024-08': -0.21195404620535108, '2024-09': -0.09406735001525635}",{'2024': -0.1910947453468702},747.3143103731301,1469.7760575813304,daily_mark_to_market_equity,L03__SPXL_SOXL__ema_120,b,SPXL_SOXL,L03,ema_120,stress,0,sha256:acd49d7f6e3e633cb9e24e4f31a698d59c7e8a2578e14056df443689e9c014bb,sensitivity_evaluation,W2,False,L03__SPXL_SOXL__ema_120/stress/W2
spxl_soxl,OK,2024-09-19,2025-03-18,1000.0,699.0226660166452,-300.9773339833548,-300.9773339833548,0.0,-0.3009773339833548,-0.5164439241254721,0.3616563860265667,2024-10-14,2025-03-11,105,0.3854436065799341,-1.7027552165831388,-1.6560140087909618,-1.427996142414405,3888.0778178379,9.768364610824785,9.718364610824784,0.05,1.58043378747,-302.55776777082485,0.0,5,5,5,,,,43.6,5.0,65,53,0.0403166008564841,-0.1172275624774563,0.6706940696325862,0.3293059303674138,2.0120822088977586,0.05424004649156,-0.1161222415531171,"{'2024-09': 0.013887488083994981, '2024-10': -0.10910553329644768, '2024-11': 0.05424004649156, '2024-12': -0.05067284130652672, '2025-01': -0.06495102699633393, '2025-02': -0.0643934472405594, '2025-03': -0.11612224155311712}","{'2024': -0.09599373536442968, '2025': -0.22675019702607857}",699.0226660166452,1095.057036233995,daily_mark_to_market_equity,L03__SPXL_SOXL__ema_120,b,SPXL_SOXL,L03,ema_120,stress,0,sha256:acd49d7f6e3e633cb9e24e4f31a698d59c7e8a2578e14056df443689e9c014bb,sensitivity_evaluation,W3,False,L03__SPXL_SOXL__ema_120/stress/W3
spxl_soxl,OK,2025-03-19,2025-09-18,1000.0,1566.1190122913902,566.1190122913902,566.1190122913902,0.0,0.5661190122913902,1.448223495362094,0.0974091290506796,2025-07-30,2025-08-01,9,0.3389467647502796,2.7977337811219813,3.432992890883674,14.867430901765044,994.0445356941,2.4789140540998966,2.4789140540998966,0.0,3.63474386549,0.0,562.4842684259002,2,0,0,,,,,,51,33,0.074317326810972,-0.0576873198316977,0.6170795130707641,0.3829204869292358,1.851238539212293,0.247052851137306,-0.0133231124091998,"{'2025-03': 0.0, '2025-04': 0.0, '2025-05': -0.013323112409199811, '2025-06': 0.24705285113730602, '2025-07': 0.02380727662328974, '2025-08': 0.045681720429519235, '2025-09': 0.18890517897211612}",{'2025': 0.5661190122913917},963.4304189508,1566.1190122913902,daily_mark_to_market_equity,L03__SPXL_SOXL__ema_120,b,SPXL_SOXL,L03,ema_120,stress,0,sha256:acd49d7f6e3e633cb9e24e4f31a698d59c7e8a2578e14056df443689e9c014bb,sensitivity_evaluation,W4,False,L03__SPXL_SOXL__ema_120/stress/W4
spxl_soxl,OK,2025-09-19,2026-03-18,1000.0,1267.7906203081775,267.7906203081775,267.7906203081775,0.0,0.2677906203081774,0.6184549743220722,0.2788670888468256,2025-10-29,2025-11-20,46,0.7233970051822856,1.031422240438501,1.404783552610226,2.2177409922394005,992.4748766373624,2.4749996923624584,2.4749996923624584,0.0,1.22640064554,0.0,266.5642196626375,2,0,0,,,,,,67,57,0.1189457955035773,-0.1401502045678103,0.9930327608220296,0.0069672391779703,2.9790982824660883,0.2684104760957568,-0.1284074342649939,"{'2025-09': 0.023672869581637945, '2025-10': 0.21497395083835413, '2025-11': -0.08019498534856018, '2025-12': 0.005897857132048712, '2026-01': 0.26841047609575686, '2026-02': -0.0034562246323619483, '2026-03': -0.1284074342649939}","{'2025': 0.15074160685817728, '2026': 0.10171615656582844}",923.5761485016376,1605.2314885881774,daily_mark_to_market_equity,L03__SPXL_SOXL__ema_120,b,SPXL_SOXL,L03,ema_120,stress,0,sha256:acd49d7f6e3e633cb9e24e4f31a698d59c7e8a2578e14056df443689e9c014bb,sensitivity_evaluation,W5,False,L03__SPXL_SOXL__ema_120/stress/W5
spxl_soxl,OK,2026-03-19,2026-09-18,1000.0,1852.0961563531553,852.0961563531553,852.0961563531553,0.0,0.8520961563531553,2.4216066334873076,0.5919499615252792,2026-06-22,2026-07-29,62,1.2244093691815998,1.6221251998418138,2.3155195597781706,4.090897526621248,1993.0929325750749,4.986513498524882,4.9765134985248825,0.01,1.14347611168,0.304180853450091,850.6484993880251,3,1,1,1.0,,,1.0,1.0,81,46,0.19588726780364,-0.2617453160122367,0.9341527261495952,0.0658472738504049,2.802458178448785,0.839119635554187,-0.4678381089768182,"{'2026-03': -0.017123506798525145, '2026-04': 0.839119635554187, '2026-05': 0.5845758016454496, '2026-06': 0.13756298048743654, '2026-07': -0.4678381089768182, '2026-08': 0.01299465381085585, '2026-09': 0.05442381624623982}",{'2026': 0.8520961563531562},910.020648731475,3596.264184261475,daily_mark_to_market_equity,L03__SPXL_SOXL__ema_120,b,SPXL_SOXL,L03,ema_120,stress,0,sha256:acd49d7f6e3e633cb9e24e4f31a698d59c7e8a2578e14056df443689e9c014bb,sensitivity_evaluation,W6,False,L03__SPXL_SOXL__ema_120/stress/W6
spxl_soxl,OK,2023-09-19,2024-03-18,1000.0,1507.9114269769102,507.9114269769102,507.9114269769102,0.0,0.5079114269769103,1.290627897058083,0.1514750880197258,2024-03-07,2024-03-15,7,0.4790258504979344,1.966648280931875,2.912446622899368,8.520397076052602,2784.81298898886,2.803823951279852,2.783823951279852,0.02,2.80450101819,-94.51418932870992,599.62111528743,4,2,2,,,,8.0,8.0,54,38,0.1072693780946503,-0.0791067998157439,0.7060458324355969,0.293954167564403,2.1181374973067912,0.2504251648504911,-0.09451418932871,"{'2023-09': -0.09451418932871003, '2023-10': 0.0, '2023-11': 0.03044549505087457, '2023-12': 0.25042516485049116, '2024-01': 0.027516625444727216, '2024-02': 0.2465406351957371, '2024-03': 0.009058058336978148}","{'2023': 0.16671391971691008, '2024': 0.2924431615102254}",888.56078583323,1768.3323568369103,daily_mark_to_market_equity,L03__SPXL_SOXL__ema_80,b,SPXL_SOXL,L03,ema_80,base,0,sha256:acd49d7f6e3e633cb9e24e4f31a698d59c7e8a2578e14056df443689e9c014bb,sensitivity_evaluation,W1,False,L03__SPXL_SOXL__ema_80/base/W1
spxl_soxl,OK,2024-03-19,2024-09-18,1000.0,896.70050827965,-103.29949172035003,-103.29949172035003,0.0,-0.10329949172035,-0.1955688122353773,0.4707060623925719,2024-07-10,2024-08-05,49,0.6328350117007004,-0.0190849394124116,-0.0217241560079583,-0.415479697119923,1276.68775587472,1.285983739679922,1.2759837396799218,0.01,3.13653958933,-209.80718480602,103.37115349634004,2,1,1,,,,139.0,139.0,75,51,0.1105670908711002,-0.1346200434288712,0.9067538075900452,0.0932461924099546,2.720261422770136,0.2063390483840756,-0.198133958484917,"{'2024-03': 0.09990580502280011, '2024-04': -0.15432363818325456, '2024-05': 0.20633904838407569, '2024-06': 0.1207448283484227, '2024-07': -0.09784074709186874, '2024-08': -0.198133958484917, '2024-09': -0.014341273220857875}",{'2024': -0.10329949172035002},778.72955838965,1471.2610575321305,daily_mark_to_market_equity,L03__SPXL_SOXL__ema_80,b,SPXL_SOXL,L03,ema_80,base,0,sha256:acd49d7f6e3e633cb9e24e4f31a698d59c7e8a2578e14056df443689e9c014bb,sensitivity_evaluation,W2,False,L03__SPXL_SOXL__ema_80/base/W2
spxl_soxl,OK,2024-09-19,2025-03-18,1000.0,733.7799830884053,-266.2200169115947,-266.2200169115947,0.0,-0.2662200169115947,-0.4664062610560076,0.3212681238571315,2024-10-14,2025-03-10,105,0.3623276195396419,-1.5615887154241488,-1.4396771220664135,-1.4517663796095102,3164.6130701672246,3.204348474064851,3.164348474064851,0.04,1.58043378747,-267.8004506990648,0.0,4,4,4,,,,51.0,14.5,66,51,0.0407491078287267,-0.1193350102679249,0.6204664928768323,0.3795335071231677,1.8613994786304968,0.1028579059385694,-0.1158713131017903,"{'2024-09': 0.009983053407390141, '2024-10': -0.11587131310179033, '2024-11': 0.10285790593856947, '2024-12': -0.0489983732208541, '2025-01': -0.08230834105447349, '2025-02': -0.06385521786461512, '2025-03': -0.08799826301178226}","{'2024': -0.06345124778564959, '2025': -0.2165063683513797}",733.7799830884053,1081.10434897852,daily_mark_to_market_equity,L03__SPXL_SOXL__ema_80,b,SPXL_SOXL,L03,ema_80,base,0,sha256:acd49d7f6e3e633cb9e24e4f31a698d59c7e8a2578e14056df443689e9c014bb,sensitivity_evaluation,W3,False,L03__SPXL_SOXL__ema_80/base/W3
spxl_soxl,OK,2025-03-19,2025-09-18,1000.0,1589.84345011716,589.84345011716,589.84345011716,0.0,0.5898434501171601,1.5228039435536544,0.0975948975377201,2025-07-30,2025-08-01,9,0.3402001970821902,2.876682501222746,3.555936781772599,15.603315152465791,999.2184000999198,0.9982201799198632,0.9982201799198632,0.0,3.70543985708,0.0,586.1380102600801,2,0,0,,,,,,52,33,0.0744340067455318,-0.0576701567716427,0.623903437975964,0.3760965620240359,1.8717103139278923,0.2487266775972563,-0.0002988049240801,"{'2025-03': 0.0, '2025-04': 0.0, '2025-05': -0.0002988049240801871, '2025-06': 0.2487266775972563, '2025-07': 0.024095712976347494, '2025-08': 0.045893081404354774, '2025-09': 0.18901935024978678}",{'2025': 0.5898434501171599},975.8635074359202,1589.84345011716,daily_mark_to_market_equity,L03__SPXL_SOXL__ema_80,b,SPXL_SOXL,L03,ema_80,base,0,sha256:acd49d7f6e3e633cb9e24e4f31a698d59c7e8a2578e14056df443689e9c014bb,sensitivity_evaluation,W4,False,L03__SPXL_SOXL__ema_80/base/W4
spxl_soxl,OK,2025-09-19,2026-03-18,1000.0,1283.9334243197352,283.9334243197352,283.9334243197352,0.0,0.2839334243197351,0.6605457018378933,0.2785441182398535,2025-10-29,2025-11-20,46,0.7212644023937325,1.0680836021646116,1.4451576312223593,2.371422186230116,1467.9178752780851,1.4774052808048883,1.4674052808048883,0.01,1.22640064554,-18.57687924668498,301.28390292088005,2,1,1,,,,178.0,178.0,67,57,0.1188100086707231,-0.1399683741578694,0.9828592804595802,0.0171407195404198,2.948577841378741,0.2680645463062956,-0.1182096669983284,"{'2025-09': 0.02515786939705489, '2025-10': 0.2146625487735161, '2025-11': -0.08009934806744934, '2025-12': 0.005890211149013558, '2026-01': 0.2680645463062956, '2026-02': -0.003452711867330538, '2026-03': -0.11820966699832847}","{'2025': 0.15222660667359333, '2026': 0.11430634988231136}",925.061148317055,1606.716488403595,daily_mark_to_market_equity,L03__SPXL_SOXL__ema_80,b,SPXL_SOXL,L03,ema_80,base,0,sha256:acd49d7f6e3e633cb9e24e4f31a698d59c7e8a2578e14056df443689e9c014bb,sensitivity_evaluation,W5,False,L03__SPXL_SOXL__ema_80/base/W5
spxl_soxl,OK,2026-03-19,2026-09-18,1000.0,1677.31020246141,677.31020246141,677.31020246141,0.0,0.6773102024614099,1.807412508595626,0.5935493209828717,2026-06-22,2026-07-29,62,1.221973675997313,1.461184740747442,2.072563972066422,3.0450923700876125,2072.67545175819,2.082750200029861,2.072750200029861,0.01,1.12213317144,577.17048989729,99.01757939268003,2,1,1,1.0,,,181.0,181.0,81,46,0.1965209868030966,-0.2624022520393176,0.9123713183503126,0.0876286816496874,2.737113955050938,0.8280761851459604,-0.4694013506710484,"{'2026-03': -0.01668518765679028, '2026-04': 0.8280761851459604, '2026-05': 0.5869761488117242, '2026-06': 0.1383155627035706, '2026-07': -0.4694013506710484, '2026-08': 0.012624316690795556, '2026-09': -0.038655710223572615}",{'2026': 0.6773102024614095},910.45896787321,3585.24447047589,daily_mark_to_market_equity,L03__SPXL_SOXL__ema_80,b,SPXL_SOXL,L03,ema_80,base,0,sha256:acd49d7f6e3e633cb9e24e4f31a698d59c7e8a2578e14056df443689e9c014bb,sensitivity_evaluation,W6,False,L03__SPXL_SOXL__ema_80/base/W6
spxl_soxl,OK,2023-09-19,2024-03-18,1000.0,1501.8563558999451,501.85635589994513,501.85635589994513,0.0,0.5018563558999452,1.2721044801120995,0.1515903573619905,2024-03-07,2024-03-15,7,0.4795923701383255,1.9479034664669233,2.893372887211035,8.391724264323585,2783.486768777525,6.9725529535747235,6.952552953574724,0.02,2.7957325035199996,-97.3452788867748,596.4059022832,4,2,2,,,,8.0,8.0,54,38,0.1073784499764418,-0.0791669984805641,0.7068806328148324,0.2931193671851676,2.120641898444497,0.2507865801486526,-0.0973452788867748,"{'2023-09': -0.0973452788867748, '2023-10': 0.0, '2023-11': 0.02896049556020741, '2023-12': 0.2507865801486526, '2024-01': 0.02754837543728672, '2024-02': 0.24681747698285084, '2024-03': 0.009066216467401134}","{'2023': 0.1617256339799451, '2024': 0.2927805946355402}",886.414074173075,1761.463053499945,daily_mark_to_market_equity,L03__SPXL_SOXL__ema_80,b,SPXL_SOXL,L03,ema_80,stress,0,sha256:acd49d7f6e3e633cb9e24e4f31a698d59c7e8a2578e14056df443689e9c014bb,sensitivity_evaluation,W1,False,L03__SPXL_SOXL__ema_80/stress/W1
spxl_soxl,OK,2024-03-19,2024-09-18,1000.0,894.7865326701301,-105.2134673298699,-105.2134673298699,0.0,-0.1052134673298699,-0.1989921927743584,0.4714735086524262,2024-07-10,2024-08-05,49,0.6338402242356999,-0.0246793629214272,-0.0280786246673298,-0.4220644195749648,1277.7437801668,3.1999593491999216,3.189959349199922,0.01,3.13653958933,-210.97866042504995,102.62865350584995,2,1,1,,,,139.0,139.0,75,51,0.1107280478677859,-0.134758832740596,0.908115406923128,0.0918845930768719,2.7243462207693834,0.2066689937846448,-0.1987722380862572,"{'2024-03': 0.09842080507200013, '2024-04': -0.1545322746129837, '2024-05': 0.20666899378464487, '2024-06': 0.12090483610659875, '2024-07': -0.09795641783329545, '2024-08': -0.1987722380862572, '2024-09': -0.014371508774052355}",{'2024': -0.1052134673298708},776.8155827801302,1469.7760575813304,daily_mark_to_market_equity,L03__SPXL_SOXL__ema_80,b,SPXL_SOXL,L03,ema_80,stress,0,sha256:acd49d7f6e3e633cb9e24e4f31a698d59c7e8a2578e14056df443689e9c014bb,sensitivity_evaluation,W2,False,L03__SPXL_SOXL__ema_80/stress/W2
spxl_soxl,OK,2024-09-19,2025-03-18,1000.0,730.0787822895202,-269.9212177104798,-269.9212177104798,0.0,-0.2699212177104798,-0.4718535019346103,0.3237388002725671,2024-10-14,2025-03-10,105,0.3624980090875996,-1.5891976872369835,-1.466197302751506,-1.457512975081579,3154.27695919615,7.92404503794983,7.88404503794983,0.04,1.58043378747,-271.5016514979498,0.0,4,4,4,,,,51.0,14.5,66,51,0.040839503753931,-0.1190411846416812,0.621632352360976,0.378367647639024,1.8648970570829275,0.1023261593177318,-0.1166254142100673,"{'2024-09': 0.00924055347462005, '2024-10': -0.11662541421006734, '2024-11': 0.10232615931773181, '2024-12': -0.049099953810857855, '2025-01': -0.08287684800940398, '2025-02': -0.064753327566346, '2025-03': -0.08918259224594338}","{'2024': -0.06548865939813009, '2025': -0.21875877737415794}",730.0787822895202,1079.5810591880452,daily_mark_to_market_equity,L03__SPXL_SOXL__ema_80,b,SPXL_SOXL,L03,ema_80,stress,0,sha256:acd49d7f6e3e633cb9e24e4f31a698d59c7e8a2578e14056df443689e9c014bb,sensitivity_evaluation,W3,False,L03__SPXL_SOXL__ema_80/stress/W3
spxl_soxl,OK,2025-03-19,2025-09-18,1000.0,1587.7735349434802,587.7735349434802,587.7735349434802,0.0,0.5877735349434803,1.5162524672920772,0.0976278198053614,2025-07-30,2025-08-01,9,0.3402283750817077,2.8688443010523152,3.545606408324913,15.53094671493227,999.9999958958,2.4937655757998956,2.4937655757998956,0.0,3.7028412792799994,0.0,584.0706936642001,2,0,0,,,,,,52,33,0.0744579188571503,-0.0576742625803057,0.6242905947182574,0.3757094052817425,1.8728717841547724,0.2479091070244419,-0.0010413047502001,"{'2025-03': 0.0, '2025-04': 0.0, '2025-05': -0.001041304750200145, '2025-06': 0.2479091070244419, '2025-07': 0.024133406475163266, '2025-08': 0.04592385748433547, '2025-09': 0.18905370681550293}",{'2025': 0.5877735349434807},975.1210076098,1587.7735349434802,daily_mark_to_market_equity,L03__SPXL_SOXL__ema_80,b,SPXL_SOXL,L03,ema_80,stress,0,sha256:acd49d7f6e3e633cb9e24e4f31a698d59c7e8a2578e14056df443689e9c014bb,sensitivity_evaluation,W4,False,L03__SPXL_SOXL__ema_80/stress/W4
spxl_soxl,OK,2025-09-19,2026-03-18,1000.0,1281.7323163985277,281.7323163985277,281.7323163985277,0.0,0.2817323163985277,0.6547742629965068,0.2788670888468256,2025-10-29,2025-11-20,46,0.722113700971801,1.0628475721742374,1.4390330715586848,2.3479796977984626,1468.6867669877126,3.67851320201243,3.6685132020124303,0.01,1.22640064554,-20.03548716921244,300.5414029222,2,1,1,,,,178.0,178.0,67,57,0.1189457955035773,-0.1401502045678103,0.9840646796465802,0.0159353203534198,2.9521940389397408,0.2684104760957568,-0.1188226665033169,"{'2025-09': 0.023672869581637945, '2025-10': 0.21497395083835413, '2025-11': -0.08019498534856018, '2025-12': 0.005897857132048712, '2026-01': 0.26841047609575686, '2026-02': -0.0034562246323619483, '2026-03': -0.11882266650331696}","{'2025': 0.15074160685817728, '2026': 0.11383155763176789}",923.5761485016376,1605.2314885881774,daily_mark_to_market_equity,L03__SPXL_SOXL__ema_80,b,SPXL_SOXL,L03,ema_80,stress,0,sha256:acd49d7f6e3e633cb9e24e4f31a698d59c7e8a2578e14056df443689e9c014bb,sensitivity_evaluation,W5,False,L03__SPXL_SOXL__ema_80/stress/W5
spxl_soxl,OK,2026-03-19,2026-09-18,1000.0,1673.9063065095602,673.9063065095602,673.9063065095602,0.0,0.6739063065095601,1.79605274843009,0.5937995920065657,2026-06-22,2026-07-29,62,1.222554158693277,1.457768697387526,2.0676987179966493,3.024678313369792,2071.0647326115004,5.188138351099871,5.1781383510998715,0.01,1.11880494066,574.817366048225,97.970135520675,2,1,1,1.0,,,181.0,181.0,81,46,0.1966202963376595,-0.2625051107191855,0.9124207429552628,0.0875792570447371,2.7372622288657897,0.8278622462267768,-0.4696460663053048,"{'2026-03': -0.01742768765197522, '2026-04': 0.8278622462267768, '2026-05': 0.5873528416662361, '2026-06': 0.13843346748747232, '2026-07': -0.4696460663053048, '2026-08': 0.012566139935776377, '2026-09': -0.03959848295775703}",{'2026': 0.6739063065095576},909.716467878025,3583.5261739887,daily_mark_to_market_equity,L03__SPXL_SOXL__ema_80,b,SPXL_SOXL,L03,ema_80,stress,0,sha256:acd49d7f6e3e633cb9e24e4f31a698d59c7e8a2578e14056df443689e9c014bb,sensitivity_evaluation,W6,False,L03__SPXL_SOXL__ema_80/stress/W6
spxl_soxl,OK,2023-09-19,2024-03-18,1000.0,1203.0421468471102,203.0421468471102,203.0421468471102,0.0,0.2030421468471102,0.4521222898133854,0.0907087087058375,2023-09-19,2023-12-06,64,0.2522715913651707,1.6025688188187857,2.3827108422462624,4.984331672933284,3124.4913461871097,3.2840432682098357,3.1240432682098356,0.16,1.5712381453199995,14.296385291210854,187.17452341057924,14,16,16,1.0,0.16531482830157,1.1572037981109902,54.875,56.0,51,40,0.0650164815034022,-0.0372949012674109,0.4405029265906588,0.5594970734093412,1.321508779771977,0.1398941559097219,-0.0629986668977199,"{'2023-09': -0.06299866689771993, '2023-10': -0.010507345750964125, '2023-11': -0.0013705560273377104, '2023-12': 0.09516984146219709, '2024-01': 0.02507058556479369, '2024-02': 0.13989415590972198, '2024-03': 0.015369042166766489}","{'2023': 0.014001566280920086, '2024': 0.18643026485603897}",909.43111152686,1282.0731707307502,daily_mark_to_market_equity,L04__SPXL_SOXL__vol_target_30,b,SPXL_SOXL,L04,vol_target_30,base,0,sha256:acd49d7f6e3e633cb9e24e4f31a698d59c7e8a2578e14056df443689e9c014bb,sensitivity_evaluation,W1,False,L04__SPXL_SOXL__vol_target_30/base/W1
spxl_soxl,OK,2024-03-19,2024-09-18,1000.0,1027.5500422941302,27.550042294130208,27.550042294130208,0.0,0.0275500422941301,0.0557414915734653,0.2662086085003947,2024-07-10,2024-08-05,49,0.3430765740330618,0.3293865315484743,0.4040620786427582,0.2093902668567634,2702.7120553945397,2.8921275406598683,2.7021275406598684,0.19,1.66584417479,-14.72059285412704,40.604790973467075,24,19,19,1.0,0.2379132219282893,0.8921745822310849,73.3157894736842,71.0,77,49,0.0537885059436369,-0.0717210818486115,0.5766529922388145,0.4233470077611855,1.7299589767164436,0.1036239980548101,-0.0840829583300729,"{'2024-03': 0.051433990287659936, '2024-04': -0.08408295833007295, '2024-05': 0.10362399805481015, '2024-06': 0.07497822054855119, '2024-07': -0.04064116209126856, '2024-08': -0.0503279317813633, '2024-09': -0.012836059630280672}",{'2024': 0.027550042294130384},906.9678037343,1249.1396936558,daily_mark_to_market_equity,L04__SPXL_SOXL__vol_target_30,b,SPXL_SOXL,L04,vol_target_30,base,0,sha256:acd49d7f6e3e633cb9e24e4f31a698d59c7e8a2578e14056df443689e9c014bb,sensitivity_evaluation,W2,False,L04__SPXL_SOXL__vol_target_30/base/W2
spxl_soxl,OK,2024-09-19,2025-03-18,1000.0,961.0779176906108,-38.92208230938934,-38.92208230938934,0.0,-0.0389220823093893,-0.0773981453660517,0.1369771776828636,2025-01-23,2025-03-04,37,0.2281559390982162,-0.2425488954945481,-0.3027487086886779,-0.5650440947560457,5072.886172538139,5.162851010619736,5.072851010619736,0.09,1.40268684123,-40.324769150619574,0.0,9,9,9,1.0,0.5674156351393764,0.7092695439242206,46.22222222222222,6.0,62,48,0.0446740964963696,-0.0606970148075108,0.5212455614494372,0.4787544385505627,1.563736684348312,0.100092067671591,-0.0426868757252225,"{'2024-09': 0.009089980938959963, '2024-10': -0.032227035644571855, '2024-11': 0.10009206767159107, '2024-12': -0.023065886763629306, '2025-01': -0.013862308880204455, '2025-02': -0.03000534788596254, '2025-03': -0.04268687572522256}","{'2024': 0.04953684063525032, '2025': -0.0842837712024459}",961.0779176906108,1113.6181950672003,daily_mark_to_market_equity,L04__SPXL_SOXL__vol_target_30,b,SPXL_SOXL,L04,vol_target_30,base,0,sha256:acd49d7f6e3e633cb9e24e4f31a698d59c7e8a2578e14056df443689e9c014bb,sensitivity_evaluation,W3,False,L04__SPXL_SOXL__vol_target_30/base/W3
spxl_soxl,OK,2025-03-19,2025-09-18,1000.0,1203.25740877519,203.25740877519,203.25740877519,0.0,0.2032574087751899,0.4467308770517542,0.061326342069323,2025-08-14,2025-08-21,18,0.1629164626415183,2.3356478646995633,2.512860770059456,7.284485948090157,1204.7723750250902,1.243988174689858,1.203988174689858,0.04,0.8318204498799999,8.862171719787323,193.5634166055229,19,4,4,1.0,,,45.75,42.0,48,27,0.0422950454556014,-0.0343869547534195,0.3041518397956895,0.6958481602043105,0.9124555193870684,0.1218750783982149,-0.0014851454879977,"{'2025-03': 0.0, '2025-04': 0.0, '2025-05': 0.0, '2025-06': 0.04363679878950011, '2025-07': -0.0014851454879977188, '2025-08': 0.02922453317037421, '2025-09': 0.12187507839821499}",{'2025': 0.20325740877518972},1000.0,1203.25740877519,daily_mark_to_market_equity,L04__SPXL_SOXL__vol_target_30,b,SPXL_SOXL,L04,vol_target_30,base,0,sha256:acd49d7f6e3e633cb9e24e4f31a698d59c7e8a2578e14056df443689e9c014bb,sensitivity_evaluation,W4,False,L04__SPXL_SOXL__vol_target_30/base/W4
spxl_soxl,OK,2025-09-19,2026-03-18,1000.0,1109.3777613669304,109.37776136693036,109.37776136693036,0.0,0.1093777613669304,0.2344506393495176,0.1443301676054471,2025-10-29,2025-11-20,46,0.354979189046219,0.7727289183687901,0.9806501493707572,1.6244049545513672,2244.47556949602,2.484274624709805,2.2442746247098047,0.24,0.2371623316400001,50.31042543621742,58.830173599072886,19,24,24,1.0,0.7192365196618178,3.596182598309089,75.875,70.0,68,54,0.0659493914464788,-0.1033158259827425,0.5404653930781148,0.4595346069218852,1.6213961792343443,0.1109087660232306,-0.0430614067450421,"{'2025-09': -0.0020949283055998746, '2025-10': 0.11090876602323063, '2025-11': -0.03590505141827238, '2025-12': 0.004069486543241352, '2026-01': 0.08826476932314131, '2026-02': -0.007319214345340885, '2026-03': -0.04306140674504211}","{'2025': 0.07312719328107997, '2026': 0.033780308907291445}",964.43348691989,1206.7107867967457,daily_mark_to_market_equity,L04__SPXL_SOXL__vol_target_30,b,SPXL_SOXL,L04,vol_target_30,base,0,sha256:acd49d7f6e3e633cb9e24e4f31a698d59c7e8a2578e14056df443689e9c014bb,sensitivity_evaluation,W5,False,L04__SPXL_SOXL__vol_target_30/base/W5
spxl_soxl,OK,2026-03-19,2026-09-18,1000.0,1394.8348709596205,394.8348709596203,394.8348709596203,0.0,0.3948348709596203,0.9429126947729732,0.1417219804168031,2026-06-03,2026-07-29,74,0.3140907183429769,2.2611997178810004,3.3385344238970407,6.653256552017372,2443.14448659303,2.652725867959807,2.442725867959807,0.21,0.5958401375799999,372.3314019506706,21.90762887136933,16,21,21,1.0,,,71.04761904761905,70.0,73,51,0.0529987928819626,-0.0712041450836343,0.3751973966850508,0.6248026033149492,1.1255921900551529,0.3057722828185532,-0.091094280192105,"{'2026-03': -0.019874807663499916, '2026-04': 0.3057722828185532, '2026-05': 0.17266683473296185, '2026-06': 0.016565032964364956, '2026-07': -0.09109428019210508, '2026-08': 0.01844157144689418, '2026-09': -0.012336432854036183}",{'2026': 0.3948348709596201},937.37507505778,1553.052604904035,daily_mark_to_market_equity,L04__SPXL_SOXL__vol_target_30,b,SPXL_SOXL,L04,vol_target_30,base,0,sha256:acd49d7f6e3e633cb9e24e4f31a698d59c7e8a2578e14056df443689e9c014bb,sensitivity_evaluation,W6,False,L04__SPXL_SOXL__vol_target_30/base/W6
spxl_soxl,OK,2023-09-19,2024-03-18,1000.0,1197.21381284253,197.21381284252993,197.21381284252993,0.0,0.19721381284253,0.4379608880236707,0.0930041922505094,2023-09-19,2023-12-06,64,0.2525141781212713,1.5624402351170266,2.3192445219151723,4.709044586334457,3119.523435852599,7.956020376099841,7.79602037609984,0.16,1.5655568286299997,10.046250150843887,185.60200586305615,14,16,16,1.0,0.1582508759560707,1.107756131692495,54.875,56.0,50,41,0.0650215807464511,-0.0372972331324185,0.4406457228152495,0.5593542771847504,1.3219371684457486,0.1395155651927992,-0.0638896668642998,"{'2023-09': -0.06388966686429987, '2023-10': -0.011354238804785477, '2023-11': -0.0022724568867000805, '2023-12': 0.09360476980827337, '2024-01': 0.024792907579628487, '2024-02': 0.13951556519279928, '2024-03': 0.015255242978992278}","{'2023': 0.00981101823438002, '2024': 0.185582045773097}",906.32714177505,1275.9607548109298,daily_mark_to_market_equity,L04__SPXL_SOXL__vol_target_30,b,SPXL_SOXL,L04,vol_target_30,stress,0,sha256:acd49d7f6e3e633cb9e24e4f31a698d59c7e8a2578e14056df443689e9c014bb,sensitivity_evaluation,W1,False,L04__SPXL_SOXL__vol_target_30/stress/W1
spxl_soxl,OK,2024-03-19,2024-09-18,1000.0,1023.5449225482153,23.54492254821514,23.54492254821514,0.0,0.0235449225482151,0.0475442919561588,0.2665271904593013,2024-07-10,2024-08-05,49,0.3431753838158475,0.30680685278566,0.3754260822089862,0.1783843962570072,2699.0436032155744,6.933968096624839,6.7439680966248385,0.19,1.66366248484,-17.7825979063518,39.66385796972679,24,19,19,1.0,0.2321681589176704,0.8706305959412642,81.42105263157895,84.0,77,50,0.0537916376525249,-0.0717241794786994,0.5767821364706026,0.4232178635293974,1.730346409411808,0.1034237720251312,-0.0843166728510228,"{'2024-03': 0.05056580182677495, '2024-04': -0.08431667285102284, '2024-05': 0.1034237720251312, '2024-06': 0.07480251570498875, '2024-07': -0.04092566807168796, '2024-08': -0.05238923541694007, '2024-09': -0.012845616646817604}",{'2024': 0.023544922548214275},906.103877976075,1247.25038099194,daily_mark_to_market_equity,L04__SPXL_SOXL__vol_target_30,b,SPXL_SOXL,L04,vol_target_30,stress,0,sha256:acd49d7f6e3e633cb9e24e4f31a698d59c7e8a2578e14056df443689e9c014bb,sensitivity_evaluation,W2,False,L04__SPXL_SOXL__vol_target_30/stress/W2
spxl_soxl,OK,2024-09-19,2025-03-18,1000.0,953.9692109541154,-46.0307890458846,-46.0307890458846,0.0,-0.0460307890458846,-0.0911927104035271,0.1383468036841773,2025-01-23,2025-03-04,37,0.2281091722813309,-0.3092918693482185,-0.3854671057068831,-0.6591602261495317,5057.245151792425,12.732896031174898,12.642896031174898,0.09,1.3978359552900002,-47.42862500117465,0.0,9,9,9,1.0,0.5315631902262508,0.6644539877828134,46.22222222222222,6.0,62,48,0.0447072189336488,-0.0607419876234112,0.5216381915078427,0.4783618084921572,1.5649145745235282,0.0987756475313494,-0.0435224992039258,"{'2024-09': 0.008198981057400134, '2024-10': -0.03299746946764259, '2024-11': 0.09877564753134949, '2024-12': -0.02527405964237206, '2025-01': -0.015233249705367324, '2025-02': -0.030024402058976052, '2025-03': -0.04352249920392581}","{'2024': 0.044156062317114664, '2025': -0.08637296149280971}",953.9692109541154,1107.1382489300904,daily_mark_to_market_equity,L04__SPXL_SOXL__vol_target_30,b,SPXL_SOXL,L04,vol_target_30,stress,0,sha256:acd49d7f6e3e633cb9e24e4f31a698d59c7e8a2578e14056df443689e9c014bb,sensitivity_evaluation,W3,False,L04__SPXL_SOXL__vol_target_30/stress/W3
spxl_soxl,OK,2025-03-19,2025-09-18,1000.0,1201.1956249610002,201.19562496100025,201.19562496100025,0.0,0.2011956249610003,0.4417873063398594,0.0613448947169481,2025-08-14,2025-08-21,18,0.1628277430107939,2.3159056847495236,2.4918775869959964,7.201696382043084,1204.8525512930496,3.047238700099912,3.007238700099912,0.04,0.8314351111,8.256180715885629,192.10800913401457,19,4,4,1.0,,,45.75,42.0,48,27,0.0422991883295358,-0.0343880003398091,0.3041918808601361,0.695808119139864,0.912575642580408,0.1217355760808438,-0.0019660867930123,"{'2025-03': 0.0, '2025-04': 0.0, '2025-05': 0.0, '2025-06': 0.042725166730150255, '2025-07': -0.001966086793012356, '2025-08': 0.028982748033750783, '2025-09': 0.12173557608084384}",{'2025': 0.2011956249610014},1000.0,1201.1956249610002,daily_mark_to_market_equity,L04__SPXL_SOXL__vol_target_30,b,SPXL_SOXL,L04,vol_target_30,stress,0,sha256:acd49d7f6e3e633cb9e24e4f31a698d59c7e8a2578e14056df443689e9c014bb,sensitivity_evaluation,W4,False,L04__SPXL_SOXL__vol_target_30/stress/W4
spxl_soxl,OK,2025-09-19,2026-03-18,1000.0,1106.2557720945426,106.25577209454264,106.25577209454264,0.0,0.1062557720945427,0.2274115894237423,0.1444754367292076,2025-10-29,2025-11-20,46,0.3553104351831097,0.7562068080125165,0.9605879019832216,1.574050195466674,2232.2174939964375,5.809293415937368,5.579293415937368,0.23,0.23668868548,45.266163245486254,60.7529201635764,19,23,23,1.0,0.6631496159262963,3.1499606756499072,73.08695652173913,70.0,68,54,0.0659564613627881,-0.1033257565337441,0.5409012261064728,0.4590987738935271,1.6227036783194184,0.1104676039917949,-0.0437044306075211,"{'2025-09': -0.0033595957440000213, '2025-10': 0.1104676039917949, '2025-11': -0.03613416585694107, '2025-12': 0.0038921105585971727, '2026-01': 0.08806726708830914, '2026-02': -0.007204842173036297, '2026-03': -0.04370443060752116}","{'2025': 0.07089776056528008, '2026': 0.03301716824078316}",962.6659015928252,1204.1195815690053,daily_mark_to_market_equity,L04__SPXL_SOXL__vol_target_30,b,SPXL_SOXL,L04,vol_target_30,stress,0,sha256:acd49d7f6e3e633cb9e24e4f31a698d59c7e8a2578e14056df443689e9c014bb,sensitivity_evaluation,W5,False,L04__SPXL_SOXL__vol_target_30/stress/W5
spxl_soxl,OK,2026-03-19,2026-09-18,1000.0,1390.88537736216,390.88537736215994,390.88537736215994,0.0,0.3908853773621599,0.9319479565194646,0.1420439681763841,2026-06-03,2026-07-29,74,0.3140893646487245,2.2432486428571954,3.313888412888539,6.560982268266483,2440.5456632194,6.308756448899868,6.098756448899868,0.21,0.59487666106,369.6032848848092,20.687215816290884,16,21,21,1.0,,,71.04761904761905,70.0,73,51,0.0530028196905361,-0.0712058387225836,0.3752917928902703,0.6247082071097296,1.125875378670811,0.3047467737428175,-0.0912859618118134,"{'2026-03': -0.020344540644749998, '2026-04': 0.30474677374281756, '2026-05': 0.17231745658420095, '2026-06': 0.016378100151355213, '2026-07': -0.09128596181181348, '2026-08': 0.01755783096983654, '2026-09': -0.012345884481230085}",{'2026': 0.3908853773621601},936.93379398445,1550.5918353344125,daily_mark_to_market_equity,L04__SPXL_SOXL__vol_target_30,b,SPXL_SOXL,L04,vol_target_30,stress,0,sha256:acd49d7f6e3e633cb9e24e4f31a698d59c7e8a2578e14056df443689e9c014bb,sensitivity_evaluation,W6,False,L04__SPXL_SOXL__vol_target_30/stress/W6
spxl_soxl,OK,2023-09-19,2024-03-18,1000.0,1368.984332188335,368.984332188335,368.984332188335,0.0,0.368984332188335,0.884716789615801,0.1219116675235497,2023-12-27,2024-01-04,15,0.4033703698122082,1.769633002856794,2.570024670740509,7.257031321016913,2948.646894103554,2.997806754504832,2.9478067545048323,0.05,2.68381603784,-27.538313799824337,393.83882995031934,8,5,5,1.0,0.4883588158442193,0.732538223766329,42.2,43.0,51,40,0.097218935837291,-0.0675417746751417,0.662057003091566,0.337942996908434,1.9861710092746985,0.2245520706297317,-0.0629986668977199,"{'2023-09': -0.06299866689771993, '2023-10': -0.010507345750964125, '2023-11': -0.0023203170464705103, '2023-12': 0.14139850722319225, '2024-01': 0.029948636820326557, '2024-02': 0.2245520706297317, '2024-03': 0.028074156139345163}","{'2023': 0.05579891573042972, '2024': 0.2966335840961112}",899.33579016709,1534.535905052935,daily_mark_to_market_equity,L04__SPXL_SOXL__vol_target_50,b,SPXL_SOXL,L04,vol_target_50,base,0,sha256:acd49d7f6e3e633cb9e24e4f31a698d59c7e8a2578e14056df443689e9c014bb,sensitivity_evaluation,W1,False,L04__SPXL_SOXL__vol_target_50/base/W1
spxl_soxl,OK,2024-03-19,2024-09-18,1000.0,923.22644292793,-76.77355707207005,-76.77355707207005,0.0,-0.07677355707207,-0.147373847942044,0.4091596470729549,2024-07-10,2024-08-05,49,0.5454002291628963,-0.0139404709571868,-0.0163591762906105,-0.3601866630698472,2731.89655111275,2.8912667495898687,2.7312667495898686,0.16,2.98405172752,-141.36394954921386,61.60634074962392,16,16,16,1.0,0.1787164666977158,0.2978607778295263,68.6875,49.0,76,50,0.0914263716676404,-0.1120183704919811,0.868859624395114,0.131140375604886,2.6065788731853416,0.1773309532796596,-0.1774143644230503,"{'2024-03': 0.08579870452494953, '2024-04': -0.14137313276264118, '2024-05': 0.17733095327965964, '2024-06': 0.11467744958389448, '2024-07': -0.07070076992099972, '2024-08': -0.17741436442305036, '2024-09': -0.012879966819633215}",{'2024': -0.07677355707207034},831.47710517424,1407.27880391898,daily_mark_to_market_equity,L04__SPXL_SOXL__vol_target_50,b,SPXL_SOXL,L04,vol_target_50,base,0,sha256:acd49d7f6e3e633cb9e24e4f31a698d59c7e8a2578e14056df443689e9c014bb,sensitivity_evaluation,W2,False,L04__SPXL_SOXL__vol_target_50/base/W2
spxl_soxl,OK,2024-09-19,2025-03-18,1000.0,894.0265022050605,-105.97349779493948,-105.97349779493948,0.0,-0.1059734977949394,-0.2033238072387426,0.181213861327378,2025-01-23,2025-03-04,37,0.2896738619005456,-0.6451074330383018,-0.6587383845573747,-1.122010235582482,4863.38848129834,4.9432852404597405,4.86328524045974,0.08,2.21062578552,-108.18412358045946,0.0,8,8,8,1.0,0.3088440616366524,0.3088440616366524,41.5,5.5,62,48,0.0454231094684924,-0.1018239607416668,0.5600136231774536,0.4399863768225464,1.680040869532361,0.1033294235649406,-0.0612287584367047,"{'2024-09': 0.009089980938959963, '2024-10': -0.06122875843670472, '2024-11': 0.10332942356494068, '2024-12': -0.020991667496350508, '2025-01': -0.059336271716527444, '2025-02': -0.0299049493911695, '2025-03': -0.04254042460427432}","{'2024': 0.023248836101180226, '2025': -0.1262863238510854}",894.0265022050605,1091.8925711839904,daily_mark_to_market_equity,L04__SPXL_SOXL__vol_target_50,b,SPXL_SOXL,L04,vol_target_50,base,0,sha256:acd49d7f6e3e633cb9e24e4f31a698d59c7e8a2578e14056df443689e9c014bb,sensitivity_evaluation,W3,False,L04__SPXL_SOXL__vol_target_50/base/W3
spxl_soxl,OK,2025-03-19,2025-09-18,1000.0,1295.4741424881004,295.47414248810037,295.47414248810037,0.0,0.2954741424881004,0.6764736211767728,0.086496358609362,2025-07-30,2025-08-01,9,0.235205041227607,2.302270096380755,2.447622372683413,7.820833524702324,1615.6539052555702,1.644677928369804,1.614677928369804,0.03,1.39600199647,11.818684069442916,282.25945642218727,11,3,3,1.0,,,28.0,14.0,48,27,0.0587337024522127,-0.0458593252210502,0.4502734597670742,0.5497265402329258,1.3508203793012226,0.1574967323802276,-0.0027726159792338,"{'2025-03': 0.0, '2025-04': 0.0, '2025-05': 0.0, '2025-06': 0.07317138822170022, '2025-07': -0.002772615979233839, '2025-08': 0.0457929120315681, '2025-09': 0.15749673238022766}",{'2025': 0.29547414248810044},1000.0,1295.4741424881004,daily_mark_to_market_equity,L04__SPXL_SOXL__vol_target_50,b,SPXL_SOXL,L04,vol_target_50,base,0,sha256:acd49d7f6e3e633cb9e24e4f31a698d59c7e8a2578e14056df443689e9c014bb,sensitivity_evaluation,W4,False,L04__SPXL_SOXL__vol_target_50/base/W4
spxl_soxl,OK,2025-09-19,2026-03-18,1000.0,1158.0182058885202,158.01820588852024,158.01820588852024,0.0,0.1580182058885202,0.3467566849613137,0.2330947794943023,2025-10-29,2025-11-20,46,0.5444769241245668,0.8216441079937458,1.0911832706032494,1.4876209828190925,2802.0812832097195,2.9817789645797412,2.801778964579741,0.18,0.4042722930999999,51.710498789718926,105.90343480570128,20,18,18,1.0,0.8442000782238003,2.954700273783301,84.83333333333333,80.5,68,54,0.0852616975353541,-0.128742939571769,0.8438416265114259,0.1561583734885741,2.5315248795342775,0.1744009721746333,-0.0729065352872734,"{'2025-09': -0.002459910670099763, '2025-10': 0.17440097217463335, '2025-11': -0.0642039559145956, '2025-12': 0.005526332206469808, '2026-01': 0.14796400180985803, '2026-02': -0.012943109429096267, '2026-03': -0.07290653528727342}","{'2025': 0.10235484042229026, '2026': 0.05049496171750456}",923.4861607278048,1334.5423187641802,daily_mark_to_market_equity,L04__SPXL_SOXL__vol_target_50,b,SPXL_SOXL,L04,vol_target_50,base,0,sha256:acd49d7f6e3e633cb9e24e4f31a698d59c7e8a2578e14056df443689e9c014bb,sensitivity_evaluation,W5,False,L04__SPXL_SOXL__vol_target_50/base/W5
spxl_soxl,OK,2026-03-19,2026-09-18,1000.0,1701.8053104879102,701.8053104879102,701.8053104879102,0.0,0.7018053104879103,1.8898373319008308,0.2266862805976269,2026-06-03,2026-07-29,74,0.4996449714633175,2.3649427331658863,3.391026620382928,8.33679624068354,3839.34540370776,4.039060753549757,3.839060753549757,0.2,1.28523217146,647.2958435500688,53.224234766381585,16,20,20,1.0,,,77.4,77.0,74,50,0.0810450818132118,-0.1170234464636449,0.5621570240280955,0.4378429759719044,1.6864710720842868,0.5259991491807734,-0.147157546721722,"{'2026-03': -0.028286567722079825, '2026-04': 0.5259991491807734, '2026-05': 0.28995352699004484, '2026-06': 0.025687837177142514, '2026-07': -0.147157546721722, '2026-08': 0.029720021790003104, '2026-09': -0.012265691551648361}",{'2026': 0.7018053104879105},915.70179619792,2023.74425245957,daily_mark_to_market_equity,L04__SPXL_SOXL__vol_target_50,b,SPXL_SOXL,L04,vol_target_50,base,0,sha256:acd49d7f6e3e633cb9e24e4f31a698d59c7e8a2578e14056df443689e9c014bb,sensitivity_evaluation,W6,False,L04__SPXL_SOXL__vol_target_50/base/W6
spxl_soxl,OK,2023-09-19,2024-03-18,1000.0,1362.5476915025104,362.5476915025104,362.5476915025104,0.0,0.3625476915025103,0.8668774812013365,0.1217995652700648,2023-12-27,2024-01-04,15,0.4034568516938908,1.7457294391594451,2.5332634455814196,7.117246102473506,2944.03566377685,7.404860050049847,7.354860050049847,0.05,2.67237546256,-30.92811554949371,390.8034315894439,8,5,5,1.0,0.471505599548523,0.7072583993227846,42.2,43.0,50,41,0.0972205704339839,-0.0675434567430985,0.6621458634321048,0.3378541365678952,1.9864375902963136,0.2245557818857775,-0.0638896668642998,"{'2023-09': -0.06388966686429987, '2023-10': -0.011354238804785477, '2023-11': -0.0038261456660116933, '2023-12': 0.14000309809131695, '2024-01': 0.02994357322940555, '2024-02': 0.22455578188577752, '2024-03': 0.027899816721901116}","{'2023': 0.05101501005211051, '2024': 0.2964112581369822}",895.8329529064251,1527.5857303608102,daily_mark_to_market_equity,L04__SPXL_SOXL__vol_target_50,b,SPXL_SOXL,L04,vol_target_50,stress,0,sha256:acd49d7f6e3e633cb9e24e4f31a698d59c7e8a2578e14056df443689e9c014bb,sensitivity_evaluation,W1,False,L04__SPXL_SOXL__vol_target_50/stress/W1
spxl_soxl,OK,2024-03-19,2024-09-18,1000.0,919.3924802601202,-80.60751973987976,-80.60751973987976,0.0,-0.0806075197398797,-0.1544262720860391,0.4095472108461776,2024-07-10,2024-08-05,49,0.5456154943296145,-0.0288291166709389,-0.0337967699025997,-0.3770658619966533,2728.0472498253,6.9761955605998445,6.816195560599844,0.16,2.9781677007200003,-144.31052433634355,60.72483689574369,16,16,16,1.0,0.1732222556943472,0.2887037594905787,78.3125,60.0,76,51,0.0914395067382594,-0.1120321114762481,0.8690268498351842,0.1309731501648158,2.607080549505551,0.1769945822757583,-0.1789816999301865,"{'2024-03': 0.08434247959379992, '2024-04': -0.14172951866244787, '2024-05': 0.17699458227575837, '2024-06': 0.11466430201181632, '2024-07': -0.0708782681449075, '2024-08': -0.17898169993018653, '2024-09': -0.012888327600326654}",{'2024': -0.08060751973987978},829.2381570749451,1404.410602011595,daily_mark_to_market_equity,L04__SPXL_SOXL__vol_target_50,b,SPXL_SOXL,L04,vol_target_50,stress,0,sha256:acd49d7f6e3e633cb9e24e4f31a698d59c7e8a2578e14056df443689e9c014bb,sensitivity_evaluation,W2,False,L04__SPXL_SOXL__vol_target_50/stress/W2
spxl_soxl,OK,2024-09-19,2025-03-18,1000.0,887.3653934401952,-112.63460655980477,-112.63460655980477,0.0,-0.1126346065598047,-0.2153223230411528,0.1823674325699531,2025-01-23,2025-03-04,37,0.2898143028649041,-0.6974504160510062,-0.7112271206202808,-1.1807060065867778,4844.453749596725,12.190492856374886,12.110492856374886,0.08,2.19870498657,-114.8333115463746,0.0,8,8,8,1.0,0.282463193172315,0.282463193172315,41.5,5.5,62,48,0.0453276381498137,-0.1018886775560827,0.5605634457064549,0.4394365542935451,1.6816903371193648,0.1017323253794473,-0.0619087786488712,"{'2024-09': 0.008198981057400134, '2024-10': -0.06190877864887123, '2024-11': 0.10173232537944732, '2024-12': -0.023466635635583932, '2025-01': -0.06029132255408787, '2025-02': -0.029918253860278243, '2025-03': -0.0433646752583593}","{'2024': 0.01754706068916989, '2025': -0.12793675327488485}",887.3653934401952,1085.2862627883453,daily_mark_to_market_equity,L04__SPXL_SOXL__vol_target_50,b,SPXL_SOXL,L04,vol_target_50,stress,0,sha256:acd49d7f6e3e633cb9e24e4f31a698d59c7e8a2578e14056df443689e9c014bb,sensitivity_evaluation,W3,False,L04__SPXL_SOXL__vol_target_50/stress/W3
spxl_soxl,OK,2025-03-19,2025-09-18,1000.0,1292.5311230540049,292.53112305400487,292.53112305400487,0.0,0.2925311230540048,0.6688807038059212,0.0865011981864305,2025-07-30,2025-08-01,9,0.235190449951274,2.283171109597218,2.4288643315743,7.7326177883030605,1615.379337344275,4.062363079974886,4.0323630799748855,0.03,1.39493143398,10.894837077154284,280.24135454287074,11,3,3,1.0,,,28.0,14.0,48,27,0.058735365251612,-0.045860520052495,0.4503530601834333,0.5496469398165666,1.3510591805503005,0.1575010344827012,-0.0035849151716877,"{'2025-03': 0.0, '2025-04': 0.0, '2025-05': 0.0, '2025-06': 0.07163173693470481, '2025-07': -0.003584915171687797, '2025-08': 0.04576417683930556, '2025-09': 0.15750103448270125}",{'2025': 0.29253112305400464},1000.0,1292.5311230540049,daily_mark_to_market_equity,L04__SPXL_SOXL__vol_target_50,b,SPXL_SOXL,L04,vol_target_50,stress,0,sha256:acd49d7f6e3e633cb9e24e4f31a698d59c7e8a2578e14056df443689e9c014bb,sensitivity_evaluation,W4,False,L04__SPXL_SOXL__vol_target_50/stress/W4
spxl_soxl,OK,2025-09-19,2026-03-18,1000.0,1153.664190475365,153.66419047536533,153.66419047536533,0.0,0.1536641904753652,0.336501573395396,0.2333016409367914,2025-10-29,2025-11-20,46,0.5448029994776068,0.807414971547686,1.0728724340496003,1.4423455062048391,2797.7397492450505,7.172467544874834,6.992467544874835,0.18,0.40343860024,48.13004864842355,105.13070322670164,20,18,18,1.0,0.7620761548472906,2.667266541965517,84.83333333333333,80.5,68,54,0.085394726416148,-0.1289179139527614,0.8441205995960778,0.1558794004039222,2.5323617987882336,0.1743292313617213,-0.0738715355418225,"{'2025-09': -0.003944910505250143, '2025-10': 0.1743292313617213, '2025-11': -0.06455264450469322, '2025-12': 0.00524751495868947, '2026-01': 0.14762475766766947, '2026-02': -0.01316923316714802, '2026-03': -0.07387153554182257}","{'2025': 0.09993137463392765, '2026': 0.04885106205768652}",921.8082515322752,1330.9193337893528,daily_mark_to_market_equity,L04__SPXL_SOXL__vol_target_50,b,SPXL_SOXL,L04,vol_target_50,stress,0,sha256:acd49d7f6e3e633cb9e24e4f31a698d59c7e8a2578e14056df443689e9c014bb,sensitivity_evaluation,W5,False,L04__SPXL_SOXL__vol_target_50/stress/W5
spxl_soxl,OK,2026-03-19,2026-09-18,1000.0,1695.7639031042754,695.7639031042754,695.7639031042754,0.0,0.6957639031042755,1.8693977323367883,0.227203239171729,2026-06-03,2026-07-29,74,0.4997510325992131,2.3503674014444167,3.363787826968468,8.227865672829713,3833.8672952964753,9.78290505332479,9.58290505332479,0.2,1.2825221976,642.7732402887915,51.70814061788387,16,20,20,1.0,,,77.4,77.0,73,51,0.0810914823985049,-0.1170276926048798,0.5623134274649549,0.437686572535045,1.686940282394865,0.5246481170710529,-0.1474813466336807,"{'2026-03': -0.028880567665200196, '2026-04': 0.5246481170710529, '2026-05': 0.28929812116994946, '2026-06': 0.0253630285851405, '2026-07': -0.14748134663368073, '2026-08': 0.02884924125602195, '2026-09': -0.012274003491877683}",{'2026': 0.6957639031042757},915.1077962548,2019.6198250917,daily_mark_to_market_equity,L04__SPXL_SOXL__vol_target_50,b,SPXL_SOXL,L04,vol_target_50,stress,0,sha256:acd49d7f6e3e633cb9e24e4f31a698d59c7e8a2578e14056df443689e9c014bb,sensitivity_evaluation,W6,False,L04__SPXL_SOXL__vol_target_50/stress/W6
spxl_soxl,OK,2023-09-19,2024-03-18,1000.0,1123.4250342432404,123.42503424324036,123.42503424324036,0.0,0.1234250342432403,0.2647239841428501,0.0677021214829937,2023-12-27,2024-01-31,38,0.1607640965549951,1.539642944662654,1.8535978633945625,3.910128343752816,1527.27379265107,1.5570143115899089,1.5270143115899089,0.03,1.31206306483,66.51320611585007,55.599765062560074,4,3,3,1.0,,,47.0,45.0,40,31,0.0401938771038448,-0.0280123336430461,0.2538064671338651,0.7461935328661349,0.7614194014015955,0.0905128914933495,-0.0599690233437837,"{'2023-09': 0.0, '2023-10': 0.0, '2023-11': -0.00021557988256992733, '2023-12': 0.09051289149334951, '2024-01': -0.059969023343783734, '2024-02': 0.08904484067249041, '2024-03': 0.006512103520051271}","{'2023': 0.09027779885226095, '2024': 0.030402559261386575}",987.73287512743,1180.9020691216804,daily_mark_to_market_equity,L05__SPXL_SOXL__atr_2.5,b,SPXL_SOXL,L05,atr_2.5,base,0,sha256:acd49d7f6e3e633cb9e24e4f31a698d59c7e8a2578e14056df443689e9c014bb,sensitivity_evaluation,W1,False,L05__SPXL_SOXL__atr_2.5/base/W1
spxl_soxl,OK,2024-03-19,2024-09-18,1000.0,988.5327132814602,-11.467286718539754,-11.467286718539754,0.0,-0.0114672867185398,-0.0227568829314552,0.0573175432298169,2024-06-18,2024-07-19,63,0.1087508808880713,-0.1560307521118075,-0.1162940177985062,-0.3970317227347071,1755.2108419632896,1.79520004268985,1.75520004268985,0.04,1.1271866141500002,-12.594473332689857,0.0,4,4,4,1.0,0.7600676366865518,0.7600676366865518,30.75,26.0,34,27,0.0274835893442229,-0.0428359517946638,0.1664783389161828,0.8335216610838172,0.4994350167485483,0.045034363966351,-0.0237435313897083,"{'2024-03': -0.0017320017633101203, '2024-04': -0.01601697636022914, '2024-05': -0.013580168443528162, '2024-06': 0.045034363966351076, '2024-07': -0.023743531389708306, '2024-08': 0.0, '2024-09': 0.0}",{'2024': -0.011467286718540914},965.8906662735402,1048.63807126354,daily_mark_to_market_equity,L05__SPXL_SOXL__atr_2.5,b,SPXL_SOXL,L05,atr_2.5,base,0,sha256:acd49d7f6e3e633cb9e24e4f31a698d59c7e8a2578e14056df443689e9c014bb,sensitivity_evaluation,W2,False,L05__SPXL_SOXL__atr_2.5/base/W2
spxl_soxl,OK,2024-09-19,2025-03-18,1000.0,927.69388463243,-72.3061153675701,-72.3061153675701,0.0,-0.0723061153675701,-0.1412659353421144,0.0875249588684121,2024-10-14,2025-02-25,105,0.0923534457965225,-1.6180429473021405,-1.1910242576118963,-1.614007446201696,1828.4609775123297,1.8783902940099184,1.8283902940099184,0.05,0.25577725644,-72.56189262400991,0.0,5,5,5,,,,26.0,32.0,48,36,0.0075706315859425,-0.0385447229287115,0.1674826415078544,0.8325173584921456,0.5024479245235633,0.0125565249043191,-0.0403920154359586,"{'2024-09': 0.006115921055720008, '2024-10': -0.02602477291115224, '2024-11': 0.012556524904319133, '2024-12': -0.017471143784757892, '2025-01': -0.040392015435958606, '2025-02': -0.008368491452558025, '2025-03': 0.0}","{'2024': -0.025098983929289664, '2025': -0.0484224866525893}",927.69388463243,1016.67864085572,daily_mark_to_market_equity,L05__SPXL_SOXL__atr_2.5,b,SPXL_SOXL,L05,atr_2.5,base,0,sha256:acd49d7f6e3e633cb9e24e4f31a698d59c7e8a2578e14056df443689e9c014bb,sensitivity_evaluation,W3,False,L05__SPXL_SOXL__atr_2.5/base/W3
spxl_soxl,OK,2025-03-19,2025-09-18,1000.0,1080.5990519183,80.59905191830012,80.59905191830012,0.0,0.0805990519183001,0.1673234089238058,0.0534188827979474,2025-07-30,2025-08-21,35,0.0973103931240548,1.62928772905056,1.7637023451871203,3.1322895605415932,1440.0485498579098,1.4695939432899048,1.4395939432899048,0.03,1.09581674159,33.47968279458004,46.02355238213006,5,3,3,1.0,1.3190172994009115,2.638034598801823,47.333333333333336,60.0,41,27,0.0247952502320756,-0.0185268538745924,0.1934370582057785,0.8065629417942214,0.5803111746173356,0.0527394508847407,-0.021991618458047,"{'2025-03': 0.0, '2025-04': 0.0, '2025-05': 0.0, '2025-06': 0.052739450884740746, '2025-07': 0.011438032268934917, '2025-08': -0.02199161845804709, '2025-09': 0.03767613142111603}",{'2025': 0.08059905191830152},991.92075376315,1082.4089819647402,daily_mark_to_market_equity,L05__SPXL_SOXL__atr_2.5,b,SPXL_SOXL,L05,atr_2.5,base,0,sha256:acd49d7f6e3e633cb9e24e4f31a698d59c7e8a2578e14056df443689e9c014bb,sensitivity_evaluation,W4,False,L05__SPXL_SOXL__atr_2.5/base/W4
spxl_soxl,OK,2025-09-19,2026-03-18,1000.0,923.6894210532004,-76.31057894679964,-76.31057894679964,0.0,-0.0763105789467996,-0.148770929534684,0.1337580581344143,2025-10-08,2026-03-03,110,0.1662744413783578,-0.8861746042823415,-0.8019947422085725,-1.1122390053329214,2980.90191728546,3.0608281169198004,2.9808281169198003,0.08,0.5506146301199999,-76.86119357691982,0.0,8,8,8,1.0,0.6992567257921114,0.2330855752640371,19.0,24.0,37,39,0.0321514358406709,-0.0677463042852779,0.1737012541037201,0.8262987458962798,0.5211037623111604,0.0204378307903549,-0.0495331254211383,"{'2025-09': 0.011262755232205324, '2025-10': 0.019651118222436148, '2025-11': -0.0495331254211383, '2025-12': -0.03044393840069337, '2026-01': 0.020437830790354994, '2026-02': -0.03717794423270837, '2026-03': -0.010609206640587399}","{'2025': -0.049777031662029625, '2026': -0.027923496030809902}",920.1196138762804,1062.197025342205,daily_mark_to_market_equity,L05__SPXL_SOXL__atr_2.5,b,SPXL_SOXL,L05,atr_2.5,base,0,sha256:acd49d7f6e3e633cb9e24e4f31a698d59c7e8a2578e14056df443689e9c014bb,sensitivity_evaluation,W5,False,L05__SPXL_SOXL__atr_2.5/base/W5
spxl_soxl,OK,2026-03-19,2026-09-18,1000.0,1187.48785982782,187.4878598278201,187.4878598278201,0.0,0.18748785982782,0.4091346670925659,0.1116470135746509,2026-06-03,2026-06-05,74,0.2237468600495781,1.6382113860538,1.2823577511464226,3.664537491806755,1525.16545896566,1.5653545121798969,1.5253545121798968,0.04,0.0,187.48785982782013,0.0,4,4,4,1.0,5.940291616362956,5.940291616362956,40.25,40.5,46,30,0.0430482495055883,-0.0975997551235382,0.1592051739764507,0.8407948260235493,0.4776155219293521,0.1517329348797715,-0.0271166431869019,"{'2026-03': 0.0, '2026-04': 0.09346867462536035, '2026-05': 0.15173293487977157, '2026-06': -0.02711664318690199, '2026-07': -0.01697975163582255, '2026-08': -0.009758886303872893, '2026-09': -0.004349640338284}",{'2026': 0.18748785982782068},1000.0,1331.34267510536,daily_mark_to_market_equity,L05__SPXL_SOXL__atr_2.5,b,SPXL_SOXL,L05,atr_2.5,base,0,sha256:acd49d7f6e3e633cb9e24e4f31a698d59c7e8a2578e14056df443689e9c014bb,sensitivity_evaluation,W6,False,L05__SPXL_SOXL__atr_2.5/base/W6
spxl_soxl,OK,2023-09-19,2024-03-18,1000.0,1121.0336997347554,121.03369973475536,121.03369973475536,0.0,0.1210336997347554,0.2592973209555602,0.0689970122473444,2023-12-27,2024-01-31,38,0.1610533240775093,1.510466473972718,1.828296548829356,3.758094916139504,1526.845563743675,3.8454945600748935,3.8154945600748937,0.03,1.31206306483,64.68290142817511,55.03873524175006,4,3,3,1.0,,,47.0,45.0,40,31,0.0402205413551284,-0.0280291297611881,0.25396919475165,0.74603080524835,0.7619075842549501,0.0905701718069669,-0.0612701736245422,"{'2023-09': 0.0, '2023-10': 0.0, '2023-11': -0.0008478848014248364, '2023-12': 0.09057017180696691, '2024-01': -0.061270173624542235, '2024-02': 0.08910636447644915, '2024-03': 0.006288542946256026}","{'2023': 0.08964549393340482, '2024': 0.028805887764509874}",987.100570208575,1178.6911795509054,daily_mark_to_market_equity,L05__SPXL_SOXL__atr_2.5,b,SPXL_SOXL,L05,atr_2.5,stress,0,sha256:acd49d7f6e3e633cb9e24e4f31a698d59c7e8a2578e14056df443689e9c014bb,sensitivity_evaluation,W1,False,L05__SPXL_SOXL__atr_2.5/stress/W1
spxl_soxl,OK,2024-03-19,2024-09-18,1000.0,985.92178359324,-14.07821640676002,-14.07821640676002,0.0,-0.0140782164067599,-0.0279017519808369,0.0583726640435439,2024-06-18,2024-07-19,63,0.1089062802186009,-0.2038323191981452,-0.1523795115334307,-0.4779934655718864,1753.8252707523498,4.424495803649853,4.384495803649853,0.04,1.12599633689,-15.204212743649862,0.0,4,4,4,1.0,0.7169396825479095,0.7169396825479095,30.75,26.0,34,27,0.0274942543465026,-0.0428569506844217,0.1665761299806513,0.8334238700193486,0.4997283899419541,0.0448220359542725,-0.0246079897438574,"{'2024-03': -0.0021836431282751256, '2024-04': -0.01645111038647251, '2024-05': -0.014232777193637691, '2024-06': 0.04482203595427259, '2024-07': -0.024607989743857472, '2024-08': 0.0, '2024-09': 0.0}",{'2024': -0.014078216406759547},964.3855170815,1047.0403162115,daily_mark_to_market_equity,L05__SPXL_SOXL__atr_2.5,b,SPXL_SOXL,L05,atr_2.5,stress,0,sha256:acd49d7f6e3e633cb9e24e4f31a698d59c7e8a2578e14056df443689e9c014bb,sensitivity_evaluation,W2,False,L05__SPXL_SOXL__atr_2.5/stress/W2
spxl_soxl,OK,2024-09-19,2025-03-18,1000.0,925.05291397909,-74.94708602090998,-74.94708602090998,0.0,-0.0749470860209099,-0.1462192810039981,0.0898382442672881,2024-10-14,2025-02-25,105,0.0923884437510702,-1.6805726156350944,-1.243563606741101,-1.6275839114683084,1826.7272491558,4.616376957349915,4.566376957349915,0.05,0.25577725644,-75.2028632773499,0.0,5,5,5,,,,26.0,32.0,47,37,0.0075747437730195,-0.0385644683406229,0.1675546267082512,0.8324453732917487,0.5026638801247538,0.0118373031973955,-0.0410895362378131,"{'2024-09': 0.005798282134639843, '2024-10': -0.026352569261648418, '2024-11': 0.01183730319739551, '2024-12': -0.017855964386498502, '2025-01': -0.041089536237813196, '2025-02': -0.00873439765307571, '2025-03': 0.0}","{'2024': -0.02680810868886052, '2025': -0.04946504154200704}",925.05291397909,1016.36100193464,daily_mark_to_market_equity,L05__SPXL_SOXL__atr_2.5,b,SPXL_SOXL,L05,atr_2.5,stress,0,sha256:acd49d7f6e3e633cb9e24e4f31a698d59c7e8a2578e14056df443689e9c014bb,sensitivity_evaluation,W3,False,L05__SPXL_SOXL__atr_2.5/stress/W3
spxl_soxl,OK,2025-03-19,2025-09-18,1000.0,1078.3974787450902,78.39747874509021,78.39747874509021,0.0,0.0783974787450902,0.1625814471093076,0.0545654621153832,2025-07-30,2025-08-21,35,0.0973025034788694,1.5877972820659552,1.7294580917894085,2.9795669422814655,1439.6443324134002,3.626273463049881,3.596273463049881,0.03,1.09570421814,32.07517755802509,45.22659696892504,5,3,3,1.0,1.2696608687094288,2.5393217374188577,47.333333333333336,60.0,41,27,0.0248072890826382,-0.0185334971877724,0.1935287632759681,0.8064712367240319,0.5805862898279047,0.0522720871158906,-0.0231639279130559,"{'2025-03': 0.0, '2025-04': 0.0, '2025-05': 0.0, '2025-06': 0.0522720871158906, '2025-07': 0.011443316902003398, '2025-08': -0.023163927913055993, '2025-09': 0.03725986926873848}",{'2025': 0.07839747874508962},991.46392901775,1081.93748069589,daily_mark_to_market_equity,L05__SPXL_SOXL__atr_2.5,b,SPXL_SOXL,L05,atr_2.5,stress,0,sha256:acd49d7f6e3e633cb9e24e4f31a698d59c7e8a2578e14056df443689e9c014bb,sensitivity_evaluation,W4,False,L05__SPXL_SOXL__atr_2.5/stress/W4
spxl_soxl,OK,2025-09-19,2026-03-18,1000.0,919.4798465224576,-80.5201534775423,-80.5201534775423,0.0,-0.0805201534775422,-0.1566243123819839,0.1369379849482996,2025-10-08,2026-03-03,110,0.1659273207697194,-0.9442687088465122,-0.8546609396132903,-1.1437608961539545,2975.9619953720376,7.51944529266233,7.43944529266233,0.08,0.5506146301199999,-81.07076810766235,0.0,8,8,8,1.0,1.526260382303989,0.2180371974719984,19.0,24.0,36,39,0.031332220582229,-0.0677980812527155,0.1738049342980952,0.8261950657019047,0.5214148028942858,0.0198475259622317,-0.0500698683700975,"{'2025-09': 0.010456142917832034, '2025-10': 0.018246516792168155, '2025-11': -0.050069868370097526, '2025-12': -0.031170783417185155, '2026-01': 0.019847525962231716, '2026-02': -0.03752937542834667, '2026-03': -0.010740585020318272}","{'2025': -0.05308871491084277, '2026': -0.028969386043505962}",916.0457486243578,1061.390413027833,daily_mark_to_market_equity,L05__SPXL_SOXL__atr_2.5,b,SPXL_SOXL,L05,atr_2.5,stress,0,sha256:acd49d7f6e3e633cb9e24e4f31a698d59c7e8a2578e14056df443689e9c014bb,sensitivity_evaluation,W5,False,L05__SPXL_SOXL__atr_2.5/stress/W5
spxl_soxl,OK,2026-03-19,2026-09-18,1000.0,1185.2387785924252,185.2387785924252,185.2387785924252,0.0,0.1852387785924252,0.4038128760739468,0.1116849391534338,2026-06-03,2026-06-05,74,0.2236409481036656,1.6220471797671128,1.282429118470604,3.6156430682133864,1524.0197300056748,3.851231137574905,3.811231137574905,0.04,0.0,185.2387785924251,0.0,4,4,4,1.0,5.759483981590491,5.759483981590491,40.25,40.5,46,31,0.0430646198213737,-0.0976329269460902,0.159256778097221,0.840743221902779,0.4777703342916631,0.1517936766862464,-0.027861144218839,"{'2026-03': 0.0, '2026-04': 0.09299883224339944, '2026-05': 0.15179367668624644, '2026-06': -0.027861144218839007, '2026-07': -0.017053434333264672, '2026-08': -0.010103325876369751, '2026-09': -0.004678494716744641}",{'2026': 0.18523877859242432},1000.0,1330.8682682434,daily_mark_to_market_equity,L05__SPXL_SOXL__atr_2.5,b,SPXL_SOXL,L05,atr_2.5,stress,0,sha256:acd49d7f6e3e633cb9e24e4f31a698d59c7e8a2578e14056df443689e9c014bb,sensitivity_evaluation,W6,False,L05__SPXL_SOXL__atr_2.5/stress/W6
spxl_soxl,OK,2023-09-19,2024-03-18,1000.0,1104.96632439142,104.96632439142012,104.96632439142012,0.0,0.10496632439142,0.2231407958652791,0.0440575912737403,2023-12-27,2024-01-04,30,0.1182035442819994,1.7615797721517623,2.1862303471500457,5.064752507209307,517.37755962776,0.527086079599959,0.517086079599959,0.01,0.93718785102,6.05257512744002,97.97656141296002,3,1,1,1.0,,,44.0,44.0,47,33,0.0287970810052982,-0.0206442422664848,0.2029704439434179,0.7970295560565821,0.6089113318302538,0.0646480796136623,-0.0300868032528878,"{'2023-09': 0.0, '2023-10': 0.0, '2023-11': -0.00015398574407998744, '2023-12': 0.06464807961366237, '2024-01': -0.030086803252887817, '2024-02': 0.06305129612055138, '2024-03': 0.006752595411865903}","{'2023': 0.06448413898693994, '2024': 0.038029862467473086}",991.23776819592,1143.77023071142,daily_mark_to_market_equity,L05__SPXL_SOXL__atr_3.5,b,SPXL_SOXL,L05,atr_3.5,base,0,sha256:acd49d7f6e3e633cb9e24e4f31a698d59c7e8a2578e14056df443689e9c014bb,sensitivity_evaluation,W1,False,L05__SPXL_SOXL__atr_3.5/base/W1
spxl_soxl,OK,2024-03-19,2024-09-18,1000.0,990.3036827193702,-9.696317280629842,-9.696317280629842,0.0,-0.0096963172806298,-0.0192594529398348,0.0529284661063206,2024-07-10,2024-07-25,49,0.0908216866779312,-0.1674899323413571,-0.1329593743276481,-0.3638770279332723,1030.15490948235,1.0601454736898963,1.0301454736898965,0.03,0.7996205430600001,-10.495937823689877,0.0,3,3,3,1.0,0.2866198802370582,0.5732397604741165,48.666666666666664,50.0,34,32,0.0195508082850883,-0.0359979556707308,0.138464126213878,0.861535873786122,0.415392378641634,0.034486758353188,-0.0233862484720576,"{'2024-03': -0.0012371441166501018, '2024-04': -0.023386248472057614, '2024-05': -0.009702287481914706, '2024-06': 0.03448675835318804, '2024-07': -0.008957077183624818, '2024-08': 0.0, '2024-09': 0.0}",{'2024': -0.009696317280630362},963.7806930046302,1045.6482401576902,daily_mark_to_market_equity,L05__SPXL_SOXL__atr_3.5,b,SPXL_SOXL,L05,atr_3.5,base,0,sha256:acd49d7f6e3e633cb9e24e4f31a698d59c7e8a2578e14056df443689e9c014bb,sensitivity_evaluation,W2,False,L05__SPXL_SOXL__atr_3.5/base/W2
spxl_soxl,OK,2024-09-19,2025-03-18,1000.0,948.26665948578,-51.73334051422012,-51.73334051422012,0.0,-0.05173334051422,-0.1021824270041109,0.0629303641382121,2024-10-14,2025-02-27,105,0.0734698831974106,-1.4442210454461732,-1.143333171301406,-1.623738054013013,946.36557175383,0.986314642029945,0.946314642029945,0.04,0.1826979578099999,-51.91603847202997,0.0,4,4,4,1.0,0.5816498372207791,0.193883279073593,36.75,26.0,53,37,0.0117490717467636,-0.0274753933108377,0.1277662619891994,0.8722337380108006,0.3832987859675982,0.0277826611245379,-0.0288426456627122,"{'2024-09': 0.004368513067030122, '2024-10': -0.027713675008728456, '2024-11': 0.027782661124537977, '2024-12': -0.01134056733736788, '2025-01': -0.02884264566271222, '2025-02': -0.01597618261714817, '2025-03': 0.0}","{'2024': -0.007717647259728455, '2025': -0.04435803290559148}",948.23323647282,1011.91330951703,daily_mark_to_market_equity,L05__SPXL_SOXL__atr_3.5,b,SPXL_SOXL,L05,atr_3.5,base,0,sha256:acd49d7f6e3e633cb9e24e4f31a698d59c7e8a2578e14056df443689e9c014bb,sensitivity_evaluation,W3,False,L05__SPXL_SOXL__atr_3.5/base/W3
spxl_soxl,OK,2025-03-19,2025-09-18,1000.0,1087.1065286312598,87.10652863125983,87.10652863125983,0.0,0.0871065286312597,0.1813961511922077,0.0229941217896997,2025-07-30,2025-08-01,29,0.0689149072690433,2.4397101325810575,2.6912424964930723,7.888805358657558,426.32608613126,0.4360979768999766,0.4260979768999766,0.01,0.7828313981599999,20.344112624160015,65.97958460894,3,1,1,1.0,,,60.0,60.0,47,27,0.0150290990487891,-0.0121986303508833,0.1403234267016711,0.8596765732983289,0.4209702801050133,0.0406768104594514,-0.0015919001545525,"{'2025-03': 0.0, '2025-04': 0.0, '2025-05': 0.0, '2025-06': 0.03767979000995969, '2025-07': 0.00828840406530218, '2025-08': -0.0015919001545525724, '2025-09': 0.040676810459451485}",{'2025': 0.08710652863126},994.2280290918,1087.1065286312598,daily_mark_to_market_equity,L05__SPXL_SOXL__atr_3.5,b,SPXL_SOXL,L05,atr_3.5,base,0,sha256:acd49d7f6e3e633cb9e24e4f31a698d59c7e8a2578e14056df443689e9c014bb,sensitivity_evaluation,W4,False,L05__SPXL_SOXL__atr_3.5/base/W4
spxl_soxl,OK,2025-09-19,2026-03-18,1000.0,932.60081818875,-67.39918181124995,-67.39918181124995,0.0,-0.0673991818112499,-0.1320240106532081,0.1184650776253003,2025-10-29,2026-03-12,95,0.1623359462845094,-0.7922238306173,-0.9107160240503658,-1.114455106092903,1809.00816466549,1.8689422411298895,1.8089422411298897,0.06,0.3932959198799999,-67.7924777311299,0.0,6,6,6,1.0,0.2731314517279354,0.054626290345587,42.333333333333336,42.5,52,51,0.0263166564440824,-0.0491372068846411,0.2273298214965362,0.7726701785034638,0.6819894644896088,0.0365523572397539,-0.063355288359708,"{'2025-09': 0.008044822586884992, '2025-10': 0.03655235723975392, '2025-11': -0.06335528835970805, '2025-12': -0.021793068124097315, '2026-01': 0.024709571265294716, '2026-02': -0.005477551810454506, '2026-03': -0.04411928323443359}","{'2025': -0.04263684676309498, '2026': -0.025865143195069273}",930.49555882743,1055.540211975765,daily_mark_to_market_equity,L05__SPXL_SOXL__atr_3.5,b,SPXL_SOXL,L05,atr_3.5,base,0,sha256:acd49d7f6e3e633cb9e24e4f31a698d59c7e8a2578e14056df443689e9c014bb,sensitivity_evaluation,W5,False,L05__SPXL_SOXL__atr_3.5/base/W5
spxl_soxl,OK,2026-03-19,2026-09-18,1000.0,1117.8360750360002,117.83607503600024,117.83607503600024,0.0,0.1178360750360001,0.2489871530953655,0.1044962642498744,2026-06-03,2026-07-07,74,0.2406527995080906,1.0397676495173769,0.9567670581321306,2.3827373627441872,932.25788554828,0.962376683999958,0.932376683999958,0.03,0.0,117.83607503600004,0.0,3,3,3,1.0,6.150834690748522,12.301669381497044,63.0,56.0,54,39,0.0384552016720669,-0.0747094666271469,0.1577360558226136,0.8422639441773864,0.4732081674678408,0.1109390330170398,-0.062324766743508,"{'2026-03': 0.0, '2026-04': 0.06669026961703994, '2026-05': 0.11093903301703989, '2026-06': 0.015381277825737172, '2026-07': -0.062324766743508064, '2026-08': -0.006970623531043385, '2026-09': -0.0022864537159058562}",{'2026': 0.1178360750360008},1000.0,1236.43881561704,daily_mark_to_market_equity,L05__SPXL_SOXL__atr_3.5,b,SPXL_SOXL,L05,atr_3.5,base,0,sha256:acd49d7f6e3e633cb9e24e4f31a698d59c7e8a2578e14056df443689e9c014bb,sensitivity_evaluation,W6,False,L05__SPXL_SOXL__atr_3.5/base/W6
spxl_soxl,OK,2023-09-19,2024-03-18,1000.0,1104.17904272522,104.17904272521992,104.17904272521992,0.0,0.1041790427252198,0.2213828249935572,0.0442342417919621,2023-12-27,2024-01-04,30,0.1183137246169792,1.7478938895457137,2.1728390180863975,5.004783986910907,517.7532208762,1.302561685799983,1.292561685799983,0.01,0.93718785102,5.723588898600008,97.51826597560002,3,1,1,1.0,,,44.0,44.0,47,33,0.0288095737698264,-0.0206492679156419,0.2030736073261778,0.7969263926738221,0.6092208219785336,0.0646772953766072,-0.0303981252069887,"{'2023-09': 0.0, '2023-10': 0.0, '2023-11': -0.0006056320902000367, '2023-12': 0.06467729537660727, '2024-01': -0.030398125206988702, '2024-02': 0.06308039671551313, '2024-03': 0.006757916487322602}","{'2023': 0.06403249264081978, '2024': 0.037730567780651425}",990.7861218498,1142.96095466522,daily_mark_to_market_equity,L05__SPXL_SOXL__atr_3.5,b,SPXL_SOXL,L05,atr_3.5,stress,0,sha256:acd49d7f6e3e633cb9e24e4f31a698d59c7e8a2578e14056df443689e9c014bb,sensitivity_evaluation,W1,False,L05__SPXL_SOXL__atr_3.5/stress/W1
spxl_soxl,OK,2024-03-19,2024-09-18,1000.0,988.7479379122152,-11.252062087784791,-11.252062087784791,0.0,-0.0112520620877848,-0.0223321755961676,0.0534020061142247,2024-07-10,2024-07-25,49,0.0908919182263483,-0.2016110300567215,-0.1617274167567067,-0.418189825086346,1029.7140108716249,2.6042259842749234,2.5742259842749236,0.03,0.79902854649,-12.0510906342749,0.0,3,3,3,1.0,0.2609232642114711,0.5218465284229422,48.666666666666664,50.0,33,33,0.0195562111170133,-0.0360058562176403,0.1385139755094544,0.8614860244905456,0.4155419265283632,0.0344985738740226,-0.0236805852074191,"{'2024-03': -0.0015597450916249311, '2024-04': -0.023680585207419114, '2024-05': -0.010169186819732778, '2024-06': 0.034498573874022664, '2024-07': -0.009440158516884956, '2024-08': 0.0, '2024-09': 0.0}",{'2024': -0.011252062087785397},962.7230113461752,1044.527818882665,daily_mark_to_market_equity,L05__SPXL_SOXL__atr_3.5,b,SPXL_SOXL,L05,atr_3.5,stress,0,sha256:acd49d7f6e3e633cb9e24e4f31a698d59c7e8a2578e14056df443689e9c014bb,sensitivity_evaluation,W2,False,L05__SPXL_SOXL__atr_3.5/stress/W2
spxl_soxl,OK,2024-09-19,2025-03-18,1000.0,946.885936761035,-53.114063238964945,-53.114063238964945,0.0,-0.0531140632389649,-0.104833100871125,0.0640519496301305,2024-10-14,2025-02-28,105,0.0735301871520339,-1.483557201347326,-1.1852895889139872,-1.6366886796808886,946.029344724775,2.404755286774973,2.364755286774973,0.04,0.1826979578099999,-53.29676119677499,0.0,4,4,4,1.0,0.5518391535945368,0.1839463845315123,36.75,26.0,51,39,0.0117543606259578,-0.0274854118610942,0.1278116023060541,0.8721883976939458,0.3834348069181624,0.0276949532315333,-0.029340870446644,"{'2024-09': 0.00414162822585995, '2024-10': -0.027839962629367165, '2024-11': 0.02769495323153337, '2024-12': -0.011590883816279929, '2025-01': -0.02934087044664402, '2025-02': -0.016221741723670302, '2025-03': 0.0}","{'2024': -0.008406428823139356, '2025': -0.04508665214798113}",946.885936761035,1011.68642467586,daily_mark_to_market_equity,L05__SPXL_SOXL__atr_3.5,b,SPXL_SOXL,L05,atr_3.5,stress,0,sha256:acd49d7f6e3e633cb9e24e4f31a698d59c7e8a2578e14056df443689e9c014bb,sensitivity_evaluation,W3,False,L05__SPXL_SOXL__atr_3.5/stress/W3
spxl_soxl,OK,2025-03-19,2025-09-18,1000.0,1086.45348911286,86.4534891128601,86.4534891128601,0.0,0.0864534891128601,0.1799801222902963,0.0229985611068995,2025-07-30,2025-08-01,29,0.0689110830599698,2.4225282793992715,2.6760036988099305,7.825712289291972,426.5812572724,1.0750277437499691,1.0650277437499691,0.01,0.7827739466099999,20.073710479400024,65.59700468685001,3,1,1,1.0,,,60.0,60.0,47,27,0.0150347914243624,-0.0122019054108943,0.1403694098842396,0.8596305901157604,0.4211082296527187,0.0406888834711209,-0.0018866454400373,"{'2025-03': 0.0, '2025-04': 0.0, '2025-05': 0.0, '2025-06': 0.0373478147737345, '2025-07': 0.00829116244089878, '2025-08': -0.00188664544003736, '2025-09': 0.040688883471120985}",{'2025': 0.08645348911285988},993.9014348071248,1086.45348911286,daily_mark_to_market_equity,L05__SPXL_SOXL__atr_3.5,b,SPXL_SOXL,L05,atr_3.5,stress,0,sha256:acd49d7f6e3e633cb9e24e4f31a698d59c7e8a2578e14056df443689e9c014bb,sensitivity_evaluation,W4,False,L05__SPXL_SOXL__atr_3.5/stress/W4
spxl_soxl,OK,2025-09-19,2026-03-18,1000.0,929.9985603765176,-70.00143962348238,-70.00143962348238,0.0,-0.0700014396234823,-0.1369314613525226,0.1196325411679483,2025-10-29,2026-03-12,95,0.162196419169791,-0.828030681030887,-0.9521998017473048,-1.1446004574983402,1807.4355967397623,4.5781776383623995,4.5181776383624,0.06,0.3932959198799999,-70.39473554336243,0.0,6,6,6,1.0,0.2399669492877129,0.0479933898575425,42.333333333333336,42.5,52,51,0.0259395313882748,-0.0491644398598452,0.2274417986165954,0.7725582013834046,0.6823253958497861,0.0358994248181092,-0.0638451062772711,"{'2025-09': 0.0074686712098923635, '2025-10': 0.03589942481810926, '2025-11': -0.06384510627727114, '2025-12': -0.02231467631567252, '2026-01': 0.024580399597447178, '2026-02': -0.005480408338894294, '2026-03': -0.044508253283607635}","{'2025': -0.04479640188440748, '2026': -0.026387084165929275}",928.1543391873926,1054.2806073485926,daily_mark_to_market_equity,L05__SPXL_SOXL__atr_3.5,b,SPXL_SOXL,L05,atr_3.5,stress,0,sha256:acd49d7f6e3e633cb9e24e4f31a698d59c7e8a2578e14056df443689e9c014bb,sensitivity_evaluation,W5,False,L05__SPXL_SOXL__atr_3.5/stress/W5
spxl_soxl,OK,2026-03-19,2026-09-18,1000.0,1116.444440951625,116.44444095162498,116.44444095162498,0.0,0.1164444409516249,0.2458856320547326,0.1047329208490381,2026-06-03,2026-07-07,74,0.240636228117137,1.0295456553724849,0.9471208207724172,2.3477396606665035,931.7741558028248,2.3601779183749416,2.330177918374942,0.03,0.0,116.44444095162508,0.0,3,3,3,1.0,5.813128984005814,11.626257968011627,63.0,56.0,54,39,0.0382348259324853,-0.0747288316121479,0.1577826150714751,0.8422173849285249,0.4733478452144253,0.1109714083169812,-0.0625771227390236,"{'2026-03': 0.0, '2026-04': 0.06635664658759977, '2026-05': 0.11097140831698127, '2026-06': 0.01516849065035819, '2026-07': -0.0625771227390236, '2026-08': -0.0072166600613424725, '2026-09': -0.0025213814750981722}",{'2026': 0.11644444095162387},1000.0,1236.1028746876,daily_mark_to_market_equity,L05__SPXL_SOXL__atr_3.5,b,SPXL_SOXL,L05,atr_3.5,stress,0,sha256:acd49d7f6e3e633cb9e24e4f31a698d59c7e8a2578e14056df443689e9c014bb,sensitivity_evaluation,W6,False,L05__SPXL_SOXL__atr_3.5/stress/W6
spxl_soxl,OK,2023-09-19,2024-03-18,1000.0,1099.9959569008988,99.99595690089882,99.99595690089882,0.0,0.0999959569008988,0.2120635413632385,0.0655349496656767,2023-09-19,2023-12-06,76,0.1335375485115683,1.5046597461906943,1.5767981358468215,3.235884706482115,11351.448913651062,11.51084087710144,11.350840877101438,0.16,0.0,121.15443836733846,-21.15848146643986,18,16,16,1.0,1.495333867945768,3.28973450948069,2.625,2.0,20,16,0.0491671212772015,-0.0237255223208205,0.0822707584503486,0.9177292415496514,0.2468122753510459,0.1177383337619353,-0.0353293905939626,"{'2023-09': -0.010688149496624888, '2023-10': -0.03532939059396267, '2023-11': -0.0008756034481319785, '2023-12': 0.03245562442553451, '2024-01': 0.01887774989331481, '2024-02': 0.11773833376193532, '2024-03': -0.018872048972353395}","{'2023': -0.015528344636226432, '2024': 0.11734649840623135}",934.4650503343232,1121.1544383673386,daily_mark_to_market_equity,L06__SPXL_SOXL__rsi_15,b,SPXL_SOXL,L06,rsi_15,base,0,sha256:acd49d7f6e3e633cb9e24e4f31a698d59c7e8a2578e14056df443689e9c014bb,sensitivity_evaluation,W1,False,L06__SPXL_SOXL__rsi_15/base/W1
spxl_soxl,OK,2024-03-19,2024-09-18,1000.0,1043.079958621001,43.07995862100097,43.07995862100097,0.0,0.0430799586210008,0.0878277419411937,0.0603031506838369,2024-06-28,2024-07-25,56,0.1249317058901982,0.7320143896776266,0.6477829554628173,1.4564370343046462,11809.44699953932,11.979502058999312,11.809502058999312,0.17,0.0,43.07995862100077,0.0,17,17,17,1.0,0.7927916188643007,1.4534513012512178,3.0,3.0,25,18,0.0293172461998356,-0.0352133522337264,0.0938389445537175,0.9061610554462824,0.2815168336611527,0.0395771091587602,-0.0266817268348953,"{'2024-03': 0.039577109158760226, '2024-04': -0.005318059435824973, '2024-05': 0.015128853534429387, '2024-06': 0.03548516620156783, '2024-07': -0.026681726834895336, '2024-08': -0.003495896741882887, '2024-09': -0.010586941676276385}",{'2024': 0.04307995862100111},1005.4253423776402,1086.9410602094508,daily_mark_to_market_equity,L06__SPXL_SOXL__rsi_15,b,SPXL_SOXL,L06,rsi_15,base,0,sha256:acd49d7f6e3e633cb9e24e4f31a698d59c7e8a2578e14056df443689e9c014bb,sensitivity_evaluation,W2,False,L06__SPXL_SOXL__rsi_15/base/W2
spxl_soxl,OK,2024-09-19,2025-03-18,1000.0,1075.6917777659005,75.6917777659005,75.6917777659005,0.0,0.0756917777659005,0.1595778928074394,0.0221980384993277,2024-12-11,2024-12-31,52,0.0586693302159974,2.577621665234831,3.011008968163633,7.188828545020853,7663.0111692276,7.773094634099654,7.663094634099654,0.1099999999999999,0.0,75.69177776590047,0.0,11,11,11,1.0,2.1856839368771652,3.8249468895350383,2.909090909090909,3.0,17,12,0.021528835335532,-0.0089388596094889,0.0568390224131027,0.9431609775868972,0.1705170672393081,0.0420664613870365,-0.0198648138211579,"{'2024-09': 0.0, '2024-10': 0.024460235146870124, '2024-11': 0.04206646138703651, '2024-12': -0.0198648138211579, '2025-01': 0.019498957607508416, '2025-02': 0.005298649803059607, '2025-03': 0.003065883023429361}","{'2024': 0.046348857799110466, '2025': 0.028043151906821606}",1000.0,1075.6917777659005,daily_mark_to_market_equity,L06__SPXL_SOXL__rsi_15,b,SPXL_SOXL,L06,rsi_15,base,0,sha256:acd49d7f6e3e633cb9e24e4f31a698d59c7e8a2578e14056df443689e9c014bb,sensitivity_evaluation,W3,False,L06__SPXL_SOXL__rsi_15/base/W3
spxl_soxl,OK,2025-03-19,2025-09-18,1000.0,1097.6908258152205,97.69082581522048,97.69082581522048,0.0,0.0976908258152204,0.2044649520004402,0.0164022024665694,2025-08-08,2025-08-21,10,0.0827109915650212,2.2772471685920204,2.926712311729852,12.465701018943996,4901.291642559879,4.971394304779703,4.901394304779703,0.07,0.0,97.69082581522036,0.0,7,7,7,1.0,,,4.142857142857143,5.0,12,7,0.0418262700360598,-0.011243653041839,0.0547309546921892,0.9452690453078108,0.1641928640765676,0.0425124356712636,0.0,"{'2025-03': 0.0, '2025-04': 0.0, '2025-05': 0.0, '2025-06': 0.0, '2025-07': 0.02195063144917997, '2025-08': 0.042512435671263615, '2025-09': 0.030312275016956658}",{'2025': 0.09769082581522026},999.02672515195,1097.6908258152205,daily_mark_to_market_equity,L06__SPXL_SOXL__rsi_15,b,SPXL_SOXL,L06,rsi_15,base,0,sha256:acd49d7f6e3e633cb9e24e4f31a698d59c7e8a2578e14056df443689e9c014bb,sensitivity_evaluation,W4,False,L06__SPXL_SOXL__rsi_15/base/W4
spxl_soxl,OK,2025-09-19,2026-03-18,1000.0,1063.5918112567658,63.59181125676582,63.59181125676582,0.0,0.0635918112567657,0.1332635149359531,0.0882689744112426,2025-11-05,2025-12-17,53,0.1861956699748158,0.7647501540148044,0.6921726860450788,1.5097435517386013,13012.962233384716,13.203039028234269,13.01303902823427,0.19,0.0,63.59181125676567,0.0,19,19,19,1.0,1.897692239832755,1.7079230158494794,3.3684210526315788,4.0,23,19,0.0594590907372984,-0.0479753534908898,0.1095383286509214,0.8904616713490786,0.3286149859527643,0.0607545852715085,-0.0374553691182012,"{'2025-09': 0.004149829286249851, '2025-10': 0.008152759576744995, '2025-11': 0.00755474549150037, '2025-12': -0.0288867210740249, '2026-01': 0.060754585271508565, '2026-02': 0.05166103661350152, '2026-03': -0.03745536911820124}","{'2025': -0.009479638425224701, '2026': 0.07377076990705977}",951.2896553226254,1120.6218075119407,daily_mark_to_market_equity,L06__SPXL_SOXL__rsi_15,b,SPXL_SOXL,L06,rsi_15,base,0,sha256:acd49d7f6e3e633cb9e24e4f31a698d59c7e8a2578e14056df443689e9c014bb,sensitivity_evaluation,W5,False,L06__SPXL_SOXL__rsi_15/base/W5
spxl_soxl,OK,2026-03-19,2026-09-18,1000.0,1072.3362215001257,72.33622150012548,72.33622150012548,0.0,0.0723362215001255,0.1495758839415664,0.0711823605900955,2026-05-22,2026-06-10,13,0.2039163342917436,0.7791394791145574,0.5846275758392283,2.1013054737380923,10493.658534911983,10.643741514874414,10.493741514874412,0.15,0.0,72.33622150012555,0.0,15,15,15,1.0,1.0389473382164796,1.558421007324719,2.7333333333333334,2.0,20,16,0.0896931466352572,-0.0502505963646,0.0800598243961266,0.9199401756038732,0.24017947318838,0.0830701879947402,-0.0349733100814,"{'2026-03': -0.03497331008140003, '2026-04': 0.0, '2026-05': 0.0830701879947402, '2026-06': 0.013074524462033832, '2026-07': -0.001901585537826822, '2026-08': 0.010917998050249844, '2026-09': 0.003701008316826737}",{'2026': 0.07233622150012597},949.7494036354,1109.0166810188305,daily_mark_to_market_equity,L06__SPXL_SOXL__rsi_15,b,SPXL_SOXL,L06,rsi_15,base,0,sha256:acd49d7f6e3e633cb9e24e4f31a698d59c7e8a2578e14056df443689e9c014bb,sensitivity_evaluation,W6,False,L06__SPXL_SOXL__rsi_15/base/W6
spxl_soxl,OK,2023-09-19,2024-03-18,1000.0,1081.5634536885314,81.56345368853135,81.56345368853135,0.0,0.0815634536885314,0.1714275639372147,0.0724590123151692,2023-09-19,2023-12-06,76,0.1346951646362335,1.2397893167410787,1.3115861361721275,2.36585565355997,11262.87005887227,28.313435623668894,28.153435623668894,0.16,0.0,103.48084269068109,-21.91738900214998,18,16,16,1.0,1.2724663612359648,2.7994259947191225,2.625,2.0,21,15,0.0491912465477479,-0.0242205219295126,0.0823336157828526,0.9176663842171472,0.247000847348558,0.1132935218401254,-0.0381849689551625,"{'2023-09': -0.013628316956962205, '2023-10': -0.038184968955162546, '2023-11': -0.001865357808337742, '2023-12': 0.030393557892371748, '2024-01': 0.015852599916840626, '2024-02': 0.11329352184012542, '2024-03': -0.019862047580914588}","{'2023': -0.02428176958729411, '2024': 0.1084792924603406}",927.5409876848308,1103.4808426906814,daily_mark_to_market_equity,L06__SPXL_SOXL__rsi_15,b,SPXL_SOXL,L06,rsi_15,stress,0,sha256:acd49d7f6e3e633cb9e24e4f31a698d59c7e8a2578e14056df443689e9c014bb,sensitivity_evaluation,W1,False,L06__SPXL_SOXL__rsi_15/stress/W1
spxl_soxl,OK,2024-03-19,2024-09-18,1000.0,1025.6271640092002,25.627164009200214,25.627164009200214,0.0,0.0256271640092002,0.0518019955954052,0.0631094362694034,2024-06-28,2024-07-25,56,0.1247001392193249,0.4646202665270325,0.4063398475582576,0.8208280513594084,11717.6679951242,29.46451431079927,29.29451431079927,0.17,0.0,25.627164009200804,0.0,17,17,17,1.0,0.6849951505839496,1.255824442737241,3.0,3.0,25,18,0.0288601871048024,-0.0357228598823375,0.093905687320784,0.906094312679216,0.2817170619623522,0.0385266781169004,-0.0305296910035332,"{'2024-03': 0.03852667811690047, '2024-04': -0.01022075530329325, '2024-05': 0.013110129885225641, '2024-06': 0.03291907558578311, '2024-07': -0.0305296910035332, '2024-08': -0.004991703606508913, '2024-09': -0.011562202578034753}",{'2024': 0.02562716400920051},1004.9303424041,1075.6697501687502,daily_mark_to_market_equity,L06__SPXL_SOXL__rsi_15,b,SPXL_SOXL,L06,rsi_15,stress,0,sha256:acd49d7f6e3e633cb9e24e4f31a698d59c7e8a2578e14056df443689e9c014bb,sensitivity_evaluation,W2,False,L06__SPXL_SOXL__rsi_15/stress/W2
spxl_soxl,OK,2024-09-19,2025-03-18,1000.0,1063.9879711536507,63.98797115365073,63.98797115365073,0.0,0.0639879711536506,0.1341202122089955,0.0241330333143408,2024-12-11,2024-12-31,64,0.0585308480017211,2.2004584552382687,2.5272768672946926,5.557536446497838,7625.240018562599,19.173619806349564,19.063619806349564,0.1099999999999999,0.0,63.98797115365056,0.0,11,11,11,1.0,2.535732793069864,3.0428793516838364,2.909090909090909,3.0,17,12,0.0210020483347734,-0.0094338586637865,0.0568750384484617,0.9431249615515382,0.1706251153453852,0.0399803974743224,-0.022287479528789,"{'2024-09': 0.0, '2024-10': 0.021408896943250433, '2024-11': 0.03998039747432247, '2024-12': -0.022287479528789067, '2025-01': 0.017980098937202982, '2025-02': 0.0038164749009441667, '2025-03': 0.0025525467481919417}","{'2024': 0.03857046179470025, '2025': 0.024473553113601776}",1000.0,1064.2541424698504,daily_mark_to_market_equity,L06__SPXL_SOXL__rsi_15,b,SPXL_SOXL,L06,rsi_15,stress,0,sha256:acd49d7f6e3e633cb9e24e4f31a698d59c7e8a2578e14056df443689e9c014bb,sensitivity_evaluation,W3,False,L06__SPXL_SOXL__rsi_15/stress/W3
spxl_soxl,OK,2025-03-19,2025-09-18,1000.0,1090.1029560681382,90.10295606813816,90.10295606813816,0.0,0.0901029560681381,0.1879043680253966,0.0173922007948442,2025-08-08,2025-08-21,10,0.0824098191502245,2.1181445760964284,2.7042366986031476,10.803944264552126,4887.761400246187,12.290043456862206,12.220043456862204,0.07,0.0,90.10295606813784,0.0,7,7,7,1.0,,,4.142857142857143,5.0,12,7,0.0418684075623787,-0.0112514924971988,0.0547734130648778,0.945226586935122,0.1643202391946336,0.0384093944442851,0.0,"{'2025-03': 0.0, '2025-04': 0.0, '2025-05': 0.0, '2025-06': 0.0, '2025-07': 0.020926666542950167, '2025-08': 0.03840939444428515, '2025-09': 0.028263360470145438}",{'2025': 0.09010295606813856},998.5317251548752,1090.1029560681382,daily_mark_to_market_equity,L06__SPXL_SOXL__rsi_15,b,SPXL_SOXL,L06,rsi_15,stress,0,sha256:acd49d7f6e3e633cb9e24e4f31a698d59c7e8a2578e14056df443689e9c014bb,sensitivity_evaluation,W4,False,L06__SPXL_SOXL__rsi_15/stress/W4
spxl_soxl,OK,2025-09-19,2026-03-18,1000.0,1043.7611280757883,43.76112807578829,43.76112807578829,0.0,0.0437611280757883,0.0907990979839554,0.0928581602625115,2025-11-05,2025-12-17,62,0.1857167126060474,0.5602707355479726,0.504633849917096,0.9778257261102836,12899.724353396963,32.43978713921191,32.24978713921191,0.19,0.0,43.76112807578802,0.0,19,19,19,1.0,1.6023411666986156,1.4421070500287538,3.3684210526315788,4.0,22,20,0.0590247637547893,-0.0484880544746045,0.1096318944980026,0.8903681055019974,0.3288956834940078,0.0576115367481946,-0.0403315375164344,"{'2025-09': 0.0031525925906248364, '2025-10': 0.0061584865173360814, '2025-11': 0.0025665368129037525, '2025-12': -0.030802724412833826, '2026-01': 0.057611536748194636, '2026-02': 0.04856397375534738, '2026-03': -0.04033153751643448}","{'2025': -0.01924894484139994, '2026': 0.06424675516357081}",942.7844588874004,1104.740634259488,daily_mark_to_market_equity,L06__SPXL_SOXL__rsi_15,b,SPXL_SOXL,L06,rsi_15,stress,0,sha256:acd49d7f6e3e633cb9e24e4f31a698d59c7e8a2578e14056df443689e9c014bb,sensitivity_evaluation,W5,False,L06__SPXL_SOXL__rsi_15/stress/W5
spxl_soxl,OK,2026-03-19,2026-09-18,1000.0,1056.5276035695504,56.527603569550365,56.527603569550365,0.0,0.0565276035695503,0.1159990479262635,0.0721723485326265,2026-05-22,2026-06-10,13,0.2038922976001123,0.6346311343705925,0.4902135762427113,1.6072505645818709,10422.5841357275,26.206977430449346,26.056977430449347,0.15,0.0,56.5276035695506,0.0,15,15,15,1.0,1.2408435909144595,1.4181069610450967,2.7333333333333334,2.0,17,18,0.0897888389468175,-0.0507455963114999,0.0801215588649021,0.919878441135098,0.2403646765947064,0.0809329694620766,-0.0359118035034998,"{'2026-03': -0.03591180350349987, '2026-04': 0.0, '2026-05': 0.08093296946207662, '2026-06': 0.010070190822593306, '2026-07': -0.006843386739151858, '2026-08': 0.00891313568846841, '2026-09': 0.0017105536441648361}",{'2026': 0.05652760356955033},949.2544036885,1100.1299310529753,daily_mark_to_market_equity,L06__SPXL_SOXL__rsi_15,b,SPXL_SOXL,L06,rsi_15,stress,0,sha256:acd49d7f6e3e633cb9e24e4f31a698d59c7e8a2578e14056df443689e9c014bb,sensitivity_evaluation,W6,False,L06__SPXL_SOXL__rsi_15/stress/W6
spxl_soxl,OK,2023-09-19,2024-03-18,1000.0,1007.72497639492,7.724976394920077,7.724976394920077,0.0,0.00772497639492,0.0156499559140099,0.0240248970886998,2023-09-19,2024-01-04,76,0.0734427062201591,0.2469172661064693,0.2262016452744277,0.6514057419780157,3286.92266316988,3.33693372507991,3.28693372507991,0.05,0.0,7.724976394920073,0.0,5,5,5,1.0,1.0255592728358762,1.5383389092538142,3.6,3.0,5,5,0.0452774515689939,-0.0175184232247345,0.026372547248414,0.973627452751586,0.079117641745242,0.016722207875103,-0.0143496527227198,"{'2023-09': -0.014349652722719819, '2023-10': 0.0055804782056780855, '2023-11': 0.0, '2023-12': 0.0, '2024-01': 0.016722207875103035, '2024-02': 0.0, '2024-03': 0.0}","{'2023': -0.008849252441319844, '2024': 0.016722207875103035}",975.9751029113002,1025.6935093913,daily_mark_to_market_equity,L06__SPXL_SOXL__rsi_5,b,SPXL_SOXL,L06,rsi_5,base,0,sha256:acd49d7f6e3e633cb9e24e4f31a698d59c7e8a2578e14056df443689e9c014bb,sensitivity_evaluation,W1,False,L06__SPXL_SOXL__rsi_5/base/W1
spxl_soxl,OK,2024-03-19,2024-09-18,1000.0,1012.28362698631,12.283626986309969,12.283626986309969,0.0,0.01228362698631,0.0246668699023997,0.0058448228994,2024-03-19,2024-04-19,24,0.0155583250632602,1.564840030569188,0.5012866644175056,4.220293809917117,1994.6325354161695,2.0246468436899505,1.9946468436899505,0.03,0.0,12.28362698631004,0.0,3,3,3,1.0,1.5508125907092114,3.101625181418423,1.0,1.0,4,2,0.0074485412073599,-0.0050877200811798,0.0078159647177106,0.9921840352822894,0.0234478941531319,0.0063579858706002,0.0,"{'2024-03': 0.0, '2024-04': 0.0063579858706002135, '2024-05': 0.0, '2024-06': 0.0, '2024-07': 0.0, '2024-08': 0.0, '2024-09': 0.005888203997888253}",{'2024': 0.012283626986310248},994.1551771006,1012.28362698631,daily_mark_to_market_equity,L06__SPXL_SOXL__rsi_5,b,SPXL_SOXL,L06,rsi_5,base,0,sha256:acd49d7f6e3e633cb9e24e4f31a698d59c7e8a2578e14056df443689e9c014bb,sensitivity_evaluation,W2,False,L06__SPXL_SOXL__rsi_5/base/W2
spxl_soxl,OK,2024-09-19,2025-03-18,1000.0,1025.0281851045904,25.02818510459042,25.02818510459042,0.0,0.0250281851045903,0.0514405990725648,0.019144020441045,2024-11-21,2025-02-25,77,0.0402188347076827,1.2791583752713875,0.9994337667640364,2.687032184852641,2734.1011830959096,2.7741289854099027,2.7341289854099027,0.04,0.0,25.0281851045901,0.0,4,4,4,1.0,2.468980183771242,2.468980183771242,2.75,2.5,7,6,0.0215285980418358,-0.0089388586473755,0.0242689752728063,0.9757310247271936,0.0728069258184189,0.0420659813806001,-0.0135413670136843,"{'2024-09': 0.0, '2024-10': 0.0, '2024-11': 0.04206598138060014, '2024-12': -0.013541367013684358, '2025-01': 0.0, '2025-02': -0.0028472048063507005, '2025-03': 0.0}","{'2024': 0.027954983474250295, '2025': -0.0028472048063507005}",997.0823338484702,1042.4880078978103,daily_mark_to_market_equity,L06__SPXL_SOXL__rsi_5,b,SPXL_SOXL,L06,rsi_5,base,0,sha256:acd49d7f6e3e633cb9e24e4f31a698d59c7e8a2578e14056df443689e9c014bb,sensitivity_evaluation,W3,False,L06__SPXL_SOXL__rsi_5/base/W3
spxl_soxl,OK,2025-03-19,2025-09-18,1000.0,1050.0439977110252,50.04399771102521,50.04399771102521,0.0,0.0500439977110251,0.1023717558289381,0.0049651816089114,2025-08-04,2025-08-05,2,0.0348152411839951,2.8008002018888125,2.796414718797288,20.61792778036602,2078.056341868795,2.10810849397493,2.07810849397493,0.03,0.0,50.04399771102506,0.0,3,3,3,1.0,,,3.6666666666666665,4.0,7,3,0.0166954898542244,-0.0049651816089114,0.0185701012072444,0.9814298987927556,0.0557103036217333,0.0287402578086748,0.0,"{'2025-03': 0.0, '2025-04': 0.0, '2025-05': 0.0, '2025-06': 0.0, '2025-07': 0.02874025780867484, '2025-08': 0.020708570254389436, '2025-09': 0.0}",{'2025': 0.05004399771102497},1000.0,1052.4820117892052,daily_mark_to_market_equity,L06__SPXL_SOXL__rsi_5,b,SPXL_SOXL,L06,rsi_5,base,0,sha256:acd49d7f6e3e633cb9e24e4f31a698d59c7e8a2578e14056df443689e9c014bb,sensitivity_evaluation,W4,False,L06__SPXL_SOXL__rsi_5/base/W4
spxl_soxl,OK,2025-09-19,2026-03-18,1000.0,1071.6764028774203,71.67640287742029,71.67640287742029,0.0,0.0716764028774203,0.1508115003644361,0.038674532026576,2026-03-04,2026-03-06,10,0.0857436027333501,1.683329796828067,0.7793423745736738,3.899504207595916,5641.68400441572,5.7217614025797,5.6417614025797,0.08,0.0,71.67640287742036,0.0,8,8,8,1.0,0.890444344443062,2.671333033329186,2.5,1.5,15,4,0.0409971081219522,-0.028282429604521,0.037766036451212,0.962233963548788,0.1132981093536361,0.0555494725297203,-0.0303150964896977,"{'2025-09': 0.0, '2025-10': 0.0, '2025-11': 0.05554947252972031, '2025-12': 0.0075022585644342055, '2026-01': 0.02013840752945395, '2026-02': 0.018707054272427692, '2026-03': -0.030315096489697768}","{'2025': 0.06346847760019036, '2026': 0.007718071057218889}",1000.0,1109.1167662893502,daily_mark_to_market_equity,L06__SPXL_SOXL__rsi_5,b,SPXL_SOXL,L06,rsi_5,base,0,sha256:acd49d7f6e3e633cb9e24e4f31a698d59c7e8a2578e14056df443689e9c014bb,sensitivity_evaluation,W5,False,L06__SPXL_SOXL__rsi_5/base/W5
spxl_soxl,OK,2026-03-19,2026-09-18,1000.0,1085.5425865849202,85.54258658492017,85.54258658492017,0.0,0.0855425865849202,0.1780063672938532,0.0482569526822249,2026-06-15,2026-07-29,66,0.1162653704153463,1.458640549830539,,3.688719602044419,2161.00036140532,2.1910880950799743,2.1610880950799745,0.03,0.0,85.54258658491996,0.0,3,3,3,1.0,28.516175509855483,57.032351019710966,2.0,1.0,6,1,0.0492281686357962,-0.0482569526822249,0.0104818817131937,0.9895181182868062,0.0314456451395813,0.0383803518723999,-0.0014043854509189,"{'2026-03': 0.038380351872399965, '2026-04': 0.015405871013789874, '2026-05': 0.0, '2026-06': 0.031005730882490257, '2026-07': -0.0014043854509189213, '2026-08': 0.0, '2026-09': 0.0}",{'2026': 0.08554258658491976},1000.0,1087.06925082492,daily_mark_to_market_equity,L06__SPXL_SOXL__rsi_5,b,SPXL_SOXL,L06,rsi_5,base,0,sha256:acd49d7f6e3e633cb9e24e4f31a698d59c7e8a2578e14056df443689e9c014bb,sensitivity_evaluation,W6,False,L06__SPXL_SOXL__rsi_5/base/W6
spxl_soxl,OK,2023-09-19,2024-03-18,1000.0,1002.7395075687502,2.7395075687502413,2.7395075687502413,0.0,0.0027395075687501,0.0055359135631689,0.0279088153502,2023-09-19,2024-01-04,76,0.0745547894858294,0.1102263117174243,0.0832872704670368,0.1983571675724772,3281.32937025075,8.253392131249834,8.203392131249833,0.05,0.0,2.739507568750147,0.0,5,5,5,1.0,0.778642454546275,1.1679636818194126,3.6,3.0,4,6,0.0453156864285027,-0.0185137103216396,0.0263920983627621,0.9736079016372378,0.0791762950882866,0.0147169871496271,-0.0163101185867999,"{'2023-09': -0.016310118586799982, '2023-10': 0.004581072683954801, '2023-11': 0.0, '2023-12': 0.0, '2024-01': 0.014716987149627103, '2024-02': 0.0, '2024-03': 0.0}","{'2023': -0.011803763741575102, '2024': 0.014716987149627103}",972.0911846498,1021.6541159198,daily_mark_to_market_equity,L06__SPXL_SOXL__rsi_5,b,SPXL_SOXL,L06,rsi_5,stress,0,sha256:acd49d7f6e3e633cb9e24e4f31a698d59c7e8a2578e14056df443689e9c014bb,sensitivity_evaluation,W1,False,L06__SPXL_SOXL__rsi_5/stress/W1
spxl_soxl,OK,2024-03-19,2024-09-18,1000.0,1009.27079960405,9.270799604050126,9.270799604050126,0.0,0.0092707996040501,0.0185890231283645,0.0068270528084999,2024-03-19,2024-04-19,24,0.0148743557589448,1.2384472869860956,0.378880256620848,2.7228474203715693,1992.61895628935,5.011636655949846,4.9816366559498455,0.03,0.0,9.270799604050149,0.0,3,3,3,1.0,1.1789752374924938,2.3579504749849876,1.0,1.0,4,2,0.0069399664200695,-0.0055827200379499,0.0078198316181047,0.9921801683818952,0.0234594948543143,0.0048883361021705,0.0,"{'2024-03': 0.0, '2024-04': 0.004361144760500091, '2024-05': 0.0, '2024-06': 0.0, '2024-07': 0.0, '2024-08': 0.0, '2024-09': 0.004888336102170543}",{'2024': 0.009270799604050195},993.1729471915,1009.27079960405,daily_mark_to_market_equity,L06__SPXL_SOXL__rsi_5,b,SPXL_SOXL,L06,rsi_5,stress,0,sha256:acd49d7f6e3e633cb9e24e4f31a698d59c7e8a2578e14056df443689e9c014bb,sensitivity_evaluation,W2,False,L06__SPXL_SOXL__rsi_5/stress/W2
spxl_soxl,OK,2024-09-19,2025-03-18,1000.0,1020.958350823675,20.958350823675005,20.958350823675005,0.0,0.020958350823675,0.0429867364644662,0.0210940057628671,2024-11-21,2025-02-25,77,0.0400990140024713,1.0795724409152836,0.8279863996245213,2.0378650194615027,2729.995115748725,6.865161686324867,6.825161686324867,0.04,0.0,20.95835082367514,0.0,4,4,4,1.0,2.1018166685418436,2.1018166685418436,2.75,2.5,7,6,0.0210018430533489,-0.0094338576913644,0.0242809702246221,0.9757190297753778,0.0728429106738665,0.0399799824816997,-0.0145120577324099,"{'2024-09': 0.0, '2024-10': 0.0, '2024-11': 0.03997998248169976, '2024-12': -0.014512057732409933, '2025-01': 0.0, '2025-02': -0.003833963453192868, '2025-03': 0.0}","{'2024': 0.024887732935374718, '2025': -0.003833963453192868}",996.5873339961752,1040.9295878869002,daily_mark_to_market_equity,L06__SPXL_SOXL__rsi_5,b,SPXL_SOXL,L06,rsi_5,stress,0,sha256:acd49d7f6e3e633cb9e24e4f31a698d59c7e8a2578e14056df443689e9c014bb,sensitivity_evaluation,W3,False,L06__SPXL_SOXL__rsi_5/stress/W3
spxl_soxl,OK,2025-03-19,2025-09-18,1000.0,1046.899409799963,46.89940979996299,46.89940979996299,0.0,0.0468994097999631,0.0957925217216162,0.0049676211099097,2025-08-04,2025-08-05,2,0.0340396785809981,2.688945812006442,2.643682498929489,19.283379227639195,2075.8882793743874,5.220046445037372,5.190046445037372,0.03,0.0,46.89940979996261,0.0,3,3,3,1.0,,,3.6666666666666665,4.0,7,3,0.0167037139931005,-0.0049676211099097,0.0185792075283296,0.9814207924716704,0.0557376225849889,0.0277060982791876,0.0,"{'2025-03': 0.0, '2025-04': 0.0, '2025-05': 0.0, '2025-06': 0.0, '2025-07': 0.027706098279187685, '2025-08': 0.01867587586851238, '2025-09': 0.0}",{'2025': 0.0468994097999631},1000.0,1049.8615344453128,daily_mark_to_market_equity,L06__SPXL_SOXL__rsi_5,b,SPXL_SOXL,L06,rsi_5,stress,0,sha256:acd49d7f6e3e633cb9e24e4f31a698d59c7e8a2578e14056df443689e9c014bb,sensitivity_evaluation,W4,False,L06__SPXL_SOXL__rsi_5/stress/W4
spxl_soxl,OK,2025-09-19,2026-03-18,1000.0,1063.2342949149502,63.23429491495017,63.23429491495017,0.0,0.0632342949149502,0.1324906663578466,0.0391353908280138,2026-03-04,2026-03-06,10,0.0845815454684148,1.5152331359533786,0.8529825006420513,3.385443803029745,5623.3575050893505,14.138877345049645,14.058877345049645,0.08,0.0,63.23429491495041,0.0,8,8,8,1.0,0.8047094112242644,2.4141282336727934,2.5,1.5,15,3,0.0399755452517136,-0.028743089515054,0.03779257137732,0.96220742862268,0.1133777141319602,0.0534840534843001,-0.0322206319091442,"{'2025-09': 0.0, '2025-10': 0.0, '2025-11': 0.05348405348430019, '2025-12': 0.005508943583678594, '2026-01': 0.01911712269855781, '2026-02': 0.017687909197347196, '2026-03': -0.03222063190914426}","{'2025': 0.05928763770125034, '2026': 0.0037257653853723927}",1000.0,1102.0025217118505,daily_mark_to_market_equity,L06__SPXL_SOXL__rsi_5,b,SPXL_SOXL,L06,rsi_5,stress,0,sha256:acd49d7f6e3e633cb9e24e4f31a698d59c7e8a2578e14056df443689e9c014bb,sensitivity_evaluation,W5,False,L06__SPXL_SOXL__rsi_5/stress/W5
spxl_soxl,OK,2026-03-19,2026-09-18,1000.0,1082.2740317673,82.2740317672999,82.2740317672999,0.0,0.0822740317672998,0.1709375942066275,0.0487519565374447,2026-06-15,2026-07-29,66,0.115607836942634,1.4145475672763757,,3.5062714677991633,2158.6771438981,5.427240992699856,5.397240992699856,0.03,0.0,82.27403176730007,0.0,3,3,3,1.0,16.343741051043306,32.68748210208661,2.0,1.0,6,1,0.0487345616186551,-0.0487519565374447,0.0104870411280271,0.9895129588719728,0.0314611233840814,0.0378853519059998,-0.0023933001486936,"{'2026-03': 0.03788535190599984, '2026-04': 0.014856650454872833, '2026-05': 0.0, '2026-06': 0.029968152655057034, '2026-07': -0.0023933001486936556, '2026-08': 0.0, '2026-09': 0.0}",{'2026': 0.08227403176730008},1000.0,1084.8704523822998,daily_mark_to_market_equity,L06__SPXL_SOXL__rsi_5,b,SPXL_SOXL,L06,rsi_5,stress,0,sha256:acd49d7f6e3e633cb9e24e4f31a698d59c7e8a2578e14056df443689e9c014bb,sensitivity_evaluation,W6,False,L06__SPXL_SOXL__rsi_5/stress/W6
spxl_soxl,OK,2023-09-19,2024-03-18,1000.0,1052.2417087655303,52.24170876553035,52.24170876553035,0.0,0.0522417087655302,0.1082254681870635,0.1541554618242125,2023-12-27,2024-01-31,55,0.2151193806725594,0.5850740309674154,0.3478515986530085,0.7020540622198379,3025.90564134338,3.0559581448598983,3.0259581448598984,0.03,2.7941502903899997,49.44755847514021,0.0,3,3,3,1.0,2.0288752739367157,4.0577505478734315,24.0,24.0,22,15,0.0534539409896202,-0.0649585569301695,0.1999998806797201,0.8000001193202798,0.5999996420391606,0.1560633051234603,-0.1369518394442348,"{'2023-09': 0.0, '2023-10': 0.0, '2023-11': 0.0, '2023-12': 0.15606330512346034, '2024-01': -0.13695183944423484, '2024-02': 0.05462694907327137, '2024-03': 0.0}","{'2023': 0.15606330512346034, '2024': -0.08980615152977478}",997.7383089728204,1179.5764634534598,daily_mark_to_market_equity,L07__SPXL_SOXL__contraction_15,b,SPXL_SOXL,L07,contraction_15,base,0,sha256:acd49d7f6e3e633cb9e24e4f31a698d59c7e8a2578e14056df443689e9c014bb,sensitivity_evaluation,W1,False,L07__SPXL_SOXL__contraction_15/base/W1
spxl_soxl,OK,2024-03-19,2024-09-18,1000.0,901.03194465059,-98.96805534940997,-98.96805534940997,0.0,-0.09896805534941,-0.1877946086536028,0.1310288628269441,2024-07-03,2024-07-17,53,0.1750506903914839,-1.0891951964827082,-0.4585102986021234,-1.433230851599711,2859.9541299013495,2.8898568869897536,2.859856886989754,0.03,1.16471288758,-100.1327682369898,0.0,3,3,3,1.0,0.6047293860420622,0.3023646930210311,17.0,15.0,20,17,0.0207840314559135,-0.1006188335014716,0.1324848567863761,0.8675151432136239,0.3974545703591283,0.0259564359438477,-0.0957236193363721,"{'2024-03': -0.0028474165601700685, '2024-04': -0.026023536520944024, '2024-05': 0.0, '2024-06': 0.025956435943847778, '2024-07': -0.09572361933637219, '2024-08': 0.0, '2024-09': 0.0}",{'2024': -0.09896805534941022},882.6861675779501,1015.7830678352702,daily_mark_to_market_equity,L07__SPXL_SOXL__contraction_15,b,SPXL_SOXL,L07,contraction_15,base,0,sha256:acd49d7f6e3e633cb9e24e4f31a698d59c7e8a2578e14056df443689e9c014bb,sensitivity_evaluation,W2,False,L07__SPXL_SOXL__contraction_15/base/W2
spxl_soxl,OK,2024-09-19,2025-03-18,1000.0,745.5114296405502,-254.4885703594498,-254.4885703594498,0.0,-0.2544885703594498,-0.4489531431706666,0.2725725429337934,2024-10-14,2025-02-21,105,0.1829267028509071,-3.1912256022618197,-1.7035375393106609,-1.6470959926426456,5156.35544191419,5.216106169449842,5.156106169449842,0.06,0.0,-254.4885703594499,0.0,6,6,6,,,,7.833333333333333,5.5,18,18,0.023179589004755,-0.0856682402379335,0.1315926168363197,0.8684073831636803,0.3947778505089592,0.0,-0.1060306404344918,"{'2024-09': 0.0, '2024-10': -0.08289255480279967, '2024-11': -0.013791334828494928, '2024-12': -0.05752933485800393, '2025-01': -0.10603064043449184, '2025-02': -0.021693818426043787, '2025-03': 0.0}","{'2024': -0.14757363312606997, '2025': -0.1254242493993526}",742.5803850387802,1020.830844128,daily_mark_to_market_equity,L07__SPXL_SOXL__contraction_15,b,SPXL_SOXL,L07,contraction_15,base,0,sha256:acd49d7f6e3e633cb9e24e4f31a698d59c7e8a2578e14056df443689e9c014bb,sensitivity_evaluation,W3,False,L07__SPXL_SOXL__contraction_15/base/W3
spxl_soxl,OK,2025-03-19,2025-09-18,1000.0,1031.9796790865205,31.979679086520264,31.979679086520264,0.0,0.0319796790865203,0.0648446712349652,0.0979384496691199,2025-07-25,2025-08-21,38,0.1406675465802724,0.5133755259672161,0.4219716731809126,0.6620961578832392,4957.585542546939,4.996597394439641,4.956597394439641,0.04,1.74509148096,-47.21887302397979,77.45346062954015,6,4,4,1.0,1.492709297772039,0.4975697659240131,14.0,10.0,19,22,0.0590796064141503,-0.0388472429777581,0.1880218603606233,0.8119781396393767,0.5640655810818701,0.0811433558679468,-0.0826047394459871,"{'2025-03': 0.0, '2025-04': 0.0, '2025-05': 0.0, '2025-06': 0.034686563300159845, '2025-07': 0.005593738468043785, '2025-08': -0.08260473944598712, '2025-09': 0.08114335586794685}",{'2025': 0.03197967908652033},950.1947977923102,1053.35916096166,daily_mark_to_market_equity,L07__SPXL_SOXL__contraction_15,b,SPXL_SOXL,L07,contraction_15,base,0,sha256:acd49d7f6e3e633cb9e24e4f31a698d59c7e8a2578e14056df443689e9c014bb,sensitivity_evaluation,W4,False,L07__SPXL_SOXL__contraction_15/base/W4
spxl_soxl,OK,2025-09-19,2026-03-18,1000.0,895.8418662038204,-104.15813379617964,-104.15813379617964,0.0,-0.1041581337961796,-0.2000378156713267,0.1074304021252396,2025-09-19,2026-01-20,123,0.0914757246699567,-2.396408793803077,-1.2369043958586636,-1.8620224044039937,3689.809044605179,3.7297086161797104,3.6897086161797104,0.04,0.0,-104.15813379617964,0.0,4,4,4,,,,9.0,9.0,12,16,0.015642089778165,-0.0402085771984164,0.0951338823205997,0.9048661176794002,0.2854016469617993,0.0,-0.0337557302411897,"{'2025-09': 0.0, '2025-10': -0.03375573024118972, '2025-11': -0.031858492227999524, '2025-12': -0.019669506121976377, '2026-01': -0.02313832517294867, '2026-02': 0.0, '2026-03': 0.0}","{'2025': -0.08293887528914978, '2026': -0.02313832517294867}",892.5695978747603,1000.0,daily_mark_to_market_equity,L07__SPXL_SOXL__contraction_15,b,SPXL_SOXL,L07,contraction_15,base,0,sha256:acd49d7f6e3e633cb9e24e4f31a698d59c7e8a2578e14056df443689e9c014bb,sensitivity_evaluation,W5,False,L07__SPXL_SOXL__contraction_15/base/W5
spxl_soxl,OK,2026-03-19,2026-09-18,1000.0,1520.00881746002,520.00881746002,520.00881746002,0.0,0.5200088174600201,1.306465397803271,0.09575157011333,2026-04-24,2026-04-28,5,0.2421306712958262,3.555334991957859,2.6401807443406207,13.64432349523835,3008.3551222843794,3.028878159979848,3.008878159979848,0.02,0.0,520.0088174600202,0.0,2,2,2,1.0,,,22.0,22.0,23,11,0.0862099170130439,-0.0724107728940368,0.1405556038363996,0.8594443961636004,0.4216668115091987,0.4521169059376195,0.0,"{'2026-03': 0.0, '2026-04': 0.45211690593761955, '2026-05': 0.04051552520973645, '2026-06': 0.0, '2026-07': 0.0, '2026-08': 0.005995321687005006, '2026-09': 0.0}",{'2026': 0.5200088174600201},1000.0,1558.9796736778203,daily_mark_to_market_equity,L07__SPXL_SOXL__contraction_15,b,SPXL_SOXL,L07,contraction_15,base,0,sha256:acd49d7f6e3e633cb9e24e4f31a698d59c7e8a2578e14056df443689e9c014bb,sensitivity_evaluation,W6,False,L07__SPXL_SOXL__contraction_15/base/W6
spxl_soxl,OK,2023-09-19,2024-03-18,1000.0,1047.5628935218404,47.56289352184035,47.56289352184035,0.0,0.0475628935218404,0.0983039944912911,0.1562298385672073,2023-12-27,2024-01-31,55,0.21531159772721,0.5430134615442699,0.3241265044185491,0.6292267558671418,3022.7353456479495,7.587165588549869,7.557165588549869,0.03,2.7941502903899997,44.76874323145024,0.0,3,3,3,1.0,1.7694273225865882,3.5388546451731764,24.0,24.0,23,15,0.0535282791343072,-0.0650430186626096,0.2002235616047675,0.7997764383952324,0.6006706848143026,0.1545783052630649,-0.1390463341574491,"{'2023-09': 0.0, '2023-10': 0.0, '2023-11': 0.0, '2023-12': 0.15457830526306493, '2024-01': -0.13904633415744916, '2024-02': 0.05384547296009767, '2024-03': 0.0}","{'2023': 0.15457830526306493, '2024': -0.09268787682342738}",994.0384244185152,1178.0914635930649,daily_mark_to_market_equity,L07__SPXL_SOXL__contraction_15,b,SPXL_SOXL,L07,contraction_15,stress,0,sha256:acd49d7f6e3e633cb9e24e4f31a698d59c7e8a2578e14056df443689e9c014bb,sensitivity_evaluation,W1,False,L07__SPXL_SOXL__contraction_15/stress/W1
spxl_soxl,OK,2024-03-19,2024-09-18,1000.0,897.0227888738302,-102.97721112616978,-102.97721112616978,0.0,-0.1029772111261697,-0.1949916571961856,0.1324451778821597,2024-07-03,2024-07-17,53,0.1754884873746915,-1.1363859263484664,-0.4789503420223375,-1.472244292424714,2855.9566770092497,7.169285624349738,7.139285624349737,0.03,1.16298219818,-104.14019332434977,0.0,3,3,3,1.0,0.5731091348793605,0.2865545674396803,17.0,15.0,20,17,0.0201402050980974,-0.1006962183106602,0.1325832498806026,0.8674167501193973,0.3977497496418079,0.0252139391553412,-0.097754427959091,"{'2024-03': -0.003589916440425056, '2024-04': -0.026746216216565033, '2024-05': 0.0, '2024-06': 0.025213939155341203, '2024-07': -0.09775442795909106, '2024-08': 0.0, '2024-09': 0.0}",{'2024': -0.10297721112616964},879.3132398772302,1013.5535155354052,daily_mark_to_market_equity,L07__SPXL_SOXL__contraction_15,b,SPXL_SOXL,L07,contraction_15,stress,0,sha256:acd49d7f6e3e633cb9e24e4f31a698d59c7e8a2578e14056df443689e9c014bb,sensitivity_evaluation,W2,False,L07__SPXL_SOXL__contraction_15/stress/W2
spxl_soxl,OK,2024-09-19,2025-03-18,1000.0,738.9208209628252,-261.07917903717475,-261.07917903717475,0.0,-0.2610791790371747,-0.4587931970549178,0.277955099726739,2024-10-14,2025-02-21,105,0.1835270943856245,-3.279009803100929,-1.7618952294335075,-1.6506018328354577,5137.682836177624,12.902655987174748,12.842655987174748,0.06,0.0,-261.07917903717487,0.0,6,6,6,,,,7.833333333333333,5.5,16,20,0.022447957994893,-0.0862501830054239,0.1317550642731382,0.8682449357268618,0.3952651928194146,0.0,-0.1073580052786777,"{'2024-09': 0.0, '2024-10': -0.08487653289679986, '2024-11': -0.016011774657640365, '2024-12': -0.058929502812030465, '2025-01': -0.10735800527867778, '2025-02': -0.02314784894013755, '2025-03': 0.0}","{'2024': -0.1525935752480998, '2025': -0.12802074733010993}",736.5495868444503,1020.08834432,daily_mark_to_market_equity,L07__SPXL_SOXL__contraction_15,b,SPXL_SOXL,L07,contraction_15,stress,0,sha256:acd49d7f6e3e633cb9e24e4f31a698d59c7e8a2578e14056df443689e9c014bb,sensitivity_evaluation,W3,False,L07__SPXL_SOXL__contraction_15/stress/W3
spxl_soxl,OK,2025-03-19,2025-09-18,1000.0,1024.3801052790102,24.380105279010195,24.380105279010195,0.0,0.0243801052790102,0.0492510130289669,0.1016177221262428,2025-07-03,2025-09-12,53,0.140801625496197,0.4088362878772939,0.3394206621704509,0.4846695241582062,4945.3474210839,12.397229751949716,12.357229751949715,0.04,1.74509148096,-52.94485593484984,75.57986973290011,6,4,4,1.0,1.381719747716624,0.4605732492388747,14.0,10.0,19,22,0.0591656765226944,-0.0388781252510609,0.1882102095745686,0.8117897904254313,0.5646306287237061,0.0796583589478119,-0.0860682541209687,"{'2025-03': 0.0, '2025-04': 0.0, '2025-05': 0.0, '2025-06': 0.03394406350895984, '2025-07': 0.004069966589361762, '2025-08': -0.08606825412096875, '2025-09': 0.07965835894781192}",{'2025': 0.024380105279010467},944.9633393190102,1051.84993358896,daily_mark_to_market_equity,L07__SPXL_SOXL__contraction_15,b,SPXL_SOXL,L07,contraction_15,stress,0,sha256:acd49d7f6e3e633cb9e24e4f31a698d59c7e8a2578e14056df443689e9c014bb,sensitivity_evaluation,W4,False,L07__SPXL_SOXL__contraction_15/stress/W4
spxl_soxl,OK,2025-09-19,2026-03-18,1000.0,890.5284619662755,-109.47153803372451,-109.47153803372451,0.0,-0.1094715380337245,-0.209636268267588,0.1120866172116745,2025-09-19,2026-01-20,123,0.0912658888183766,-2.534465305537849,-1.3160079126030664,-1.8703059605384635,3681.913033944674,9.244156163724778,9.20415616372478,0.04,0.0,-109.47153803372473,0.0,4,4,4,,,,9.0,9.0,12,16,0.0149224105030401,-0.0402386234032927,0.0952051088476584,0.9047948911523416,0.2856153265429753,0.0,-0.0359102445730247,"{'2025-09': 0.0, '2025-10': -0.03591024457302472, '2025-11': -0.03257651968961717, '2025-12': -0.02041200615944072, '2026-01': -0.02530158723640341, '2026-02': 0.0, '2026-03': 0.0}","{'2025': -0.0863548659719997, '2026': -0.02530158723640341}",887.9133827883254,1000.0,daily_mark_to_market_equity,L07__SPXL_SOXL__contraction_15,b,SPXL_SOXL,L07,contraction_15,stress,0,sha256:acd49d7f6e3e633cb9e24e4f31a698d59c7e8a2578e14056df443689e9c014bb,sensitivity_evaluation,W5,False,L07__SPXL_SOXL__contraction_15/stress/W5
spxl_soxl,OK,2026-03-19,2026-09-18,1000.0,1515.4853424480502,515.4853424480502,515.4853424480502,0.0,0.5154853424480503,1.292785964216459,0.0958002198879196,2026-04-24,2026-04-28,5,0.24184265661418,3.534755645851265,2.6204463067007273,13.494603308102413,3005.32331398095,7.536577171949938,7.516577171949939,0.02,0.0,515.4853424480501,0.0,2,2,2,1.0,,,22.0,22.0,23,11,0.0862574970683047,-0.0724485137494859,0.1406458631075501,0.8593541368924499,0.4219375893226504,0.4513744059940499,0.0,"{'2026-03': 0.0, '2026-04': 0.4513744059940499, '2026-05': 0.03949503653796316, '2026-06': 0.0, '2026-07': 0.0, '2026-08': 0.004499812453099272, '2026-09': 0.0}",{'2026': 0.5154853424480494},1000.0,1555.5341220085502,daily_mark_to_market_equity,L07__SPXL_SOXL__contraction_15,b,SPXL_SOXL,L07,contraction_15,stress,0,sha256:acd49d7f6e3e633cb9e24e4f31a698d59c7e8a2578e14056df443689e9c014bb,sensitivity_evaluation,W6,False,L07__SPXL_SOXL__contraction_15/stress/W6
spxl_soxl,OK,2023-09-19,2024-03-18,1000.0,1093.3964454539605,93.3964454539605,93.3964454539605,0.0,0.0933964454539604,0.1974340384530324,0.1541554618242125,2023-12-27,2024-01-31,48,0.3270027710468004,0.7128328519847624,0.6617770345108435,1.2807463071154204,4620.61583030635,4.660179116429763,4.620179116429763,0.04,2.7941502903899997,80.0063576971803,10.59593746639012,5,4,4,1.0,1.982484418011616,5.947453254034847,24.0,24.0,31,23,0.0786326990093213,-0.0723038949201722,0.3307854245904257,0.6692145754095743,0.992356273771277,0.1560633051234603,-0.1369518394442348,"{'2023-09': 0.0, '2023-10': 0.0, '2023-11': 0.0, '2023-12': 0.15606330512346034, '2024-01': -0.13695183944423484, '2024-02': 0.057228169948915886, '2024-03': 0.036554839535882344}","{'2023': 0.15606330512346034, '2024': -0.05420711771731823}",997.7383089728204,1228.8186254432603,daily_mark_to_market_equity,L07__SPXL_SOXL__contraction_25,b,SPXL_SOXL,L07,contraction_25,base,0,sha256:acd49d7f6e3e633cb9e24e4f31a698d59c7e8a2578e14056df443689e9c014bb,sensitivity_evaluation,W1,False,L07__SPXL_SOXL__contraction_25/base/W1
spxl_soxl,OK,2024-03-19,2024-09-18,1000.0,859.1601313753301,-140.83986862466986,-140.83986862466986,0.0,-0.1408398686246699,-0.2613844959799456,0.1961381643222308,2024-06-18,2024-07-17,63,0.2071572051968139,-1.345935404837015,-0.6507040615377736,-1.3326549521006177,3747.8097347853295,3.7876703027696967,3.7476703027696967,0.04,2.3798170081000003,-143.21968563276977,0.0,4,4,4,1.0,0.697662178811011,0.2325540596036703,15.75,13.5,19,18,0.0329210780951769,-0.1006188314566919,0.1609006249810114,0.8390993750189886,0.4827018749430342,0.0,-0.0948672631135664,"{'2024-03': -0.0028474165601700685, '2024-04': -0.026023536520944024, '2024-05': 0.0, '2024-06': -0.02264629848218569, '2024-07': -0.09486726311356641, '2024-08': 0.0, '2024-09': 0.0}",{'2024': -0.14083986862467013},841.6673556793301,1047.0298729503504,daily_mark_to_market_equity,L07__SPXL_SOXL__contraction_25,b,SPXL_SOXL,L07,contraction_25,base,0,sha256:acd49d7f6e3e633cb9e24e4f31a698d59c7e8a2578e14056df443689e9c014bb,sensitivity_evaluation,W2,False,L07__SPXL_SOXL__contraction_25/base/W2
spxl_soxl,OK,2024-09-19,2025-03-18,1000.0,600.4192193294903,-399.58078067050974,-399.58078067050974,0.0,-0.3995807806705097,-0.64482087766856,0.414143332753168,2024-10-14,2025-02-21,105,0.29431110963114,-3.388188339933183,-2.009960693503433,-1.5569992963109638,7163.00110868189,7.2526087805097585,7.162608780509759,0.09,0.0,-399.58078067050985,0.0,9,9,9,,,,8.777777777777779,6.0,25,29,0.023179589004755,-0.1327504938029572,0.2233366960936685,0.7766633039063315,0.6700100882810056,0.0,-0.2357573726972248,"{'2024-09': 0.0, '2024-10': -0.08289255480279967, '2024-11': -0.013791334828494928, '2024-12': -0.10087885804025376, '2025-01': -0.23575737269722485, '2025-02': -0.033913341193349544, '2025-03': 0.0}","{'2024': -0.1867815129239997, '2025': -0.26167539367144566}",598.0605561636003,1020.830844128,daily_mark_to_market_equity,L07__SPXL_SOXL__contraction_25,b,SPXL_SOXL,L07,contraction_25,base,0,sha256:acd49d7f6e3e633cb9e24e4f31a698d59c7e8a2578e14056df443689e9c014bb,sensitivity_evaluation,W3,False,L07__SPXL_SOXL__contraction_25/base/W3
spxl_soxl,OK,2025-03-19,2025-09-18,1000.0,1154.042598987061,154.04259898706096,154.04259898706096,0.0,0.1540425989870608,0.3310325396644935,0.1094603340351821,2025-07-25,2025-09-02,38,0.2337872248930161,1.3312742939909277,1.2890564741773711,3.024223729831619,7667.354784060529,7.726368736349489,7.666368736349489,0.06,3.39174971341,64.03616486429028,86.61468440936017,8,6,6,1.0,3.067578292444624,1.533789146222312,15.166666666666666,10.0,24,22,0.0730112811630439,-0.0551816891463644,0.273881377057358,0.726118622942642,0.8216441311720741,0.1378599707437502,-0.0881733600832124,"{'2025-03': 0.0, '2025-04': 0.0, '2025-05': 0.0, '2025-06': 0.13785997074375023, '2025-07': 0.03553718908109493, '2025-08': -0.08817336008321242, '2025-09': 0.0741255422456415}",{'2025': 0.1540425989870613},961.42654580034,1192.8878810518802,daily_mark_to_market_equity,L07__SPXL_SOXL__contraction_25,b,SPXL_SOXL,L07,contraction_25,base,0,sha256:acd49d7f6e3e633cb9e24e4f31a698d59c7e8a2578e14056df443689e9c014bb,sensitivity_evaluation,W4,False,L07__SPXL_SOXL__contraction_25/base/W4
spxl_soxl,OK,2025-09-19,2026-03-18,1000.0,814.3658242010204,-185.63417579897964,-185.63417579897964,0.0,-0.1856341757989796,-0.3407684520076134,0.1856341757989796,2025-09-19,2026-03-02,123,0.1200096521950156,-3.4137899728980043,-1.9378018924231253,-1.8356988983355425,4496.113307223579,4.5459322189796625,4.495932218979663,0.05,0.0,-185.6341757989796,0.0,5,5,5,,,,8.0,7.0,12,19,0.015642089778165,-0.0402085771984164,0.1027047855375607,0.8972952144624393,0.3081143566126821,0.0,-0.0580579998242306,"{'2025-09': 0.0, '2025-10': -0.03375573024118972, '2025-11': -0.031858492227999524, '2025-12': -0.019669506121976377, '2026-01': -0.02313832517294867, '2026-02': -0.058057999824230655, '2026-03': -0.03491842836232073}","{'2025': -0.08293887528914978, '2026': -0.11198304861326402}",814.3658242010204,1000.0,daily_mark_to_market_equity,L07__SPXL_SOXL__contraction_25,b,SPXL_SOXL,L07,contraction_25,base,0,sha256:acd49d7f6e3e633cb9e24e4f31a698d59c7e8a2578e14056df443689e9c014bb,sensitivity_evaluation,W5,False,L07__SPXL_SOXL__contraction_25/base/W5
spxl_soxl,OK,2026-03-19,2026-09-18,1000.0,1520.00881746002,520.00881746002,520.00881746002,0.0,0.5200088174600201,1.306465397803271,0.09575157011333,2026-04-24,2026-04-28,5,0.2421306712958262,3.555334991957859,2.6401807443406207,13.64432349523835,3008.3551222843794,3.028878159979848,3.008878159979848,0.02,0.0,520.0088174600202,0.0,2,2,2,1.0,,,22.0,22.0,23,11,0.0862099170130439,-0.0724107728940368,0.1405556038363996,0.8594443961636004,0.4216668115091987,0.4521169059376195,0.0,"{'2026-03': 0.0, '2026-04': 0.45211690593761955, '2026-05': 0.04051552520973645, '2026-06': 0.0, '2026-07': 0.0, '2026-08': 0.005995321687005006, '2026-09': 0.0}",{'2026': 0.5200088174600201},1000.0,1558.9796736778203,daily_mark_to_market_equity,L07__SPXL_SOXL__contraction_25,b,SPXL_SOXL,L07,contraction_25,base,0,sha256:acd49d7f6e3e633cb9e24e4f31a698d59c7e8a2578e14056df443689e9c014bb,sensitivity_evaluation,W6,False,L07__SPXL_SOXL__contraction_25/base/W6
spxl_soxl,OK,2023-09-19,2024-03-18,1000.0,1086.1538921871406,86.15389218714063,86.15389218714063,0.0,0.0861538921871405,0.1814822021436155,0.1562298385672073,2023-12-27,2024-01-31,48,0.3275248827449092,0.6712902536320592,0.6257955665271353,1.1616359832923029,4611.085196756149,11.564996203249766,11.524996203249769,0.04,2.7941502903899997,73.58873454255033,9.771007354200083,5,4,4,1.0,1.7244162410357768,5.1732487231073305,24.0,24.0,32,23,0.0787493543403794,-0.072395954483085,0.3311987232276099,0.6688012767723901,0.9935961696828298,0.1545783052630649,-0.1390463341574491,"{'2023-09': 0.0, '2023-10': 0.0, '2023-11': 0.0, '2023-12': 0.15457830526306493, '2024-01': -0.13904633415744916, '2024-02': 0.05487980579200147, '2024-03': 0.03582219371883011}","{'2023': 0.15457830526306493, '2024': -0.059263553423805515}",994.0384244185152,1221.7990265003905,daily_mark_to_market_equity,L07__SPXL_SOXL__contraction_25,b,SPXL_SOXL,L07,contraction_25,stress,0,sha256:acd49d7f6e3e633cb9e24e4f31a698d59c7e8a2578e14056df443689e9c014bb,sensitivity_evaluation,W1,False,L07__SPXL_SOXL__contraction_25/stress/W1
spxl_soxl,OK,2024-03-19,2024-09-18,1000.0,854.0738812442003,-145.9261187557997,-145.9261187557997,0.0,-0.1459261187557997,-0.2700860937223042,0.1980664487623479,2024-06-18,2024-07-17,63,0.2073806784747041,-1.4009724955340337,-0.6780469732717809,-1.3636135519669452,3740.68662570045,9.390848372599685,9.350848372599684,0.04,2.3753937968,-148.30151255259975,0.0,4,4,4,1.0,0.6599896803370354,0.2199965601123451,15.75,13.5,19,18,0.0329540241206471,-0.100696218025421,0.1610835323126084,0.8389164676873916,0.4832505969378252,0.0,-0.0969080992764991,"{'2024-03': -0.003589916440425056, '2024-04': -0.026746216216565033, '2024-05': 0.0, '2024-06': -0.024787456587498258, '2024-07': -0.09690809927649913, '2024-08': 0.0, '2024-09': 0.0}",{'2024': -0.14592611875579997},837.2127241116002,1043.9926385665003,daily_mark_to_market_equity,L07__SPXL_SOXL__contraction_25,b,SPXL_SOXL,L07,contraction_25,stress,0,sha256:acd49d7f6e3e633cb9e24e4f31a698d59c7e8a2578e14056df443689e9c014bb,sensitivity_evaluation,W2,False,L07__SPXL_SOXL__contraction_25/stress/W2
spxl_soxl,OK,2024-09-19,2025-03-18,1000.0,592.2380542680755,-407.76194573192447,-407.76194573192447,0.0,-0.4077619457319245,-0.654572352572931,0.4212858968211954,2024-10-14,2025-02-21,105,0.2944841904378786,-3.4810068128547154,-2.1002027538762187,-1.553748552970783,7124.980423598276,17.90001442192467,17.81001442192467,0.09,0.0,-407.7619457319248,0.0,9,9,9,,,,8.777777777777779,6.0,23,31,0.022447957994893,-0.1329380971305936,0.2236059542345132,0.7763940457654868,0.6708178627035398,0.0,-0.2386993446871355,"{'2024-09': 0.0, '2024-10': -0.08487653289679986, '2024-11': -0.016011774657640365, '2024-12': -0.10365004596820093, '2025-01': -0.2386993446871355, '2025-02': -0.03618670794812606, '2025-03': 0.0}","{'2024': -0.19286311478012486, '2025': -0.2662483091616591}",590.3395113463005,1020.08834432,daily_mark_to_market_equity,L07__SPXL_SOXL__contraction_25,b,SPXL_SOXL,L07,contraction_25,stress,0,sha256:acd49d7f6e3e633cb9e24e4f31a698d59c7e8a2578e14056df443689e9c014bb,sensitivity_evaluation,W3,False,L07__SPXL_SOXL__contraction_25/stress/W3
spxl_soxl,OK,2025-03-19,2025-09-18,1000.0,1142.2445504759005,142.24455047590027,142.24455047590027,0.0,0.1422445504759002,0.3040116516032234,0.1135008826278687,2025-07-25,2025-09-02,38,0.233798967062233,1.2439095258610011,1.2155688044704924,2.678495925005055,7634.707462353999,19.14066687774961,19.080666877749607,0.06,3.38647985365,54.58203555275021,84.2760350695001,8,6,6,1.0,2.86633643408921,1.433168217044605,15.166666666666666,10.0,24,22,0.0730716029992255,-0.0552131014040455,0.2740235205906542,0.7259764794093457,0.8220705617719627,0.1362589644789993,-0.0922944604581261,"{'2025-03': 0.0, '2025-04': 0.0, '2025-05': 0.0, '2025-06': 0.13625896447899932, '2025-07': 0.0332374195625309, '2025-08': -0.09229446045812617, '2025-09': 0.07185653507420664}",{'2025': 0.14224455047590046},959.98686551535,1188.574837803075,daily_mark_to_market_equity,L07__SPXL_SOXL__contraction_25,b,SPXL_SOXL,L07,contraction_25,stress,0,sha256:acd49d7f6e3e633cb9e24e4f31a698d59c7e8a2578e14056df443689e9c014bb,sensitivity_evaluation,W4,False,L07__SPXL_SOXL__contraction_25/stress/W4
spxl_soxl,OK,2025-09-19,2026-03-18,1000.0,808.3334540519255,-191.66654594807449,-191.66654594807449,0.0,-0.1916665459480745,-0.3506395549362469,0.1916665459480745,2025-09-19,2026-03-02,123,0.1206536275572561,-3.5199170987350903,-2.0033248068584695,-1.8294249171226815,4483.555165193975,11.257760358074709,11.207760358074706,0.05,0.0,-191.66654594807463,0.0,5,5,5,,,,8.0,7.0,12,19,0.0149224105030401,-0.0408904590892278,0.1027819276622059,0.897218072337794,0.3083457829866179,0.0,-0.0588004951534135,"{'2025-09': 0.0, '2025-10': -0.03591024457302472, '2025-11': -0.03257651968961717, '2025-12': -0.02041200615944072, '2026-01': -0.02530158723640341, '2026-02': -0.05880049515341357, '2026-03': -0.035591435186027365}","{'2025': -0.0863548659719997, '2026': -0.1152654089140559}",808.3334540519255,1000.0,daily_mark_to_market_equity,L07__SPXL_SOXL__contraction_25,b,SPXL_SOXL,L07,contraction_25,stress,0,sha256:acd49d7f6e3e633cb9e24e4f31a698d59c7e8a2578e14056df443689e9c014bb,sensitivity_evaluation,W5,False,L07__SPXL_SOXL__contraction_25/stress/W5
spxl_soxl,OK,2026-03-19,2026-09-18,1000.0,1515.4853424480502,515.4853424480502,515.4853424480502,0.0,0.5154853424480503,1.292785964216459,0.0958002198879196,2026-04-24,2026-04-28,5,0.24184265661418,3.534755645851265,2.6204463067007273,13.494603308102413,3005.32331398095,7.536577171949938,7.516577171949939,0.02,0.0,515.4853424480501,0.0,2,2,2,1.0,,,22.0,22.0,23,11,0.0862574970683047,-0.0724485137494859,0.1406458631075501,0.8593541368924499,0.4219375893226504,0.4513744059940499,0.0,"{'2026-03': 0.0, '2026-04': 0.4513744059940499, '2026-05': 0.03949503653796316, '2026-06': 0.0, '2026-07': 0.0, '2026-08': 0.004499812453099272, '2026-09': 0.0}",{'2026': 0.5154853424480494},1000.0,1555.5341220085502,daily_mark_to_market_equity,L07__SPXL_SOXL__contraction_25,b,SPXL_SOXL,L07,contraction_25,stress,0,sha256:acd49d7f6e3e633cb9e24e4f31a698d59c7e8a2578e14056df443689e9c014bb,sensitivity_evaluation,W6,False,L07__SPXL_SOXL__contraction_25/stress/W6
spxl_soxl,OK,2023-09-19,2024-03-18,1000.0,1218.0489536708703,218.04895367087033,218.04895367087033,0.0,0.2180489536708703,0.4889073203655423,0.113491707586496,2024-03-07,2024-03-18,7,0.3420718142586977,1.3321167730343044,1.8271241023243472,4.307868220177484,6708.102066389731,6.83783598450963,6.7078359845096305,0.1299999999999999,1.15779188538,65.96362026638535,150.92754151910503,9,13,13,1.0,0.1603514972444766,1.9242179669337196,22.615384615384617,20.0,49,40,0.0799936044451488,-0.0592532301395321,0.3760690306583211,0.6239309693416788,1.128207091974963,0.1664344919003926,-0.0713723630424897,"{'2023-09': -0.07137236304248973, '2023-10': 0.0, '2023-11': 0.031190864317906852, '2023-12': 0.10507377602014434, '2024-01': -0.021050799312800628, '2024-02': 0.1664344919003926, '2024-03': 0.00802731168111892}","{'2023': 0.058210178171440585, '2024': 0.15104634107340398}",923.77997534626,1373.9848392785505,daily_mark_to_market_equity,L08__SPXL_SOXL__vol_target_40,b,SPXL_SOXL,L08,vol_target_40,base,0,sha256:acd49d7f6e3e633cb9e24e4f31a698d59c7e8a2578e14056df443689e9c014bb,sensitivity_evaluation,W1,False,L08__SPXL_SOXL__vol_target_40/base/W1
spxl_soxl,OK,2024-03-19,2024-09-18,1000.0,950.7970395129709,-49.20296048702926,-49.20296048702926,0.0,-0.0492029604870292,-0.0957980368517688,0.2533446345790332,2024-06-18,2024-08-05,63,0.3539489925572096,-0.1044458003539278,-0.1227201629014809,-0.378133276873814,11004.949464463329,11.144120159869152,11.004120159869151,0.14,1.29906955284,-135.732304828116,85.23027478824694,14,14,14,1.0,0.222547688492049,0.5563692212301226,18.071428571428573,14.0,66,55,0.0524331006505036,-0.1046451034444004,0.611988433886382,0.388011566113618,1.8359653016591455,0.0732267579518473,-0.1065775746627751,"{'2024-03': 0.05926882463268046, '2024-04': -0.10657757466277518, '2024-05': 0.0732267579518473, '2024-06': 0.026074670172943293, '2024-07': -0.09639213025389715, '2024-08': 0.03369857361418327, '2024-09': -0.02325679100386502}",{'2024': -0.04920296048703032},849.6040147478309,1137.8797422406806,daily_mark_to_market_equity,L08__SPXL_SOXL__vol_target_40,b,SPXL_SOXL,L08,vol_target_40,base,0,sha256:acd49d7f6e3e633cb9e24e4f31a698d59c7e8a2578e14056df443689e9c014bb,sensitivity_evaluation,W2,False,L08__SPXL_SOXL__vol_target_40/base/W2
spxl_soxl,OK,2024-09-19,2025-03-18,1000.0,1029.85604051295,29.85604051295013,29.85604051295013,0.0,0.0298560405129502,0.0615139107570603,0.1677990901924319,2024-12-06,2025-01-14,67,0.3268552152549512,0.3478417539807155,0.4199878378028708,0.3665926357915067,6253.590430747729,6.313624654149777,6.253624654149777,0.06,1.9461208070999996,27.909951899959225,-3.219410881293296e-05,9,6,6,1.0,1.3148474442801743,1.3148474442801743,112.66666666666669,123.0,64,56,0.073309586423294,-0.0875758039890752,0.7847687969186601,0.2152312030813399,2.35430639075598,0.1710615773084551,-0.0837774976268583,"{'2024-09': 0.012596340952799823, '2024-10': -0.04285670418174292, '2024-11': 0.17106157730845517, '2024-12': -0.08377749762685838, '2025-01': 0.019685689507097592, '2025-02': -0.02878315296717293, '2025-03': -2.7945652680827493e-08}","{'2024': 0.039905801813489905, '2025': -0.009664107348006157}",967.41881485133,1162.48228456639,daily_mark_to_market_equity,L08__SPXL_SOXL__vol_target_40,b,SPXL_SOXL,L08,vol_target_40,base,0,sha256:acd49d7f6e3e633cb9e24e4f31a698d59c7e8a2578e14056df443689e9c014bb,sensitivity_evaluation,W3,False,L08__SPXL_SOXL__vol_target_40/base/W3
spxl_soxl,OK,2025-03-19,2025-09-18,1000.0,1154.2590930523952,154.2590930523952,154.2590930523952,0.0,0.1542590930523952,0.3315309563013102,0.067965699524806,2025-08-28,2025-09-02,14,0.1763632043093961,1.7021702364505715,1.9100721497646476,4.877915751905247,5831.007872101445,5.920511563334658,5.8305115633346585,0.09,0.7314042607299999,89.5958680037652,63.93182078790012,11,9,9,1.0,0.3427403147741953,2.7419225181935625,19.444444444444443,15.0,48,40,0.056563804487431,-0.0515959121392582,0.286851530292069,0.713148469707931,0.8605545908762068,0.0816711788376418,-0.010572606967186,"{'2025-03': 0.0, '2025-04': 0.0, '2025-05': 0.008887334379419798, '2025-06': 0.0664309393524849, '2025-07': 0.0024176623698075606, '2025-08': -0.010572606967186093, '2025-09': 0.08167117883764186}",{'2025': 0.15425909305239482},989.09919799942,1154.2590930523952,daily_mark_to_market_equity,L08__SPXL_SOXL__vol_target_40,b,SPXL_SOXL,L08,vol_target_40,base,0,sha256:acd49d7f6e3e633cb9e24e4f31a698d59c7e8a2578e14056df443689e9c014bb,sensitivity_evaluation,W4,False,L08__SPXL_SOXL__vol_target_40/base/W4
spxl_soxl,OK,2025-09-19,2026-03-18,1000.0,1112.237324274541,112.23732427454092,112.23732427454092,0.0,0.1122373242745409,0.2409159192357814,0.1879031747126379,2025-10-29,2025-12-17,95,0.4226216342855446,0.723542588736321,0.8864510101368598,1.282127987481938,9319.89552811847,9.490017255459495,9.320017255459495,0.17,0.0,112.23732427454097,4.4601167680280585e-15,14,17,17,1.0,1.0154226598020792,3.300123644356758,64.11764705882354,49.0,61,48,0.0829133162146757,-0.1189811379095181,0.4057314889861488,0.5942685110138511,1.2171944669584462,0.1959955627052236,-0.0855304801471265,"{'2025-09': 0.0022816099473050855, '2025-10': 0.19599556270522367, '2025-11': -0.0855304801471265, '2025-12': -0.046041944845768845, '2026-01': 0.09224460640018428, '2026-02': 0.005432010342848459, '2026-03': -0.03148354474759807}","{'2025': 0.04572585150244146, '2026': 0.06360316394257648}",983.2570224202,1217.5199772780252,daily_mark_to_market_equity,L08__SPXL_SOXL__vol_target_40,b,SPXL_SOXL,L08,vol_target_40,base,0,sha256:acd49d7f6e3e633cb9e24e4f31a698d59c7e8a2578e14056df443689e9c014bb,sensitivity_evaluation,W5,False,L08__SPXL_SOXL__vol_target_40/base/W5
spxl_soxl,OK,2026-03-19,2026-09-18,1000.0,1633.050324326987,633.050324326987,633.050324326987,0.0,0.6330503243269869,1.661498265048197,0.1893484170723925,2026-06-22,2026-07-29,62,0.4366170634258016,2.450521455023958,3.4833752336524846,8.77481993637668,7303.574491971704,7.442586239013583,7.302586239013583,0.14,0.0,666.1342639542,-33.083939627213255,11,14,14,1.0,2.540687828814533,15.244126972887198,49.0,38.5,71,49,0.0706869241074912,-0.0979622525523707,0.5122122639804549,0.487787736019545,1.5366367919413646,0.3787481710787952,-0.1144913448149979,"{'2026-03': -0.028773467625399896, '2026-04': 0.3787481710787952, '2026-05': 0.2639571918409369, '2026-06': 0.04968318097735591, '2026-07': -0.1144913448149979, '2026-08': 0.05893474679297794, '2026-09': -0.019739580323601014}",{'2026': 0.6330503243269872},962.08753650986,1833.5665418732451,daily_mark_to_market_equity,L08__SPXL_SOXL__vol_target_40,b,SPXL_SOXL,L08,vol_target_40,base,0,sha256:acd49d7f6e3e633cb9e24e4f31a698d59c7e8a2578e14056df443689e9c014bb,sensitivity_evaluation,W6,False,L08__SPXL_SOXL__vol_target_40/base/W6
spxl_soxl,OK,2023-09-19,2024-03-18,1000.0,1205.353359473223,205.353359473223,205.353359473223,0.0,0.205353359473223,0.4577573474019412,0.1135627479393902,2024-03-07,2024-03-18,7,0.342504877382063,1.2690991462609138,1.731485519961694,4.030875931658959,6675.778315834137,16.817797536937057,16.687797536937058,0.1299999999999999,1.14985464516,55.337140771628654,148.86636405643435,9,13,13,1.0,0.3151183329490227,1.733150831219625,29.076923076923077,35.0,47,42,0.0799966481073299,-0.0592571054922151,0.3761465499199435,0.6238534500800565,1.1284396497598304,0.1661239569671513,-0.0742381851212249,"{'2023-09': -0.07423818512122493, '2023-10': 0.0, '2023-11': 0.030377023007567283, '2023-12': 0.10164320685446127, '2024-01': -0.024067675710973124, '2024-02': 0.16612395696715132, '2024-03': 0.007891012719540402}","{'2023': 0.050839501350609995, '2024': 0.1470384943885541}",922.2949754456502,1359.7729074125232,daily_mark_to_market_equity,L08__SPXL_SOXL__vol_target_40,b,SPXL_SOXL,L08,vol_target_40,stress,0,sha256:acd49d7f6e3e633cb9e24e4f31a698d59c7e8a2578e14056df443689e9c014bb,sensitivity_evaluation,W1,False,L08__SPXL_SOXL__vol_target_40/stress/W1
spxl_soxl,OK,2024-03-19,2024-09-18,1000.0,935.0819304168356,-64.91806958316454,-64.91806958316454,0.0,-0.0649180695831644,-0.1253812206016098,0.2567635997630864,2024-06-18,2024-08-05,63,0.3542013158689182,-0.1974444406585505,-0.2327466295643487,-0.4883138447867923,10920.378818007071,27.43584902012455,27.29584902012455,0.14,1.2864584169600002,-148.99875935359694,82.79423135347227,14,14,14,1.0,0.2068005074241936,0.5170012685604841,18.071428571428573,14.0,65,56,0.0524384389680607,-0.1046542736058921,0.6122376800528543,0.3877623199471457,1.8367130401585627,0.0723809767648615,-0.1106593374246316,"{'2024-03': 0.05778382465169973, '2024-04': -0.11065933742463163, '2024-05': 0.07238097676486155, '2024-06': 0.021469399016607715, '2024-07': -0.09918747847617637, '2024-08': 0.03146093629516966, '2024-09': -0.023386030339749952}",{'2024': -0.06491806958316315},837.4916768608105,1126.817357968275,daily_mark_to_market_equity,L08__SPXL_SOXL__vol_target_40,b,SPXL_SOXL,L08,vol_target_40,stress,0,sha256:acd49d7f6e3e633cb9e24e4f31a698d59c7e8a2578e14056df443689e9c014bb,sensitivity_evaluation,W2,False,L08__SPXL_SOXL__vol_target_40/stress/W2
spxl_soxl,OK,2024-09-19,2025-03-18,1000.0,1020.5578203237,20.557820323699957,20.557820323699957,0.0,0.0205578203237,0.0421566250413139,0.1702822485044859,2024-12-06,2025-01-14,67,0.3275357182815393,0.2910496740474376,0.3493717198101612,0.2475691119394827,6233.1920016838,15.643194115299826,15.583194115299824,0.06,1.943239959,18.61458036470026,0.0,9,6,6,1.0,1.1973709309816278,1.1973709309816278,31.0,14.0,58,47,0.0733118770963465,-0.0875782288253727,0.7849687570429295,0.2150312429570705,2.3549062711287885,0.171029580529366,-0.0837798229992579,"{'2024-09': 0.011361647681999987, '2024-10': -0.04310720777915811, '2024-11': 0.171029580529366, '2024-12': -0.0837798229992579, '2025-01': 0.016735816418029792, '2025-02': -0.03329934842529547, '2025-03': 0.0}","{'2024': 0.03833497038600053, '2025': -0.01712082378935187}",963.0782880390002,1160.730002827,daily_mark_to_market_equity,L08__SPXL_SOXL__vol_target_40,b,SPXL_SOXL,L08,vol_target_40,stress,0,sha256:acd49d7f6e3e633cb9e24e4f31a698d59c7e8a2578e14056df443689e9c014bb,sensitivity_evaluation,W3,False,L08__SPXL_SOXL__vol_target_40/stress/W3
spxl_soxl,OK,2025-03-19,2025-09-18,1000.0,1144.9013043647703,144.90130436477034,144.90130436477034,0.0,0.1449013043647704,0.3100722504459106,0.0679762622746473,2025-08-28,2025-09-02,14,0.1766239270989641,1.6083737302622925,1.8068540211145585,4.561478375982377,5808.77940075035,14.608874954749666,14.518874954749666,0.09,0.7302430595199999,81.62693572600026,62.54412557925008,11,9,9,1.0,0.317431974874099,2.539455798992792,19.444444444444443,15.0,47,41,0.056573622155245,-0.0516039308121561,0.2868728327054231,0.7131271672945769,0.8606184981162696,0.0784305387692725,-0.0122199994631437,"{'2025-03': 0.0, '2025-04': 0.0, '2025-05': 0.00826489600207525, '2025-06': 0.06536731820189656, '2025-07': 0.0005565210190368042, '2025-08': -0.012219999463143782, '2025-09': 0.07843053876927253}",{'2025': 0.14490130436477},988.488664192075,1144.9013043647703,daily_mark_to_market_equity,L08__SPXL_SOXL__vol_target_40,b,SPXL_SOXL,L08,vol_target_40,stress,0,sha256:acd49d7f6e3e633cb9e24e4f31a698d59c7e8a2578e14056df443689e9c014bb,sensitivity_evaluation,W4,False,L08__SPXL_SOXL__vol_target_40/stress/W4
spxl_soxl,OK,2025-09-19,2026-03-18,1000.0,1097.6643197885633,97.66431978856326,97.66431978856326,0.0,0.0976643197885631,0.2081461010920164,0.1929006073355771,2025-10-29,2025-12-17,95,0.422852763984278,0.6599410503832283,0.8094715627468986,1.0790328966145644,9261.025881473335,23.323320876437037,23.153320876437036,0.17,0.0,97.66431978856328,0.0,14,17,17,1.0,1.1616313564590954,2.787915255501829,25.0,21.0,60,49,0.0829255666409189,-0.1189966254553391,0.405785535276959,0.594214464723041,1.2173566058308771,0.1955045612055979,-0.0890911550836216,"{'2025-09': 0.0012633394050625135, '2025-10': 0.1955045612055979, '2025-11': -0.08909115508362164, '2025-12': -0.04966365110673676, '2026-01': 0.09059040016721909, '2026-02': 0.005357752403091887, '2026-03': -0.03387029894884852}","{'2025': 0.036219622819025465, '2026': 0.05929698262457017}",981.25900938675,1215.7845964267,daily_mark_to_market_equity,L08__SPXL_SOXL__vol_target_40,b,SPXL_SOXL,L08,vol_target_40,stress,0,sha256:acd49d7f6e3e633cb9e24e4f31a698d59c7e8a2578e14056df443689e9c014bb,sensitivity_evaluation,W5,False,L08__SPXL_SOXL__vol_target_40/stress/W5
spxl_soxl,OK,2026-03-19,2026-09-18,1000.0,1621.1703794867606,621.1703794867606,621.1703794867606,0.0,0.6211703794867605,1.62299442007405,0.1906278929404586,2026-06-22,2026-07-29,62,0.4370288650860851,2.4153530462279917,3.423961781668795,8.513939880670986,7276.460747905365,18.32504252723965,18.185042527239645,0.14,0.0,656.4897156808377,-35.31933619407765,11,14,14,1.0,2.4373198716084055,14.623919229650433,49.0,38.5,70,50,0.0706897550227103,-0.0979638654749117,0.5122490570841426,0.4877509429158574,1.5367471712524274,0.3777971152932886,-0.1158204034562285,"{'2026-03': -0.029908206743500032, '2026-04': 0.37779711529328863, '2026-05': 0.2633861249737677, '2026-06': 0.04947951542151929, '2026-07': -0.11582040345622857, '2026-08': 0.05556753766621858, '2026-09': -0.01984677144623881}",{'2026': 0.621170379486758},961.49916171965,1829.121871648963,daily_mark_to_market_equity,L08__SPXL_SOXL__vol_target_40,b,SPXL_SOXL,L08,vol_target_40,stress,0,sha256:acd49d7f6e3e633cb9e24e4f31a698d59c7e8a2578e14056df443689e9c014bb,sensitivity_evaluation,W6,False,L08__SPXL_SOXL__vol_target_40/stress/W6
spxl_soxl,OK,2023-09-19,2024-03-18,1000.0,1355.445209044925,355.4452090449249,355.4452090449249,0.0,0.3554452090449249,0.8472920926191156,0.1648270522951626,2024-03-07,2024-03-18,7,0.5003868223981612,1.472270001736652,2.0262417187204407,5.1404916900524,7151.106423292315,7.2806341264346095,7.15063412643461,0.1299999999999999,1.79184810636,100.07851266269296,253.57484827587223,10,13,13,1.0,0.2001835495754306,2.4022025949051673,22.615384615384617,20.0,48,41,0.1203669505524864,-0.0866072581541846,0.4914830180010386,0.5085169819989613,1.4744490540031163,0.257663016231358,-0.0713723630424897,"{'2023-09': -0.07137236304248973, '2023-10': 0.0, '2023-11': 0.04580967419071813, '2023-12': 0.13591220175204977, '2024-01': -0.03242390861620248, '2024-02': 0.257663016231358, '2024-03': 0.009702715479757096}","{'2023': 0.10316131586001065, '2024': 0.22869175120434515}",923.77997534626,1622.9515249145252,daily_mark_to_market_equity,L08__SPXL_SOXL__vol_target_60,b,SPXL_SOXL,L08,vol_target_60,base,0,sha256:acd49d7f6e3e633cb9e24e4f31a698d59c7e8a2578e14056df443689e9c014bb,sensitivity_evaluation,W1,False,L08__SPXL_SOXL__vol_target_60/base/W1
spxl_soxl,OK,2024-03-19,2024-09-18,1000.0,956.9111281045908,-43.08887189540917,-43.08887189540917,0.0,-0.0430888718954092,-0.0841557876014,0.3033190150817585,2024-06-18,2024-08-05,63,0.4474983408428187,0.0331353537974869,0.0361655002485502,-0.2774497588907052,10925.94757096743,11.01496420126919,10.92496420126919,0.09,2.07634928586,-148.40197975693923,103.23675857566997,15,9,9,1.0,0.426482103067214,0.5331026288340176,15.555555555555555,14.0,65,56,0.0850845088396894,-0.1562581446111154,0.6535508537185135,0.3464491462814865,1.9606525611555403,0.1089911795007747,-0.1596954196687446,"{'2024-03': 0.05926882463268046, '2024-04': -0.10657757466277518, '2024-05': 0.10899117950077475, '2024-06': 0.01997748364759011, '2024-07': -0.15969541966874468, '2024-08': 0.08677263880928598, '2024-09': -0.02115379402754869}",{'2024': -0.043088871895409},851.7599237838808,1222.5967727306904,daily_mark_to_market_equity,L08__SPXL_SOXL__vol_target_60,b,SPXL_SOXL,L08,vol_target_60,base,0,sha256:acd49d7f6e3e633cb9e24e4f31a698d59c7e8a2578e14056df443689e9c014bb,sensitivity_evaluation,W2,False,L08__SPXL_SOXL__vol_target_60/base/W2
spxl_soxl,OK,2024-09-19,2025-03-18,1000.0,1032.9428789419503,32.94287894195031,32.94287894195031,0.0,0.0329428789419503,0.067980125748573,0.1685115402263126,2024-12-06,2025-01-14,67,0.3353124803032555,0.3657092508613638,0.4435934783670782,0.4034152536809945,6164.12153810655,6.204158717049798,6.164158717049798,0.04,1.968094209,30.974784732950127,0.0,4,4,4,1.0,4.1029489943860336,1.3676496647953449,39.0,21.0,60,48,0.0736983899492969,-0.0879871325425578,0.8223566819848305,0.1776433180151695,2.4670700459544914,0.1722941480698927,-0.0841719585026127,"{'2024-09': 0.015149968231600086, '2024-10': -0.04001978098937531, '2024-11': 0.17229414806989274, '2024-12': -0.08417195850261272, '2025-01': 0.01843875556753871, '2025-02': -0.030610380552960725, '2025-03': 0.0}","{'2024': 0.04626819494060008, '2025': -0.012736042310267814}",973.0316370052002,1170.2286731316003,daily_mark_to_market_equity,L08__SPXL_SOXL__vol_target_60,b,SPXL_SOXL,L08,vol_target_60,base,0,sha256:acd49d7f6e3e633cb9e24e4f31a698d59c7e8a2578e14056df443689e9c014bb,sensitivity_evaluation,W3,False,L08__SPXL_SOXL__vol_target_60/base/W3
spxl_soxl,OK,2025-03-19,2025-09-18,1000.0,1182.8630071683451,182.86300716834535,182.86300716834535,0.0,0.1828630071683452,0.398202222422793,0.100710042715195,2025-08-28,2025-09-02,14,0.251516336743614,1.44959645810411,1.5975199106847715,3.953947507984849,6703.666358065385,6.792831308854611,6.702831308854611,0.09,1.1195083821999998,81.95090694470531,99.7925918414402,11,9,9,1.0,0.2525900841786372,2.020720673429098,27.22222222222222,21.0,48,40,0.0887839978088722,-0.0764536604758646,0.3352064163026014,0.6647935836973986,1.005619248907804,0.1007626697307249,-0.037384188671199,"{'2025-03': 0.0, '2025-04': 0.0, '2025-05': 0.013168166064380094, '2025-06': 0.1007626697307249, '2025-07': 0.019625455728119467, '2025-08': -0.03738418867119908, '2025-09': 0.08060148748072526}",{'2025': 0.18286300716834458},983.14934574438,1185.2506373923954,daily_mark_to_market_equity,L08__SPXL_SOXL__vol_target_60,b,SPXL_SOXL,L08,vol_target_60,base,0,sha256:acd49d7f6e3e633cb9e24e4f31a698d59c7e8a2578e14056df443689e9c014bb,sensitivity_evaluation,W4,False,L08__SPXL_SOXL__vol_target_60/base/W4
spxl_soxl,OK,2025-09-19,2026-03-18,1000.0,1121.769592126536,121.76959212653604,121.76959212653604,0.0,0.121769592126536,0.2625914681364427,0.2785763264689517,2025-10-29,2025-12-17,95,0.6329651653720128,0.6880931889007367,0.8363091217597419,0.942619466143723,9654.272094523203,9.824403688464464,9.654403688464464,0.17,0.0,121.7695905831802,1.5433553017671972e-06,13,17,17,1.0,1.3405015684034451,3.2172037641682683,35.294117647058826,28.0,67,52,0.1328734666032049,-0.1779187216859664,0.5589489278784237,0.4410510721215763,1.676846783635271,0.2903554768343823,-0.1396551841273875,"{'2025-09': 0.002989209120300318, '2025-10': 0.29035547683438234, '2025-11': -0.13965518412738753, '2025-12': -0.05366945328968309, '2026-01': 0.1267273392948549, '2026-02': 0.00741998857831172, '2026-03': -0.0621071343582299}","{'2025': 0.053709838766190954, '2026': 0.06459060251353232}",955.5342261009056,1324.5118799941652,daily_mark_to_market_equity,L08__SPXL_SOXL__vol_target_60,b,SPXL_SOXL,L08,vol_target_60,base,0,sha256:acd49d7f6e3e633cb9e24e4f31a698d59c7e8a2578e14056df443689e9c014bb,sensitivity_evaluation,W5,False,L08__SPXL_SOXL__vol_target_60/base/W5
spxl_soxl,OK,2026-03-19,2026-09-18,1000.0,1943.047207988986,943.047207988986,943.047207988986,0.0,0.943047207988986,2.7651683187218254,0.2359436116608961,2026-06-22,2026-07-29,62,0.6081742955964756,2.476685557204462,3.228130582981597,11.719615120141468,8977.824712118214,9.09729835601449,8.97729835601449,0.12,0.0,974.8281388366252,-31.780930847639677,8,12,12,1.0,1.9592560095644345,9.79628004782217,52.5,46.0,70,50,0.1046214206555038,-0.143889062203207,0.5410359256230021,0.4589640743769979,1.623107776869006,0.5995745932569758,-0.1577489188333013,"{'2026-03': -0.04315519954839986, '2026-04': 0.5995745932569758, '2026-05': 0.39394926583300793, '2026-06': 0.0732075366588234, '2026-07': -0.15774891883330133, '2026-08': 0.023925104448052847, '2026-09': -0.0159959089319216}",{'2026': 0.943047207988986},943.13130725556,2401.37223004556,daily_mark_to_market_equity,L08__SPXL_SOXL__vol_target_60,b,SPXL_SOXL,L08,vol_target_60,base,0,sha256:acd49d7f6e3e633cb9e24e4f31a698d59c7e8a2578e14056df443689e9c014bb,sensitivity_evaluation,W6,False,L08__SPXL_SOXL__vol_target_60/base/W6
spxl_soxl,OK,2023-09-19,2024-03-18,1000.0,1340.832890789358,340.83289078935786,340.83289078935786,0.0,0.3408328907893578,0.8073256963628894,0.1649422880367257,2024-03-07,2024-03-18,7,0.5007840758347815,1.4277585641093873,1.9651004796379936,4.8945949881763,7117.155747852761,17.919968225062007,17.789968225062008,0.1299999999999999,1.77927951942,89.03125607979132,250.02235519014656,10,13,13,1.0,0.6543828578395331,2.181276192798443,39.23076923076923,22.0,47,42,0.1203767392050023,-0.0866114776335869,0.4916219867306237,0.5083780132693763,1.4748659601918714,0.2571509146218877,-0.0742381851212249,"{'2023-09': -0.07423818512122493, '2023-10': 0.0, '2023-11': 0.04460584817970381, '2023-12': 0.13262487763504138, '2024-01': -0.035439780408545785, '2024-02': 0.25715091462188777, '2024-03': 0.009531976319651303}","{'2023': 0.09531191681006979, '2024': 0.22415621542247943}",922.2949754456502,1605.6769149966578,daily_mark_to_market_equity,L08__SPXL_SOXL__vol_target_60,b,SPXL_SOXL,L08,vol_target_60,stress,0,sha256:acd49d7f6e3e633cb9e24e4f31a698d59c7e8a2578e14056df443689e9c014bb,sensitivity_evaluation,W1,False,L08__SPXL_SOXL__vol_target_60/stress/W1
spxl_soxl,OK,2024-03-19,2024-09-18,1000.0,941.3198545676402,-58.68014543235984,-58.68014543235984,0.0,-0.0586801454323598,-0.1136972997942843,0.3065033621898437,2024-06-18,2024-08-05,63,0.447895593315584,-0.0392483570087662,-0.0429179997377366,-0.3709496006241585,10842.162671839,27.189353314199657,27.099353314199657,0.09,2.05550903184,-161.17635406637447,100.44069960217492,15,9,9,1.0,0.3973585127715984,0.496698140964498,15.555555555555555,14.0,65,56,0.0850924527051935,-0.1562696993405234,0.6540295629232779,0.3459704370767221,1.9620886887698328,0.1077264258931098,-0.1622874964988465,"{'2024-03': 0.05778382465169973, '2024-04': -0.11065933742463163, '2024-05': 0.10772642589310988, '2024-06': 0.01539885010311659, '2024-07': -0.16228749649884655, '2024-08': 0.0849399257083494, '2024-09': -0.021181261249173744}",{'2024': -0.05868014543235933},839.3300530675903,1210.2871265792,daily_mark_to_market_equity,L08__SPXL_SOXL__vol_target_60,b,SPXL_SOXL,L08,vol_target_60,stress,0,sha256:acd49d7f6e3e633cb9e24e4f31a698d59c7e8a2578e14056df443689e9c014bb,sensitivity_evaluation,W2,False,L08__SPXL_SOXL__vol_target_60/stress/W2
spxl_soxl,OK,2024-09-19,2025-03-18,1000.0,1023.93970500485,23.93970500485,23.93970500485,0.0,0.0239397050048499,0.0491762166718654,0.1711941562969873,2024-12-06,2025-01-14,67,0.3363762027333466,0.3122789590477774,0.3800156796665466,0.2872540613276229,6143.098057686249,15.39797870414984,15.35797870414984,0.04,1.968094209,21.971610795850083,0.0,4,4,4,1.0,3.7338933797951994,1.2446311265983998,39.0,21.0,59,49,0.0738064548178145,-0.0881013698992331,0.8234585036446842,0.1765414963553158,2.4703755109340526,0.172557094164605,-0.0842815128539751,"{'2024-09': 0.01366496842899978, '2024-10': -0.04007840920354855, '2024-11': 0.17255709416460507, '2024-12': -0.08428151285397512, '2025-01': 0.015438647695582342, '2025-02': -0.03485066317219743, '2025-03': 0.0}","{'2024': 0.04478319513800044, '2025': -0.019950062587288264}",968.6615862460002,1168.743673329,daily_mark_to_market_equity,L08__SPXL_SOXL__vol_target_60,b,SPXL_SOXL,L08,vol_target_60,stress,0,sha256:acd49d7f6e3e633cb9e24e4f31a698d59c7e8a2578e14056df443689e9c014bb,sensitivity_evaluation,W3,False,L08__SPXL_SOXL__vol_target_60/stress/W3
spxl_soxl,OK,2025-03-19,2025-09-18,1000.0,1172.0672537073729,172.06725370737286,172.06725370737286,0.0,0.1720672537073728,0.3728480540041561,0.1007325465065733,2025-08-28,2025-09-02,14,0.2516199121162387,1.376719121784939,1.5098548446343891,3.701366310438957,6675.928442796314,16.774653827837167,16.684653827837167,0.09,1.11688390021,73.41656519346272,97.53380461370011,11,9,9,1.0,0.2359845927322311,1.8878767418578488,19.444444444444443,15.0,48,40,0.088807464134476,-0.0764707441467583,0.3352525836916654,0.6647474163083347,1.0057577510749962,0.0991358429743158,-0.0390639259481199,"{'2025-03': 0.0, '2025-04': 0.0, '2025-05': 0.012249422371475083, '2025-06': 0.09913584297431588, '2025-07': 0.01755249151529914, '2025-08': -0.039063925948119915, '2025-09': 0.07736361643038348}",{'2025': 0.17206725370737286},982.2573782214748,1177.9844830216475,daily_mark_to_market_equity,L08__SPXL_SOXL__vol_target_60,b,SPXL_SOXL,L08,vol_target_60,stress,0,sha256:acd49d7f6e3e633cb9e24e4f31a698d59c7e8a2578e14056df443689e9c014bb,sensitivity_evaluation,W4,False,L08__SPXL_SOXL__vol_target_60/stress/W4
spxl_soxl,OK,2025-09-19,2026-03-18,1000.0,1107.0062000565008,107.0062000565008,107.0062000565008,0.0,0.1070062000565008,0.229101691635329,0.2830628639305501,2025-10-29,2025-12-17,95,0.633429866477419,0.645510681821652,0.7845136927693632,0.8093668256375002,9596.867602562876,24.162988813499425,23.992988813499423,0.17,0.0,107.00619858543128,1.4710694100993525e-06,13,17,17,1.0,1.144547527779678,2.746914066671227,64.11764705882354,49.0,68,52,0.1328817409396128,-0.1779278297589928,0.5591205337940022,0.4408794662059978,1.6773616013820063,0.2900943092904853,-0.1427873744106745,"{'2025-09': 0.0015116370907501953, '2025-10': 0.2900943092904853, '2025-11': -0.14278737441067457, '2025-12': -0.05757245866558869, '2026-01': 0.12501966595788927, '2026-02': 0.007312971827303949, '2026-03': -0.06413862257499414}","{'2025': 0.0437920574572257, '2026': 0.06056200767926012}",948.0019209594752,1322.294345298975,daily_mark_to_market_equity,L08__SPXL_SOXL__vol_target_60,b,SPXL_SOXL,L08,vol_target_60,stress,0,sha256:acd49d7f6e3e633cb9e24e4f31a698d59c7e8a2578e14056df443689e9c014bb,sensitivity_evaluation,W5,False,L08__SPXL_SOXL__vol_target_60/stress/W5
spxl_soxl,OK,2026-03-19,2026-09-18,1000.0,1927.626969639563,927.626969639563,927.626969639563,0.0,0.9276269696395628,2.705764877495594,0.2372050111005629,2026-06-22,2026-07-29,62,0.608514981714543,2.4495322163454167,3.1914936676998855,11.406862211475314,8939.508148438686,22.4655413954371,22.3455413954371,0.12,0.0,961.400004664938,-33.773035025375144,8,12,12,1.0,1.8929034666290432,9.464517333145215,52.5,46.0,70,50,0.1047029314533682,-0.14389274489387,0.5410796947214446,0.4589203052785554,1.6232390841643345,0.5981998861607036,-0.1590200905095116,"{'2026-03': -0.04485730815100031, '2026-04': 0.5981998861607036, '2026-05': 0.3932336262271543, '2026-06': 0.07288620771270282, '2026-07': -0.1590200905095116, '2026-08': 0.020853263090174323, '2026-09': -0.01599548954893104}",{'2026': 0.9276269696395638},942.2487451089,2393.4373322524752,daily_mark_to_market_equity,L08__SPXL_SOXL__vol_target_60,b,SPXL_SOXL,L08,vol_target_60,stress,0,sha256:acd49d7f6e3e633cb9e24e4f31a698d59c7e8a2578e14056df443689e9c014bb,sensitivity_evaluation,W6,False,L08__SPXL_SOXL__vol_target_60/stress/W6
spxl_soxl,OK,2023-09-19,2024-03-18,1000.0,1508.70277506417,508.70277506417005,508.70277506417005,0.0,0.5087027750641702,1.2930543613769552,0.1241484701186241,2023-12-27,2024-01-04,15,0.4239663236864311,2.167343800402651,3.282383987191759,10.41538699704828,3653.1890687151695,3.722909317649831,3.652909317649831,0.07,2.8465799918199997,258.97577620895066,246.88041886339957,8,7,7,1.0,8.201824500115649,3.2807298000462595,38.714285714285715,28.0,68,48,0.0977533458881843,-0.0682225872404518,0.7583025084509303,0.2416974915490697,2.274907525352791,0.2256927894847453,-0.0751533543502003,"{'2023-09': -0.07515335435020032, '2023-10': -0.04151625221243338, '2023-11': 0.059664570736688294, '2023-12': 0.20105463299262993, '2024-01': 0.029074562170595453, '2024-02': 0.22569278948474536, '2024-03': 0.06020429412192274}","{'2023': 0.12819885876646864, '2024': 0.33726670909216216}",883.07745928002,1642.42627716647,daily_mark_to_market_equity,L09__SPXL_SOXL__cooldown_15,b,SPXL_SOXL,L09,cooldown_15,base,0,sha256:acd49d7f6e3e633cb9e24e4f31a698d59c7e8a2578e14056df443689e9c014bb,sensitivity_evaluation,W1,False,L09__SPXL_SOXL__cooldown_15/base/W1
spxl_soxl,OK,2024-03-19,2024-09-18,1000.0,1124.0091004039,124.0091004039,124.0091004039,0.0,0.1240091004038999,0.2627913020293608,0.2309316357310014,2024-07-10,2024-08-05,49,0.447697076947085,0.7433402688227236,0.9460545977906182,1.13796146291308,3538.417641509,3.597823795739846,3.537823795739846,0.06,2.81343889964,-2.849701584419958,124.04536308868002,7,6,6,1.0,0.9739696999022054,0.9739696999022054,22.833333333333332,18.0,76,51,0.0696514936438483,-0.1116370619401483,0.84079418167198,0.15920581832802,2.52238254501594,0.1566895470629403,-0.1869818416922949,"{'2024-03': 0.0917784017379899, '2024-04': -0.18698184169229493, '2024-05': 0.15668954706294036, '2024-06': 0.11549792139816173, '2024-07': -0.008631011664311683, '2024-08': 0.04004346192852526, '2024-09': -0.04816276576541745}",{'2024': 0.12400910040390123},868.1750850355501,1317.59050223881,daily_mark_to_market_equity,L09__SPXL_SOXL__cooldown_15,b,SPXL_SOXL,L09,cooldown_15,base,0,sha256:acd49d7f6e3e633cb9e24e4f31a698d59c7e8a2578e14056df443689e9c014bb,sensitivity_evaluation,W2,False,L09__SPXL_SOXL__cooldown_15/base/W2
spxl_soxl,OK,2024-09-19,2025-03-18,1000.0,772.5967365091556,-227.40326349084444,-227.40326349084444,0.0,-0.2274032634908444,-0.4075691068433716,0.2818376319056884,2024-10-14,2025-03-11,105,0.3430638200685301,-1.3656332572262764,-1.5242391351874915,-1.4461131541857293,6773.404903384924,6.923182533944605,6.773182533944604,0.15,1.8893589681,-229.29262245894452,0.0,16,15,15,1.0,0.4604105718153737,0.1674220261146813,26.466666666666665,5.0,63,52,0.0453774476048185,-0.0856059690571273,0.6629787675152313,0.3370212324847687,1.988936302545694,0.0596297068126454,-0.1183178280493062,"{'2024-09': 0.01592927727864013, '2024-10': -0.05060866425988264, '2024-11': 0.059629706812645455, '2024-12': -0.02217981045841022, '2025-01': -0.04612662329975503, '2025-02': -0.08076147513848064, '2025-03': -0.11831782804930624}","{'2024': -0.0006402233855895556, '2025': -0.22690831211305473}",772.5967365091556,1075.7967429556202,daily_mark_to_market_equity,L09__SPXL_SOXL__cooldown_15,b,SPXL_SOXL,L09,cooldown_15,base,0,sha256:acd49d7f6e3e633cb9e24e4f31a698d59c7e8a2578e14056df443689e9c014bb,sensitivity_evaluation,W3,False,L09__SPXL_SOXL__cooldown_15/base/W3
spxl_soxl,OK,2025-03-19,2025-09-18,1000.0,1523.69561730029,523.69561730029,523.69561730029,0.0,0.52369561730029,1.3176446755864926,0.0876382728156809,2025-07-30,2025-08-01,9,0.2985760368922754,2.950629352684309,3.831542535885455,15.035037013540151,1985.3740813317695,2.014415437209838,1.9844154372098384,0.03,3.5813086075000005,-12.518893075529924,532.6332017683201,9,3,3,1.0,0.5965731141819369,0.2982865570909684,2.3333333333333335,2.0,59,36,0.0631989236609766,-0.0494732152074079,0.611553204384509,0.388446795615491,1.8346596131535269,0.2428444045009643,-0.0158211663394002,"{'2025-03': -0.015821166339400228, '2025-04': -0.0020517583853427723, '2025-05': -0.0011602463617950143, '2025-06': 0.24284440450096434, '2025-07': 0.030170633728858975, '2025-08': 0.045295405421892365, '2025-09': 0.16052738544914225}",{'2025': 0.5236956173002889},962.99664548024,1523.69561730029,daily_mark_to_market_equity,L09__SPXL_SOXL__cooldown_15,b,SPXL_SOXL,L09,cooldown_15,base,0,sha256:acd49d7f6e3e633cb9e24e4f31a698d59c7e8a2578e14056df443689e9c014bb,sensitivity_evaluation,W4,False,L09__SPXL_SOXL__cooldown_15/base/W4
spxl_soxl,OK,2025-09-19,2026-03-18,1000.0,918.0933413067456,-81.90665869325437,-81.90665869325437,0.0,-0.0819066586932544,-0.159202894532543,0.226686407165972,2025-10-08,2025-11-20,110,0.4539650700642905,-0.1530559635694107,-0.1791072419807955,-0.7023045471622835,6486.836197716705,6.576412809774418,6.486412809774418,0.09,0.47927148152,-50.58358975177448,-31.80234042299993,9,9,9,1.0,0.540943295886951,0.6761791198586888,26.444444444444443,5.0,63,59,0.0738993255788171,-0.128742939571769,0.7468333261985721,0.2531666738014279,2.2404999785957163,0.072832859680973,-0.114044443843302,"{'2025-09': -0.002459910670099763, '2025-10': 0.07283285968097308, '2025-11': -0.11404444384330203, '2025-12': 0.011949596368089788, '2026-01': 0.06029458761780737, '2026-02': -0.0371022185316372, '2026-03': -0.0627685269950724}","{'2025': -0.040525928854616144, '2026': -0.04312855457286213}",854.8751420854202,1105.4702128699,daily_mark_to_market_equity,L09__SPXL_SOXL__cooldown_15,b,SPXL_SOXL,L09,cooldown_15,base,0,sha256:acd49d7f6e3e633cb9e24e4f31a698d59c7e8a2578e14056df443689e9c014bb,sensitivity_evaluation,W5,False,L09__SPXL_SOXL__cooldown_15/base/W5
spxl_soxl,OK,2026-03-19,2026-09-18,1000.0,1140.4097011607255,140.4097011607255,140.4097011607255,0.0,0.1404097011607255,0.2998341714951487,0.2607328266862468,2026-05-14,2026-07-20,87,0.4853571075326672,0.7799291840279075,0.9378779535463244,1.149967095842345,8727.942935932435,8.817089032794456,8.727089032794456,0.09,1.23392050852,-30.81962340426459,169.99540405647022,12,9,9,1.0,3.1932468960250646,0.9123562560071612,6.0,3.0,64,52,0.0933474885328924,-0.1116747695127546,0.6033888751852357,0.3966111248147643,1.8101666255557072,0.2466259058392148,-0.1104370243365168,"{'2026-03': -0.06850879447843994, '2026-04': 0.15711460395902033, '2026-05': 0.24662590583921484, '2026-06': -0.0959195449607182, '2026-07': -0.11043702433651681, '2026-08': 0.020315264482187123, '2026-09': 0.0343117496380978}",{'2026': 0.14040970116072637},913.66470570204,1376.80205974839,daily_mark_to_market_equity,L09__SPXL_SOXL__cooldown_15,b,SPXL_SOXL,L09,cooldown_15,base,0,sha256:acd49d7f6e3e633cb9e24e4f31a698d59c7e8a2578e14056df443689e9c014bb,sensitivity_evaluation,W6,False,L09__SPXL_SOXL__cooldown_15/base/W6
spxl_soxl,OK,2023-09-19,2024-03-18,1000.0,1500.7318501892253,500.73185018922527,500.73185018922527,0.0,0.5007318501892253,1.268672793041956,0.1241951557252756,2023-12-27,2024-01-04,15,0.4244841921105854,2.1399691718185014,3.247234226194114,10.215155217875877,3645.862142193525,9.182908704924792,9.112908704924791,0.07,2.8354812541500003,252.6880161642002,245.20835277087517,8,7,7,1.0,7.933230916724628,3.173292366689851,38.714285714285715,28.0,68,48,0.0977919336695478,-0.0682295390810491,0.7588908230516054,0.2411091769483946,2.2766724691548155,0.2257984818668228,-0.0764403542904997,"{'2023-09': -0.07644035429049978, '2023-10': -0.04312588758209268, '2023-11': 0.05817408959560999, '2023-12': 0.20077807776288847, '2024-01': 0.029098378373376477, '2024-02': 0.22579848186682283, '2024-03': 0.05946715940953995}","{'2023': 0.1228962394652251, '2024': 0.33648310275216864}",880.6976614262251,1634.9110898652252,daily_mark_to_market_equity,L09__SPXL_SOXL__cooldown_15,b,SPXL_SOXL,L09,cooldown_15,stress,0,sha256:acd49d7f6e3e633cb9e24e4f31a698d59c7e8a2578e14056df443689e9c014bb,sensitivity_evaluation,W1,False,L09__SPXL_SOXL__cooldown_15/stress/W1
spxl_soxl,OK,2024-03-19,2024-09-18,1000.0,1118.135004667215,118.13500466721509,118.13500466721509,0.0,0.1181350046672151,0.2496538766194043,0.2324069164763906,2024-07-10,2024-08-05,49,0.4477859237670299,0.7200428600027917,0.9165731282684207,1.074210184466544,3518.577234252825,8.852727737724823,8.792727737724823,0.06,2.8041432349399997,-7.8235018194248305,123.15436325169996,7,6,6,1.0,1.8604908520132053,0.9302454260066026,22.833333333333332,18.0,76,51,0.0694917973205277,-0.1113286005155734,0.8422297558377075,0.1577702441622924,2.526689267513123,0.155966499022514,-0.1877630850364731,"{'2024-03': 0.09029340194497482, '2024-04': -0.1877630850364731, '2024-05': 0.15596649902251403, '2024-06': 0.11541849094152967, '2024-07': -0.010209897854820627, '2024-08': 0.03963966240575556, '2024-09': -0.04838976944069917}",{'2024': 0.11813500466721538},866.194574593875,1313.3152339311152,daily_mark_to_market_equity,L09__SPXL_SOXL__cooldown_15,b,SPXL_SOXL,L09,cooldown_15,stress,0,sha256:acd49d7f6e3e633cb9e24e4f31a698d59c7e8a2578e14056df443689e9c014bb,sensitivity_evaluation,W2,False,L09__SPXL_SOXL__cooldown_15/stress/W2
spxl_soxl,OK,2024-09-19,2025-03-18,1000.0,763.9623485943027,-236.0376514056973,-236.0376514056973,0.0,-0.2360376514056972,-0.4209267424583139,0.2889981012025968,2024-10-14,2025-03-11,105,0.3447334667420636,-1.42395901276948,-1.5892530029264351,-1.4565034881084944,6747.780781640287,17.018071298437256,16.868071298437258,0.15,1.88532600774,-237.9229774134372,0.0,16,15,15,1.0,0.614958109580445,0.1537395273951112,26.466666666666665,5.0,62,53,0.0454882488955294,-0.0858251800810121,0.6658487399296744,0.3341512600703256,1.9975462197890232,0.0582499210690903,-0.1200667506538842,"{'2024-09': 0.014840277426600101, '2024-10': -0.051962106974600686, '2024-11': 0.05824992106909033, '2024-12': -0.024822894155134168, '2025-01': -0.047314129387627024, '2025-02': -0.08213804424753879, '2025-03': -0.12006675065388428}","{'2024': -0.007123724759159233, '2025': -0.23055634660120228}",763.9623485943027,1074.48707223775,daily_mark_to_market_equity,L09__SPXL_SOXL__cooldown_15,b,SPXL_SOXL,L09,cooldown_15,stress,0,sha256:acd49d7f6e3e633cb9e24e4f31a698d59c7e8a2578e14056df443689e9c014bb,sensitivity_evaluation,W3,False,L09__SPXL_SOXL__cooldown_15/stress/W3
spxl_soxl,OK,2025-03-19,2025-09-18,1000.0,1519.34522669826,519.3452266982599,519.3452266982599,0.0,0.5193452266982599,1.304456092730454,0.0876603596844491,2025-07-30,2025-08-01,9,0.2986177769599888,2.9311969306601013,3.815890011371715,14.880797859215978,1983.6838636741495,4.983233296749903,4.953233296749903,0.03,3.5722476450099996,-14.077756079324956,529.850735132575,9,3,3,1.0,0.5175091562901396,0.2587545781450698,2.3333333333333335,2.0,59,36,0.0632157440998422,-0.0494885288855201,0.6117743764568974,0.3882256235431026,1.835323129370692,0.2421503716115314,-0.0166926477058998,"{'2025-03': -0.016692647705899843, '2025-04': -0.002338417743582899, '2025-05': -0.0023457047774800843, '2025-06': 0.2421503716115314, '2025-07': 0.030188714657644944, '2025-08': 0.045312249713922226, '2025-09': 0.1605580074050157}",{'2025': 0.5193452266982588},961.30074927005,1519.34522669826,daily_mark_to_market_equity,L09__SPXL_SOXL__cooldown_15,b,SPXL_SOXL,L09,cooldown_15,stress,0,sha256:acd49d7f6e3e633cb9e24e4f31a698d59c7e8a2578e14056df443689e9c014bb,sensitivity_evaluation,W4,False,L09__SPXL_SOXL__cooldown_15/stress/W4
spxl_soxl,OK,2025-09-19,2026-03-18,1000.0,908.335168570758,-91.664831429242,-91.664831429242,0.0,-0.0916648314292419,-0.1772375978262302,0.227920577539026,2025-10-08,2025-11-20,110,0.4533419624236114,-0.2017123041846598,-0.2360850404637489,-0.7776287676170112,6412.950723465162,16.11975032576213,16.02975032576213,0.09,0.47927148152,-60.08669842576214,-32.05740448499999,9,9,9,1.0,0.498220990191444,0.6227762377393051,26.444444444444443,5.0,63,59,0.0733270407720629,-0.1289179139527614,0.7490267494710569,0.2509732505289431,2.2470802484131704,0.0722844258968615,-0.1160735558550867,"{'2025-09': -0.003944910505250143, '2025-10': 0.07228442589686157, '2025-11': -0.11607355585508672, '2025-12': 0.009628851355719448, '2026-01': 0.05938832545368489, '2026-02': -0.037625160399047175, '2026-03': -0.06529309714706444}","{'2025': -0.04682808722992893, '2026': -0.04703951469678691}",852.3642656853251,1103.98521303475,daily_mark_to_market_equity,L09__SPXL_SOXL__cooldown_15,b,SPXL_SOXL,L09,cooldown_15,stress,0,sha256:acd49d7f6e3e633cb9e24e4f31a698d59c7e8a2578e14056df443689e9c014bb,sensitivity_evaluation,W5,False,L09__SPXL_SOXL__cooldown_15/stress/W5
spxl_soxl,OK,2026-03-19,2026-09-18,1000.0,1127.3699177140484,127.36991771404836,127.36991771404836,0.0,0.1273699177140483,0.2703386074688554,0.2643109160640478,2026-05-14,2026-07-20,87,0.485992124837599,0.7325926531269638,0.880619287152669,1.0228053063209352,8656.756035425811,21.726586842012072,21.636586842012072,0.09,1.23065609106,-41.73223799206213,167.87149961505008,12,9,9,1.0,3.0925462208530927,0.883584634529455,6.0,3.0,64,52,0.0934367235509909,-0.1122895335289044,0.6052750520072154,0.3947249479927845,1.815825156021647,0.2459552320122653,-0.11273027649592,"{'2026-03': -0.07070194568849986, '2026-04': 0.15559238925605112, '2026-05': 0.24595523201226532, '2026-06': -0.09808488208685429, '2026-07': -0.11273027649592005, '2026-08': 0.018458225007989437, '2026-09': 0.03380768073010021}",{'2026': 0.12736991771404838},912.0094451915,1372.0588141628257,daily_mark_to_market_equity,L09__SPXL_SOXL__cooldown_15,b,SPXL_SOXL,L09,cooldown_15,stress,0,sha256:acd49d7f6e3e633cb9e24e4f31a698d59c7e8a2578e14056df443689e9c014bb,sensitivity_evaluation,W6,False,L09__SPXL_SOXL__cooldown_15/stress/W6
spxl_soxl,OK,2023-09-19,2024-03-18,1000.0,1508.70277506417,508.70277506417005,508.70277506417005,0.0,0.5087027750641702,1.2930543613769552,0.1241484701186241,2023-12-27,2024-01-04,15,0.4239663236864311,2.167343800402651,3.282383987191759,10.41538699704828,3653.1890687151695,3.722909317649831,3.652909317649831,0.07,2.8465799918199997,258.97577620895066,246.88041886339957,8,7,7,1.0,8.201824500115649,3.2807298000462595,38.714285714285715,28.0,68,48,0.0977533458881843,-0.0682225872404518,0.7583025084509303,0.2416974915490697,2.274907525352791,0.2256927894847453,-0.0751533543502003,"{'2023-09': -0.07515335435020032, '2023-10': -0.04151625221243338, '2023-11': 0.059664570736688294, '2023-12': 0.20105463299262993, '2024-01': 0.029074562170595453, '2024-02': 0.22569278948474536, '2024-03': 0.06020429412192274}","{'2023': 0.12819885876646864, '2024': 0.33726670909216216}",883.07745928002,1642.42627716647,daily_mark_to_market_equity,L09__SPXL_SOXL__cooldown_5,b,SPXL_SOXL,L09,cooldown_5,base,0,sha256:acd49d7f6e3e633cb9e24e4f31a698d59c7e8a2578e14056df443689e9c014bb,sensitivity_evaluation,W1,False,L09__SPXL_SOXL__cooldown_5/base/W1
spxl_soxl,OK,2024-03-19,2024-09-18,1000.0,985.2420133669402,-14.757986633059772,-14.757986633059772,0.0,-0.0147579866330598,-0.0292390242585508,0.345237919432777,2024-07-10,2024-08-05,49,0.5286975921313386,0.2108474126379959,0.2630619952315694,-0.0846923892560536,5287.139557595,5.366285250499689,5.286285250499689,0.08,2.84720639744,-132.9173447449998,115.31215171450005,10,8,8,1.0,0.7861057991912476,0.4716634795147485,19.625,9.5,75,52,0.0791542718191995,-0.1127415554436188,0.9044509840251802,0.0955490159748198,2.7133529520755397,0.1910758494733608,-0.2020116125259716,"{'2024-03': 0.0917784017379899, '2024-04': -0.20201161252597166, '2024-05': 0.19107584947336087, '2024-06': 0.1157825761575666, '2024-07': -0.010570429594927488, '2024-08': -0.08684842383409308, '2024-09': -0.058186090586767714}",{'2024': -0.014757986633058606},833.03051111187,1333.12080112931,daily_mark_to_market_equity,L09__SPXL_SOXL__cooldown_5,b,SPXL_SOXL,L09,cooldown_5,base,0,sha256:acd49d7f6e3e633cb9e24e4f31a698d59c7e8a2578e14056df443689e9c014bb,sensitivity_evaluation,W2,False,L09__SPXL_SOXL__cooldown_5/base/W2
spxl_soxl,OK,2024-09-19,2025-03-18,1000.0,722.6461803247105,-277.3538196752895,-277.3538196752895,0.0,-0.2773538196752895,-0.4827068158215153,0.3282688527766608,2024-10-14,2025-03-11,105,0.3827865311551733,-1.5423381397504157,-1.7150269717206,-1.4704618234064597,8166.4859072773,8.356215060399535,8.166215060399535,0.19,1.84927268511,-279.2030923603995,0.0,20,19,19,1.0,0.4525874624349383,0.1616383794410494,21.894736842105264,5.0,62,53,0.0556475379900169,-0.0871152760550597,0.7080036195799181,0.2919963804200819,2.124010858739754,0.0680335008915418,-0.1216584326030771,"{'2024-09': 0.01592927727864013, '2024-10': -0.1083503703848363, '2024-11': 0.06803350089154181, '2024-12': -0.025431189825047884, '2025-01': -0.04386320639159358, '2025-02': -0.08738594858434467, '2025-03': -0.12165843260307718}","{'2024': -0.057122888682238915, '2025': -0.23357331337193732}",722.6461803247105,1075.7967429556202,daily_mark_to_market_equity,L09__SPXL_SOXL__cooldown_5,b,SPXL_SOXL,L09,cooldown_5,base,0,sha256:acd49d7f6e3e633cb9e24e4f31a698d59c7e8a2578e14056df443689e9c014bb,sensitivity_evaluation,W3,False,L09__SPXL_SOXL__cooldown_5/base/W3
spxl_soxl,OK,2025-03-19,2025-09-18,1000.0,1523.69561730029,523.69561730029,523.69561730029,0.0,0.52369561730029,1.3176446755864926,0.0876382728156809,2025-07-30,2025-08-01,9,0.2985760368922754,2.950629352684309,3.831542535885455,15.035037013540151,1985.3740813317695,2.014415437209838,1.9844154372098384,0.03,3.5813086075000005,-12.518893075529924,532.6332017683201,9,3,3,1.0,0.5965731141819369,0.2982865570909684,2.3333333333333335,2.0,59,36,0.0631989236609766,-0.0494732152074079,0.611553204384509,0.388446795615491,1.8346596131535269,0.2428444045009643,-0.0158211663394002,"{'2025-03': -0.015821166339400228, '2025-04': -0.0020517583853427723, '2025-05': -0.0011602463617950143, '2025-06': 0.24284440450096434, '2025-07': 0.030170633728858975, '2025-08': 0.045295405421892365, '2025-09': 0.16052738544914225}",{'2025': 0.5236956173002889},962.99664548024,1523.69561730029,daily_mark_to_market_equity,L09__SPXL_SOXL__cooldown_5,b,SPXL_SOXL,L09,cooldown_5,base,0,sha256:acd49d7f6e3e633cb9e24e4f31a698d59c7e8a2578e14056df443689e9c014bb,sensitivity_evaluation,W4,False,L09__SPXL_SOXL__cooldown_5/base/W4
spxl_soxl,OK,2025-09-19,2026-03-18,1000.0,967.1922576944957,-32.80774230550446,-32.80774230550446,0.0,-0.0328077423055044,-0.0654488424696457,0.2427687213750714,2025-10-29,2025-11-20,60,0.5279229417301032,0.1382302904749862,0.1724898009401442,-0.2695933895393756,6613.049233050485,6.692269762024526,6.612269762024526,0.08,0.47927148152,8.553394720175376,-41.84040850719989,9,8,8,1.0,1.0455226843321548,1.0455226843321548,37.625,21.0,65,57,0.0738993255788171,-0.128742939571769,0.865450440308666,0.1345495596913339,2.596351320925998,0.1912718150764931,-0.1379201875906723,"{'2025-09': -0.002459910670099763, '2025-10': 0.13164395323437605, '2025-11': -0.13792018759067237, '2025-12': -0.009008567196197248, '2026-01': 0.19127181507649316, '2026-02': -0.04911762326928715, '2026-03': -0.11464467107536136}","{'2025': -0.035599247457189676, '2026': 0.002894548914778472}",878.7403664590602,1228.3489392628103,daily_mark_to_market_equity,L09__SPXL_SOXL__cooldown_5,b,SPXL_SOXL,L09,cooldown_5,base,0,sha256:acd49d7f6e3e633cb9e24e4f31a698d59c7e8a2578e14056df443689e9c014bb,sensitivity_evaluation,W5,False,L09__SPXL_SOXL__cooldown_5/base/W5
spxl_soxl,OK,2026-03-19,2026-09-18,1000.0,1368.0255096660355,368.02550966603553,368.02550966603553,0.0,0.3680255096660354,0.8690917840203576,0.384151202062272,2026-06-03,2026-07-20,74,0.6347490211896654,1.300000128616367,1.542438104059476,2.2623690342623872,16895.129324235015,17.0448258626842,16.8948258626842,0.15,1.2778157037199998,241.7454212993856,125.00227266293,17,15,15,1.0,5.359909708873357,1.3399774272183391,6.866666666666666,3.0,74,47,0.1102767054807369,-0.1541369601073697,0.6298029800296636,0.3701970199703364,1.8894089400889909,0.5718397588161883,-0.2249778765237088,"{'2026-03': -0.06850879447843994, '2026-04': 0.5718397588161883, '2026-05': 0.23792366911616813, '2026-06': -0.07625819039914317, '2026-07': -0.22497787652370882, '2026-08': 0.07094357207203394, '2026-09': -0.01557641247751751}",{'2026': 0.36802550966603564},913.66470570204,1976.08976516261,daily_mark_to_market_equity,L09__SPXL_SOXL__cooldown_5,b,SPXL_SOXL,L09,cooldown_5,base,0,sha256:acd49d7f6e3e633cb9e24e4f31a698d59c7e8a2578e14056df443689e9c014bb,sensitivity_evaluation,W6,False,L09__SPXL_SOXL__cooldown_5/base/W6
spxl_soxl,OK,2023-09-19,2024-03-18,1000.0,1500.7318501892253,500.73185018922527,500.73185018922527,0.0,0.5007318501892253,1.268672793041956,0.1241951557252756,2023-12-27,2024-01-04,15,0.4244841921105854,2.1399691718185014,3.247234226194114,10.215155217875877,3645.862142193525,9.182908704924792,9.112908704924791,0.07,2.8354812541500003,252.6880161642002,245.20835277087517,8,7,7,1.0,7.933230916724628,3.173292366689851,38.714285714285715,28.0,68,48,0.0977919336695478,-0.0682295390810491,0.7588908230516054,0.2411091769483946,2.2766724691548155,0.2257984818668228,-0.0764403542904997,"{'2023-09': -0.07644035429049978, '2023-10': -0.04312588758209268, '2023-11': 0.05817408959560999, '2023-12': 0.20077807776288847, '2024-01': 0.029098378373376477, '2024-02': 0.22579848186682283, '2024-03': 0.05946715940953995}","{'2023': 0.1228962394652251, '2024': 0.33648310275216864}",880.6976614262251,1634.9110898652252,daily_mark_to_market_equity,L09__SPXL_SOXL__cooldown_5,b,SPXL_SOXL,L09,cooldown_5,stress,0,sha256:acd49d7f6e3e633cb9e24e4f31a698d59c7e8a2578e14056df443689e9c014bb,sensitivity_evaluation,W1,False,L09__SPXL_SOXL__cooldown_5/stress/W1
spxl_soxl,OK,2024-03-19,2024-09-18,1000.0,979.1173345056704,-20.88266549432967,-20.88266549432967,0.0,-0.0208826654943297,-0.0412463253385753,0.3467303142657635,2024-07-10,2024-08-05,49,0.5285595936303631,0.1873661229320479,0.2338193001587912,-0.1189579440895399,5245.326464019299,13.187992018849824,13.107992018849822,0.08,2.83765560452,-137.99682054686764,114.27649944801767,10,8,8,1.0,1.372963075992249,0.4576543586640831,19.625,9.5,75,52,0.0784441336572585,-0.1124316836736271,0.9059516610342112,0.0940483389657889,2.7178549831026335,0.1908467551168371,-0.2031624782528758,"{'2024-03': 0.09029340194497482, '2024-04': -0.2031624782528758, '2024-05': 0.19084675511683713, '2024-06': 0.11570267909625942, '2024-07': -0.0133130191861498, '2024-08': -0.08678521615434986, '2024-09': -0.05862015768335205}",{'2024': -0.020882665494327823},830.8341838330751,1328.7281966175951,daily_mark_to_market_equity,L09__SPXL_SOXL__cooldown_5,b,SPXL_SOXL,L09,cooldown_5,stress,0,sha256:acd49d7f6e3e633cb9e24e4f31a698d59c7e8a2578e14056df443689e9c014bb,sensitivity_evaluation,W2,False,L09__SPXL_SOXL__cooldown_5/stress/W2
spxl_soxl,OK,2024-09-19,2025-03-18,1000.0,714.3547920217554,-285.64520797824457,-285.64520797824457,0.0,-0.2856452079782445,-0.4946793081878885,0.3351666944358625,2024-10-14,2025-03-11,105,0.3833285546615089,-1.601137248661808,-1.7850120268986722,-1.4759202402867335,8100.251762867276,20.43896034177468,20.248960341774676,0.19,1.84421527353,-287.4894232517746,0.0,20,19,19,1.0,0.5610271457884075,0.1496072388769086,21.894736842105264,5.0,61,54,0.0556359684238525,-0.0873952607056121,0.711581144838239,0.288418855161761,2.134743434514717,0.0650867216572981,-0.122825212710917,"{'2024-09': 0.014840277426600101, '2024-10': -0.1098829643873589, '2024-11': 0.06508672165729812, '2024-12': -0.028192175244015405, '2025-01': -0.04496278107435503, '2025-02': -0.08799471498734734, '2025-03': -0.12282521271091706}","{'2024': -0.0650031015234942, '2025': -0.2359816453019966}",714.3547920217554,1074.48707223775,daily_mark_to_market_equity,L09__SPXL_SOXL__cooldown_5,b,SPXL_SOXL,L09,cooldown_5,stress,0,sha256:acd49d7f6e3e633cb9e24e4f31a698d59c7e8a2578e14056df443689e9c014bb,sensitivity_evaluation,W3,False,L09__SPXL_SOXL__cooldown_5/stress/W3
spxl_soxl,OK,2025-03-19,2025-09-18,1000.0,1519.34522669826,519.3452266982599,519.3452266982599,0.0,0.5193452266982599,1.304456092730454,0.0876603596844491,2025-07-30,2025-08-01,9,0.2986177769599888,2.9311969306601013,3.815890011371715,14.880797859215978,1983.6838636741495,4.983233296749903,4.953233296749903,0.03,3.5722476450099996,-14.077756079324956,529.850735132575,9,3,3,1.0,0.5175091562901396,0.2587545781450698,2.3333333333333335,2.0,59,36,0.0632157440998422,-0.0494885288855201,0.6117743764568974,0.3882256235431026,1.835323129370692,0.2421503716115314,-0.0166926477058998,"{'2025-03': -0.016692647705899843, '2025-04': -0.002338417743582899, '2025-05': -0.0023457047774800843, '2025-06': 0.2421503716115314, '2025-07': 0.030188714657644944, '2025-08': 0.045312249713922226, '2025-09': 0.1605580074050157}",{'2025': 0.5193452266982588},961.30074927005,1519.34522669826,daily_mark_to_market_equity,L09__SPXL_SOXL__cooldown_5,b,SPXL_SOXL,L09,cooldown_5,stress,0,sha256:acd49d7f6e3e633cb9e24e4f31a698d59c7e8a2578e14056df443689e9c014bb,sensitivity_evaluation,W4,False,L09__SPXL_SOXL__cooldown_5/stress/W4
spxl_soxl,OK,2025-09-19,2026-03-18,1000.0,956.0983050736954,-43.90169492630457,-43.90169492630457,0.0,-0.0439016949263045,-0.0870722236864328,0.2430540880169355,2025-10-29,2025-11-20,60,0.5276996304707183,0.0936820961792427,0.1170249645943694,-0.3582421690449652,6568.158943422274,16.49556657782468,16.41556657782468,0.08,0.47927148152,-1.78544433282471,-42.59552207499996,9,8,8,1.0,0.9906623056550689,0.9906623056550689,37.625,21.0,64,58,0.0733270407720629,-0.1289179139527614,0.8673198283597989,0.132680171640201,2.601959485079397,0.189617335346758,-0.1394297608899405,"{'2025-09': -0.003944910505250143, '2025-10': 0.13044126052217697, '2025-11': -0.13942976088994052, '2025-12': -0.010602340175764335, '2026-01': 0.18961733534675806, '2026-02': -0.050324876081512815, '2026-03': -0.11726236937778967}","{'2025': -0.04128712162546733, '2026': -0.0027271703132543124}",876.2058411979751,1218.8637333545323,daily_mark_to_market_equity,L09__SPXL_SOXL__cooldown_5,b,SPXL_SOXL,L09,cooldown_5,stress,0,sha256:acd49d7f6e3e633cb9e24e4f31a698d59c7e8a2578e14056df443689e9c014bb,sensitivity_evaluation,W5,False,L09__SPXL_SOXL__cooldown_5/stress/W5
spxl_soxl,OK,2026-03-19,2026-09-18,1000.0,1343.890708005946,343.89070800594595,343.89070800594595,0.0,0.3438907080059459,0.8038558138794409,0.3885344387635016,2026-06-03,2026-07-20,74,0.6354778853841152,1.2435796942066075,1.475826192135519,2.0689435315893396,16754.45077163575,42.03425609587396,41.88425609587396,0.15,1.27174036182,219.00835243572587,123.61061520840008,17,15,15,1.0,5.209099267525944,1.302274816881486,6.866666666666666,3.0,74,47,0.1103558443570493,-0.1542093941360338,0.6320842161529152,0.3679157838470848,1.8962526484587447,0.5702853841785369,-0.2295138347774827,"{'2026-03': -0.07070194568849986, '2026-04': 0.5702853841785369, '2026-05': 0.23612003927695646, '2026-06': -0.07947851457780941, '2026-07': -0.22951383477748277, '2026-08': 0.06805187255600909, '2026-09': -0.01649048134408293}",{'2026': 0.3438907080059457},912.0094451915,1966.7215585110753,daily_mark_to_market_equity,L09__SPXL_SOXL__cooldown_5,b,SPXL_SOXL,L09,cooldown_5,stress,0,sha256:acd49d7f6e3e633cb9e24e4f31a698d59c7e8a2578e14056df443689e9c014bb,sensitivity_evaluation,W6,False,L09__SPXL_SOXL__cooldown_5/stress/W6
spxl_soxl,OK,2023-09-19,2024-03-18,1000.0,1121.74393814523,121.74393814523,121.74393814523,0.0,0.1217439381452301,0.2609078384248116,0.1020189650218666,2023-09-19,2023-12-06,69,0.2266567442475692,1.1341416688221786,1.6716530539783825,2.5574444748472867,5742.491314332151,5.932351734509747,5.742351734509747,0.19,0.6565282097400001,24.970902920207948,96.11650701528224,15,19,19,1.0,0.4423540613255882,1.238591371711647,42.73684210526316,28.0,48,48,0.0478888195788862,-0.0364107952555698,0.2843102352377315,0.7156897647622684,0.8529307057131948,0.0974631361472391,-0.06635777916869,"{'2023-09': -0.06635777916869001, '2023-10': -0.023540140832759904, '2023-11': -0.007160110566809874, '2023-12': 0.09549224468948636, '2024-01': 0.025081567579948727, '2024-02': 0.09746313614723912, '2024-03': 0.005592355168590801}","{'2023': -0.008429945148559548, '2024': 0.13128057130899573}",898.1191160512403,1206.03496579183,daily_mark_to_market_equity,L10__SPXL_SOXL__trend_share_60,b,SPXL_SOXL,L10,trend_share_60,base,0,sha256:acd49d7f6e3e633cb9e24e4f31a698d59c7e8a2578e14056df443689e9c014bb,sensitivity_evaluation,W1,False,L10__SPXL_SOXL__trend_share_60/base/W1
spxl_soxl,OK,2024-03-19,2024-09-18,1000.0,1042.9093345240904,42.909334524090355,42.909334524090355,0.0,0.0429093345240902,0.0874726125201363,0.233845418538284,2024-07-10,2024-08-05,49,0.2972346133679266,0.4292843278533602,0.532510316173754,0.3740616902691887,4996.919826147729,5.256448828609647,4.996448828609648,0.26,0.8101471827000002,-44.731902651562464,86.8310899929528,19,26,26,1.0,0.2290158254867216,0.7633860849557389,49.84615384615385,35.0,73,53,0.0440929013892086,-0.0629650603366694,0.3678406677948768,0.6321593322051232,1.1035220033846302,0.0694693899409353,-0.0662421925654667,"{'2024-03': 0.048841487911989834, '2024-04': -0.053226878367996555, '2024-05': 0.06946938994093532, '2024-06': 0.051983718244614785, '2024-07': -0.0662421925654667, '2024-08': 0.010199835475383168, '2024-09': -0.010372260833928615}",{'2024': 0.042909334524090514},914.4528344812204,1193.5617910638505,daily_mark_to_market_equity,L10__SPXL_SOXL__trend_share_60,b,SPXL_SOXL,L10,trend_share_60,base,0,sha256:acd49d7f6e3e633cb9e24e4f31a698d59c7e8a2578e14056df443689e9c014bb,sensitivity_evaluation,W2,False,L10__SPXL_SOXL__trend_share_60/base/W2
spxl_soxl,OK,2024-09-19,2025-03-18,1000.0,1006.7017415404104,6.701741540410467,6.701741540410467,0.0,0.0067017415404104,0.0136458509951473,0.0996261107939718,2024-12-06,2025-03-04,67,0.2176743962026636,0.1711202666976544,0.2182383198060256,0.1369706283462893,3397.0941977597095,3.5071032148898342,3.3971032148898344,0.11,1.1917144653,5.510027075110266,-1.1594746571387336e-14,13,11,11,1.0,0.1153893785412718,1.153893785412719,85.9090909090909,87.0,63,47,0.0524733591764101,-0.0536359839296629,0.5235710155815798,0.4764289844184202,1.5707130467447394,0.118987546980501,-0.0559845997720038,"{'2024-09': 0.0075578045716802045, '2024-10': -0.022776532832928464, '2024-11': 0.11898754698050107, '2024-12': -0.055984599772003873, '2025-01': 0.038660388933658085, '2025-02': -0.027313230643655317, '2025-03': -0.04195468751162634}","{'2024': 0.04008346388447048, '2025': -0.03209523418378979}",984.6091311547802,1118.0929984854902,daily_mark_to_market_equity,L10__SPXL_SOXL__trend_share_60,b,SPXL_SOXL,L10,trend_share_60,base,0,sha256:acd49d7f6e3e633cb9e24e4f31a698d59c7e8a2578e14056df443689e9c014bb,sensitivity_evaluation,W3,False,L10__SPXL_SOXL__trend_share_60/base/W3
spxl_soxl,OK,2025-03-19,2025-09-18,1000.0,1169.9439213472954,169.94392134729537,169.94392134729537,0.0,0.1699439213472953,0.3678885859042942,0.0543710171528842,2025-08-14,2025-08-21,10,0.1500400519453388,2.1508884160455017,2.4234223424317536,6.76626271069822,2382.3726609947053,2.482055979434832,2.382055979434832,0.0999999999999999,0.44196403173,46.68767201921016,122.81428529635484,12,10,10,1.0,1.4100423259214845,12.690380933293362,42.5,35.0,44,30,0.0457444840762313,-0.0311126316288919,0.1731935163894463,0.8268064836105538,0.5195805491683388,0.1004656517390318,-0.0059288377908766,"{'2025-03': 0.0, '2025-04': 0.0, '2025-05': 0.0, '2025-06': 0.03580874864976091, '2025-07': -0.0059288377908766066, '2025-08': 0.0325034312368051, '2025-09': 0.10046565173903188}",{'2025': 0.16994392134729708},1000.0,1169.9439213472954,daily_mark_to_market_equity,L10__SPXL_SOXL__trend_share_60,b,SPXL_SOXL,L10,trend_share_60,base,0,sha256:acd49d7f6e3e633cb9e24e4f31a698d59c7e8a2578e14056df443689e9c014bb,sensitivity_evaluation,W4,False,L10__SPXL_SOXL__trend_share_60/base/W4
spxl_soxl,OK,2025-09-19,2026-03-18,1000.0,1189.971996042235,189.97199604223533,189.97199604223533,0.0,0.1899719960422352,0.4232350717707671,0.1145018158034961,2025-10-29,2025-11-20,45,0.3062405524187043,1.3074004359951077,1.767210551135835,3.69631755444916,5248.677252945515,5.538604502764663,5.248604502764663,0.29,0.0,175.71001028039083,14.261985761844429,21,29,29,1.0,7.0603076837119945,18.533307669743987,62.55172413793103,57.0,66,54,0.0655976327642979,-0.0716324479813576,0.2862521715632077,0.7137478284367922,0.8587565146896232,0.1162936628979571,-0.0461142803587484,"{'2025-09': 0.0014160591621148466, '2025-10': 0.11629366289795717, '2025-11': -0.03982158341526576, '2025-12': 0.0016442438979600293, '2026-01': 0.11522020592279758, '2026-02': 0.04045023940035697, '2026-03': -0.04611428035874843}","{'2025': 0.07512373584470478, '2026': 0.10682329518778122}",989.954213806,1289.880210156765,daily_mark_to_market_equity,L10__SPXL_SOXL__trend_share_60,b,SPXL_SOXL,L10,trend_share_60,base,0,sha256:acd49d7f6e3e633cb9e24e4f31a698d59c7e8a2578e14056df443689e9c014bb,sensitivity_evaluation,W5,False,L10__SPXL_SOXL__trend_share_60/base/W5
spxl_soxl,OK,2026-03-19,2026-09-18,1000.0,1375.5260375838138,375.52603758381383,375.52603758381383,0.0,0.3755260375838138,0.8896011132850732,0.1293402811146677,2026-06-22,2026-07-29,62,0.301711298913035,2.2487032500124746,3.64227259695247,6.87798963801841,5797.4156196179365,6.026979919186665,5.796979919186665,0.23,0.0,388.49345363770755,-12.967416053894652,20,23,23,1.0,2.171563461331762,7.817628460794342,55.95652173913044,42.0,73,51,0.0654768791845894,-0.0597943465184702,0.2499276862014326,0.7500723137985673,0.7497830586042982,0.2603849450226623,-0.0864632497448938,"{'2026-03': -0.0010003738199600987, '2026-04': 0.2603849450226623, '2026-05': 0.1585435892748055, '2026-06': 0.040055857443869636, '2026-07': -0.08646324974489383, '2026-08': 0.0026729097557482984, '2026-09': -0.010203449600878045}",{'2026': 0.37552603758381164},949.90006443484,1542.738008585875,daily_mark_to_market_equity,L10__SPXL_SOXL__trend_share_60,b,SPXL_SOXL,L10,trend_share_60,base,0,sha256:acd49d7f6e3e633cb9e24e4f31a698d59c7e8a2578e14056df443689e9c014bb,sensitivity_evaluation,W6,False,L10__SPXL_SOXL__trend_share_60/base/W6
spxl_soxl,OK,2023-09-19,2024-03-18,1000.0,1111.6629283969555,111.66292839695552,111.66292839695552,0.0,0.1116629283969554,0.2381456336901826,0.1063142912026632,2023-09-19,2023-12-06,84,0.2270061795361826,1.0525057319949471,1.5540377711034137,2.240015250971423,5720.836230187675,14.491223629124658,14.301223629124658,0.19,0.65171155608,16.002539571641726,95.0086772692336,15,19,19,1.0,0.4099706424147913,1.147917798761416,24.63157894736842,7.0,46,49,0.0478895464690454,-0.0368444442449494,0.2844547539708904,0.7155452460291096,0.8533642619126713,0.0973016519539826,-0.0680183824199245,"{'2023-09': -0.06801838241992453, '2023-10': -0.025540304127436242, '2023-11': -0.008989950141964687, '2023-12': 0.09353989439087607, '2024-01': 0.023722001584018493, '2024-02': 0.09730165195398266, '2024-03': 0.005497824065052059}","{'2023': -0.01579873739744464, '2024': 0.12950772432190338}",893.0268554485002,1195.2461326412556,daily_mark_to_market_equity,L10__SPXL_SOXL__trend_share_60,b,SPXL_SOXL,L10,trend_share_60,stress,0,sha256:acd49d7f6e3e633cb9e24e4f31a698d59c7e8a2578e14056df443689e9c014bb,sensitivity_evaluation,W1,False,L10__SPXL_SOXL__trend_share_60/stress/W1
spxl_soxl,OK,2024-03-19,2024-09-18,1000.0,1035.186313666703,35.18631366670297,35.18631366670297,0.0,0.0351863136667029,0.071458838437719,0.2350507324927079,2024-07-10,2024-08-05,49,0.2971164242139282,0.379694559618408,0.470686823040155,0.3040145320114497,4981.866550257013,12.711744846037192,12.451744846037192,0.26,0.8073558677400002,-51.17484524067977,85.55380303964255,19,26,26,1.0,0.219424757973607,0.7314158599120233,49.84615384615385,35.0,73,53,0.0441021464988302,-0.0629659872738092,0.3679000143856012,0.6320999856143987,1.1037000431568034,0.0691927792573094,-0.0677274060787039,"{'2024-03': 0.04800294323234966, '2024-04': -0.05526640471484179, '2024-05': 0.06919277925730949, '2024-06': 0.051436427748326574, '2024-07': -0.06772740607870398, '2024-08': 0.008528129148643648, '2024-09': -0.010816895008544103}",{'2024': 0.03518631366670388},909.3522522712532,1188.7745905483653,daily_mark_to_market_equity,L10__SPXL_SOXL__trend_share_60,b,SPXL_SOXL,L10,trend_share_60,stress,0,sha256:acd49d7f6e3e633cb9e24e4f31a698d59c7e8a2578e14056df443689e9c014bb,sensitivity_evaluation,W2,False,L10__SPXL_SOXL__trend_share_60/stress/W2
spxl_soxl,OK,2024-09-19,2025-03-18,1000.0,1001.7392123286004,1.7392123286002743,1.7392123286002743,0.0,0.0017392123286001,0.0035323102205793,0.1018716110720231,2024-12-06,2025-03-13,67,0.2175865920369482,0.1245808043775652,0.1574780544173254,0.034674137214557,3390.4209356125502,8.586109442899895,8.476109442899896,0.11,1.1885607015,0.550677986494648,-2.6359394429486657e-05,13,11,11,1.0,0.2254681532874801,1.014606689793661,85.9090909090909,87.0,68,52,0.0522000224618117,-0.0536468285131916,0.5236893879181818,0.4763106120818182,1.5710681637545456,0.1179375026786744,-0.0563292491111746,"{'2024-09': 0.006816988609200214, '2024-10': -0.02353183937346237, '2024-11': 0.11793750267867442, '2024-12': -0.05632924911117465, '2025-01': 0.03824149026148893, '2025-02': -0.027937049483071075, '2025-03': -0.042992675310794315}","{'2024': 0.037162107807350075, '2025': -0.03415367300068117}",983.1247329547753,1115.3630348711004,daily_mark_to_market_equity,L10__SPXL_SOXL__trend_share_60,b,SPXL_SOXL,L10,trend_share_60,stress,0,sha256:acd49d7f6e3e633cb9e24e4f31a698d59c7e8a2578e14056df443689e9c014bb,sensitivity_evaluation,W3,False,L10__SPXL_SOXL__trend_share_60/stress/W3
spxl_soxl,OK,2025-03-19,2025-09-18,1000.0,1165.940090921545,165.94009092154533,165.94009092154533,0.0,0.1659400909215453,0.3585612037363275,0.0548159234834034,2025-08-14,2025-08-21,19,0.1500919024838119,2.1048224409780505,2.3722894655562228,6.541186957196635,2379.3158234913253,6.046317932324841,5.946317932324841,0.0999999999999999,0.44179990387,43.63939992808929,121.8588910895859,12,10,10,1.0,1.2254619419513315,11.029157477561984,42.5,35.0,44,30,0.0457562292658932,-0.0311256140756364,0.1732279185654981,0.8267720814345019,0.5196837556964943,0.0999862103266826,-0.0065636183707185,"{'2025-03': 0.0, '2025-04': 0.0, '2025-05': 0.0, '2025-06': 0.034808613986144765, '2025-07': -0.006563618370718505, '2025-08': 0.03107177654930182, '2025-09': 0.09998621032668265}",{'2025': 0.16594009092154516},1000.0,1165.940090921545,daily_mark_to_market_equity,L10__SPXL_SOXL__trend_share_60,b,SPXL_SOXL,L10,trend_share_60,stress,0,sha256:acd49d7f6e3e633cb9e24e4f31a698d59c7e8a2578e14056df443689e9c014bb,sensitivity_evaluation,W4,False,L10__SPXL_SOXL__trend_share_60/stress/W4
spxl_soxl,OK,2025-09-19,2026-03-18,1000.0,1181.7182173244005,181.71821732440048,181.71821732440048,0.0,0.1817182173244005,0.4032752029824742,0.1153049653848891,2025-10-29,2025-11-20,46,0.3060057727760494,1.2618950638677229,1.7052930741591787,3.4974660599943603,5231.9267126393,13.369370315599696,13.079370315599697,0.29,0.0,167.88005946788854,13.838157856511836,21,29,29,1.0,5.301989058561002,13.917721278722633,62.55172413793103,57.0,66,54,0.0654157402175528,-0.0716406371836353,0.2863088161163371,0.7136911838836628,0.8589264483490114,0.1155461964096329,-0.0473094455332286,"{'2025-09': 0.0008050422611878272, '2025-10': 0.11554619640963293, '2025-11': -0.040700432221017935, '2025-12': 0.0007060346686029728, '2026-01': 0.11385259455360086, '2026-02': 0.03905021932325248, '2026-03': -0.04730944553322869}","{'2025': 0.07176066068418807, '2026': 0.10259525346826903}",989.363185015,1282.5411360507503,daily_mark_to_market_equity,L10__SPXL_SOXL__trend_share_60,b,SPXL_SOXL,L10,trend_share_60,stress,0,sha256:acd49d7f6e3e633cb9e24e4f31a698d59c7e8a2578e14056df443689e9c014bb,sensitivity_evaluation,W5,False,L10__SPXL_SOXL__trend_share_60/stress/W5
spxl_soxl,OK,2026-03-19,2026-09-18,1000.0,1366.717248315898,366.71724831589813,366.71724831589813,0.0,0.366717248315898,0.8655259327954661,0.1309476333502067,2026-06-22,2026-07-29,62,0.3015110580061272,2.2076207633830136,3.574107001213328,6.609710390723143,5780.235911597328,14.677897473102163,14.447897473102165,0.23,0.0,380.8526184299612,-14.135370114063427,20,23,23,1.0,2.0561680100781805,7.402204836281449,55.95652173913044,42.0,73,51,0.065483227898748,-0.0597949392988559,0.2499839845861858,0.7500160154138142,0.7499519537585573,0.2598073097285973,-0.0881113542632039,"{'2026-03': -0.0015714676448999043, '2026-04': 0.25980730972859734, '2026-05': 0.15816405399632494, '2026-06': 0.038685995777693494, '2026-07': -0.08811135426320393, '2026-08': 0.0015625360592166349, '2026-09': -0.011029514568562493}",{'2026': 0.36671724831589736},949.5470396071,1539.27333773865,daily_mark_to_market_equity,L10__SPXL_SOXL__trend_share_60,b,SPXL_SOXL,L10,trend_share_60,stress,0,sha256:acd49d7f6e3e633cb9e24e4f31a698d59c7e8a2578e14056df443689e9c014bb,sensitivity_evaluation,W6,False,L10__SPXL_SOXL__trend_share_60/stress/W6
spxl_soxl,OK,2023-09-19,2024-03-18,1000.0,1148.5063197720906,148.5063197720906,148.5063197720906,0.0,0.1485063197720906,0.3223503111547923,0.1229876198060014,2023-09-19,2023-12-06,84,0.2893378933284173,1.1079715933623109,1.587553301493133,2.6209980456834763,5256.71447119005,5.446500861349772,5.256500861349772,0.19,0.86437240344,15.588918596836798,132.0530287718135,16,19,19,1.0,0.4019258132777318,1.1253922771776492,24.63157894736842,7.0,48,48,0.0639217094207265,-0.0478952975120609,0.3486385691400979,0.6513614308599021,1.045915707420294,0.1315662772860004,-0.0859194730645299,"{'2023-09': -0.08591947306452996, '2023-10': -0.02082529356576468, '2023-11': -0.01249325009402591, '2023-12': 0.11254980382740176, '2024-01': 0.02505619841038964, '2024-02': 0.13156627728600045, '2024-03': 0.006935237301776143}","{'2023': -0.01665893072375013, '2024': 0.16796334014341996}",877.1921892104803,1264.8484433100105,daily_mark_to_market_equity,L10__SPXL_SOXL__trend_share_80,b,SPXL_SOXL,L10,trend_share_80,base,0,sha256:acd49d7f6e3e633cb9e24e4f31a698d59c7e8a2578e14056df443689e9c014bb,sensitivity_evaluation,W1,False,L10__SPXL_SOXL__trend_share_80/base/W1
spxl_soxl,OK,2024-03-19,2024-09-18,1000.0,1040.02056176428,40.020561764280046,40.020561764280046,0.0,0.0400205617642801,0.0814688312988292,0.2927886713874947,2024-07-10,2024-08-05,49,0.3823706622061905,0.3955690983194033,0.4918499048529112,0.2782513097680896,3629.514683741519,3.8988672617597375,3.6288672617597375,0.27,1.11895829604,-84.94605938248472,123.84766285072476,20,27,27,1.0,0.1689309616635828,0.5912583658225399,49.07407407407408,35.0,73,53,0.0594962372071732,-0.0838090240582923,0.4670809350138468,0.5329190649861532,1.4012428050415409,0.0910731540714471,-0.0764602260610042,"{'2024-03': 0.05457896225754988, '2024-04': -0.06717034150212886, '2024-05': 0.09107315407144712, '2024-06': 0.06439873097268323, '2024-07': -0.07646022606100422, '2024-08': 0.002668363170640786, '2024-09': -0.016918909481992594}",{'2024': 0.04002056176428059},881.9565908727801,1247.0905869156702,daily_mark_to_market_equity,L10__SPXL_SOXL__trend_share_80,b,SPXL_SOXL,L10,trend_share_80,base,0,sha256:acd49d7f6e3e633cb9e24e4f31a698d59c7e8a2578e14056df443689e9c014bb,sensitivity_evaluation,W2,False,L10__SPXL_SOXL__trend_share_80/base/W2
spxl_soxl,OK,2024-09-19,2025-03-18,1000.0,994.1147761251104,-5.885223874889675,-5.885223874889675,0.0,-0.0058852238748896,-0.011905936273879,0.1289606773205051,2024-12-06,2025-03-04,67,0.2827540649457172,0.0983016375443459,0.1216438224902114,-0.0923222219459137,2645.5568294582895,2.74555210158985,2.6455521015898498,0.0999999999999999,1.5881965166999996,-7.473420391589666,0.0,13,10,10,1.0,0.1975410377576247,0.790164151030499,90.3,94.0,63,47,0.0626359052730454,-0.0708923060506482,0.6810222686417472,0.3189777313582528,2.0430668059252417,0.145494698601873,-0.0695808866906692,"{'2024-09': 0.010077072762240347, '2024-10': -0.03256307094643096, '2024-11': 0.14549469860187303, '2024-12': -0.0695808866906692, '2025-01': 0.052619247327538865, '2025-02': -0.03839156988980741, '2025-03': -0.056986134303638414}","{'2024': 0.04147507728371025, '2025': -0.045474253000966636}",977.18586138052,1141.29724140009,daily_mark_to_market_equity,L10__SPXL_SOXL__trend_share_80,b,SPXL_SOXL,L10,trend_share_80,base,0,sha256:acd49d7f6e3e633cb9e24e4f31a698d59c7e8a2578e14056df443689e9c014bb,sensitivity_evaluation,W3,False,L10__SPXL_SOXL__trend_share_80/base/W3
spxl_soxl,OK,2025-03-19,2025-09-18,1000.0,1208.1165031448895,208.11650314488975,208.11650314488975,0.0,0.2081165031448897,0.4584149995418924,0.069998464408527,2025-08-14,2025-09-03,19,0.1881570259093686,2.088068736200103,2.2329838862721627,6.548929371742749,1992.54290542304,2.102097521839842,1.9920975218398425,0.1099999999999999,0.5733547067299999,37.8036215091332,169.73952692902688,12,11,11,1.0,3.456153120446905,34.56153120446905,39.27272727272727,21.0,44,30,0.0538432009557185,-0.0412674148567732,0.2178535305987829,0.7821464694012171,0.6535605917963486,0.1392130906238644,-0.0152652572426503,"{'2025-03': 0.0, '2025-04': 0.0, '2025-05': 0.0, '2025-06': 0.0475866149985702, '2025-07': -0.015265257242650376, '2025-08': 0.0280036310853502, '2025-09': 0.13921309062386444}",{'2025': 0.20811650314488883},1000.0,1208.1165031448895,daily_mark_to_market_equity,L10__SPXL_SOXL__trend_share_80,b,SPXL_SOXL,L10,trend_share_80,base,0,sha256:acd49d7f6e3e633cb9e24e4f31a698d59c7e8a2578e14056df443689e9c014bb,sensitivity_evaluation,W4,False,L10__SPXL_SOXL__trend_share_80/base/W4
spxl_soxl,OK,2025-09-19,2026-03-18,1000.0,1228.4307252058952,228.4307252058952,228.4307252058952,0.0,0.2284307252058952,0.5181245449287266,0.1480067174115896,2025-10-29,2025-11-20,46,0.3877014679328903,1.272981181707543,1.684470417294057,3.500682631098978,3530.5275394333753,3.820391059104748,3.530391059104748,0.29,0.0,184.09755116290071,44.333174042994635,22,29,29,1.0,14.270535706539066,44.8502550776942,62.55172413793103,57.0,67,53,0.0653330328069357,-0.0953389997028654,0.357731253110704,0.642268746889296,1.0731937593321117,0.1561613339281389,-0.0509808622623051,"{'2025-09': 0.0018566825382302365, '2025-10': 0.1561613339281389, '2025-11': -0.05098086226230514, '2025-12': 0.006526715045408471, '2026-01': 0.13380840002433425, '2026-02': 0.029980957064698055, '2026-03': -0.049269365864493486}","{'2025': 0.10643095341437059, '2026': 0.11026424325444117}",986.6056181131,1350.8452471340102,daily_mark_to_market_equity,L10__SPXL_SOXL__trend_share_80,b,SPXL_SOXL,L10,trend_share_80,base,0,sha256:acd49d7f6e3e633cb9e24e4f31a698d59c7e8a2578e14056df443689e9c014bb,sensitivity_evaluation,W5,False,L10__SPXL_SOXL__trend_share_80/base/W5
spxl_soxl,OK,2026-03-19,2026-09-18,1000.0,1477.7100549158629,477.71005491586266,477.71005491586266,0.0,0.4777100549158626,1.180135160165214,0.1703868180553105,2026-06-22,2026-07-29,62,0.377183663675955,2.244594793233787,3.4710340005057043,6.92621162619588,4890.235042274838,5.129551686137639,4.889551686137639,0.24,0.0,499.4328672317053,-21.7228123158426,19,24,24,1.0,4.306024869938898,12.918074609816694,60.041666666666664,45.5,73,51,0.0596960572255111,-0.0790415837855448,0.3137806784443462,0.6862193215556538,0.9413420353330386,0.3508137674270717,-0.1169101699683301,"{'2026-03': -0.014177123661360036, '2026-04': 0.3508137674270717, '2026-05': 0.21134010615779975, '2026-06': 0.046915827348799954, '2026-07': -0.11691016996833015, '2026-08': 0.005815286956825982, '2026-09': -0.014869237450164108}",{'2026': 0.4777100549158617},933.20008591312,1730.0105385345153,daily_mark_to_market_equity,L10__SPXL_SOXL__trend_share_80,b,SPXL_SOXL,L10,trend_share_80,base,0,sha256:acd49d7f6e3e633cb9e24e4f31a698d59c7e8a2578e14056df443689e9c014bb,sensitivity_evaluation,W6,False,L10__SPXL_SOXL__trend_share_80/base/W6
spxl_soxl,OK,2023-09-19,2024-03-18,1000.0,1138.7456619562004,138.74566195620037,138.74566195620037,0.0,0.1387456619562004,0.2997704475246638,0.1268674234492582,2023-09-19,2023-12-06,84,0.2896476998621779,1.0476282104126056,1.5045379328613868,2.3628638414380636,5235.4649798117,13.27733471739968,13.08733471739968,0.19,0.8580804336000001,7.284477015797776,130.60310450680265,16,19,19,1.0,0.3774519697727725,1.0568655153637632,24.63157894736842,7.0,46,49,0.0639233338166718,-0.047898353346492,0.3486805177832378,0.6513194822167622,1.046041553349713,0.13134250055521,-0.0874787528564999,"{'2023-09': -0.08747875285649998, '2023-10': -0.022545481007922974, '2023-11': -0.014624040247023129, '2023-12': 0.11059323099607421, '2024-01': 0.024200822456437843, '2024-02': 0.13134250055521002, '2024-03': 0.0068180296071294055}","{'2023': -0.02389501919320003, '2024': 0.16662211990248132}",872.2743086122753,1254.1741670207002,daily_mark_to_market_equity,L10__SPXL_SOXL__trend_share_80,b,SPXL_SOXL,L10,trend_share_80,stress,0,sha256:acd49d7f6e3e633cb9e24e4f31a698d59c7e8a2578e14056df443689e9c014bb,sensitivity_evaluation,W1,False,L10__SPXL_SOXL__trend_share_80/stress/W1
spxl_soxl,OK,2024-03-19,2024-09-18,1000.0,1034.3382886805523,34.33828868055252,34.33828868055252,0.0,0.0343382886805525,0.0697076714595223,0.2936233366827663,2024-07-10,2024-08-07,49,0.382338650707596,0.367136771707096,0.4563463290373655,0.2374050790616662,3622.7764563673622,9.32291655468726,9.05291655468726,0.27,1.11645783024,-89.12165802768747,122.34348887799996,20,27,27,1.0,0.1638287452998977,0.5734006085496423,49.07407407407408,35.0,73,53,0.0595026634520692,-0.083810671520588,0.4671276206357336,0.5328723793642665,1.4013828619072013,0.0908870201462921,-0.0773304343541694,"{'2024-03': 0.05380771801379991, '2024-04': -0.0682828904317554, '2024-05': 0.09088702014629213, '2024-06': 0.06403798659394178, '2024-07': -0.07733043435416942, '2024-08': 0.000827527124811267, '2024-09': -0.0171781315355356}",{'2024': 0.034338288680553664},878.5990366828527,1243.810961359965,daily_mark_to_market_equity,L10__SPXL_SOXL__trend_share_80,b,SPXL_SOXL,L10,trend_share_80,stress,0,sha256:acd49d7f6e3e633cb9e24e4f31a698d59c7e8a2578e14056df443689e9c014bb,sensitivity_evaluation,W2,False,L10__SPXL_SOXL__trend_share_80/stress/W2
spxl_soxl,OK,2024-09-19,2025-03-18,1000.0,990.2323325804005,-9.76766741959966,-9.76766741959966,0.0,-0.0097676674195996,-0.0197206126432876,0.1306726217942539,2024-12-06,2025-03-10,67,0.2827852643872626,0.0699813424601873,0.0863869934097843,-0.1509161779453543,2641.76246384425,6.704377107999961,6.604377107999961,0.0999999999999999,1.5849673884000004,-11.352634807999271,-6.343424074666276e-14,13,10,10,1.0,0.1750663947967581,0.7002655791870324,90.3,94.0,63,48,0.0624547140469164,-0.0708993787991342,0.6811305346115916,0.3188694653884084,2.0433916038347744,0.1448406430779913,-0.0697120277458303,"{'2024-09': 0.00908931814559999, '2024-10': -0.03294816422943003, '2024-11': 0.14484064307799138, '2024-12': -0.0697120277458303, '2025-01': 0.052407416025133324, '2025-02': -0.038719175161688324, '2025-03': -0.05819473061834335}","{'2024': 0.039302106500626044, '2025': -0.047214158052122035}",975.8416775691752,1139.0787376606002,daily_mark_to_market_equity,L10__SPXL_SOXL__trend_share_80,b,SPXL_SOXL,L10,trend_share_80,stress,0,sha256:acd49d7f6e3e633cb9e24e4f31a698d59c7e8a2578e14056df443689e9c014bb,sensitivity_evaluation,W3,False,L10__SPXL_SOXL__trend_share_80/stress/W3
spxl_soxl,OK,2025-03-19,2025-09-18,1000.0,1204.6445672954956,204.64456729549556,204.64456729549556,0.0,0.2046445672954955,0.4500616395949395,0.0706094986214553,2025-08-14,2025-09-03,19,0.1881175125834963,2.058068739141688,2.2006361234727216,6.373953198673243,1990.917994711825,5.0845199560748755,4.974519956074875,0.1099999999999999,0.57262830157,35.525750971634345,168.54618802229098,12,11,11,1.0,2.882343890730402,28.82343890730402,39.27272727272727,21.0,44,30,0.0538445033907548,-0.041276641968336,0.2178854688612503,0.7821145311387496,0.6536564065837512,0.1389389626554511,-0.0157692076750693,"{'2025-03': 0.0, '2025-04': 0.0, '2025-05': 0.0, '2025-06': 0.04623747354839525, '2025-07': -0.015769207675069397, '2025-08': 0.02714381825348644, '2025-09': 0.13893896265545114}",{'2025': 0.20464456729549596},1000.0,1204.6445672954956,daily_mark_to_market_equity,L10__SPXL_SOXL__trend_share_80,b,SPXL_SOXL,L10,trend_share_80,stress,0,sha256:acd49d7f6e3e633cb9e24e4f31a698d59c7e8a2578e14056df443689e9c014bb,sensitivity_evaluation,W4,False,L10__SPXL_SOXL__trend_share_80/stress/W4
spxl_soxl,OK,2025-09-19,2026-03-18,1000.0,1222.751045690188,222.751045690188,222.751045690188,0.0,0.222751045690188,0.5039155346382354,0.1484639037580288,2025-10-29,2025-11-20,46,0.3876707630066968,1.248724055589901,1.6529961963459237,3.394195638688935,3523.032000474262,9.096734484812266,8.806734484812267,0.29,0.0,179.03714819066934,43.7138974995184,22,29,29,1.0,10.484475388229631,32.95120836300742,62.55172413793103,57.0,67,53,0.0652431565897011,-0.0953511606580602,0.3577813398754186,0.6422186601245814,1.073344019626256,0.1555324544741276,-0.0515052856559133,"{'2025-09': 0.001042030836312824, '2025-10': 0.15553245447412767, '2025-11': -0.05150528565591339, '2025-12': 0.005947098076480417, '2026-01': 0.1330624847399251, '2026-02': 0.029140357408250273, '2026-03': -0.04990932466797171}","{'2025': 0.10368341748796284, '2026': 0.10788204870671136}",985.8175797077502,1345.5066168040128,daily_mark_to_market_equity,L10__SPXL_SOXL__trend_share_80,b,SPXL_SOXL,L10,trend_share_80,stress,0,sha256:acd49d7f6e3e633cb9e24e4f31a698d59c7e8a2578e14056df443689e9c014bb,sensitivity_evaluation,W5,False,L10__SPXL_SOXL__trend_share_80/stress/W5
spxl_soxl,OK,2026-03-19,2026-09-18,1000.0,1470.161201380528,470.1612013805279,470.1612013805279,0.0,0.4701612013805278,1.157962992034014,0.1718414266687693,2026-06-22,2026-09-16,62,0.3770881144346378,2.218040628023851,3.4289747387677525,6.738555507142234,4878.268972191547,12.431436600472235,12.191436600472237,0.24,0.0,493.5731170900657,-23.411915709537265,19,24,24,1.0,4.1078920894820214,12.323676268446064,60.041666666666664,45.5,73,51,0.0597006120079217,-0.0790426369759473,0.3138493534972156,0.6861506465027843,0.9415480604916472,0.3502772219288899,-0.117862074843119,"{'2026-03': -0.014773297015199471, '2026-04': 0.3502772219288899, '2026-05': 0.21085773971391797, '2026-06': 0.04608950745326523, '2026-07': -0.11786207484311906, '2026-08': 0.004393010518712659, '2026-09': -0.015300544572253716}",{'2026': 0.47016120138052675},932.7293861428,1726.657962832688,daily_mark_to_market_equity,L10__SPXL_SOXL__trend_share_80,b,SPXL_SOXL,L10,trend_share_80,stress,0,sha256:acd49d7f6e3e633cb9e24e4f31a698d59c7e8a2578e14056df443689e9c014bb,sensitivity_evaluation,W6,False,L10__SPXL_SOXL__trend_share_80/stress/W6
