status,start_date,end_date,starting_equity,ending_equity,net_pnl,daily_profit_sum,equity_reconciliation_error,net_return,cagr,max_drawdown,drawdown_peak_date,drawdown_trough_date,drawdown_recovery_sessions,annualized_volatility,sharpe_zero_rf,sortino_zero_mar,calmar,turnover,trading_costs,adverse_execution_costs,explicit_fees,dividend_income,realized_pnl,unrealized_pnl,buy_count,sell_count,completed_round_trips,win_rate,payoff_ratio,profit_factor,average_holding_days,median_holding_days,profitable_days,losing_days,best_day,worst_day,average_invested_exposure,average_cash_allocation,average_approx_3x_invested_exposure,best_month,worst_month,monthly_returns,calendar_year_returns,minimum_equity,maximum_equity,risk_definition,candidate_id,track_id,pair_id,strategy_id,variant,cost_scenario,execution_delay_sessions,protocol_hash,phase,window_id,benchmark,artifact_path
OK,2023-09-19,2024-03-18,1000.0,1109.826155473785,109.8261554737851,109.8261554737851,0.0,0.10982615547378516,0.2340208579025731,0.0851615817776119,2023-12-27,2024-01-04,55,0.15557704874760128,1.4282560120940673,1.174187172119677,2.7479627904714983,2092.35175816653,2.102435891829844,2.0924358918298442,0.01,5.155267515615,96.19649692640027,8.47439103177,2,1,1,1.0,,,30.0,30.0,39,33,0.041481664926731776,-0.050083825590479525,0.16592984294183494,0.834070157058165,0.4977895288255048,0.18389260306966548,-0.06725490476875162,"{'2023-09': 0.0, '2023-10': 0.0, '2023-11': 0.0, '2023-12': 0.18389260306966548, '2024-01': -0.06725490476875162, '2024-02': 0.005176085271465514, '2024-03': -0.00014383886523983147}","{'2023': 0.18389260306966548, '2024': -0.06256179606480894}",990.0120974540503,1203.2727008696652,daily_mark_to_market_equity,L01__TQQQ_SOXL__long_105,b,TQQQ_SOXL,L01,long_105,base,0,sha256:acd49d7f6e3e633cb9e24e4f31a698d59c7e8a2578e14056df443689e9c014bb,sensitivity_evaluation,W1,False,L01__TQQQ_SOXL__long_105/base/W1
OK,2024-03-19,2024-09-18,1000.0,672.9238702417701,-327.07612975822985,-327.07612975822985,0.0,-0.32707612975822986,-0.5464377241933758,0.5512547969605779,2024-07-10,2024-08-07,49,0.8839319768545169,-0.43245215519491415,-0.4559850620273538,-0.9912616220416371,1662.7124322203697,1.6723703498899205,1.6623703498899205,0.01,3.22857080166,-331.5161331786899,1.2114326188000033,2,1,1,,,,122.0,122.0,66,50,0.18912062150746412,-0.20886829724592326,0.6678240655740714,0.33217593442592863,2.003472196722214,0.2697093869023597,-0.3064418528525732,"{'2024-03': 0.0, '2024-04': -0.1662420181489297, '2024-05': 0.2697093869023597, '2024-06': 0.141193012701609, '2024-07': -0.19615009628480373, '2024-08': -0.3064418528525732, '2024-09': -0.0009099048316909553}",{'2024': -0.32707612975822986},670.3761180017701,1493.8903267627304,daily_mark_to_market_equity,L01__TQQQ_SOXL__long_105,b,TQQQ_SOXL,L01,long_105,base,0,sha256:acd49d7f6e3e633cb9e24e4f31a698d59c7e8a2578e14056df443689e9c014bb,sensitivity_evaluation,W2,False,L01__TQQQ_SOXL__long_105/base/W2
OK,2024-09-19,2025-03-18,1000.0,975.5484789939421,-24.451521006057874,-24.451521006057874,0.0,-0.024451521006057853,-0.04899207237362846,0.25895147526437146,2024-12-16,2025-03-04,61,0.4557840634635708,0.11803951204035468,0.1276920404616811,-0.18919402688712608,1953.67859447736,1.963652246799928,1.953652246799928,0.01,3.8598086007420003,-28.311329606799866,0.0,1,1,1,,,,120.0,120.0,42,39,0.0804534770162677,-0.10735529645074182,0.6441222793073381,0.3558777206926619,1.9323668379220138,0.12864617853791982,-0.09325870029156791,"{'2024-09': 0.0, '2024-10': 0.0, '2024-11': 0.12864617853791982, '2024-12': -0.006017280037271422, '2025-01': 0.044847917975588514, '2025-02': -0.09325870029156791, '2025-03': -0.08214151410295878}","{'2024': 0.12185479841866154, '2025': -0.13041466652453515}",975.5484789939421,1316.4434533379203,daily_mark_to_market_equity,L01__TQQQ_SOXL__long_105,b,TQQQ_SOXL,L01,long_105,base,0,sha256:acd49d7f6e3e633cb9e24e4f31a698d59c7e8a2578e14056df443689e9c014bb,sensitivity_evaluation,W3,False,L01__TQQQ_SOXL__long_105/base/W3
OK,2025-03-19,2025-09-18,1000.0,1125.3887240870558,125.38872408705583,125.38872408705583,0.0,0.12538872408705592,0.2658867740712272,0.04606365108386745,2025-06-10,2025-06-20,9,0.14969011907216948,1.6403393011193637,1.527872950109878,5.772160213421442,2111.92694734533,2.1220349624499946,2.112034962449995,0.01,3.0119534595059996,117.91505321107984,4.461717416470002,2,1,1,1.0,,,29.0,29.0,45,30,0.045120909054843894,-0.03746245972384277,0.16113594626203168,0.8388640537379684,0.4834078387860949,0.15708883614414582,-0.031063767028352895,"{'2025-03': 0.0, '2025-04': 0.0, '2025-05': 0.0, '2025-06': 0.15708883614414582, '2025-07': -0.031063767028352895, '2025-08': 0.00046327909582921656, '2025-09': 0.0033200855796988726}",{'2025': 0.1253887240870557},1000.0,1157.088836144146,daily_mark_to_market_equity,L01__TQQQ_SOXL__long_105,b,TQQQ_SOXL,L01,long_105,base,0,sha256:acd49d7f6e3e633cb9e24e4f31a698d59c7e8a2578e14056df443689e9c014bb,sensitivity_evaluation,W4,False,L01__TQQQ_SOXL__long_105/base/W4
OK,2025-09-19,2026-03-18,1000.0,1381.6947956440804,381.6947956440804,381.6947956440804,0.0,0.3816947956440804,0.9271680946999654,0.3733820890314826,2025-10-29,2025-11-20,29,1.027995645702792,1.1595768557792026,1.5721165664487577,2.483161677907343,990.9899758959199,0.9899999759198955,0.9899999759198955,0.0,0.0,0.0,381.69479564408016,1,0,0,,,,,,64,50,0.15856855113873713,-0.18852165452753122,0.9205797567419262,0.07942024325807384,2.7617392702257786,0.46620732634273465,-0.13861479175601543,"{'2025-09': 0.0, '2025-10': 0.22313217116408013, '2025-11': -0.13545356580909929, '2025-12': 0.018503132033601544, '2026-01': 0.46620732634273465, '2026-02': 0.015769678677987065, '2026-03': -0.13861479175601543}","{'2025': 0.07702077841407973, '2026': 0.2828859232211227}",791.9129824740801,1835.02127332408,daily_mark_to_market_equity,L01__TQQQ_SOXL__long_105,b,TQQQ_SOXL,L01,long_105,base,0,sha256:acd49d7f6e3e633cb9e24e4f31a698d59c7e8a2578e14056df443689e9c014bb,sensitivity_evaluation,W5,False,L01__TQQQ_SOXL__long_105/base/W5
OK,2026-03-19,2026-09-18,1000.0,2252.84591139632,1252.84591139632,1252.84591139632,0.0,1.25284591139632,4.058448764052138,0.69318555872586,2026-06-22,2026-07-29,62,1.5144100714569015,1.8323241604451146,2.58341810629582,5.8547797382160525,3234.83583167668,3.246091923679972,3.236091923679972,0.01,0.0,1252.84591139632,0.0,1,1,1,1.0,,,153.0,153.0,65,40,0.24597119527357236,-0.30465280263504524,0.8242604302162072,0.1757395697837928,2.4727812906486215,1.7382804467998194,-0.5689756237363679,"{'2026-03': 0.0, '2026-04': 1.7382804467998194, '2026-05': 0.764212053782005, '2026-06': 0.18851286646469934, '2026-07': -0.5689756237363679, '2026-08': -0.016762319817454907, '2026-09': -0.07415444741293897}",{'2026': 1.2528459113963204},1000.0,6473.671091169819,daily_mark_to_market_equity,L01__TQQQ_SOXL__long_105,b,TQQQ_SOXL,L01,long_105,base,0,sha256:acd49d7f6e3e633cb9e24e4f31a698d59c7e8a2578e14056df443689e9c014bb,sensitivity_evaluation,W6,False,L01__TQQQ_SOXL__long_105/base/W6
OK,2023-09-19,2024-03-18,1000.0,1105.78998717239,105.78998717239006,105.78998717239006,0.0,0.10578998717238997,0.2249813696935823,0.08659219343609326,2023-12-27,2024-01-04,55,0.1561578716772902,1.376451634883685,1.1421227402220016,2.59817150676086,2090.719306894975,5.237333493224856,5.227333493224856,0.01,5.155267515615,93.07906976600026,7.555649890775001,2,1,1,1.0,,,30.0,30.0,38,34,0.041543980135209546,-0.050146726472124814,0.16536764008420754,0.8346323599157924,0.49610292025262265,0.18240760307573978,-0.06899805932499903,"{'2023-09': 0.0, '2023-10': 0.0, '2023-11': 0.0, '2023-12': 0.18240760307573978, '2024-01': -0.06899805932499903, '2024-02': 0.004640998372939409, '2024-03': -0.00012903796109220433}","{'2023': 0.18240760307573978, '2024': -0.06479797296976775}",988.5270974601252,1201.78770087574,daily_mark_to_market_equity,L01__TQQQ_SOXL__long_105,b,TQQQ_SOXL,L01,long_105,stress,0,sha256:acd49d7f6e3e633cb9e24e4f31a698d59c7e8a2578e14056df443689e9c014bb,sensitivity_evaluation,W1,False,L01__TQQQ_SOXL__long_105/stress/W1
OK,2024-03-19,2024-09-18,1000.0,670.2839779194352,-329.7160220805648,-329.7160220805648,0.0,-0.32971602208056483,-0.5499821600716914,0.552367775765165,2024-07-10,2024-08-07,49,0.8856092281216408,-0.43863897441327443,-0.46370141482116506,-0.9956811099449656,1661.7222057134247,4.162176872224881,4.1521768722248815,0.01,3.22857080166,-333.99134919172485,1.0467563095000014,2,1,1,,,,122.0,122.0,65,51,0.18946513263912035,-0.20918817584336313,0.6681884014995746,0.3318115985004254,2.004565204498723,0.2701906213625058,-0.30817972915053293,"{'2024-03': 0.0, '2024-04': -0.1677270181473246, '2024-05': 0.2701906213625058, '2024-06': 0.14139135025889904, '2024-07': -0.19639150097504687, '2024-08': -0.30817972915053293, '2024-09': -0.0008015330290361833}",{'2024': -0.3297160220805644},668.0487158794351,1492.4053267643353,daily_mark_to_market_equity,L01__TQQQ_SOXL__long_105,b,TQQQ_SOXL,L01,long_105,stress,0,sha256:acd49d7f6e3e633cb9e24e4f31a698d59c7e8a2578e14056df443689e9c014bb,sensitivity_evaluation,W2,False,L01__TQQQ_SOXL__long_105/stress/W2
OK,2024-09-19,2025-03-18,1000.0,972.6180006237422,-27.381999376257795,-27.381999376257795,0.0,-0.02738199937625785,-0.05477995480711961,0.26034317045321465,2024-12-16,2025-03-04,61,0.4565518582351068,0.1051136957237971,0.11393632962167849,-0.21041441076313513,1953.7181159934003,4.89413061699982,4.88413061699982,0.01,3.8598086007420003,-31.24180797699976,0.0,1,1,1,,,,120.0,120.0,42,39,0.08056949777933498,-0.10747817119089897,0.6449472432188686,0.35505275678113135,1.9348417296566063,0.12716117859480014,-0.09337699807668887,"{'2024-09': 0.0, '2024-10': 0.0, '2024-11': 0.12716117859480014, '2024-12': -0.006025207617356698, '2025-01': 0.04490736188038924, '2025-02': -0.09337699807668887, '2025-03': -0.08361834291103498}","{'2024': 0.12036979847554208, '2025': -0.1318777050692026}",972.6180006237422,1314.9584533948002,daily_mark_to_market_equity,L01__TQQQ_SOXL__long_105,b,TQQQ_SOXL,L01,long_105,stress,0,sha256:acd49d7f6e3e633cb9e24e4f31a698d59c7e8a2578e14056df443689e9c014bb,sensitivity_evaluation,W3,False,L01__TQQQ_SOXL__long_105/stress/W3
OK,2025-03-19,2025-09-18,1000.0,1121.6659468038558,121.66594680385583,121.66594680385583,0.0,0.1216659468038559,0.2575426160053653,0.04612844379386216,2025-06-10,2025-06-20,9,0.1496750692664111,1.5965256502100962,1.481783864844556,5.583162899582446,2110.26192436785,5.286339275649992,5.276339275649992,0.01,3.0119534595059996,114.76501572769983,3.88897761665,2,1,1,1.0,,,29.0,29.0,45,30,0.04518545534352314,-0.037515354526351796,0.160731710725037,0.839268289274963,0.48219513217511106,0.15560383621110496,-0.03258174702041439,"{'2025-03': 0.0, '2025-04': 0.0, '2025-05': 0.0, '2025-06': 0.15560383621110496, '2025-07': -0.03258174702041439, '2025-08': 0.0004066041660466535, '2025-09': 0.002914090271545877}",{'2025': 0.12166594680385523},1000.0,1155.6038362111058,daily_mark_to_market_equity,L01__TQQQ_SOXL__long_105,b,TQQQ_SOXL,L01,long_105,stress,0,sha256:acd49d7f6e3e633cb9e24e4f31a698d59c7e8a2578e14056df443689e9c014bb,sensitivity_evaluation,W4,False,L01__TQQQ_SOXL__long_105/stress/W4
OK,2025-09-19,2026-03-18,1000.0,1380.2097956802002,380.20979568020016,380.20979568020016,0.0,0.3802097956802002,0.922967494155861,0.37382134318656646,2025-10-29,2025-11-20,29,1.0293005383257277,1.1572993472317457,1.5691403216181679,2.4690069493844473,992.4749758598,2.4749999398000093,2.4749999398000093,0.0,0.0,0.0,380.20979568020005,1,0,0,,,,,,64,50,0.15874161210572768,-0.18878066266616678,0.9216998034579011,0.07830019654209885,2.765099410373703,0.46685102214221574,-0.13874323863581628,"{'2025-09': 0.0, '2025-10': 0.2216471712002004, '2025-11': -0.1356182193564378, '2025-12': 0.018529152812529537, '2026-01': 0.46685102214221574, '2026-02': 0.015784522249783217, '2026-03': -0.13874323863581628}","{'2025': 0.07553577845020043, '2026': 0.2832765058443909}",790.4279825102,1833.5362733601999,daily_mark_to_market_equity,L01__TQQQ_SOXL__long_105,b,TQQQ_SOXL,L01,long_105,stress,0,sha256:acd49d7f6e3e633cb9e24e4f31a698d59c7e8a2578e14056df443689e9c014bb,sensitivity_evaluation,W5,False,L01__TQQQ_SOXL__long_105/stress/W5
OK,2026-03-19,2026-09-18,1000.0,2247.9917735108,1247.9917735108002,1247.991773510801,9.094947017729282e-13,1.2479917735108002,4.036718205150222,0.6933446055299529,2026-06-22,2026-07-29,62,1.5148601138413735,1.8293988314320153,2.580933436238297,5.822095063485474,3232.9516936717,8.100229809199776,8.090229809199776,0.01,0.0,1247.9917735108002,0.0,1,1,1,1.0,,,153.0,153.0,65,40,0.2461552339422799,-0.30473281956635334,0.8246730890227703,0.17532691097722974,2.4740192670683108,1.7367954468595515,-0.5691228210346422,"{'2026-03': 0.0, '2026-04': 1.7367954468595515, '2026-05': 0.7646267193557603, '2026-06': 0.18857083231939953, '2026-07': -0.5691228210346422, '2026-08': -0.016772384192405343, '2026-09': -0.07558518085299593}",{'2026': 1.2479917735108015},1000.0,6472.18609122955,daily_mark_to_market_equity,L01__TQQQ_SOXL__long_105,b,TQQQ_SOXL,L01,long_105,stress,0,sha256:acd49d7f6e3e633cb9e24e4f31a698d59c7e8a2578e14056df443689e9c014bb,sensitivity_evaluation,W6,False,L01__TQQQ_SOXL__long_105/stress/W6
OK,2023-09-19,2024-03-18,1000.0,1895.28673392262,895.28673392262,895.28673392262,0.0,0.89528673392262,2.633588323042424,0.22991119839715246,2024-03-07,2024-03-18,7,0.6670336012632702,2.2627214644599096,3.0889706719503036,11.454806644490276,990.98997873876,0.9899999787599578,0.9899999787599578,0.0,2.7973255213800003,0.0,892.4894084012401,1,0,0,,,,,,37,35,0.14502833366882917,-0.11459580076602982,0.5716731281909353,0.4283268718090647,1.715019384572806,0.4020577641826206,-0.006959478356239779,"{'2023-09': 0.0, '2023-10': 0.0, '2023-11': 0.0, '2023-12': 0.4020577641826206, '2024-01': 0.022105254499316995, '2024-02': 0.33182273586457245, '2024-03': -0.006959478356239779}","{'2023': 0.4020577641826206, '2024': 0.3517893358891291}",959.60481303124,2461.12750890262,daily_mark_to_market_equity,L01__TQQQ_SOXL__long_147,b,TQQQ_SOXL,L01,long_147,base,0,sha256:acd49d7f6e3e633cb9e24e4f31a698d59c7e8a2578e14056df443689e9c014bb,sensitivity_evaluation,W1,False,L01__TQQQ_SOXL__long_147/base/W1
OK,2024-03-19,2024-09-18,1000.0,672.9238702417701,-327.07612975822985,-327.07612975822985,0.0,-0.32707612975822986,-0.5464377241933758,0.5512547969605779,2024-07-10,2024-08-07,49,0.8839319768545169,-0.43245215519491415,-0.4559850620273538,-0.9912616220416371,1662.7124322203697,1.6723703498899205,1.6623703498899205,0.01,3.22857080166,-331.5161331786899,1.2114326188000033,2,1,1,,,,122.0,122.0,66,50,0.18912062150746412,-0.20886829724592326,0.6678240655740714,0.33217593442592863,2.003472196722214,0.2697093869023597,-0.3064418528525732,"{'2024-03': 0.0, '2024-04': -0.1662420181489297, '2024-05': 0.2697093869023597, '2024-06': 0.141193012701609, '2024-07': -0.19615009628480373, '2024-08': -0.3064418528525732, '2024-09': -0.0009099048316909553}",{'2024': -0.32707612975822986},670.3761180017701,1493.8903267627304,daily_mark_to_market_equity,L01__TQQQ_SOXL__long_147,b,TQQQ_SOXL,L01,long_147,base,0,sha256:acd49d7f6e3e633cb9e24e4f31a698d59c7e8a2578e14056df443689e9c014bb,sensitivity_evaluation,W2,False,L01__TQQQ_SOXL__long_147/base/W2
OK,2024-09-19,2025-03-18,1000.0,975.5484789939421,-24.451521006057874,-24.451521006057874,0.0,-0.024451521006057853,-0.04899207237362846,0.25895147526437146,2024-12-16,2025-03-04,61,0.4557840634635708,0.11803951204035468,0.1276920404616811,-0.18919402688712608,1953.67859447736,1.963652246799928,1.953652246799928,0.01,3.8598086007420003,-28.311329606799866,0.0,1,1,1,,,,120.0,120.0,42,39,0.0804534770162677,-0.10735529645074182,0.6441222793073381,0.3558777206926619,1.9323668379220138,0.12864617853791982,-0.09325870029156791,"{'2024-09': 0.0, '2024-10': 0.0, '2024-11': 0.12864617853791982, '2024-12': -0.006017280037271422, '2025-01': 0.044847917975588514, '2025-02': -0.09325870029156791, '2025-03': -0.08214151410295878}","{'2024': 0.12185479841866154, '2025': -0.13041466652453515}",975.5484789939421,1316.4434533379203,daily_mark_to_market_equity,L01__TQQQ_SOXL__long_147,b,TQQQ_SOXL,L01,long_147,base,0,sha256:acd49d7f6e3e633cb9e24e4f31a698d59c7e8a2578e14056df443689e9c014bb,sensitivity_evaluation,W3,False,L01__TQQQ_SOXL__long_147/base/W3
OK,2025-03-19,2025-09-18,1000.0,1125.3887240870558,125.38872408705583,125.38872408705583,0.0,0.12538872408705592,0.2658867740712272,0.04606365108386745,2025-06-10,2025-06-20,9,0.14969011907216948,1.6403393011193637,1.527872950109878,5.772160213421442,2111.92694734533,2.1220349624499946,2.112034962449995,0.01,3.0119534595059996,117.91505321107984,4.461717416470002,2,1,1,1.0,,,29.0,29.0,45,30,0.045120909054843894,-0.03746245972384277,0.16113594626203168,0.8388640537379684,0.4834078387860949,0.15708883614414582,-0.031063767028352895,"{'2025-03': 0.0, '2025-04': 0.0, '2025-05': 0.0, '2025-06': 0.15708883614414582, '2025-07': -0.031063767028352895, '2025-08': 0.00046327909582921656, '2025-09': 0.0033200855796988726}",{'2025': 0.1253887240870557},1000.0,1157.088836144146,daily_mark_to_market_equity,L01__TQQQ_SOXL__long_147,b,TQQQ_SOXL,L01,long_147,base,0,sha256:acd49d7f6e3e633cb9e24e4f31a698d59c7e8a2578e14056df443689e9c014bb,sensitivity_evaluation,W4,False,L01__TQQQ_SOXL__long_147/base/W4
OK,2025-09-19,2026-03-18,1000.0,1381.6947956440804,381.6947956440804,381.6947956440804,0.0,0.3816947956440804,0.9271680946999654,0.3733820890314826,2025-10-29,2025-11-20,29,1.027995645702792,1.1595768557792026,1.5721165664487577,2.483161677907343,990.9899758959199,0.9899999759198955,0.9899999759198955,0.0,0.0,0.0,381.69479564408016,1,0,0,,,,,,64,50,0.15856855113873713,-0.18852165452753122,0.9205797567419262,0.07942024325807384,2.7617392702257786,0.46620732634273465,-0.13861479175601543,"{'2025-09': 0.0, '2025-10': 0.22313217116408013, '2025-11': -0.13545356580909929, '2025-12': 0.018503132033601544, '2026-01': 0.46620732634273465, '2026-02': 0.015769678677987065, '2026-03': -0.13861479175601543}","{'2025': 0.07702077841407973, '2026': 0.2828859232211227}",791.9129824740801,1835.02127332408,daily_mark_to_market_equity,L01__TQQQ_SOXL__long_147,b,TQQQ_SOXL,L01,long_147,base,0,sha256:acd49d7f6e3e633cb9e24e4f31a698d59c7e8a2578e14056df443689e9c014bb,sensitivity_evaluation,W5,False,L01__TQQQ_SOXL__long_147/base/W5
OK,2026-03-19,2026-09-18,1000.0,2252.84591139632,1252.84591139632,1252.84591139632,0.0,1.25284591139632,4.058448764052138,0.69318555872586,2026-06-22,2026-07-29,62,1.5144100714569015,1.8323241604451146,2.58341810629582,5.8547797382160525,3234.83583167668,3.246091923679972,3.236091923679972,0.01,0.0,1252.84591139632,0.0,1,1,1,1.0,,,153.0,153.0,65,40,0.24597119527357236,-0.30465280263504524,0.8242604302162072,0.1757395697837928,2.4727812906486215,1.7382804467998194,-0.5689756237363679,"{'2026-03': 0.0, '2026-04': 1.7382804467998194, '2026-05': 0.764212053782005, '2026-06': 0.18851286646469934, '2026-07': -0.5689756237363679, '2026-08': -0.016762319817454907, '2026-09': -0.07415444741293897}",{'2026': 1.2528459113963204},1000.0,6473.671091169819,daily_mark_to_market_equity,L01__TQQQ_SOXL__long_147,b,TQQQ_SOXL,L01,long_147,base,0,sha256:acd49d7f6e3e633cb9e24e4f31a698d59c7e8a2578e14056df443689e9c014bb,sensitivity_evaluation,W6,False,L01__TQQQ_SOXL__long_147/base/W6
OK,2023-09-19,2024-03-18,1000.0,1893.80173395448,893.8017339544799,893.8017339544799,0.0,0.8938017339544799,2.627845496961807,0.23005000642354456,2024-03-07,2024-03-18,7,0.6677247338926939,2.2586644880079643,3.0883116418919747,11.422931639148432,992.4749787069,2.474999946899895,2.474999946899895,0.0,2.7973255213800003,0.0,891.0044084331001,1,0,0,,,,,,37,35,0.1451620656049657,-0.1146649875522674,0.572245041729445,0.427754958270555,1.7167351251883354,0.40057276421447985,-0.006964897531835157,"{'2023-09': 0.0, '2023-10': 0.0, '2023-11': 0.0, '2023-12': 0.40057276421447985, '2024-01': 0.022128692269253625, '2024-02': 0.33216694415615455, '2024-03': -0.006964897531835157}","{'2023': 0.40057276421447985, '2024': 0.3521623312564055}",958.1198130631001,2459.6425089344802,daily_mark_to_market_equity,L01__TQQQ_SOXL__long_147,b,TQQQ_SOXL,L01,long_147,stress,0,sha256:acd49d7f6e3e633cb9e24e4f31a698d59c7e8a2578e14056df443689e9c014bb,sensitivity_evaluation,W1,False,L01__TQQQ_SOXL__long_147/stress/W1
OK,2024-03-19,2024-09-18,1000.0,670.2839779194352,-329.7160220805648,-329.7160220805648,0.0,-0.32971602208056483,-0.5499821600716914,0.552367775765165,2024-07-10,2024-08-07,49,0.8856092281216408,-0.43863897441327443,-0.46370141482116506,-0.9956811099449656,1661.7222057134247,4.162176872224881,4.1521768722248815,0.01,3.22857080166,-333.99134919172485,1.0467563095000014,2,1,1,,,,122.0,122.0,65,51,0.18946513263912035,-0.20918817584336313,0.6681884014995746,0.3318115985004254,2.004565204498723,0.2701906213625058,-0.30817972915053293,"{'2024-03': 0.0, '2024-04': -0.1677270181473246, '2024-05': 0.2701906213625058, '2024-06': 0.14139135025889904, '2024-07': -0.19639150097504687, '2024-08': -0.30817972915053293, '2024-09': -0.0008015330290361833}",{'2024': -0.3297160220805644},668.0487158794351,1492.4053267643353,daily_mark_to_market_equity,L01__TQQQ_SOXL__long_147,b,TQQQ_SOXL,L01,long_147,stress,0,sha256:acd49d7f6e3e633cb9e24e4f31a698d59c7e8a2578e14056df443689e9c014bb,sensitivity_evaluation,W2,False,L01__TQQQ_SOXL__long_147/stress/W2
OK,2024-09-19,2025-03-18,1000.0,972.6180006237422,-27.381999376257795,-27.381999376257795,0.0,-0.02738199937625785,-0.05477995480711961,0.26034317045321465,2024-12-16,2025-03-04,61,0.4565518582351068,0.1051136957237971,0.11393632962167849,-0.21041441076313513,1953.7181159934003,4.89413061699982,4.88413061699982,0.01,3.8598086007420003,-31.24180797699976,0.0,1,1,1,,,,120.0,120.0,42,39,0.08056949777933498,-0.10747817119089897,0.6449472432188686,0.35505275678113135,1.9348417296566063,0.12716117859480014,-0.09337699807668887,"{'2024-09': 0.0, '2024-10': 0.0, '2024-11': 0.12716117859480014, '2024-12': -0.006025207617356698, '2025-01': 0.04490736188038924, '2025-02': -0.09337699807668887, '2025-03': -0.08361834291103498}","{'2024': 0.12036979847554208, '2025': -0.1318777050692026}",972.6180006237422,1314.9584533948002,daily_mark_to_market_equity,L01__TQQQ_SOXL__long_147,b,TQQQ_SOXL,L01,long_147,stress,0,sha256:acd49d7f6e3e633cb9e24e4f31a698d59c7e8a2578e14056df443689e9c014bb,sensitivity_evaluation,W3,False,L01__TQQQ_SOXL__long_147/stress/W3
OK,2025-03-19,2025-09-18,1000.0,1121.6659468038558,121.66594680385583,121.66594680385583,0.0,0.1216659468038559,0.2575426160053653,0.04612844379386216,2025-06-10,2025-06-20,9,0.1496750692664111,1.5965256502100962,1.481783864844556,5.583162899582446,2110.26192436785,5.286339275649992,5.276339275649992,0.01,3.0119534595059996,114.76501572769983,3.88897761665,2,1,1,1.0,,,29.0,29.0,45,30,0.04518545534352314,-0.037515354526351796,0.160731710725037,0.839268289274963,0.48219513217511106,0.15560383621110496,-0.03258174702041439,"{'2025-03': 0.0, '2025-04': 0.0, '2025-05': 0.0, '2025-06': 0.15560383621110496, '2025-07': -0.03258174702041439, '2025-08': 0.0004066041660466535, '2025-09': 0.002914090271545877}",{'2025': 0.12166594680385523},1000.0,1155.6038362111058,daily_mark_to_market_equity,L01__TQQQ_SOXL__long_147,b,TQQQ_SOXL,L01,long_147,stress,0,sha256:acd49d7f6e3e633cb9e24e4f31a698d59c7e8a2578e14056df443689e9c014bb,sensitivity_evaluation,W4,False,L01__TQQQ_SOXL__long_147/stress/W4
OK,2025-09-19,2026-03-18,1000.0,1380.2097956802002,380.20979568020016,380.20979568020016,0.0,0.3802097956802002,0.922967494155861,0.37382134318656646,2025-10-29,2025-11-20,29,1.0293005383257277,1.1572993472317457,1.5691403216181679,2.4690069493844473,992.4749758598,2.4749999398000093,2.4749999398000093,0.0,0.0,0.0,380.20979568020005,1,0,0,,,,,,64,50,0.15874161210572768,-0.18878066266616678,0.9216998034579011,0.07830019654209885,2.765099410373703,0.46685102214221574,-0.13874323863581628,"{'2025-09': 0.0, '2025-10': 0.2216471712002004, '2025-11': -0.1356182193564378, '2025-12': 0.018529152812529537, '2026-01': 0.46685102214221574, '2026-02': 0.015784522249783217, '2026-03': -0.13874323863581628}","{'2025': 0.07553577845020043, '2026': 0.2832765058443909}",790.4279825102,1833.5362733601999,daily_mark_to_market_equity,L01__TQQQ_SOXL__long_147,b,TQQQ_SOXL,L01,long_147,stress,0,sha256:acd49d7f6e3e633cb9e24e4f31a698d59c7e8a2578e14056df443689e9c014bb,sensitivity_evaluation,W5,False,L01__TQQQ_SOXL__long_147/stress/W5
OK,2026-03-19,2026-09-18,1000.0,2247.9917735108,1247.9917735108002,1247.991773510801,9.094947017729282e-13,1.2479917735108002,4.036718205150222,0.6933446055299529,2026-06-22,2026-07-29,62,1.5148601138413735,1.8293988314320153,2.580933436238297,5.822095063485474,3232.9516936717,8.100229809199776,8.090229809199776,0.01,0.0,1247.9917735108002,0.0,1,1,1,1.0,,,153.0,153.0,65,40,0.2461552339422799,-0.30473281956635334,0.8246730890227703,0.17532691097722974,2.4740192670683108,1.7367954468595515,-0.5691228210346422,"{'2026-03': 0.0, '2026-04': 1.7367954468595515, '2026-05': 0.7646267193557603, '2026-06': 0.18857083231939953, '2026-07': -0.5691228210346422, '2026-08': -0.016772384192405343, '2026-09': -0.07558518085299593}",{'2026': 1.2479917735108015},1000.0,6472.18609122955,daily_mark_to_market_equity,L01__TQQQ_SOXL__long_147,b,TQQQ_SOXL,L01,long_147,stress,0,sha256:acd49d7f6e3e633cb9e24e4f31a698d59c7e8a2578e14056df443689e9c014bb,sensitivity_evaluation,W6,False,L01__TQQQ_SOXL__long_147/stress/W6
OK,2023-09-19,2024-03-18,1000.0,1215.0322585950855,215.03225859508552,215.03225859508552,0.0,0.21503225859508546,0.48147544886132176,0.08651289732910328,2024-03-07,2024-03-18,7,0.2719268359527194,1.5793174789849045,2.2940618093752727,5.565360353494386,5068.37556408864,5.188229739059737,5.068229739059737,0.11999999999999998,3.037743854145,80.37182585590426,131.6226888850362,11,12,12,1.0,0.4081263410442742,2.040631705221371,38.083333333333336,21.5,54,42,0.05990982136093437,-0.045017884794236296,0.3361016512131436,0.6638983487868564,1.0083049536394308,0.12296328993549244,-0.05747668194989497,"{'2023-09': -0.05747668194989497, '2023-10': 0.0009391551721726898, '2023-11': 0.0005385091270786457, '2023-12': 0.1170215075596579, '2024-01': 0.019435319814581575, '2024-02': 0.12296328993549244, '2024-03': 0.006624385683771328}","{'2023': 0.05437506287527594, '2024': 0.15237196077238346}",923.8910011701051,1330.1033534491257,daily_mark_to_market_equity,L02__TQQQ_SOXL__vol_target_30,b,TQQQ_SOXL,L02,vol_target_30,base,0,sha256:acd49d7f6e3e633cb9e24e4f31a698d59c7e8a2578e14056df443689e9c014bb,sensitivity_evaluation,W1,False,L02__TQQQ_SOXL__vol_target_30/base/W1
OK,2024-03-19,2024-09-18,1000.0,898.7265429175399,-101.27345708246014,-101.27345708246014,0.0,-0.10127345708246016,-0.19193706322041038,0.28279691134362506,2024-07-10,2024-09-06,49,0.3346036682997264,-0.4648474762483297,-0.5469827289971365,-0.6787098993000975,1871.9913808576598,1.981891052639939,1.8718910526399388,0.11,1.03655487018,-102.31000453535803,-7.417281939612412e-06,14,11,11,1.0,0.13646391883288175,0.3639037835543513,58.45454545454545,49.0,72,53,0.05496088522285514,-0.07860477729901005,0.3264526196017786,0.6735473803982214,0.9793578588053359,0.08380728887784583,-0.0979798562755465,"{'2024-03': 0.04625055915941001, '2024-04': -0.05761460550414421, '2024-05': 0.08380728887784583, '2024-06': 0.05813393134011413, '2024-07': -0.062051005735602294, '2024-08': -0.0979798562755465, '2024-09': -0.060546796510781875}",{'2024': -0.10127345708246094},880.5594778882598,1227.7686638772298,daily_mark_to_market_equity,L02__TQQQ_SOXL__vol_target_30,b,TQQQ_SOXL,L02,vol_target_30,base,0,sha256:acd49d7f6e3e633cb9e24e4f31a698d59c7e8a2578e14056df443689e9c014bb,sensitivity_evaluation,W2,False,L02__TQQQ_SOXL__vol_target_30/base/W2
OK,2024-09-19,2025-03-18,1000.0,962.7326295145949,-37.26737048540508,-37.26737048540508,0.0,-0.03726737048540507,-0.0741720260708304,0.1543630541618507,2024-12-16,2025-03-13,61,0.27876741656540843,-0.13953850245627575,-0.16512189922379364,-0.480503747956817,2211.31004065519,2.2812714539698398,2.21127145396984,0.06999999999999999,3.600526248564999,-40.8678799063093,-1.6827660536464355e-05,11,7,7,1.0,0.13130314688983244,0.3282578672245811,68.14285714285714,70.0,63,53,0.04518043071809541,-0.07204272674226508,0.4569577372045763,0.5430422627954237,1.3708732116137288,0.08335482539290462,-0.05603026706836889,"{'2024-09': 0.008031489234243905, '2024-10': -0.05603026706836889, '2024-11': 0.08335482539290462, '2024-12': -1.1895717495935543e-05, '2025-01': 0.02921975923116249, '2025-02': -0.051475765132160345, '2025-03': -0.043353646847872795}","{'2024': 0.030855338204705207, '2025': -0.06608367456169906}",951.551215679124,1138.4703945738638,daily_mark_to_market_equity,L02__TQQQ_SOXL__vol_target_30,b,TQQQ_SOXL,L02,vol_target_30,base,0,sha256:acd49d7f6e3e633cb9e24e4f31a698d59c7e8a2578e14056df443689e9c014bb,sensitivity_evaluation,W3,False,L02__TQQQ_SOXL__vol_target_30/base/W3
OK,2025-03-19,2025-09-18,1000.0,1178.675666823015,178.67566682301504,178.67566682301504,0.0,0.17867566682301494,0.38834063784806117,0.07143671643217031,2025-08-14,2025-09-03,20,0.17085586030124916,1.9948343645420767,2.0919138004697735,5.436149045523298,1055.7143284042747,1.1052887021048854,1.0552887021048853,0.05,0.53701140012,16.457858967263824,161.6807964556312,10,5,5,1.0,,,25.0,14.0,47,31,0.050815677567330964,-0.03890893672870055,0.20212011076175748,0.7978798892382425,0.6063603322852724,0.13183121299121559,-0.019237911273715325,"{'2025-03': 0.0, '2025-04': 0.0, '2025-05': -0.004999999380879916, '2025-06': 0.05017623131359272, '2025-07': -0.019237911273715325, '2025-08': 0.016163791389709026, '2025-09': 0.13183121299121559}",{'2025': 0.17867566682301406},995.0000006191201,1178.675666823015,daily_mark_to_market_equity,L02__TQQQ_SOXL__vol_target_30,b,TQQQ_SOXL,L02,vol_target_30,base,0,sha256:acd49d7f6e3e633cb9e24e4f31a698d59c7e8a2578e14056df443689e9c014bb,sensitivity_evaluation,W4,False,L02__TQQQ_SOXL__vol_target_30/base/W4
OK,2025-09-19,2026-03-18,1000.0,1187.15021854081,187.1502185408101,187.1502185408101,0.0,0.18715021854081004,0.4163951657998026,0.13788321362998057,2025-10-29,2025-11-20,46,0.3517813736560003,1.1676976387204865,1.5111309254359615,3.019911959096259,1211.95772719485,1.3618122291898795,1.2118122291898794,0.15000000000000002,0.0,105.81229500399635,81.3379235368138,8,15,15,1.0,15.726475605553174,220.17065847774444,79.86666666666666,77.0,67,53,0.06028950083028595,-0.08941882930999101,0.3216783889303748,0.6783216110696252,0.9650351667911246,0.14697680508767097,-0.04597930160662622,"{'2025-09': 0.0017479983500199303, '2025-10': 0.14697680508767097, '2025-11': -0.04597930160662622, '2025-12': 0.010200271372603487, '2026-01': 0.11500235497442768, '2026-02': 0.0042435556693658505, '2026-03': -0.042558072470711195}","{'2025': 0.10733339301887579, '2026': 0.07208021181799129}",987.4427672575,1292.72620838504,daily_mark_to_market_equity,L02__TQQQ_SOXL__vol_target_30,b,TQQQ_SOXL,L02,vol_target_30,base,0,sha256:acd49d7f6e3e633cb9e24e4f31a698d59c7e8a2578e14056df443689e9c014bb,sensitivity_evaluation,W5,False,L02__TQQQ_SOXL__vol_target_30/base/W5
OK,2026-03-19,2026-09-18,1000.0,1417.367103306287,417.36710330628694,417.36710330628694,0.0,0.4173671033062869,1.0060597677750605,0.16342176833061905,2026-06-22,2026-07-29,62,0.336011231662974,2.229654486532425,3.0889497208149104,6.156216384464143,2790.081389108007,2.9305016867128377,2.7905016867128376,0.14,0.0,417.3671033062873,0.0,10,14,14,1.0,1.4935824283068637,19.416571567989227,65.5,56.5,68,43,0.054078651617765816,-0.07426072955721208,0.19601984650088827,0.8039801534991118,0.5880595395026649,0.3265849585846414,-0.11476668538455426,"{'2026-03': -0.019874807663499916, '2026-04': 0.3265849585846414, '2026-05': 0.19815411440765685, '2026-06': 0.03759576563708622, '2026-07': -0.11476668538455426, '2026-08': 0.006366567927967415, '2026-09': -0.01573758122375568}",{'2026': 0.4173671033062867},937.3750750577801,1655.0054469678948,daily_mark_to_market_equity,L02__TQQQ_SOXL__vol_target_30,b,TQQQ_SOXL,L02,vol_target_30,base,0,sha256:acd49d7f6e3e633cb9e24e4f31a698d59c7e8a2578e14056df443689e9c014bb,sensitivity_evaluation,W6,False,L02__TQQQ_SOXL__vol_target_30/base/W6
OK,2023-09-19,2024-03-18,1000.0,1205.4588439777053,205.45884397770533,205.45884397770533,0.0,0.20545884397770542,0.45801479599175177,0.08656326271281511,2024-03-07,2024-03-18,7,0.27226125419702485,1.519048241477091,2.211228140579292,5.291099037143221,5050.34986106875,12.744968442399792,12.624968442399792,0.11999999999999998,3.0314398801049998,72.16917239314512,130.25823170445517,11,12,12,1.0,0.3800200767866301,1.9001003839331503,38.083333333333336,21.5,54,42,0.059911182773559446,-0.045020709867262476,0.33620798348691827,0.6637920165130817,1.008623950460755,0.12275557371519241,-0.058449732694359824,"{'2023-09': -0.058449732694359824, '2023-10': 2.0633295878536018e-06, '2023-11': -0.0032150513031451444, '2023-12': 0.11519866428370462, '2024-01': 0.019177601991149595, '2024-02': 0.12275557371519241, '2024-03': 0.0065125115066062556}","{'2023': 0.04664190599340534, '2024': 0.15173951766584426}",921.4659099699904,1319.6960388935054,daily_mark_to_market_equity,L02__TQQQ_SOXL__vol_target_30,b,TQQQ_SOXL,L02,vol_target_30,stress,0,sha256:acd49d7f6e3e633cb9e24e4f31a698d59c7e8a2578e14056df443689e9c014bb,sensitivity_evaluation,W1,False,L02__TQQQ_SOXL__vol_target_30/stress/W1
OK,2024-03-19,2024-09-18,1000.0,896.1482846099298,-103.85171539007024,-103.85171539007024,0.0,-0.10385171539007021,-0.19655727982977245,0.28366158964356947,2024-07-10,2024-09-06,49,0.334580054423839,-0.4819242878056944,-0.5668396940753991,-0.6929287820629978,1870.38979885615,4.785348858549904,4.675348858549904,0.11,1.0357111684799998,-104.88741898849312,-7.570056888332175e-06,14,11,11,1.0,0.13330198531754126,0.3554719608467767,58.45454545454545,49.0,72,53,0.054962566098149646,-0.07860621675304091,0.3264838732870105,0.6735161267129894,0.9794516198610319,0.08373330858399974,-0.09898231758855536,"{'2024-03': 0.04572285375642471, '2024-04': -0.05780429503858264, '2024-05': 0.08373330858399974, '2024-06': 0.057987584673647063, '2024-07': -0.06220679612351909, '2024-08': -0.09898231758855536, '2024-09': -0.061187701853763876}",{'2024': -0.1038517153900701},878.6166931457798,1226.5385751248548,daily_mark_to_market_equity,L02__TQQQ_SOXL__vol_target_30,b,TQQQ_SOXL,L02,vol_target_30,stress,0,sha256:acd49d7f6e3e633cb9e24e4f31a698d59c7e8a2578e14056df443689e9c014bb,sensitivity_evaluation,W2,False,L02__TQQQ_SOXL__vol_target_30/stress/W2
OK,2024-09-19,2025-03-18,1000.0,959.5240882892501,-40.47591171074987,-40.47591171074987,0.0,-0.04047591171074982,-0.0804223788687346,0.15523348492189926,2024-12-16,2025-03-04,61,0.27884149028865407,-0.1639478846805842,-0.19416371333586835,-0.5180736547220888,2208.3253023192,5.590572750149802,5.520572750149801,0.06999999999999999,3.5955647194000004,-44.071476430149644,0.0,11,7,7,1.0,0.12226560584274906,0.30566401460687265,68.14285714285714,70.0,58,48,0.045183538639230525,-0.07205005254727748,0.45701325476877785,0.5429867452312221,1.3710397643063337,0.08318005983643917,-0.05737352488603498,"{'2024-09': 0.007404193229523903, '2024-10': -0.05737352488603498, '2024-11': 0.08318005983643917, '2024-12': -0.00022614905384299444, '2025-01': 0.029098356882687026, '2025-02': -0.05151986054123203, '2025-03': -0.044072538865358446}","{'2024': 0.028361520650125094, '2025': -0.06693894217021701}",949.6058636789742,1135.845314844824,daily_mark_to_market_equity,L02__TQQQ_SOXL__vol_target_30,b,TQQQ_SOXL,L02,vol_target_30,stress,0,sha256:acd49d7f6e3e633cb9e24e4f31a698d59c7e8a2578e14056df443689e9c014bb,sensitivity_evaluation,W3,False,L02__TQQQ_SOXL__vol_target_30/stress/W3
OK,2025-03-19,2025-09-18,1000.0,1176.8687379824523,176.86873798245233,176.86873798245233,0.0,0.17686873798245228,0.38409590610001,0.07152312025373009,2025-08-14,2025-09-03,20,0.170817649927733,1.9773999969171703,2.073614148754756,5.370234194725006,1055.8699430790625,2.6870189567374383,2.6370189567374385,0.05,0.5364670041899999,15.542401711406832,160.78986926685545,10,5,5,1.0,,,25.0,14.0,47,31,0.050817487967321995,-0.03890923443014582,0.20213963289617434,0.7978603671038257,0.6064188986885232,0.13179272924911012,-0.01952768900545976,"{'2025-03': 0.0, '2025-04': 0.0, '2025-05': -0.005379107132200134, '2025-06': 0.049491127317071504, '2025-07': -0.01952768900545976, '2025-08': 0.015990025700939325, '2025-09': 0.13179272924911012}",{'2025': 0.17686873798245295},994.6208928678,1176.8687379824523,daily_mark_to_market_equity,L02__TQQQ_SOXL__vol_target_30,b,TQQQ_SOXL,L02,vol_target_30,stress,0,sha256:acd49d7f6e3e633cb9e24e4f31a698d59c7e8a2578e14056df443689e9c014bb,sensitivity_evaluation,W4,False,L02__TQQQ_SOXL__vol_target_30/stress/W4
OK,2025-09-19,2026-03-18,1000.0,1185.1296804339247,185.1296804339247,185.1296804339247,0.0,0.18512968043392464,0.41150770825401506,0.1379840189309085,2025-10-29,2025-11-20,46,0.3518999971047962,1.157572049200423,1.4987992813202808,2.9822852779789346,1211.1648449163,3.1770049060748824,3.0270049060748825,0.15000000000000002,0.0,104.29364234958386,80.83603808434111,8,15,15,1.0,13.935058224449476,195.09081514229266,79.86666666666666,77.0,67,53,0.06029779703946758,-0.08943003349592193,0.3217067278244334,0.6782932721755666,0.9651201834733003,0.14658468372899236,-0.046112224868051443,"{'2025-09': 0.0009842540678501877, '2025-10': 0.14658468372899236, '2025-11': -0.046112224868051443, '2025-12': 0.010020435444845655, '2026-01': 0.11489230911013038, '2026-02': 0.004197942654033282, '2026-03': -0.042689544666051016}","{'2025': 0.105759873101124, '2026': 0.07177852015031583}",986.7039812687501,1290.7044512490122,daily_mark_to_market_equity,L02__TQQQ_SOXL__vol_target_30,b,TQQQ_SOXL,L02,vol_target_30,stress,0,sha256:acd49d7f6e3e633cb9e24e4f31a698d59c7e8a2578e14056df443689e9c014bb,sensitivity_evaluation,W5,False,L02__TQQQ_SOXL__vol_target_30/stress/W5
OK,2026-03-19,2026-09-18,1000.0,1412.983345939625,412.983345939625,412.983345939625,0.0,0.41298334593962505,0.9936952328672504,0.1636465569064811,2026-06-22,2026-07-29,62,0.33603057270939185,2.2112038790927393,3.0398842443273626,6.072203727666058,2785.8393620344004,7.107223970374849,6.9672239703748495,0.14,0.0,412.98333583858005,1.0101045006173573e-05,10,14,14,1.0,1.3741764061678838,17.864293280182487,65.5,56.5,78,45,0.05408061742333081,-0.0742616805541928,0.1960435608007161,0.803956439199284,0.5881306824021484,0.3262056566577969,-0.11495682980556121,"{'2026-03': -0.020344540644749998, '2026-04': 0.3262056566577969, '2026-05': 0.1976961770964365, '2026-06': 0.03744675836095657, '2026-07': -0.11495682980556121, '2026-08': 0.006093182664613783, '2026-09': -0.01703588921397703}",{'2026': 0.4129833459396264},936.93379398445,1652.9554287972746,daily_mark_to_market_equity,L02__TQQQ_SOXL__vol_target_30,b,TQQQ_SOXL,L02,vol_target_30,stress,0,sha256:acd49d7f6e3e633cb9e24e4f31a698d59c7e8a2578e14056df443689e9c014bb,sensitivity_evaluation,W6,False,L02__TQQQ_SOXL__vol_target_30/stress/W6
OK,2023-09-19,2024-03-18,1000.0,1265.1193690858727,265.1193690858727,265.1193690858727,0.0,0.26511936908587264,0.6072996966103044,0.1395872098961587,2024-03-07,2024-03-18,7,0.43862300405310206,1.2976406300551544,1.8242643372606953,4.35068296774529,6971.881934016569,7.0915073197895975,6.971507319789597,0.11999999999999998,4.856923925662,83.2401806024775,177.02226455773334,11,12,12,1.0,0.6063628466512104,1.8190885399536312,42.166666666666664,35.0,53,43,0.10014431243483823,-0.07311381482238988,0.5069875981137704,0.49301240188622963,1.5209627943413109,0.21133763748583756,-0.09271396183315495,"{'2023-09': -0.09271396183315495, '2023-10': 0.0014921351744432432, '2023-11': 0.02943530235712921, '2023-12': 0.0781697527026326, '2024-01': 0.026304056066252857, '2024-02': 0.21133763748583756, '2024-03': 0.009049045926702304}","{'2023': 0.008504805782582503, '2024': 0.2544505111248947}",878.8998426568452,1470.363276367833,daily_mark_to_market_equity,L02__TQQQ_SOXL__vol_target_50,b,TQQQ_SOXL,L02,vol_target_50,base,0,sha256:acd49d7f6e3e633cb9e24e4f31a698d59c7e8a2578e14056df443689e9c014bb,sensitivity_evaluation,W1,False,L02__TQQQ_SOXL__vol_target_50/base/W1
OK,2024-03-19,2024-09-18,1000.0,804.87994043964,-195.12005956036,-195.12005956036,0.0,-0.19512005956036005,-0.3515917146129499,0.43953254748093806,2024-07-10,2024-09-06,49,0.5618695316604386,-0.48104575864176424,-0.5651588798539604,-0.7999219093739537,2687.3846858170596,2.777190434919919,2.687190434919919,0.08999999999999998,1.90799679456,-197.0280447898778,-1.1565042086934974e-05,12,9,9,1.0,0.12479700495615872,0.24959400991231745,55.111111111111114,42.0,70,54,0.09377983167327497,-0.130446441774275,0.544150001780311,0.45584999821968897,1.632450005340933,0.14258705843364372,-0.17172397885941415,"{'2024-03': 0.07701221108578982, '2024-04': -0.09959074996602457, '2024-05': 0.14258705843364372, '2024-06': 0.09384046204759078, '2024-07': -0.10910826054949452, '2024-08': -0.17172397885941415, '2024-09': -0.10003167789733458}",{'2024': -0.19512005956036083},777.4173531503201,1387.08742078806,daily_mark_to_market_equity,L02__TQQQ_SOXL__vol_target_50,b,TQQQ_SOXL,L02,vol_target_50,base,0,sha256:acd49d7f6e3e633cb9e24e4f31a698d59c7e8a2578e14056df443689e9c014bb,sensitivity_evaluation,W2,False,L02__TQQQ_SOXL__vol_target_50/base/W2
OK,2024-09-19,2025-03-18,1000.0,915.6908811120713,-84.30911888792866,-84.30911888792866,0.0,-0.08430911888792869,-0.16366143906410313,0.2481649541743458,2024-12-16,2025-03-13,61,0.4548029339634777,-0.1677670500666104,-0.20011869384536124,-0.659486508111554,3502.217696751084,3.5821311300847554,3.5021311300847553,0.07999999999999999,5.839618417156,-90.14872027788157,-1.7027203086892573e-05,11,8,8,1.0,0.049124759497837275,0.1473742784935118,109.5,116.0,66,54,0.07430123787776921,-0.10788919820848542,0.750569369330454,0.24943063066954596,2.251708107991362,0.13635748404568182,-0.09255000094554466,"{'2024-09': 0.013385815846718163, '2024-10': -0.09255000094554466, '2024-11': 0.13635748404568182, '2024-12': -0.004520695022734111, '2025-01': 0.04345186294260217, '2025-02': -0.08811869131913996, '2025-03': -0.07488990853016964}","{'2024': 0.04026680001753169, '2025': -0.11975381594736956}",915.6908789920712,1217.9412014326533,daily_mark_to_market_equity,L02__TQQQ_SOXL__vol_target_50,b,TQQQ_SOXL,L02,vol_target_50,base,0,sha256:acd49d7f6e3e633cb9e24e4f31a698d59c7e8a2578e14056df443689e9c014bb,sensitivity_evaluation,W3,False,L02__TQQQ_SOXL__vol_target_50/base/W3
OK,2025-03-19,2025-09-18,1000.0,1307.9590652105853,307.9590652105853,307.9590652105853,0.0,0.30795906521058525,0.7088756423454046,0.11532434732263097,2025-08-14,2025-09-03,20,0.28367321502017034,2.019658892235761,2.1436437581912027,6.146799516343732,1794.1049881347046,1.8433329386248012,1.7933329386248011,0.05,0.90697157421,25.370876492033016,281.6812171443421,13,5,5,1.0,,,25.0,14.0,47,31,0.08445476031969656,-0.06402887123829071,0.33560669411286026,0.6643933058871397,1.006820082338581,0.22403628365807937,-0.03225629453201673,"{'2025-03': 0.0, '2025-04': 0.0, '2025-05': -0.008333331831019808, '2025-06': 0.08482639550129156, '2025-07': -0.03225629453201673, '2025-08': 0.0263926790286777, '2025-09': 0.22403628365807937}",{'2025': 0.30795906521058525},991.6666681689801,1307.9590652105853,daily_mark_to_market_equity,L02__TQQQ_SOXL__vol_target_50,b,TQQQ_SOXL,L02,vol_target_50,base,0,sha256:acd49d7f6e3e633cb9e24e4f31a698d59c7e8a2578e14056df443689e9c014bb,sensitivity_evaluation,W4,False,L02__TQQQ_SOXL__vol_target_50/base/W4
OK,2025-09-19,2026-03-18,1000.0,1302.695540104875,302.6955401048749,302.6955401048749,0.0,0.302695540104875,0.7101548561572448,0.22306888591292973,2025-10-29,2025-11-20,46,0.5907762621980498,1.2077094753247357,1.5725657256638814,3.1835675031543347,1980.653096273935,2.150354960124796,1.9803549601247963,0.17000000000000004,0.0,161.32401578857883,141.37152431629616,9,17,17,1.0,10.494118246541865,167.90589194466983,89.0,91.0,67,53,0.1070367923938551,-0.14845921666303186,0.5359515194485953,0.4640484805514047,1.6078545583457857,0.2448807311060739,-0.07983041134084079,"{'2025-09': 0.002790692786115212, '2025-10': 0.2448807311060739, '2025-11': -0.07983041134084079, '2025-12': 0.014486296900055207, '2026-01': 0.19636739084350996, '2026-02': 0.006489137081866714, '2026-03': -0.07163840290220391}","{'2025': 0.16533851493728502, '2026': 0.11786877667471707}",979.0712784676001,1503.8300980684949,daily_mark_to_market_equity,L02__TQQQ_SOXL__vol_target_50,b,TQQQ_SOXL,L02,vol_target_50,base,0,sha256:acd49d7f6e3e633cb9e24e4f31a698d59c7e8a2578e14056df443689e9c014bb,sensitivity_evaluation,W5,False,L02__TQQQ_SOXL__vol_target_50/base/W5
OK,2026-03-19,2026-09-18,1000.0,1727.9980215756152,727.9980215756152,727.9980215756152,0.0,0.7279980215756152,1.9792911322197786,0.2589789728672417,2026-06-22,2026-07-29,62,0.5552692991993565,2.2353371455533737,3.1183293325186674,7.642671180236731,5330.102780527174,5.47083624938468,5.330836249384681,0.14,0.0,727.9980215756152,0.0,9,14,14,1.0,1.2803356375462718,16.644363288101534,65.5,56.5,68,43,0.08784592165109295,-0.12116655832648215,0.32361296097135234,0.6763870390286477,0.9708388829140566,0.5824435438623219,-0.18461897226478807,"{'2026-03': -0.035023366226520025, '2026-04': 0.5824435438623219, '2026-05': 0.3293484760553198, '2026-06': 0.06155379590123866, '2026-07': -0.18461897226478807, '2026-08': 0.009944287644469085, '2026-09': -0.02622336474184994}",{'2026': 0.7279980215756139},895.62512875348,2241.85097102159,daily_mark_to_market_equity,L02__TQQQ_SOXL__vol_target_50,b,TQQQ_SOXL,L02,vol_target_50,base,0,sha256:acd49d7f6e3e633cb9e24e4f31a698d59c7e8a2578e14056df443689e9c014bb,sensitivity_evaluation,W6,False,L02__TQQQ_SOXL__vol_target_50/base/W6
OK,2023-09-19,2024-03-18,1000.0,1251.4099786168504,251.40997861685037,251.40997861685037,0.0,0.25140997861685044,0.5723459828676289,0.1396800014400772,2024-03-07,2024-03-18,7,0.43899521354836496,1.2467745120794353,1.757800879407411,4.097551381492258,6937.985005205425,17.462643464824755,17.342643464824754,0.11999999999999998,4.844543391675,72.13884304021198,174.4265921849633,11,12,12,1.0,0.5630370250721506,1.6891110752164518,42.166666666666664,35.0,53,43,0.10015008378739432,-0.07311824302205305,0.5072210443519719,0.4927789556480281,1.521663133055916,0.21093083340132002,-0.0941989617867598,"{'2023-09': -0.0941989617867598, '2023-10': 9.066430406434733e-06, '2023-11': 0.02505071338312903, '2023-12': 0.07528842838041738, '2024-01': 0.02595407836807917, '2024-02': 0.21093083340132002, '2024-03': 0.008893392718347659}","{'2023': -0.001594244227924313, '2024': 0.253408217432725}",877.4148427032402,1454.5866430067504,daily_mark_to_market_equity,L02__TQQQ_SOXL__vol_target_50,b,TQQQ_SOXL,L02,vol_target_50,stress,0,sha256:acd49d7f6e3e633cb9e24e4f31a698d59c7e8a2578e14056df443689e9c014bb,sensitivity_evaluation,W1,False,L02__TQQQ_SOXL__vol_target_50/stress/W1
OK,2024-03-19,2024-09-18,1000.0,801.3943265601353,-198.60567343986474,-198.60567343986474,0.0,-0.1986056734398648,-0.3571841158369605,0.4405617384163232,2024-07-10,2024-09-06,49,0.5618578147658148,-0.49635724736506875,-0.5859773372690334,-0.81074701838821,2684.512365243425,6.800070217124852,6.710070217124852,0.08999999999999998,1.9057541472600001,-200.51142758712484,8.007106089280575e-15,12,9,9,1.0,0.12216647102962784,0.2443329420592557,55.111111111111114,42.0,65,50,0.09378083663983539,-0.13045032470352058,0.5442313026309535,0.45576869736904646,1.6326939078928606,0.1424867816823998,-0.17318814623293066,"{'2024-03': 0.07615610401962503, '2024-04': -0.09982996420546775, '2024-05': 0.1424867816823998, '2024-06': 0.0937122550713918, '2024-07': -0.10925997783996977, '2024-08': -0.17318814623293066, '2024-09': -0.1010521154572952}",{'2024': -0.19860567343986402},774.9160558798351,1385.168139351385,daily_mark_to_market_equity,L02__TQQQ_SOXL__vol_target_50,b,TQQQ_SOXL,L02,vol_target_50,stress,0,sha256:acd49d7f6e3e633cb9e24e4f31a698d59c7e8a2578e14056df443689e9c014bb,sensitivity_evaluation,W2,False,L02__TQQQ_SOXL__vol_target_50/stress/W2
OK,2024-09-19,2025-03-18,1000.0,910.7927455926881,-89.2072544073119,-89.2072544073119,0.0,-0.08920725440731192,-0.17271427684957097,0.2494882270631693,2024-12-16,2025-03-13,61,0.45498487235405155,-0.19165272788025334,-0.22867065261804204,-0.6922742563152708,3493.3057743588747,8.812725550874672,8.732725550874672,0.07999999999999999,5.8270147835629995,-95.03425204721056,-1.714366454239642e-05,11,8,8,1.0,0.045412557781912145,0.13623767334573644,109.5,116.0,66,54,0.07430762097647281,-0.10789832668243571,0.7506715096780022,0.24932849032199778,2.2520145290340072,0.13624539560772098,-0.09471448858835008,"{'2024-09': 0.012340322469878151, '2024-10': -0.09471448858835008, '2024-11': 0.13624539560772098, '2024-12': -0.00468526132015612, '2025-01': 0.04329483693167524, '2025-02': -0.08828588674391169, '2025-03': -0.07613364777409948}","{'2024': 0.03644122001231298, '2025': -0.12123068051860386}",910.7927434726881,1213.5622335525281,daily_mark_to_market_equity,L02__TQQQ_SOXL__vol_target_50,b,TQQQ_SOXL,L02,vol_target_50,stress,0,sha256:acd49d7f6e3e633cb9e24e4f31a698d59c7e8a2578e14056df443689e9c014bb,sensitivity_evaluation,W3,False,L02__TQQQ_SOXL__vol_target_50/stress/W3
OK,2025-03-19,2025-09-18,1000.0,1304.6102740498825,304.6102740498825,304.6102740498825,0.0,0.3046102740498824,0.7001541769044075,0.1154206492288411,2025-08-14,2025-09-03,21,0.2835994617605641,2.0021413645123096,2.1249464058050673,6.066108461374468,1793.2930210383122,4.5284201384873946,4.478420138487395,0.05,0.9054271133699999,23.88297864723103,279.8218682892814,13,5,5,1.0,,,25.0,14.0,47,31,0.08445834090325,-0.06402951450690741,0.3356469763095813,0.6643530236904187,1.0069409289287437,0.22391890305184758,-0.03272655357988585,"{'2025-03': 0.0, '2025-04': 0.0, '2025-05': -0.008965178047549816, '2025-06': 0.08363478396558954, '2025-07': -0.03272655357988585, '2025-08': 0.026140986212222828, '2025-09': 0.22391890305184758}",{'2025': 0.3046102740498813},991.0348219524501,1304.6102740498825,daily_mark_to_market_equity,L02__TQQQ_SOXL__vol_target_50,b,TQQQ_SOXL,L02,vol_target_50,stress,0,sha256:acd49d7f6e3e633cb9e24e4f31a698d59c7e8a2578e14056df443689e9c014bb,sensitivity_evaluation,W4,False,L02__TQQQ_SOXL__vol_target_50/stress/W4
OK,2025-09-19,2026-03-18,1000.0,1299.2084468379626,299.2084468379626,299.2084468379626,0.0,0.29920844683796255,0.700878547772448,0.22321948606191422,2025-10-29,2025-11-20,46,0.5909721567615696,1.1982702167711352,1.5610690622074606,3.1398627428881625,1978.4640732083374,5.114303627037306,4.944303627037306,0.17000000000000004,0.0,158.88340545885055,140.32504137911195,9,17,17,1.0,9.357953666751037,149.7272586680166,89.0,91.0,67,53,0.10705183498226312,-0.14847698280151544,0.5360245983565486,0.4639754016434514,1.6080737950696462,0.24430877220360148,-0.08004535860081918,"{'2025-09': 0.0015179271797249871, '2025-10': 0.24430877220360148, '2025-11': -0.08004535860081918, '2025-12': 0.014260515716560063, '2026-01': 0.19619506286783284, '2026-02': 0.00639837859710668, '2026-03': -0.07188011599657385}","{'2025': 0.16279411312758674, '2026': 0.11731598239989349}",977.839968469,1500.1991268038123,daily_mark_to_market_equity,L02__TQQQ_SOXL__vol_target_50,b,TQQQ_SOXL,L02,vol_target_50,stress,0,sha256:acd49d7f6e3e633cb9e24e4f31a698d59c7e8a2578e14056df443689e9c014bb,sensitivity_evaluation,W5,False,L02__TQQQ_SOXL__vol_target_50/stress/W5
OK,2026-03-19,2026-09-18,1000.0,1719.6530075178657,719.6530075178657,719.6530075178657,0.0,0.7196530075178658,1.9506433982288551,0.2593294990952463,2026-06-22,2026-07-29,62,0.5553373458845068,2.217759118686465,3.0584520779615394,7.52187238642074,5319.154760072514,13.442468746134702,13.302468746134702,0.14,0.0,719.6529968376301,1.0680235225314776e-05,9,14,14,1.0,1.1787397912909487,15.323617286782335,65.5,56.5,77,46,0.08785404710429301,-0.12116911691304244,0.3236857413482586,0.6763142586517414,0.9710572240447756,0.582002604668165,-0.18491116610045444,"{'2026-03': -0.03575883465630003, '2026-04': 0.582002604668165, '2026-05': 0.3286885394725385, '2026-06': 0.061292824144750124, '2026-07': -0.18491116610045444, '2026-08': 0.009465261058643426, '2026-09': -0.02838721156189894}",{'2026': 0.7196530075178644},894.8896603236999,2238.099110939763,daily_mark_to_market_equity,L02__TQQQ_SOXL__vol_target_50,b,TQQQ_SOXL,L02,vol_target_50,stress,0,sha256:acd49d7f6e3e633cb9e24e4f31a698d59c7e8a2578e14056df443689e9c014bb,sensitivity_evaluation,W6,False,L02__TQQQ_SOXL__vol_target_50/stress/W6
OK,2023-09-19,2024-03-18,1000.0,1553.7929495843362,553.7929495843362,553.7929495843362,0.0,0.5537929495843361,1.433452706343867,0.19965756920527344,2023-10-11,2023-10-26,42,0.5722229428947295,1.8377828748340075,3.0850401052959553,7.179556037117204,1835.5829530309597,1.8445830561998868,1.8345830561998868,0.01,5.741824010536001,-78.57922480694003,626.6303503807402,3,1,1,,,,35.0,35.0,74,51,0.11568597229271016,-0.08427005325215786,0.9342855327404775,0.06571446725952246,2.8028565982214326,0.256715320179177,-0.09825432522480726,"{'2023-09': -0.06914701929551514, '2023-10': -0.09825432522480726, '2023-11': 0.16993869248343385, '2023-12': 0.256715320179177, '2024-01': 0.030461770683356315, '2024-02': 0.23582636785232625, '2024-03': -0.011358971949898544}","{'2023': 0.23414212229433673, '2024': 0.2590064965092944}",815.2769442418651,1838.2407341843361,daily_mark_to_market_equity,L03__TQQQ_SOXL__ema_120,b,TQQQ_SOXL,L03,ema_120,base,0,sha256:acd49d7f6e3e633cb9e24e4f31a698d59c7e8a2578e14056df443689e9c014bb,sensitivity_evaluation,W1,False,L03__TQQQ_SOXL__ema_120/base/W1
OK,2024-03-19,2024-09-18,1000.0,768.957885627796,-231.04211437220397,-231.04211437220397,0.0,-0.231042114372204,-0.40806676824368127,0.5559007411663262,2024-07-10,2024-09-06,49,0.7555908487500246,-0.3024367798787903,-0.35382708046780126,-0.7340640837922309,1791.51430722754,1.8107241815199009,1.7907241815199009,0.02,6.027608629315999,-296.44147552528,59.371752523760094,3,2,2,,,,76.5,76.5,73,54,0.1335227935348442,-0.15212136636195128,0.9327198122681905,0.06728018773180955,2.7981594368045712,0.22736752406974525,-0.23496854577680315,"{'2024-03': 0.09713198103908383, '2024-04': -0.16055602483957176, '2024-05': 0.22736752406974525, '2024-06': 0.16100000059254316, '2024-07': -0.13733211816968294, '2024-08': -0.23496854577680315, '2024-09': -0.11218557822126518}",{'2024': -0.231042114372203},695.9847113477961,1567.182780659536,daily_mark_to_market_equity,L03__TQQQ_SOXL__ema_120,b,TQQQ_SOXL,L03,ema_120,base,0,sha256:acd49d7f6e3e633cb9e24e4f31a698d59c7e8a2578e14056df443689e9c014bb,sensitivity_evaluation,W2,False,L03__TQQQ_SOXL__ema_120/base/W2
OK,2024-09-19,2025-03-18,1000.0,730.3598365908452,-269.64016340915475,-269.64016340915475,0.0,-0.26964016340915475,-0.47144085496786925,0.339255398838021,2024-10-14,2025-03-07,105,0.46499316087046083,-1.1431913670298914,-1.148223811730093,-1.389634053231267,3945.7480009471496,3.995478796029831,3.945478796029831,0.05,3.560232536875,-273.20039594602986,0.0,5,5,5,,,,42.8,5.0,63,53,0.04994538834441187,-0.14316154951423277,0.6670198693607646,0.33298013063923537,2.001059608082293,0.04384623785481545,-0.11010580181268959,"{'2024-09': 0.021990822258663778, '2024-10': -0.11010580181268959, '2024-11': 0.04384623785481545, '2024-12': -0.003594193679516855, '2025-01': -0.07223186397082415, '2025-02': -0.0921424843154961, '2025-03': -0.08331191630016155}","{'2024': -0.054071847595704936, '2025': -0.22789079198619178}",730.3598365908452,1105.358765408664,daily_mark_to_market_equity,L03__TQQQ_SOXL__ema_120,b,TQQQ_SOXL,L03,ema_120,base,0,sha256:acd49d7f6e3e633cb9e24e4f31a698d59c7e8a2578e14056df443689e9c014bb,sensitivity_evaluation,W3,False,L03__TQQQ_SOXL__ema_120/base/W3
OK,2025-03-19,2025-09-18,1000.0,1641.0754672827234,641.0754672827234,641.0754672827234,0.0,0.6410754672827235,1.6876668331079485,0.11372857866539865,2025-08-14,2025-08-21,19,0.364775976024495,2.879569574647434,3.5765379911150323,14.839426052032538,999.9999896386498,0.9990009886498318,0.9990009886498318,0.0,3.4127626613729998,0.0,637.6627046213503,2,0,0,,,,,,54,31,0.08051342531736094,-0.06327562729501357,0.6248880329354126,0.3751119670645874,1.874664098806238,0.26755099867654364,0.0,"{'2025-03': 0.0, '2025-04': 0.0, '2025-05': 0.010566047827790248, '2025-06': 0.26755099867654364, '2025-07': 0.02666619005665294, '2025-08': 0.02806891956208557, '2025-09': 0.21379939965897954}",{'2025': 0.641075467282725},983.96169758779,1641.0754672827234,daily_mark_to_market_equity,L03__TQQQ_SOXL__ema_120,b,TQQQ_SOXL,L03,ema_120,base,0,sha256:acd49d7f6e3e633cb9e24e4f31a698d59c7e8a2578e14056df443689e9c014bb,sensitivity_evaluation,W4,False,L03__TQQQ_SOXL__ema_120/base/W4
OK,2025-09-19,2026-03-18,1000.0,1255.21227304918,255.2122730491801,255.2122730491801,0.0,0.25521227304918015,0.5860380605137632,0.3085668406504882,2025-10-29,2025-11-20,46,0.7846949978442274,0.9850396542502299,1.3336232607358312,1.8992256565168806,990.9899742542799,0.9899999742798871,0.9899999742798871,0.0,1.4551698634599999,0.0,253.75710318572013,2,0,0,,,,,,67,57,0.12236744265443877,-0.14982253826809444,0.9918225591887959,0.008177440811204084,2.975467677566388,0.26594417639639545,-0.114492056774666,"{'2025-09': 0.025898689180364753, '2025-10': 0.2491264077198423, '2025-11': -0.10401137243284186, '2025-12': -0.004787524772651652, '2026-01': 0.26594417639639545, '2026-02': -0.020101738974012573, '2026-03': -0.114492056774666}","{'2025': 0.14269196474918067, '2026': 0.09846950164272572}",915.441491620364,1598.7417456291798,daily_mark_to_market_equity,L03__TQQQ_SOXL__ema_120,b,TQQQ_SOXL,L03,ema_120,base,0,sha256:acd49d7f6e3e633cb9e24e4f31a698d59c7e8a2578e14056df443689e9c014bb,sensitivity_evaluation,W5,False,L03__TQQQ_SOXL__ema_120/base/W5
OK,2026-03-19,2026-09-18,1000.0,1891.8673247222393,891.8673247222393,891.8673247222393,0.0,0.8918673247222393,2.5698219443357795,0.6156795390767063,2026-06-22,2026-07-29,62,1.2797460795139852,1.639407992566706,2.3912386588573367,4.17396028490661,1994.28992074286,2.0032919240399036,1.9932919240399039,0.01,1.5425080562790001,1.6450009873800544,888.6798156785801,3,1,1,1.0,,,4.0,4.0,81,46,0.20328070222795946,-0.2684108623377176,0.9377564403424277,0.062243559657572334,2.8132693210272826,0.8695461875437016,-0.4906327145579319,"{'2026-03': -0.015040186669409872, '2026-04': 0.8695461875437016, '2026-05': 0.6312318572397109, '2026-06': 0.13080642437123147, '2026-07': -0.4906327145579319, '2026-08': 0.02686052894923585, '2026-09': 0.06485259900819562}",{'2026': 0.8918673247222373},912.10396886059,3749.79612490596,daily_mark_to_market_equity,L03__TQQQ_SOXL__ema_120,b,TQQQ_SOXL,L03,ema_120,base,0,sha256:acd49d7f6e3e633cb9e24e4f31a698d59c7e8a2578e14056df443689e9c014bb,sensitivity_evaluation,W6,False,L03__TQQQ_SOXL__ema_120/base/W6
OK,2023-09-19,2024-03-18,1000.0,1548.620625526451,548.620625526451,548.620625526451,0.0,0.548620625526451,1.4171338130162523,0.20056449869798543,2023-10-11,2023-10-26,42,0.5720051213207812,1.826480532727937,3.0695541296808124,7.065726099164761,1834.3309234767248,4.589595109824862,4.579595109824862,0.01,5.734153516276001,-79.94773946735002,622.8342114775252,3,1,1,,,,35.0,35.0,74,51,0.11558978729433345,-0.08415717483864327,0.934756521992529,0.06524347800747099,2.804269565977587,0.2563684934219179,-0.09908491370197015,"{'2023-09': -0.07063201923424023, '2023-10': -0.09908491370197015, '2023-11': 0.16958094453894734, '2023-12': 0.2563684934219179, '2024-01': 0.030487271723064424, '2024-02': 0.23552423925894783, '2024-03': -0.011373491467178587}","{'2023': 0.23032227221645063, '2024': 0.2587113640855898}",813.1659296342101,1831.5168286664511,daily_mark_to_market_equity,L03__TQQQ_SOXL__ema_120,b,TQQQ_SOXL,L03,ema_120,stress,0,sha256:acd49d7f6e3e633cb9e24e4f31a698d59c7e8a2578e14056df443689e9c014bb,sensitivity_evaluation,W1,False,L03__TQQQ_SOXL__ema_120/stress/W1
OK,2024-03-19,2024-09-18,1000.0,766.9579644186163,-233.04203558138374,-233.04203558138374,0.0,-0.2330420355813837,-0.4111355031655095,0.556756866705403,2024-07-10,2024-09-06,49,0.756514000620619,-0.30792443049859475,-0.3602392532304894,-0.7384471171382135,1788.65648439445,4.48670715069989,4.46670715069989,0.02,6.027608629315999,-297.69889680009993,58.62925258940005,3,2,2,,,,76.5,76.5,73,54,0.13372161222878542,-0.1522724702132875,0.9340081172352249,0.06599188276477508,2.8020243517056747,0.22773472611429169,-0.2359495644000198,"{'2024-03': 0.09564698114441383, '2024-04': -0.1607736366105884, '2024-05': 0.22773472611429169, '2024-06': 0.16121178695726734, '2024-07': -0.13748769065910904, '2024-08': -0.2359495644000198, '2024-09': -0.11219314898879695}",{'2024': -0.2330420355813837},693.9847901386162,1565.6977807648661,daily_mark_to_market_equity,L03__TQQQ_SOXL__ema_120,b,TQQQ_SOXL,L03,ema_120,stress,0,sha256:acd49d7f6e3e633cb9e24e4f31a698d59c7e8a2578e14056df443689e9c014bb,sensitivity_evaluation,W2,False,L03__TQQQ_SOXL__ema_120/stress/W2
OK,2024-09-19,2025-03-18,1000.0,725.9743814327879,-274.02561856721206,-274.02561856721206,0.0,-0.2740256185672121,-0.4778610055026278,0.3423066760133672,2024-10-14,2025-03-07,105,0.4653331968325228,-1.1684767740615216,-1.174830088658019,-1.396002587702868,3927.0700632579874,9.866001909087258,9.816001909087257,0.05,3.560232536875,-277.5858511040873,0.0,5,5,5,,,,42.8,5.0,63,53,0.04999199737805449,-0.14284347334553416,0.6685705941936256,0.33142940580637437,2.005711782580877,0.042159672258446745,-0.11020193212886009,"{'2024-09': 0.020493023556964696, '2024-10': -0.11020193212886009, '2024-11': 0.042159672258446745, '2024-12': -0.003605683607710408, '2025-01': -0.07262158428323229, '2025-02': -0.0930703537122749, '2025-03': -0.08457301704423625}","{'2024': -0.057097030241874513, '2025': -0.2300645933706028}",725.9743814327879,1103.8189912469643,daily_mark_to_market_equity,L03__TQQQ_SOXL__ema_120,b,TQQQ_SOXL,L03,ema_120,stress,0,sha256:acd49d7f6e3e633cb9e24e4f31a698d59c7e8a2578e14056df443689e9c014bb,sensitivity_evaluation,W3,False,L03__TQQQ_SOXL__ema_120/stress/W3
OK,2025-03-19,2025-09-18,1000.0,1638.378177955238,638.378177955238,638.378177955238,0.0,0.638378177955238,1.678857197228199,0.11368981417493129,2025-08-14,2025-08-21,19,0.36449060145532625,2.8725535438436616,3.566934464211506,14.7669974606959,999.9999993143249,2.493765584324874,2.493765584324874,0.0,3.407322169563,0.0,634.9708557856752,2,0,0,,,,,,54,31,0.08046340259723994,-0.06323784397840315,0.6249199697347557,0.3750800302652443,1.874759909204267,0.26648787164304477,0.0,"{'2025-03': 0.0, '2025-04': 0.0, '2025-05': 0.009823547884475481, '2025-06': 0.26648787164304477, '2025-07': 0.02671633166429932, '2025-08': 0.028047168772718623, '2025-09': 0.21367977351686052}",{'2025': 0.6383781779552382},983.219197644475,1638.378177955238,daily_mark_to_market_equity,L03__TQQQ_SOXL__ema_120,b,TQQQ_SOXL,L03,ema_120,stress,0,sha256:acd49d7f6e3e633cb9e24e4f31a698d59c7e8a2578e14056df443689e9c014bb,sensitivity_evaluation,W4,False,L03__TQQQ_SOXL__ema_120/stress/W4
OK,2025-09-19,2026-03-18,1000.0,1253.72727308776,253.72727308776007,253.72727308776007,0.0,0.25372727308776,0.5822328725023809,0.3089133242592861,2025-10-29,2025-11-20,46,0.7856846916134409,0.9817310809649537,1.3301560220803677,1.8847774659719252,992.4749742157,2.474999935699996,2.474999935699996,0.0,1.4551698634599999,0.0,252.27210322430005,2,0,0,,,,,,67,57,0.1225119671414503,-0.15001465199320496,0.9930331724466213,0.0069668275533787405,2.9790995173398636,0.26629023728094525,-0.1146121261623374,"{'2025-09': 0.02441368921894438, '2025-10': 0.24948754376258298, '2025-11': -0.10413204261408715, '2025-12': -0.004793724693840207, '2026-01': 0.26629023728094525, '2026-02': -0.020122395743327193, '2026-03': -0.1146121261623374}","{'2025': 0.14120696478776007, '2026': 0.09859763546126521}",913.956491658944,1597.2567456677598,daily_mark_to_market_equity,L03__TQQQ_SOXL__ema_120,b,TQQQ_SOXL,L03,ema_120,stress,0,sha256:acd49d7f6e3e633cb9e24e4f31a698d59c7e8a2578e14056df443689e9c014bb,sensitivity_evaluation,W5,False,L03__TQQQ_SOXL__ema_120/stress/W5
OK,2026-03-19,2026-09-18,1000.0,1887.998469361235,887.998469361235,887.998469361235,0.0,0.887998469361235,2.5552661793174978,0.6160510044652909,2026-06-22,2026-07-29,62,1.280794942229428,1.6359452418316425,2.3862484897145553,4.1478159451024235,1992.79693580795,4.985773500899937,4.975773500899937,0.01,1.533409632135,0.15602962845002458,886.30903010065,3,1,1,1.0,,,4.0,4.0,81,46,0.20344150933962313,-0.26857870695337316,0.9379257061849577,0.06207429381504226,2.813777118554874,0.8703557901488714,-0.4909999375411568,"{'2026-03': -0.017271658023524705, '2026-04': 0.8703557901488714, '2026-05': 0.631783668983116, '2026-06': 0.13106241622909165, '2026-07': -0.4909999375411568, '2026-08': 0.026689442704058708, '2026-09': 0.06497114837567874}",{'2026': 0.8879984693612339},909.8724975064749,3745.4081961291,daily_mark_to_market_equity,L03__TQQQ_SOXL__ema_120,b,TQQQ_SOXL,L03,ema_120,stress,0,sha256:acd49d7f6e3e633cb9e24e4f31a698d59c7e8a2578e14056df443689e9c014bb,sensitivity_evaluation,W6,False,L03__TQQQ_SOXL__ema_120/stress/W6
OK,2023-09-19,2024-03-18,1000.0,1466.6704382846099,466.6704382846099,466.6704382846099,0.0,0.46667043828460986,1.165966379441612,0.1700077674682573,2024-03-07,2024-03-15,7,0.5436893745506888,1.6895038667453706,2.74515283020917,6.85831239833976,2695.71074279567,2.7147117160899095,2.6947117160899094,0.02,5.3738931607,-144.01529640435996,605.31184152827,4,2,2,,,,21.5,21.5,65,51,0.11828021684299328,-0.08727418527162945,0.8069017170913053,0.19309828290869469,2.4207051512739164,0.266164971554947,-0.10116192530478485,"{'2023-09': -0.10116192530478485, '2023-10': -0.04573899859535924, '2023-11': 0.0659135286392667, '2023-12': 0.266164971554947, '2024-01': 0.029772344300541542, '2024-02': 0.24400015221391413, '2024-03': -0.010968837400381015}","{'2023': 0.1576063628746105, '2024': 0.2669854670136067}",845.214019666375,1750.55098600461,daily_mark_to_market_equity,L03__TQQQ_SOXL__ema_80,b,TQQQ_SOXL,L03,ema_80,base,0,sha256:acd49d7f6e3e633cb9e24e4f31a698d59c7e8a2578e14056df443689e9c014bb,sensitivity_evaluation,W1,False,L03__TQQQ_SOXL__ema_80/base/W1
OK,2024-03-19,2024-09-18,1000.0,788.9246717944761,-211.07532820552387,-211.07532820552387,0.0,-0.21107532820552388,-0.37699280660842793,0.5288878094782534,2024-07-10,2024-09-06,49,0.7062766431942193,-0.30476568350039573,-0.3480934751950935,-0.7128029798613253,2173.93711585412,2.193337414839869,2.173337414839869,0.02,6.027608629315999,-204.97854755013995,-12.124389284699946,3,2,2,1.0,0.023014642040711904,0.023014642040711904,142.5,142.5,70,54,0.1335227935348442,-0.15212136636195128,0.8526946122708715,0.1473053877291285,2.558083836812615,0.22736752406974525,-0.28767104356959994,"{'2024-03': 0.09713198103908383, '2024-04': -0.16055602483957176, '2024-05': 0.22736752406974525, '2024-06': 0.16100000059254316, '2024-07': -0.13733211816968294, '2024-08': -0.28767104356959994, '2024-09': -0.021740957599915567}",{'2024': -0.21107532820552277},738.318912744476,1567.182780659536,daily_mark_to_market_equity,L03__TQQQ_SOXL__ema_80,b,TQQQ_SOXL,L03,ema_80,base,0,sha256:acd49d7f6e3e633cb9e24e4f31a698d59c7e8a2578e14056df443689e9c014bb,sensitivity_evaluation,W2,False,L03__TQQQ_SOXL__ema_80/base/W2
OK,2024-09-19,2025-03-18,1000.0,740.1806039197653,-259.8193960802347,-259.8193960802347,0.0,-0.25981939608023474,-0.4569192399669566,0.32083700498459355,2024-10-14,2025-03-07,105,0.4462848945254762,-1.1490072462253664,-1.1107552069435584,-1.4241475667337615,3183.7708632279096,3.223510707109865,3.183510707109865,0.04,3.560232536875,-263.3796286171098,0.0,4,4,4,,,,50.25,14.5,63,53,0.049788984309955486,-0.14439206877347688,0.6238455120807436,0.37615448791925643,1.8715365362422307,0.09047298022121586,-0.11721371090761679,"{'2024-09': 0.016546334302413923, '2024-10': -0.11721371090761679, '2024-11': 0.09047298022121586, '2024-12': -0.0034867893471682843, '2025-01': -0.0890122183480353, '2025-02': -0.0920906151039278, '2025-03': -0.08229749873422554}","{'2024': -0.024829112459865077, '2025': -0.24097344026863998}",740.1806039197653,1089.8423638392942,daily_mark_to_market_equity,L03__TQQQ_SOXL__ema_80,b,TQQQ_SOXL,L03,ema_80,base,0,sha256:acd49d7f6e3e633cb9e24e4f31a698d59c7e8a2578e14056df443689e9c014bb,sensitivity_evaluation,W3,False,L03__TQQQ_SOXL__ema_80/base/W3
OK,2025-03-19,2025-09-18,1000.0,1612.492861069916,612.492861069916,612.492861069916,0.0,0.6124928610699161,1.595046834970502,0.1140368177436838,2025-08-14,2025-08-21,19,0.3652314598947379,2.7805696949758643,3.4401992591375787,13.987121585202667,998.2293931009398,0.9972321609398314,0.9972321609398314,0.0,3.3477278508559998,0.0,609.1451332190602,2,0,0,,,,,,55,31,0.08096062285541228,-0.06363197872921345,0.6271755453030686,0.3728244546969314,1.8815266359092064,0.26842357327825783,-0.00822176104105976,"{'2025-03': 0.0, '2025-04': 0.0, '2025-05': -0.00822176104105976, '2025-06': 0.26842357327825783, '2025-07': 0.02605086704910775, '2025-08': 0.028281220601561463, '2025-09': 0.21489326590327895}",{'2025': 0.6124928610699156},966.1615896789401,1612.492861069916,daily_mark_to_market_equity,L03__TQQQ_SOXL__ema_80,b,TQQQ_SOXL,L03,ema_80,base,0,sha256:acd49d7f6e3e633cb9e24e4f31a698d59c7e8a2578e14056df443689e9c014bb,sensitivity_evaluation,W4,False,L03__TQQQ_SOXL__ema_80/base/W4
OK,2025-09-19,2026-03-18,1000.0,1277.5671570858801,277.5671570858801,277.5671570858801,0.0,0.2775671570858802,0.643880850604958,0.3085668406504882,2025-10-29,2025-11-20,46,0.7626640823348632,1.0377729746425215,1.4029246660875543,2.0866819300725767,1461.3230336909799,1.470803837579912,1.460803837579912,0.01,1.4551698634599999,-25.171915698459948,301.28390292088005,2,1,1,,,,158.0,158.0,67,57,0.12236744265443877,-0.14982253826809444,0.9428701996555916,0.0571298003444084,2.8286105989667747,0.26594417639639545,-0.10401137243284186,"{'2025-09': 0.025898689180364753, '2025-10': 0.2491264077198423, '2025-11': -0.10401137243284186, '2025-12': -0.004787524772651652, '2026-01': 0.26594417639639545, '2026-02': -0.027621750291789593, '2026-03': -0.09175132281011966}","{'2025': 0.14269196474918067, '2026': 0.11803285268248431}",915.441491620364,1598.7417456291798,daily_mark_to_market_equity,L03__TQQQ_SOXL__ema_80,b,TQQQ_SOXL,L03,ema_80,base,0,sha256:acd49d7f6e3e633cb9e24e4f31a698d59c7e8a2578e14056df443689e9c014bb,sensitivity_evaluation,W5,False,L03__TQQQ_SOXL__ema_80/base/W5
OK,2026-03-19,2026-09-18,1000.0,1707.780261949632,707.780261949632,707.780261949632,0.0,0.7077802619496318,1.910123295450358,0.6176870981608606,2026-06-22,2026-07-29,62,1.2753126154293704,1.4806138911474145,2.131900179754443,3.092380108209603,2072.6754416681097,2.0827501899498877,2.072750189949888,0.01,1.493589129582,577.17048989729,129.11618292276006,2,1,1,1.0,,,181.0,181.0,81,46,0.20415109964628808,-0.269318625899742,0.9124697915811139,0.08753020841888615,2.737409374743341,0.8542128600007157,-0.4926182146124024,"{'2026-03': -0.01668518765679028, '2026-04': 0.8542128600007157, '2026-05': 0.6342228585182248, '2026-06': 0.1321918917420455, '2026-07': -0.4926182146124024, '2026-08': 0.025932565647017958, '2026-09': -0.02748835453264664}",{'2026': 0.7077802619496336},910.45896787321,3726.20363676597,daily_mark_to_market_equity,L03__TQQQ_SOXL__ema_80,b,TQQQ_SOXL,L03,ema_80,base,0,sha256:acd49d7f6e3e633cb9e24e4f31a698d59c7e8a2578e14056df443689e9c014bb,sensitivity_evaluation,W6,False,L03__TQQQ_SOXL__ema_80/base/W6
OK,2023-09-19,2024-03-18,1000.0,1459.522601057381,459.52260105738105,459.52260105738105,0.0,0.45952260105738096,1.1447179469399504,0.16990396990728485,2024-03-07,2024-03-15,7,0.5436875536771243,1.6713355903644413,2.7247123467801346,6.7374408471127145,2693.1671950848,6.746699270849794,6.726699270849794,0.02,5.358608808231,-146.77206010089986,600.93605235005,4,2,2,,,,21.5,21.5,65,51,0.11823613978722625,-0.08722378665604114,0.8071851672338887,0.19281483276611133,2.4215555017016657,0.2660028705386255,-0.10330863702741488,"{'2023-09': -0.10330863702741488, '2023-10': -0.046528836044030464, '2023-11': 0.06438936409017493, '2023-12': 0.2660028705386255, '2024-01': 0.02978408313630876, '2024-02': 0.24386087560328584, '2024-03': -0.010975441784302653}","{'2023': 0.15208830041738075, '2024': 0.2668495987057782}",841.8626552869353,1741.7606192573812,daily_mark_to_market_equity,L03__TQQQ_SOXL__ema_80,b,TQQQ_SOXL,L03,ema_80,stress,0,sha256:acd49d7f6e3e633cb9e24e4f31a698d59c7e8a2578e14056df443689e9c014bb,sensitivity_evaluation,W1,False,L03__TQQQ_SOXL__ema_80/stress/W1
OK,2024-03-19,2024-09-18,1000.0,785.7069860067661,-214.2930139932339,-214.2930139932339,0.0,-0.21429301399323386,-0.38205405169078244,0.5303885488503559,2024-07-10,2024-09-06,49,0.7073130869709445,-0.3146756795714559,-0.35925355569946105,-0.7203286204404374,2173.51403522075,5.450045202549895,5.430045202549896,0.02,6.027608629315999,-207.64377474534996,-12.676847877199991,3,2,2,1.0,0.015806744023217096,0.015806744023217096,142.5,142.5,70,54,0.13372161222878542,-0.1522724702132875,0.8538042245814357,0.14619577541856432,2.561412673744307,0.22773472611429169,-0.2896329244970608,"{'2024-03': 0.09564698114441383, '2024-04': -0.1607736366105884, '2024-05': 0.22773472611429169, '2024-06': 0.16121178695726734, '2024-07': -0.13748769065910904, '2024-08': -0.2896329244970608, '2024-09': -0.021757001292205924}",{'2024': -0.21429301399323453},735.269606886766,1565.6977807648661,daily_mark_to_market_equity,L03__TQQQ_SOXL__ema_80,b,TQQQ_SOXL,L03,ema_80,stress,0,sha256:acd49d7f6e3e633cb9e24e4f31a698d59c7e8a2578e14056df443689e9c014bb,sensitivity_evaluation,W2,False,L03__TQQQ_SOXL__ema_80/stress/W2
OK,2024-09-19,2025-03-18,1000.0,736.4565785716753,-263.5434214283247,-263.5434214283247,0.0,-0.26354342142832465,-0.4624493182225521,0.32330289828615866,2024-10-14,2025-03-07,105,0.4465276102357296,-1.1712264235498206,-1.1326537835323358,-1.4303902645909272,3173.3709516954,7.971807805199829,7.931807805199829,0.04,3.560232536875,-267.1036539651997,0.0,4,4,4,,,,50.25,14.5,63,53,0.04983642454882764,-0.14417081249855457,0.6249868107887676,0.3750131892112324,1.874960432366303,0.08991727899444046,-0.1179723361349746,"{'2024-09': 0.01580383438446442, '2024-10': -0.1179723361349746, '2024-11': 0.08991727899444046, '2024-12': -0.003494119753428837, '2025-01': -0.08957146335925281, '2025-02': -0.09303815093279255, '2025-03': -0.08346974196543644}","{'2024': -0.02688210762277421, '2025': -0.24319901592540982}",736.4565785716753,1088.310525797264,daily_mark_to_market_equity,L03__TQQQ_SOXL__ema_80,b,TQQQ_SOXL,L03,ema_80,stress,0,sha256:acd49d7f6e3e633cb9e24e4f31a698d59c7e8a2578e14056df443689e9c014bb,sensitivity_evaluation,W3,False,L03__TQQQ_SOXL__ema_80/stress/W3
OK,2025-03-19,2025-09-18,1000.0,1610.702240966466,610.702240966466,610.702240966466,0.0,0.610702240966466,1.5892983979541855,0.11411572569837003,2025-08-14,2025-08-21,19,0.36548274723453245,2.7728476962469633,3.4304986294703292,13.927076117055147,999.35677479315,2.492161533149918,2.492161533149918,0.0,3.3463900796159995,0.0,607.3558508868501,2,0,0,,,,,,55,31,0.08103121483952047,-0.06367333383474127,0.6277205627140026,0.37227943728599744,1.8831616881420075,0.267736434228133,-0.008964261012650132,"{'2025-03': 0.0, '2025-04': 0.0, '2025-05': -0.008964261012650132, '2025-06': 0.267736434228133, '2025-07': 0.02608655138588767, '2025-08': 0.028300586443035902, '2025-09': 0.2150464911308978}",{'2025': 0.6107022409664664},965.4190897073499,1610.702240966466,daily_mark_to_market_equity,L03__TQQQ_SOXL__ema_80,b,TQQQ_SOXL,L03,ema_80,stress,0,sha256:acd49d7f6e3e633cb9e24e4f31a698d59c7e8a2578e14056df443689e9c014bb,sensitivity_evaluation,W4,False,L03__TQQQ_SOXL__ema_80/stress/W4
OK,2025-09-19,2026-03-18,1000.0,1275.3759513295101,275.37595132951014,275.37595132951014,0.0,0.2753759513295102,0.6381646953768267,0.3089133242592861,2025-10-29,2025-11-20,46,0.7636498638653256,1.032852170403904,1.3972568663395872,2.065837389523489,1462.10182785745,3.662009593949989,3.6520095939499893,0.01,1.4551698634599999,-26.620621456149944,300.5414029222,2,1,1,,,,158.0,158.0,67,57,0.1225119671414503,-0.15001465199320496,0.9440722108074345,0.05592778919256547,2.8322166324223033,0.26629023728094525,-0.10413204261408715,"{'2025-09': 0.02441368921894438, '2025-10': 0.24948754376258298, '2025-11': -0.10413204261408715, '2025-12': -0.004793724693840207, '2026-01': 0.26629023728094525, '2026-02': -0.02813882487967967, '2026-03': -0.091894473547534}","{'2025': 0.14120696478776007, '2026': 0.11756761979340324}",913.956491658944,1597.2567456677598,daily_mark_to_market_equity,L03__TQQQ_SOXL__ema_80,b,TQQQ_SOXL,L03,ema_80,stress,0,sha256:acd49d7f6e3e633cb9e24e4f31a698d59c7e8a2578e14056df443689e9c014bb,sensitivity_evaluation,W5,False,L03__TQQQ_SOXL__ema_80/stress/W5
OK,2026-03-19,2026-09-18,1000.0,1704.2860156919774,704.2860156919774,704.2860156919774,0.0,0.7042860156919775,1.898251146469046,0.6178701419970823,2026-06-22,2026-07-29,62,1.2757667188402697,1.4773478880995847,2.127112378762605,3.072249357014584,2071.064813723775,5.188138553374879,5.178138553374879,0.01,1.489159435352,574.817366048225,127.9794902084,2,1,1,1.0,,,181.0,181.0,81,46,0.20423062205404752,-0.2694014737277334,0.9125193390664319,0.0874806609335681,2.7375580171992953,0.8539411012033551,-0.4927993536932541,"{'2026-03': -0.01742768765197522, '2026-04': 0.8539411012033551, '2026-05': 0.6344966421088345, '2026-06': 0.13231845830153066, '2026-07': -0.4927993536932541, '2026-08': 0.025847544978308212, '2026-09': -0.028446357680653733}",{'2026': 0.7042860156919759},909.716467878025,3724.067296256425,daily_mark_to_market_equity,L03__TQQQ_SOXL__ema_80,b,TQQQ_SOXL,L03,ema_80,stress,0,sha256:acd49d7f6e3e633cb9e24e4f31a698d59c7e8a2578e14056df443689e9c014bb,sensitivity_evaluation,W6,False,L03__TQQQ_SOXL__ema_80/stress/W6
OK,2023-09-19,2024-03-18,1000.0,1214.0177375662192,214.01773756621924,214.01773756621924,0.0,0.21401773756621933,0.4789803098458074,0.07950783989768007,2023-12-27,2024-01-04,15,0.2623208756255584,1.6210131418853053,2.4629020052193655,6.024315469546337,3602.23576593993,3.791894544109778,3.6018945441097783,0.19,4.040631160328999,53.34189257961127,156.63521382627903,15,19,19,1.0,0.20320715270662448,1.727260798006308,54.0,56.0,59,37,0.06461131719794944,-0.03965134569508921,0.41301407264600637,0.5869859273539937,1.239042217938019,0.11887143917297482,-0.055628376361740006,"{'2023-09': -0.055628376361740006, '2023-10': 0.0008558876774868995, '2023-11': 0.011838425850561052, '2023-12': 0.10944896188764108, '2024-01': 0.023495319811057458, '2024-02': 0.11887143917297482, '2024-03': -0.0008607746379794001}","{'2023': 0.06104297347626897, '2024': 0.14417395705356117}",927.33990655826,1300.9339291197994,daily_mark_to_market_equity,L04__TQQQ_SOXL__vol_target_30,b,TQQQ_SOXL,L04,vol_target_30,base,0,sha256:acd49d7f6e3e633cb9e24e4f31a698d59c7e8a2578e14056df443689e9c014bb,sensitivity_evaluation,W1,False,L04__TQQQ_SOXL__vol_target_30/base/W1
OK,2024-03-19,2024-09-18,1000.0,931.3687906516374,-68.63120934836263,-68.63120934836263,0.0,-0.06863120934836264,-0.13229937051412444,0.2853918633323065,2024-07-10,2024-09-06,49,0.3340215433750667,-0.25453797358500785,-0.2962478450642103,-0.4635709265476739,3878.2327207806793,4.098165215319846,3.8781652153198465,0.22000000000000003,2.9723854069569997,-71.60358480426987,-9.951050095342466e-06,24,22,22,1.0,0.18149079584414032,0.6170687058700771,89.72727272727273,91.0,72,54,0.05529548878138124,-0.074034802111129,0.4302073087337321,0.5697926912662679,1.290621926201196,0.09799973511676074,-0.09470544620543642,"{'2024-03': 0.04168764387868373, '2024-04': -0.06597301326110694, '2024-05': 0.09799973511676074, '2024-06': 0.09044490871274413, '2024-07': -0.059917342781851235, '2024-08': -0.09470544620543642, '2024-09': -0.060573448170859634}",{'2024': -0.06863120934836342},908.509602046724,1276.981607265167,daily_mark_to_market_equity,L04__TQQQ_SOXL__vol_target_30,b,TQQQ_SOXL,L04,vol_target_30,base,0,sha256:acd49d7f6e3e633cb9e24e4f31a698d59c7e8a2578e14056df443689e9c014bb,sensitivity_evaluation,W2,False,L04__TQQQ_SOXL__vol_target_30/base/W2
OK,2024-09-19,2025-03-18,1000.0,961.9861302998861,-38.0138697001139,-38.0138697001139,0.0,-0.03801386970011389,-0.07562815008007795,0.14898587373534866,2024-12-24,2025-03-04,55,0.270663550594948,-0.15823839638702214,-0.2003606411332653,-0.5076196030129686,5611.871545875478,5.741836271419686,5.611836271419686,0.13,3.002422051306,-41.01629175141969,0.0,16,13,13,1.0,0.6419204284584884,0.7489071665349032,38.46153846153846,14.0,58,48,0.0453160363507763,-0.06351141415668127,0.4367760627290938,0.5632239372709062,1.3103281881872815,0.07803433479769595,-0.058856040417050504,"{'2024-09': 0.008031489234243905, '2024-10': -0.058856040417050504, '2024-11': 0.07803433479769595, '2024-12': 0.03691207321694656, '2025-01': -0.00031705741390219977, '2025-02': -0.051471410264728346, '2025-03': -0.04335364606251757}","{'2024': 0.060485372228795464, '2025': -0.09288128295621512}",948.702747162214,1130.399720298796,daily_mark_to_market_equity,L04__TQQQ_SOXL__vol_target_30,b,TQQQ_SOXL,L04,vol_target_30,base,0,sha256:acd49d7f6e3e633cb9e24e4f31a698d59c7e8a2578e14056df443689e9c014bb,sensitivity_evaluation,W3,False,L04__TQQQ_SOXL__vol_target_30/base/W3
OK,2025-03-19,2025-09-18,1000.0,1191.112884146988,191.1128841469881,191.1128841469881,0.0,0.19111288414698802,0.4177333719298044,0.07162465114977534,2025-08-14,2025-08-21,19,0.16536483904371382,2.1817990779683654,2.2228032682887138,5.83225698448815,1020.5182309488599,1.0698396226398919,1.0198396226398918,0.05,0.672802429628,9.107778614003074,181.3323031033571,17,5,5,1.0,,,45.8,34.0,50,29,0.041803101935731446,-0.037883632424581926,0.28125761450856507,0.718742385491435,0.8437728435256953,0.1292190299840279,-0.004999999380879916,"{'2025-03': 0.0, '2025-04': 0.0, '2025-05': -0.004999999380879916, '2025-06': 0.04935719029289509, '2025-07': -0.0008496368082332451, '2025-08': 0.01110779767788772, '2025-09': 0.1292190299840279}",{'2025': 0.19111288414698668},995.0000006191201,1191.112884146988,daily_mark_to_market_equity,L04__TQQQ_SOXL__vol_target_30,b,TQQQ_SOXL,L04,vol_target_30,base,0,sha256:acd49d7f6e3e633cb9e24e4f31a698d59c7e8a2578e14056df443689e9c014bb,sensitivity_evaluation,W4,False,L04__TQQQ_SOXL__vol_target_30/base/W4
OK,2025-09-19,2026-03-18,1000.0,1075.1868786074588,75.18687860745877,75.18687860745877,0.0,0.07518687860745876,0.15847373909599516,0.150612311929758,2025-10-29,2025-11-20,56,0.35779442730132727,0.5915258221314419,0.7366778424497543,1.05219644440425,2844.6563527284297,3.09443130998984,2.84443130998984,0.25,0.815073467448,59.78314466859172,14.58866047141842,17,25,25,1.0,0.594261276649361,2.3770451065974445,82.4,70.0,67,55,0.06523856748835066,-0.10097151177141028,0.4608724929150936,0.5391275070849064,1.3826174787452803,0.1260102466940991,-0.04905216614667418,"{'2025-09': -0.0048673239975322025, '2025-10': 0.1260102466940991, '2025-11': -0.04905216614667418, '2025-12': -0.0018094927656360227, '2026-01': 0.07414248956697977, '2026-02': -0.014236665356254452, '2026-03': -0.045324141355659875}","{'2025': 0.0636370538819433, '2026': 0.010858802524190247}",968.2043855014283,1186.2240729924388,daily_mark_to_market_equity,L04__TQQQ_SOXL__vol_target_30,b,TQQQ_SOXL,L04,vol_target_30,base,0,sha256:acd49d7f6e3e633cb9e24e4f31a698d59c7e8a2578e14056df443689e9c014bb,sensitivity_evaluation,W5,False,L04__TQQQ_SOXL__vol_target_30/base/W5
OK,2026-03-19,2026-09-18,1000.0,1396.8134292787815,396.81342927878154,396.81342927878154,0.0,0.3968134292787815,0.9484172867170513,0.15801710334043007,2026-06-03,2026-07-29,74,0.3231835339767674,2.215324804400322,3.012246748295834,6.001991345669671,3239.147999549644,3.48954768657584,3.23954768657584,0.25000000000000006,0.615950609357,396.19747866942424,0.0,14,25,25,1.0,0.7808162143333011,18.739589143999225,70.36,64.0,73,48,0.05299879288196263,-0.0765096635630299,0.27007278155908027,0.7299272184409198,0.8102183446772407,0.3137463068214801,-0.10566373239931925,"{'2026-03': -0.019874807663499916, '2026-04': 0.3137463068214801, '2026-05': 0.19170340035637845, '2026-06': 0.01563763639703586, '2026-07': -0.10566373239931925, '2026-08': 0.01818495679884191, '2026-09': -0.015737684026458032}",{'2026': 0.39681342927878416},937.3750750577801,1592.8754869203299,daily_mark_to_market_equity,L04__TQQQ_SOXL__vol_target_30,b,TQQQ_SOXL,L04,vol_target_30,base,0,sha256:acd49d7f6e3e633cb9e24e4f31a698d59c7e8a2578e14056df443689e9c014bb,sensitivity_evaluation,W6,False,L04__TQQQ_SOXL__vol_target_30/base/W6
OK,2023-09-19,2024-03-18,1000.0,1207.4332353729042,207.43323537290416,207.43323537290416,0.0,0.20743323537290426,0.46283778577618695,0.079562508621558,2023-12-27,2024-01-04,15,0.26250541338661304,1.5782260074305514,2.399518086103943,5.817284972469784,3595.4824950581506,9.176584749949871,8.986584749949872,0.19,4.032462972854,48.18121048540123,155.21956191464898,15,19,19,1.0,0.1926365834888405,1.637410959655144,54.0,56.0,59,37,0.0646145841528416,-0.0396544732901577,0.41314573884769096,0.5868542611523091,1.2394372165430732,0.11855052033696545,-0.05651937632208015,"{'2023-09': -0.05651937632208015, '2023-10': 9.829869072053299e-07, '2023-11': 0.010296460815160335, '2023-12': 0.1078226057372138, '2024-01': 0.023226608915796643, '2024-02': 0.11855052033696545, '2024-03': -0.0009591893633786874}","{'2023': 0.05597215618155471, '2024': 0.1434328341942641}",926.4489065979201,1293.9648436267544,daily_mark_to_market_equity,L04__TQQQ_SOXL__vol_target_30,b,TQQQ_SOXL,L04,vol_target_30,stress,0,sha256:acd49d7f6e3e633cb9e24e4f31a698d59c7e8a2578e14056df443689e9c014bb,sensitivity_evaluation,W1,False,L04__TQQQ_SOXL__vol_target_30/stress/W1
OK,2024-03-19,2024-09-18,1000.0,925.9372083074653,-74.06279169253469,-74.06279169253469,0.0,-0.07406279169253471,-0.14236986310298216,0.2873275958751621,2024-07-10,2024-09-06,49,0.3340201235719866,-0.2892629600428169,-0.3371240016186339,-0.4954966565927727,3868.9393285449255,9.891928703924847,9.671928703924847,0.22000000000000003,2.9678613613900002,-77.03065378709763,7.33172842976459e-07,24,22,22,1.0,0.17495479534628627,0.5948463041773734,76.36363636363636,77.5,72,51,0.05529686416320856,-0.0740372412049809,0.43029511575603946,0.5697048842439605,1.2908853472681185,0.09788997970592628,-0.09700669009352125,"{'2024-03': 0.040967046924434536, '2024-04': -0.06732761352491501, '2024-05': 0.09788997970592628, '2024-06': 0.09029022988459245, '2024-07': -0.06011117841462854, '2024-08': -0.09700669009352125, '2024-09': -0.06124237617723305}",{'2024': -0.07406279169253427},907.7676020882342,1273.8284111473654,daily_mark_to_market_equity,L04__TQQQ_SOXL__vol_target_30,b,TQQQ_SOXL,L04,vol_target_30,stress,0,sha256:acd49d7f6e3e633cb9e24e4f31a698d59c7e8a2578e14056df443689e9c014bb,sensitivity_evaluation,W2,False,L04__TQQQ_SOXL__vol_target_30/stress/W2
OK,2024-09-19,2025-03-18,1000.0,954.1313404570676,-45.86865954293239,-45.86865954293239,0.0,-0.0458686595429324,-0.09087926984397332,0.15085301225771763,2024-12-24,2025-03-04,55,0.2704994804839489,-0.22056359671145337,-0.2782079476086596,-0.6024358975922534,5590.664170374748,14.106443190799679,13.976443190799678,0.13,2.995405547867,-48.864065090799436,-1.7850084963162567e-14,16,13,13,1.0,0.6067526808248975,0.707878127629047,38.46153846153846,14.0,59,49,0.04534791508266944,-0.06355870922833984,0.436910661663791,0.563089338336209,1.310731984991373,0.07674876944562548,-0.06071590542661576,"{'2024-09': 0.007404193229523903, '2024-10': -0.06071590542661576, '2024-11': 0.07674876944562548, '2024-12': 0.034574170872234467, '2025-01': -0.0016591466780726538, '2025-02': -0.05152112029742295, '2025-03': -0.044072588769021426}","{'2024': 0.05408768199229197, '2025': -0.09482734998506037}",946.2387355070242,1123.6350764122926,daily_mark_to_market_equity,L04__TQQQ_SOXL__vol_target_30,b,TQQQ_SOXL,L04,vol_target_30,stress,0,sha256:acd49d7f6e3e633cb9e24e4f31a698d59c7e8a2578e14056df443689e9c014bb,sensitivity_evaluation,W3,False,L04__TQQQ_SOXL__vol_target_30/stress/W3
OK,2025-03-19,2025-09-18,1000.0,1189.3796885068853,189.37968850688526,189.37968850688526,0.0,0.18937968850688525,0.41361890505047505,0.07164942307661526,2025-08-14,2025-08-21,19,0.16534056275672235,2.164598293901208,2.2074974284374895,5.772815569054747,1020.8070035418501,2.5977825477499286,2.5477825477499287,0.05,0.672550054635,8.623358638536873,180.08377981371328,17,5,5,1.0,,,45.8,34.0,50,29,0.04180543309758877,-0.03788496890352955,0.28129042575184343,0.7187095742481566,0.8438712772555303,0.1291221228170969,-0.005379107132200134,"{'2025-03': 0.0, '2025-04': 0.0, '2025-05': -0.005379107132200134, '2025-06': 0.0490181415977855, '2025-07': -0.001298447217625287, '2025-08': 0.01088860079832843, '2025-09': 0.1291221228170969}",{'2025': 0.18937968850688414},994.6208928678,1189.3796885068853,daily_mark_to_market_equity,L04__TQQQ_SOXL__vol_target_30,b,TQQQ_SOXL,L04,vol_target_30,stress,0,sha256:acd49d7f6e3e633cb9e24e4f31a698d59c7e8a2578e14056df443689e9c014bb,sensitivity_evaluation,W4,False,L04__TQQQ_SOXL__vol_target_30/stress/W4
OK,2025-09-19,2026-03-18,1000.0,1069.5828036341227,69.58280363412268,69.58280363412268,0.0,0.06958280363412261,0.14625412290614026,0.1507516484268272,2025-10-29,2025-11-20,57,0.35797045968668684,0.561742384776248,0.6988299810385785,0.9701659944178324,2827.3168028622877,7.316886610837311,7.066886610837311,0.25,0.8138457399600001,54.68401998218389,14.08493791197874,16,25,25,1.0,0.5500101558047723,2.200040623219089,76.24,70.0,67,55,0.06528532725278202,-0.10103952622789014,0.4607792148352308,0.5392207851647692,1.3823376445056925,0.12430118087510422,-0.04926114139365301,"{'2025-09': -0.006121656635397099, '2025-10': 0.12430118087510422, '2025-11': -0.04926114139365301, '2025-12': -0.0019458560276343073, '2026-01': 0.07395909409196788, '2026-02': -0.015370564891023952, '2026-03': -0.0460565813459477}","{'2025': 0.06030605423247137, '2026': 0.00874912424070362}",965.3587178330405,1182.309477463735,daily_mark_to_market_equity,L04__TQQQ_SOXL__vol_target_30,b,TQQQ_SOXL,L04,vol_target_30,stress,0,sha256:acd49d7f6e3e633cb9e24e4f31a698d59c7e8a2578e14056df443689e9c014bb,sensitivity_evaluation,W5,False,L04__TQQQ_SOXL__vol_target_30/stress/W5
OK,2026-03-19,2026-09-18,1000.0,1391.7016226421933,391.70162264219334,391.70162264219334,0.0,0.39170162264219344,0.9342115101680215,0.1583261290630299,2026-06-03,2026-07-29,74,0.3232112058770537,2.1925950504832543,2.9916890403188123,5.900551701078413,3233.7739089794104,8.33693116876482,8.08693116876482,0.25000000000000006,0.6149468649589999,391.0866662265142,9.550721029701851e-06,14,25,25,1.0,0.7172606568458634,17.21425576430072,70.36,64.0,77,47,0.05300281969053611,-0.07651447056291583,0.27011304368692723,0.7298869563130728,0.8103391310607821,0.3127574970168341,-0.10583566967546487,"{'2026-03': -0.020344540644749998, '2026-04': 0.3127574970168341, '2026-05': 0.19135541482649443, '2026-06': 0.015455424392166517, '2026-07': -0.10583566967546487, '2026-08': 0.01772653916881728, '2026-09': -0.01703599316876825}",{'2026': 0.39170162264219344},936.93379398445,1590.4375944397748,daily_mark_to_market_equity,L04__TQQQ_SOXL__vol_target_30,b,TQQQ_SOXL,L04,vol_target_30,stress,0,sha256:acd49d7f6e3e633cb9e24e4f31a698d59c7e8a2578e14056df443689e9c014bb,sensitivity_evaluation,W6,False,L04__TQQQ_SOXL__vol_target_30/stress/W6
OK,2023-09-19,2024-03-18,1000.0,1360.7445908131208,360.7445908131208,360.7445908131208,0.0,0.3607445908131208,0.8618954881146217,0.13171002522102737,2023-12-27,2024-01-04,15,0.41739845716964197,1.6943533728078786,2.5897964342099935,6.543886744143004,3808.66822878119,4.007980176109766,3.8079801761097656,0.2,5.428760689230999,67.1353296505839,288.1805004733063,16,20,20,1.0,0.19959112199797885,1.79632009798181,55.85,56.0,58,38,0.10811009413090567,-0.0650892406220498,0.625245942304056,0.37475405769594405,1.8757378269121674,0.20613914283849133,-0.055628376361740006,"{'2023-09': -0.055628376361740006, '2023-10': 0.0008558876774868995, '2023-11': 0.00816959080273949, '2023-12': 0.1487530080545172, '2024-01': 0.033119255737878994, '2024-02': 0.20613914283849133, '2024-03': -0.0024055694178480858}","{'2023': 0.09464861693179083, '2024': 0.24308802821783493}",921.2537279527502,1526.8472251362111,daily_mark_to_market_equity,L04__TQQQ_SOXL__vol_target_50,b,TQQQ_SOXL,L04,vol_target_50,base,0,sha256:acd49d7f6e3e633cb9e24e4f31a698d59c7e8a2578e14056df443689e9c014bb,sensitivity_evaluation,W1,False,L04__TQQQ_SOXL__vol_target_50/base/W1
OK,2024-03-19,2024-09-18,1000.0,819.8074249613254,-180.1925750386746,-180.1925750386746,0.0,-0.18019257503867459,-0.3273682942523827,0.4435774989648652,2024-07-10,2024-09-06,49,0.5440516382855158,-0.44825569953465405,-0.5149611532110034,-0.7380182606564378,5055.10827044439,5.254928186449807,5.054928186449807,0.2,5.146347537775,-185.33892257644965,-4.484889868525072e-15,23,20,20,1.0,0.15634680071380816,0.3648092016655524,73.45,70.0,69,50,0.09409430500820815,-0.12306948275069418,0.6912136175848886,0.30878638241511136,2.073640852754666,0.16672823750601085,-0.19390139012828211,"{'2024-03': 0.06920394199175584, '2024-04': -0.13887121183506157, '2024-05': 0.16672823750601085, '2024-06': 0.14932011892894415, '2024-07': -0.10651404742449844, '2024-08': -0.19390139012828211, '2024-09': -0.07807292656211096}",{'2024': -0.18019257503867425},798.4987696528854,1435.0583741085354,daily_mark_to_market_equity,L04__TQQQ_SOXL__vol_target_50,b,TQQQ_SOXL,L04,vol_target_50,base,0,sha256:acd49d7f6e3e633cb9e24e4f31a698d59c7e8a2578e14056df443689e9c014bb,sensitivity_evaluation,W2,False,L04__TQQQ_SOXL__vol_target_50/base/W2
OK,2024-09-19,2025-03-18,1000.0,884.9397695933305,-115.06023040666946,-115.06023040666946,0.0,-0.11506023040666946,-0.21966861285780193,0.19789068000889865,2024-12-24,2025-03-04,55,0.34213096334002907,-0.5587373383589198,-0.6176664490984592,-1.1100503209545998,6192.73031973423,6.292616963229628,6.192616963229629,0.09999999999999999,4.5888907865599995,-119.64912119322969,0.0,10,10,10,1.0,0.5824635523756659,0.3883090349171106,34.6,10.0,58,48,0.048590872991644884,-0.10659894174715412,0.5189861842003823,0.48101381579961766,1.556958552601147,0.08516219987685725,-0.0929042336870124,"{'2024-09': 0.011407782877022044, '2024-10': -0.0929042336870124, '2024-11': 0.08516219987685725, '2024-12': 0.03893082708252793, '2025-01': -0.04753559409230734, '2025-02': -0.05655936234222736, '2025-03': -0.04788445096741223}","{'2024': 0.034333810778569784, '2025': -0.1444350359897707}",884.9397695933305,1103.26578626857,daily_mark_to_market_equity,L04__TQQQ_SOXL__vol_target_50,b,TQQQ_SOXL,L04,vol_target_50,base,0,sha256:acd49d7f6e3e633cb9e24e4f31a698d59c7e8a2578e14056df443689e9c014bb,sensitivity_evaluation,W3,False,L04__TQQQ_SOXL__vol_target_50/base/W3
OK,2025-03-19,2025-09-18,1000.0,1302.1890720131469,302.18907201314687,302.18907201314687,0.0,0.3021890720131468,0.6938623590226995,0.10550084894918821,2025-08-14,2025-08-21,19,0.25521945031734344,2.1813114078885096,2.225340471511763,6.576841475056572,1487.0257399206898,1.5260530455098447,1.4860530455098446,0.04,1.129805628657,12.501305398173304,288.55796098631697,14,4,4,1.0,,,32.5,24.0,50,29,0.05889061964532005,-0.056205797167082294,0.43969142037730935,0.5603085796226907,1.3190742611319282,0.1910031764554041,-0.008333331831019808,"{'2025-03': 0.0, '2025-04': 0.0, '2025-05': -0.008333331831019808, '2025-06': 0.08326211889298629, '2025-07': -0.0018714812802951286, '2025-08': 0.019706974542791356, '2025-09': 0.1910031764554041}",{'2025': 0.3021890720131477},991.6666681689801,1302.1890720131469,daily_mark_to_market_equity,L04__TQQQ_SOXL__vol_target_50,b,TQQQ_SOXL,L04,vol_target_50,base,0,sha256:acd49d7f6e3e633cb9e24e4f31a698d59c7e8a2578e14056df443689e9c014bb,sensitivity_evaluation,W4,False,L04__TQQQ_SOXL__vol_target_50/base/W4
OK,2025-09-19,2026-03-18,1000.0,1100.096092428915,100.09609242891497,100.09609242891497,0.0,0.10009609242891493,0.21358342776333616,0.24265524265235594,2025-10-29,2025-11-20,57,0.5599647684872847,0.6286508569952837,0.803041434806291,0.88019292486225,3867.9385441423547,4.117580427824791,3.867580427824791,0.25,1.23439329174,46.54705453994885,52.31464459722639,16,25,25,1.0,0.5208227959224158,1.6492721870876499,83.8,77.0,68,54,0.09595702027445352,-0.14113553733051631,0.7295527479249481,0.27044725207505194,2.188658243774844,0.20111193847249287,-0.08509675831504138,"{'2025-09': -0.006717046010561667, '2025-10': 0.20111193847249287, '2025-11': -0.08509675831504138, '2025-12': -0.004917829831261877, '2026-01': 0.12329938001017049, '2026-02': -0.0280160169352639, '2026-03': -0.07234729079335689}","{'2025': 0.08615192736057531, '2026': 0.012838134994821004}",929.4739374285579,1297.874455480985,daily_mark_to_market_equity,L04__TQQQ_SOXL__vol_target_50,b,TQQQ_SOXL,L04,vol_target_50,base,0,sha256:acd49d7f6e3e633cb9e24e4f31a698d59c7e8a2578e14056df443689e9c014bb,sensitivity_evaluation,W5,False,L04__TQQQ_SOXL__vol_target_50/base/W5
OK,2026-03-19,2026-09-18,1000.0,1694.6531127499873,694.6531127499873,694.6531127499873,0.0,0.6946531127499873,1.8656475281097467,0.25234183174726965,2026-06-03,2026-07-29,74,0.5212703265541027,2.2721452745796324,3.097628370103532,7.393334332209598,5550.404862573303,5.7711039344867405,5.551103934486741,0.22000000000000003,1.352179317474,693.3009245121613,8.920352246682648e-06,16,22,22,1.0,0.945669178279153,19.859052743862215,72.86363636363636,73.5,76,48,0.0810450818132118,-0.12658849059604482,0.4389138708143766,0.5610861291856234,1.31674161244313,0.541211112005048,-0.17068704984288174,"{'2026-03': -0.028286567722079825, '2026-04': 0.541211112005048, '2026-05': 0.3233751808660079, '2026-06': 0.023382556843009272, '2026-07': -0.17068704984288174, '2026-08': 0.029346232861588994, '2026-09': -0.021232469825218536}",{'2026': 0.6946531127499866},915.70179619792,2107.643107120905,daily_mark_to_market_equity,L04__TQQQ_SOXL__vol_target_50,b,TQQQ_SOXL,L04,vol_target_50,base,0,sha256:acd49d7f6e3e633cb9e24e4f31a698d59c7e8a2578e14056df443689e9c014bb,sensitivity_evaluation,W6,False,L04__TQQQ_SOXL__vol_target_50/base/W6
OK,2023-09-19,2024-03-18,1000.0,1353.1397709051723,353.1397709051723,353.1397709051723,0.0,0.35313977090517223,0.8409571512852925,0.1317746687541017,2023-12-27,2024-01-04,15,0.4175941993067717,1.6666304018633364,2.552615655930217,6.381781561178208,3800.476491906225,9.696914725074818,9.496914725074818,0.2,5.413420650247,62.12523009033091,285.6011201645946,16,20,20,1.0,0.19053662561937387,1.7148296305743649,55.85,56.0,58,38,0.10811383606811265,-0.06509397381957627,0.6253968119249318,0.3746031880750682,1.8761904357747956,0.20571449638346895,-0.05651937632208015,"{'2023-09': -0.05651937632208015, '2023-10': 9.829869072053299e-07, '2023-11': 0.006581898426061716, '2023-12': 0.14724952126841417, '2024-01': 0.032742657084400495, '2024-02': 0.20571449638346895, '2024-03': -0.0026085363136933992}","{'2023': 0.08953306233264713, '2024': 0.24194466206298793}",917.5558884636952,1518.5301133093974,daily_mark_to_market_equity,L04__TQQQ_SOXL__vol_target_50,b,TQQQ_SOXL,L04,vol_target_50,stress,0,sha256:acd49d7f6e3e633cb9e24e4f31a698d59c7e8a2578e14056df443689e9c014bb,sensitivity_evaluation,W1,False,L04__TQQQ_SOXL__vol_target_50/stress/W1
OK,2024-03-19,2024-09-18,1000.0,813.2229733987974,-186.77702660120258,-186.77702660120258,0.0,-0.18677702660120254,-0.3381077880824117,0.4456442631517643,2024-07-10,2024-09-06,49,0.5441404047082642,-0.4774468190759811,-0.5493826805941497,-0.7586943578970049,5039.6503932787755,12.798006520824782,12.598006520824782,0.2,5.1349594296220005,-191.91198603082444,2.737428891672584e-15,23,20,20,1.0,0.15071729922856608,0.3516736981999875,65.75,52.5,68,49,0.09410255643440335,-0.1230753357831893,0.6913948933515595,0.30860510664844054,2.0741846800546786,0.16655526103136897,-0.19662280976486401,"{'2024-03': 0.06800724914438594, '2024-04': -0.1405754141627582, '2024-05': 0.16655526103136897, '2024-06': 0.1491387184151285, '2024-07': -0.1068358151638309, '2024-08': -0.19662280976486401, '2024-09': -0.07891630683153095}",{'2024': -0.18677702660120254},792.7468577069974,1430.0327479501225,daily_mark_to_market_equity,L04__TQQQ_SOXL__vol_target_50,b,TQQQ_SOXL,L04,vol_target_50,stress,0,sha256:acd49d7f6e3e633cb9e24e4f31a698d59c7e8a2578e14056df443689e9c014bb,sensitivity_evaluation,W2,False,L04__TQQQ_SOXL__vol_target_50/stress/W2
OK,2024-09-19,2025-03-18,1000.0,876.6702567592389,-123.3297432407611,-123.3297432407611,0.0,-0.12332974324076107,-0.23439410429734964,0.199650846511073,2024-12-24,2025-03-04,55,0.3422262946397576,-0.6146117778917382,-0.678774273040099,-1.174020087534914,6165.6090347095505,15.513320140549617,15.413320140549617,0.09999999999999999,4.574972719788001,-127.90471596054934,0.0,10,10,10,1.0,0.543113384043701,0.36207558936246736,34.6,10.0,58,48,0.04862356437535564,-0.10666958343308741,0.5193482313376993,0.48065176866230075,1.5580446940130974,0.08367299980989618,-0.09521263572634842,"{'2024-09': 0.010516782912662004, '2024-10': -0.09521263572634842, '2024-11': 0.08367299980989618, '2024-12': 0.03640643534031751, '2025-01': -0.04873325401723849, '2025-02': -0.05659005398345174, '2025-03': -0.048705260585530485}","{'2024': 0.026876964176715035, '2025': -0.1462752721674897}",876.6702567592389,1095.3597600967137,daily_mark_to_market_equity,L04__TQQQ_SOXL__vol_target_50,b,TQQQ_SOXL,L04,vol_target_50,stress,0,sha256:acd49d7f6e3e633cb9e24e4f31a698d59c7e8a2578e14056df443689e9c014bb,sensitivity_evaluation,W3,False,L04__TQQQ_SOXL__vol_target_50/stress/W3
OK,2025-03-19,2025-09-18,1000.0,1299.4854620867104,299.4854620867104,299.4854620867104,0.0,0.29948546208671045,0.6868504219450002,0.10551351361402173,2025-08-14,2025-08-21,19,0.2552566341735671,2.1648434701724546,2.2116478444732635,6.5095967181754855,1486.5849332046,3.7503956803498917,3.7103956803498916,0.04,1.1290832070599999,11.76932397563847,286.5870549040116,14,4,4,1.0,,,32.5,24.0,50,29,0.05889852308629551,-0.056212709551445195,0.4397680653639439,0.560231934636056,1.3193041960918317,0.19102806517042703,-0.008965178047549816,"{'2025-03': 0.0, '2025-04': 0.0, '2025-05': -0.008965178047549816, '2025-06': 0.0826691897259999, '2025-07': -0.00262505785869549, '2025-08': 0.019544731154773842, '2025-09': 0.19102806517042703}",{'2025': 0.29948546208670934},991.0348219524501,1299.4854620867104,daily_mark_to_market_equity,L04__TQQQ_SOXL__vol_target_50,b,TQQQ_SOXL,L04,vol_target_50,stress,0,sha256:acd49d7f6e3e633cb9e24e4f31a698d59c7e8a2578e14056df443689e9c014bb,sensitivity_evaluation,W4,False,L04__TQQQ_SOXL__vol_target_50/stress/W4
OK,2025-09-19,2026-03-18,1000.0,1093.8576153892095,93.85761538920951,93.85761538920951,0.0,0.09385761538920945,0.1996593574326897,0.24289109236265705,2025-10-29,2025-11-20,57,0.5605212585037557,0.6079770612720462,0.7762257037929715,0.8220118551510375,3861.0435926410623,9.910381343162268,9.650381343162268,0.26,1.2326078173719999,41.090614914295415,51.53439265754229,16,26,26,1.0,0.5694182536808038,1.5455638314193243,75.46153846153847,70.0,68,54,0.09610721751824336,-0.1413252298886003,0.7296593226225057,0.27034067737749434,2.188977967867517,0.20042088186557105,-0.08546664887228783,"{'2025-09': -0.008202045843326955, '2025-10': 0.20042088186557105, '2025-11': -0.08546664887228783, '2025-12': -0.005138928323411895, '2026-01': 0.12298215771859655, '2026-02': -0.02963646858710922, '2026-03': -0.07330944394246786}","{'2025': 0.08322515082044712, '2026': 0.009815562868634276}",927.2625832906731,1294.0134161633973,daily_mark_to_market_equity,L04__TQQQ_SOXL__vol_target_50,b,TQQQ_SOXL,L04,vol_target_50,stress,0,sha256:acd49d7f6e3e633cb9e24e4f31a698d59c7e8a2578e14056df443689e9c014bb,sensitivity_evaluation,W5,False,L04__TQQQ_SOXL__vol_target_50/stress/W5
OK,2026-03-19,2026-09-18,1000.0,1686.1426698366818,686.1426698366818,686.1426698366818,0.0,0.6861426698366817,1.83699612748967,0.25281877491824056,2026-06-03,2026-07-29,74,0.5213929661175298,2.2524901941726205,3.0716889204656925,7.266058970832917,5537.929781028322,14.069192342027184,13.849192342027184,0.22000000000000003,1.3494764677089994,684.7931924528348,9.161381834848218e-07,16,22,22,1.0,0.8696991705431382,18.263682581405902,79.27272727272727,77.0,75,49,0.08109148239850494,-0.12659193875483332,0.4390174565601815,0.5609825434398186,1.3170523696805447,0.5399261039050496,-0.1709590144811136,"{'2026-03': -0.028880567665200196, '2026-04': 0.5399261039050496, '2026-05': 0.32287992638826624, '2026-06': 0.023046862293900405, '2026-07': -0.1709590144811136, '2026-08': 0.02855694732559466, '2026-09': -0.022984405168741562}",{'2026': 0.6861426698366824},915.1077962548,2103.7583894630875,daily_mark_to_market_equity,L04__TQQQ_SOXL__vol_target_50,b,TQQQ_SOXL,L04,vol_target_50,stress,0,sha256:acd49d7f6e3e633cb9e24e4f31a698d59c7e8a2578e14056df443689e9c014bb,sensitivity_evaluation,W6,False,L04__TQQQ_SOXL__vol_target_50/stress/W6
OK,2023-09-19,2024-03-18,1000.0,1086.3873378882413,86.38733788824129,86.38733788824129,0.0,0.08638733788824138,0.18199468678927477,0.06932250206761492,2023-12-27,2024-01-31,43,0.1710511547161685,1.061568476519247,1.2926486411725748,2.625333497220903,1270.72552857865,1.3005405293099213,1.2705405293099212,0.03,1.4002787475510001,52.931082880850056,32.05597625984002,4,3,3,1.0,,,48.666666666666664,50.0,42,34,0.041315458579088915,-0.03308545687766451,0.21652763794963592,0.7834723620503641,0.6495829138489079,0.08688056804952016,-0.060902834397555394,"{'2023-09': 0.0, '2023-10': 0.0, '2023-11': -0.00405828276545972, '2023-12': 0.08688056804952016, '2024-01': -0.060902834397555394, '2024-02': 0.077330312630145, '2024-03': -0.008004876216582746}","{'2023': 0.08246969937209148, '2024': 0.0036191669091736323}",981.3904066845402,1156.7132919308613,daily_mark_to_market_equity,L05__TQQQ_SOXL__atr_2.5,b,TQQQ_SOXL,L05,atr_2.5,base,0,sha256:acd49d7f6e3e633cb9e24e4f31a698d59c7e8a2578e14056df443689e9c014bb,sensitivity_evaluation,W1,False,L05__TQQQ_SOXL__atr_2.5/base/W1
OK,2024-03-19,2024-09-18,1000.0,1017.2029179877629,17.20291798776293,17.20291798776293,0.0,0.017202917987762856,0.03462944889767794,0.07555719574723163,2024-06-18,2024-07-17,63,0.12483233896457717,0.33397317339361815,0.17703340462252576,0.4583209918685573,1076.98183483509,1.106998715269969,1.076998715269969,0.03,1.429481793033,15.773436194730024,0.0,3,3,3,1.0,0.7174217330778608,1.4348434661557217,32.333333333333336,27.0,27,16,0.03093855045818783,-0.05316976506446347,0.10793797600510338,0.8920620239948966,0.32381392801531017,0.05801336940565438,-0.028201505489243717,"{'2024-03': 0.0, '2024-04': 0.0, '2024-05': -0.010672184248639693, '2024-06': 0.05801336940565438, '2024-07': -0.028201505489243717, '2024-08': 0.0, '2024-09': 0.0}",{'2024': 0.0172029179877633},989.32781575136,1088.03084908136,daily_mark_to_market_equity,L05__TQQQ_SOXL__atr_2.5,b,TQQQ_SOXL,L05,atr_2.5,base,0,sha256:acd49d7f6e3e633cb9e24e4f31a698d59c7e8a2578e14056df443689e9c014bb,sensitivity_evaluation,W2,False,L05__TQQQ_SOXL__atr_2.5/base/W2
OK,2024-09-19,2025-03-18,1000.0,926.5081754389801,-73.49182456101994,-73.49182456101994,0.0,-0.07349182456101999,-0.14349162279342986,0.07395682449132412,2024-12-16,2025-02-25,61,0.09250319491460933,-1.643792970571964,-1.0991544647827318,-1.9402080035259337,1647.08893582742,1.697017141019927,1.647017141019927,0.05,0.0,-73.49182456101992,0.0,5,5,5,,,,13.8,9.0,22,24,0.01657513903464225,-0.02807229707751624,0.07689361320837763,0.9231063867916224,0.23068083962513292,0.015272370455443385,-0.03611632238114004,"{'2024-09': 0.0, '2024-10': -0.03611632238114004, '2024-11': 0.015272370455443385, '2024-12': -0.0020750459431324586, '2025-01': -0.02972622974158845, '2025-02': -0.022200325063353676, '2025-03': 0.0}","{'2024': -0.023426183008149914, '2025': -0.05126662284177097}",926.5081754389801,1000.5021363394301,daily_mark_to_market_equity,L05__TQQQ_SOXL__atr_2.5,b,TQQQ_SOXL,L05,atr_2.5,base,0,sha256:acd49d7f6e3e633cb9e24e4f31a698d59c7e8a2578e14056df443689e9c014bb,sensitivity_evaluation,W3,False,L05__TQQQ_SOXL__atr_2.5/base/W3
OK,2025-03-19,2025-09-18,1000.0,1080.7146486166503,80.71464861665027,80.71464861665027,0.0,0.08071464861665034,0.16757265843248415,0.04077268250892574,2025-08-14,2025-09-04,24,0.09506923755152949,1.6676874804641442,1.9617324416906052,4.109924785934799,1314.2492369950699,1.3438565481699,1.3138565481699,0.03,0.85048077482,42.37523513664006,37.48893270519007,5,3,3,1.0,1.5113545020931833,3.0227090041863667,58.333333333333336,60.0,47,32,0.023763574995793624,-0.01663323181673826,0.1587820342213756,0.8412179657786244,0.47634610266412686,0.060391912050607344,-0.01573329054944883,"{'2025-03': 0.0, '2025-04': 0.0, '2025-05': -0.001383542945399996, '2025-06': 0.060391912050607344, '2025-07': 0.009765871788378622, '2025-08': -0.01573329054944883, '2025-09': 0.026862816769332554}",{'2025': 0.0807146486166499},990.7904586546,1087.5688138658202,daily_mark_to_market_equity,L05__TQQQ_SOXL__atr_2.5,b,TQQQ_SOXL,L05,atr_2.5,base,0,sha256:acd49d7f6e3e633cb9e24e4f31a698d59c7e8a2578e14056df443689e9c014bb,sensitivity_evaluation,W4,False,L05__TQQQ_SOXL__atr_2.5/base/W4
OK,2025-09-19,2026-03-18,1000.0,911.2341118495792,-88.76588815042078,-88.76588815042078,0.0,-0.08876588815042075,-0.17190058287755472,0.1482483764469742,2025-10-08,2026-03-03,110,0.17380143537114426,-0.999029511824723,-0.8648868020296707,-1.1595444550385379,2585.7761102212953,2.6656896882248162,2.585689688224816,0.08,0.32179783280400004,-89.08768598322482,0.0,8,8,8,1.0,0.6232861051160505,0.20776203503868348,16.75,17.5,34,36,0.03392277685750411,-0.0677857690293936,0.13319760376308853,0.8668023962369115,0.3995928112892656,0.033080142490661935,-0.05916671557601483,"{'2025-09': 0.01052867971960425, '2025-10': 0.033080142490661935, '2025-11': -0.05359474429475686, '2025-12': -0.019456926045003042, '2026-01': 0.010469049849811007, '2026-02': -0.05916671557601483, '2026-03': -0.010609348110519057}","{'2025': -0.03121707142245056, '2026': -0.05940321100875379}",907.7125770219792,1065.7010235396042,daily_mark_to_market_equity,L05__TQQQ_SOXL__atr_2.5,b,TQQQ_SOXL,L05,atr_2.5,base,0,sha256:acd49d7f6e3e633cb9e24e4f31a698d59c7e8a2578e14056df443689e9c014bb,sensitivity_evaluation,W5,False,L05__TQQQ_SOXL__atr_2.5/base/W5
OK,2026-03-19,2026-09-18,1000.0,1234.06250815905,234.0625081590499,234.0625081590499,0.0,0.23406250815904994,0.5215981934213332,0.12598143144526153,2026-06-03,2026-06-05,74,0.24459688813510228,1.8316735982469095,1.1541710671692451,4.140278352432959,944.5028937039099,0.9747379309499632,0.9447379309499632,0.03,0.0,234.06250815905003,0.0,3,3,3,1.0,5.936792800141404,11.873585600282809,44.333333333333336,53.0,38,17,0.0487402503370824,-0.10787913687979211,0.11742074330033082,0.8825792566996692,0.3522622299009925,0.1792669678854919,-0.033888376200687964,"{'2026-03': 0.0, '2026-04': 0.10188217667726973, '2026-05': 0.1792669678854919, '2026-06': -0.033888376200687964, '2026-07': -0.016979535971757942, '2026-08': 0.0, '2026-09': 0.0}",{'2026': 0.23406250815905016},1000.0,1380.41373585727,daily_mark_to_market_equity,L05__TQQQ_SOXL__atr_2.5,b,TQQQ_SOXL,L05,atr_2.5,base,0,sha256:acd49d7f6e3e633cb9e24e4f31a698d59c7e8a2578e14056df443689e9c014bb,sensitivity_evaluation,W6,False,L05__TQQQ_SOXL__atr_2.5/base/W6
OK,2023-09-19,2024-03-18,1000.0,1084.409235684701,84.40923568470089,84.40923568470089,0.0,0.08440923568470082,0.1776556978735655,0.07036851116506426,2023-12-27,2024-01-31,43,0.17122030194139629,1.0392157638708754,1.268343242293506,2.5246476716956026,1270.22138971055,3.2043985498499246,3.1743985498499248,0.03,1.4001618645510001,51.34494214495008,31.6641316752,4,3,3,1.0,,,48.666666666666664,50.0,41,34,0.04133115988980962,-0.033095005997016314,0.21661474395225108,0.7833852560477489,0.6498442318567532,0.0869094919720037,-0.0619556839075206,"{'2023-09': 0.0, '2023-10': 0.0, '2023-11': -0.004573933277399855, '2023-12': 0.0869094919720037, '2024-01': -0.0619556839075206, '2024-02': 0.07735893238417058, '2024-03': -0.00823895904145766}","{'2023': 0.08193804047715081, '2024': 0.0022840450331702566}",980.8772351726,1154.895116303826,daily_mark_to_market_equity,L05__TQQQ_SOXL__atr_2.5,b,TQQQ_SOXL,L05,atr_2.5,stress,0,sha256:acd49d7f6e3e633cb9e24e4f31a698d59c7e8a2578e14056df443689e9c014bb,sensitivity_evaluation,W1,False,L05__TQQQ_SOXL__atr_2.5/stress/W1
OK,2024-03-19,2024-09-18,1000.0,1015.6113915883632,15.611391588363176,15.611391588363176,0.0,0.01561139158836311,0.03140101626075764,0.07599321109492518,2024-06-18,2024-07-17,63,0.1249002443455419,0.30898666712836526,0.1637460899129979,0.4132081775243552,1076.64960912375,2.721729671449886,2.6917296714498864,0.03,1.429338759813,14.182052828550098,0.0,3,3,3,1.0,0.693374876305206,1.386749752610412,32.333333333333336,27.0,27,16,0.030950108283968936,-0.053199569977095185,0.10799395146569465,0.8920060485343053,0.323981854397084,0.05780363345944051,-0.028985750960994205,"{'2024-03': 0.0, '2024-04': 0.0, '2024-05': -0.011226300440224546, '2024-06': 0.05780363345944051, '2024-07': -0.028985750960994205, '2024-08': 0.0, '2024-09': 0.0}",{'2024': 0.015611391588363999},988.7736995597751,1087.4607988397752,daily_mark_to_market_equity,L05__TQQQ_SOXL__atr_2.5,b,TQQQ_SOXL,L05,atr_2.5,stress,0,sha256:acd49d7f6e3e633cb9e24e4f31a698d59c7e8a2578e14056df443689e9c014bb,sensitivity_evaluation,W2,False,L05__TQQQ_SOXL__atr_2.5/stress/W2
OK,2024-09-19,2025-03-18,1000.0,924.1310769494752,-75.86892305052481,-75.86892305052481,0.0,-0.07586892305052484,-0.14794483628647204,0.07586892305052484,2024-09-19,2025-02-25,122,0.09266264659119187,-1.697562752070586,-1.1321659460442248,-1.9500057512078866,1645.7015750031749,4.163805780524924,4.113805780524924,0.05,0.0,-75.86892305052491,0.0,5,5,5,,,,13.8,9.0,22,24,0.01658593715176604,-0.028077502061618187,0.0769307994391128,0.9230692005608871,0.2307923983173384,0.014964414047593522,-0.036750042097850155,"{'2024-09': 0.0, '2024-10': -0.036750042097850155, '2024-11': 0.014964414047593522, '2024-12': -0.0027561632757474586, '2025-01': -0.030051909946537392, '2025-02': -0.02277648776461505, '2025-03': 0.0}","{'2024': -0.025030173691975133, '2025': -0.05214392075195173}",924.1310769494752,1000.0,daily_mark_to_market_equity,L05__TQQQ_SOXL__atr_2.5,b,TQQQ_SOXL,L05,atr_2.5,stress,0,sha256:acd49d7f6e3e633cb9e24e4f31a698d59c7e8a2578e14056df443689e9c014bb,sensitivity_evaluation,W3,False,L05__TQQQ_SOXL__atr_2.5/stress/W3
OK,2025-03-19,2025-09-18,1000.0,1078.7031458341303,78.70314583413028,78.70314583413028,0.0,0.0787031458341303,0.16323924675163481,0.041433617702841374,2025-07-30,2025-09-04,35,0.09500586495261817,1.629804405478481,1.9158528931353298,3.9397777891946046,1314.0686774954,3.312720845399895,3.2827208453998953,0.03,0.85039435953,41.06407417775006,36.78867729685007,5,3,3,1.0,1.4605066843131334,2.9210133686262667,58.333333333333336,60.0,47,32,0.02377830629480826,-0.01663630127343929,0.15884040089154342,0.8411595991084566,0.4765212026746304,0.06023202543140971,-0.01640766417265127,"{'2025-03': 0.0, '2025-04': 0.0, '2025-05': -0.001608689263499885, '2025-06': 0.06023202543140971, '2025-07': 0.009769703234626448, '2025-08': -0.01640766417265127, '2025-09': 0.026036385529042194}",{'2025': 0.07870314583413096},990.5653123365,1086.95077125528,daily_mark_to_market_equity,L05__TQQQ_SOXL__atr_2.5,b,TQQQ_SOXL,L05,atr_2.5,stress,0,sha256:acd49d7f6e3e633cb9e24e4f31a698d59c7e8a2578e14056df443689e9c014bb,sensitivity_evaluation,W4,False,L05__TQQQ_SOXL__atr_2.5/stress/W4
OK,2025-09-19,2026-03-18,1000.0,907.6363431910416,-92.36365680895835,-92.36365680895835,0.0,-0.0923636568089583,-0.17852153191526943,0.1509613213201113,2025-10-08,2026-03-03,110,0.17357775153638902,-1.0468098450322916,-0.9063137039908659,-1.182564714949183,2582.0823756728623,6.534667496762381,6.454667496762381,0.08,0.32179783280400004,-92.68545464176239,0.0,8,8,8,1.0,1.3725008905419427,0.19607155579170613,16.75,17.5,34,36,0.033225157670178085,-0.0678290157322563,0.13326187618131707,0.8667381238186829,0.3997856285439512,0.03187737715913075,-0.05980206236945529,"{'2025-09': 0.00985169930980434, '2025-10': 0.03187737715913075, '2025-11': -0.054042162686121054, '2025-12': -0.019772701147742988, '2026-01': 0.009946082437855441, '2026-02': -0.05980206236945529, '2026-03': -0.010740727620797474}","{'2025': -0.03376166330345798, '2026': -0.06064962574953647}",904.2466063412417,1065.024043129804,daily_mark_to_market_equity,L05__TQQQ_SOXL__atr_2.5,b,TQQQ_SOXL,L05,atr_2.5,stress,0,sha256:acd49d7f6e3e633cb9e24e4f31a698d59c7e8a2578e14056df443689e9c014bb,sensitivity_evaluation,W5,False,L05__TQQQ_SOXL__atr_2.5/stress/W5
OK,2026-03-19,2026-09-18,1000.0,1232.6575787801,232.65757878010004,232.65757878010004,0.0,0.23265757878009996,0.5181426990920304,0.12601581385979888,2026-06-03,2026-06-05,74,0.2444611236155442,1.8233041331968192,1.1480352589141338,4.111727593716922,943.9560096153501,2.391359079899957,2.361359079899957,0.03,0.0,232.6575787801,0.0,3,3,3,1.0,5.856395730894764,11.712791461789529,44.333333333333336,53.0,38,17,0.04875538823350967,-0.10790895108822252,0.11745233149271034,0.8825476685072897,0.35235699447813096,0.17932594669748747,-0.034602368632929204,"{'2026-03': 0.0, '2026-04': 0.10146925638824955, '2026-05': 0.17932594669748747, '2026-06': -0.034602368632929204, '2026-07': -0.017053257494018648, '2026-08': 0.0, '2026-09': 0.0}",{'2026': 0.23265757878009996},1000.0,1379.99089394825,daily_mark_to_market_equity,L05__TQQQ_SOXL__atr_2.5,b,TQQQ_SOXL,L05,atr_2.5,stress,0,sha256:acd49d7f6e3e633cb9e24e4f31a698d59c7e8a2578e14056df443689e9c014bb,sensitivity_evaluation,W6,False,L05__TQQQ_SOXL__atr_2.5/stress/W6
OK,2023-09-19,2024-03-18,1000.0,1055.784604267174,55.78460426717402,55.78460426717402,0.0,0.05578460426717391,0.11576815798335871,0.05750807230455979,2023-12-27,2024-01-31,44,0.12413527156467036,0.94328236298077,1.152443158727449,2.01307665766045,775.0105455217299,0.7947549547699453,0.7747549547699453,0.02,0.999821211944,12.928066003390043,41.85671705184002,4,2,2,1.0,,,47.5,47.5,43,34,0.029596501882942494,-0.024355320081416387,0.16014738545509608,0.8398526145449039,0.48044215636528825,0.0619331883650065,-0.05128693633574588,"{'2023-09': 0.0, '2023-10': 0.0, '2023-11': -0.0028940871250900946, '2023-12': 0.0619331883650065, '2024-01': -0.05128693633574588, '2024-02': 0.05494505526846294, '2024-03': -0.003741321755467486}","{'2023': 0.058859861196853824, '2024': -0.0029043096658734058}",986.72013397491,1102.941572527174,daily_mark_to_market_equity,L05__TQQQ_SOXL__atr_3.5,b,TQQQ_SOXL,L05,atr_3.5,base,0,sha256:acd49d7f6e3e633cb9e24e4f31a698d59c7e8a2578e14056df443689e9c014bb,sensitivity_evaluation,W1,False,L05__TQQQ_SOXL__atr_3.5/base/W1
OK,2024-03-19,2024-09-18,1000.0,1030.4411976617212,30.441197661721162,30.441197661721162,0.0,0.030441197661721153,0.061678575882806896,0.056967532276500976,2024-07-10,2024-07-17,49,0.09785972418332627,0.6572181657209362,0.35323188830256474,1.0826969927965304,559.59527083485,0.5796252714099831,0.5596252714099831,0.02,1.020247783131,29.420949878590005,0.0,2,2,2,1.0,,,57.0,57.0,27,17,0.022004258724518166,-0.04301247828120802,0.0897133260061338,0.9102866739938662,0.2691399780184014,0.04373275419920519,-0.007608828718130511,"{'2024-03': 0.0, '2024-04': 0.0, '2024-05': -0.007608828718130511, '2024-06': 0.04373275419920519, '2024-07': -0.0051651075389855805, '2024-08': 0.0, '2024-09': 0.0}",{'2024': 0.030441197661720043},992.39117128187,1090.9617702650012,daily_mark_to_market_equity,L05__TQQQ_SOXL__atr_3.5,b,TQQQ_SOXL,L05,atr_3.5,base,0,sha256:acd49d7f6e3e633cb9e24e4f31a698d59c7e8a2578e14056df443689e9c014bb,sensitivity_evaluation,W2,False,L05__TQQQ_SOXL__atr_3.5/base/W2
OK,2024-09-19,2025-03-18,1000.0,938.098634480189,-61.90136551981095,-61.90136551981095,0.0,-0.06190136551981096,-0.12160958330440752,0.07364865166833623,2024-12-16,2025-02-28,61,0.07910742648197733,-1.6150240500055617,-1.3181453750947643,-1.651212623036942,855.4834560731699,0.8954219139899591,0.855421913989959,0.04,0.536139564179,-62.43750508398995,0.0,4,4,4,1.0,0.33471915782918815,0.11157305260972938,27.5,13.0,34,33,0.01184338723379108,-0.02003420728395222,0.08630866543011223,0.9136913345698878,0.2589259962903367,0.022250909951774256,-0.03487920591682003,"{'2024-09': 0.0, '2024-10': -0.03487920591682003, '2024-11': 0.022250909951774256, '2024-12': -0.0009561608285021395, '2025-01': -0.01867579678009046, '2025-02': -0.03013280744536151, '2025-03': 0.0}","{'2024': -0.014347734110911059, '2025': -0.04824585003718862}",938.098634480189,1012.68124256491,daily_mark_to_market_equity,L05__TQQQ_SOXL__atr_3.5,b,TQQQ_SOXL,L05,atr_3.5,base,0,sha256:acd49d7f6e3e633cb9e24e4f31a698d59c7e8a2578e14056df443689e9c014bb,sensitivity_evaluation,W3,False,L05__TQQQ_SOXL__atr_3.5/base/W3
OK,2025-03-19,2025-09-18,1000.0,1088.504267015081,88.50426701508104,88.50426701508104,0.0,0.08850426701508107,0.18442980791346697,0.02649789232708255,2025-08-14,2025-08-21,19,0.07253241364007419,2.356716301980446,2.6723203275050054,6.960168968796354,395.28918077026,0.4050932350599694,0.3950932350599694,0.01,0.606950170141,20.463240211200016,67.43407663374003,3,1,1,1.0,,,60.0,60.0,54,30,0.01525582282475324,-0.013976115558552715,0.13178984655026227,0.8682101534497377,0.39536953965078686,0.04534234843382623,-0.0077588605765923635,"{'2025-03': 0.0, '2025-04': 0.0, '2025-05': -0.0009882446821800617, '2025-06': 0.04307527325346738, '2025-07': 0.007089604038966968, '2025-08': -0.0077588605765923635, '2025-09': 0.04534234843382623}",{'2025': 0.08850426701508152},993.4217580378199,1088.504267015081,daily_mark_to_market_equity,L05__TQQQ_SOXL__atr_3.5,b,TQQQ_SOXL,L05,atr_3.5,base,0,sha256:acd49d7f6e3e633cb9e24e4f31a698d59c7e8a2578e14056df443689e9c014bb,sensitivity_evaluation,W4,False,L05__TQQQ_SOXL__atr_3.5/base/W4
OK,2025-09-19,2026-03-18,1000.0,947.9632490502901,-52.036750949709926,-52.036750949709926,0.0,-0.05203675094970994,-0.10276524686429045,0.13340015482964607,2025-10-29,2026-03-09,95,0.16810993448402772,-0.5619261849650583,-0.6024820107558218,-0.77035328029059,1246.9272828602298,1.2968763131299448,1.2468763131299447,0.05,0.22985559342,-52.26660654312994,0.0,5,5,5,1.0,0.27888698752286295,0.06972174688071574,39.8,61.0,45,48,0.030146158371280984,-0.04923706511852799,0.16466068781827858,0.8353393121817214,0.4939820634548357,0.07236838966682946,-0.07690057004371997,"{'2025-09': 0.007520485334499671, '2025-10': 0.07236838966682946, '2025-11': -0.07690057004371997, '2025-12': -0.01390060293639983, '2026-01': 0.007574705635251755, '2026-02': -0.014100348172190302, '2026-03': -0.029681154619838113}","{'2025': -0.016516529822510284, '2026': -0.03611674441339552}",947.9632490502901,1093.8880895645002,daily_mark_to_market_equity,L05__TQQQ_SOXL__atr_3.5,b,TQQQ_SOXL,L05,atr_3.5,base,0,sha256:acd49d7f6e3e633cb9e24e4f31a698d59c7e8a2578e14056df443689e9c014bb,sensitivity_evaluation,W5,False,L05__TQQQ_SOXL__atr_3.5/base/W5
OK,2026-03-19,2026-09-18,1000.0,1160.5568989983599,160.55689899835988,160.55689899835988,0.0,0.1605568989983599,0.34607063117389414,0.10362101864166451,2026-06-03,2026-07-07,74,0.24785121656221126,1.3174853883559123,1.0685348630605207,3.3397725259838755,549.52075505912,0.5696818816399793,0.5496818816399793,0.02,0.0,160.55689899836,0.0,2,2,2,1.0,,,74.5,74.5,44,22,0.03675606119621411,-0.08313555387511773,0.11622185018303169,0.8837781498169683,0.34866555054909515,0.13123620730203744,-0.060695742146636866,"{'2026-03': 0.0, '2026-04': 0.07266040716962063, '2026-05': 0.13123620730203744, '2026-06': 0.018226976352723634, '2026-07': -0.060695742146636866, '2026-08': 0.0, '2026-09': 0.0}",{'2026': 0.160556898998361},1000.0,1271.2591383296199,daily_mark_to_market_equity,L05__TQQQ_SOXL__atr_3.5,b,TQQQ_SOXL,L05,atr_3.5,base,0,sha256:acd49d7f6e3e633cb9e24e4f31a698d59c7e8a2578e14056df443689e9c014bb,sensitivity_evaluation,W6,False,L05__TQQQ_SOXL__atr_3.5/base/W6
OK,2023-09-19,2024-03-18,1000.0,1054.585425024299,54.58542502429896,54.58542502429896,0.0,0.05458542502429897,0.11321226155238961,0.05825677852420441,2023-12-27,2024-01-31,44,0.12419403842715003,0.924438400557015,1.126121475681537,1.943331993638344,775.121040159325,1.9562065657249719,1.9362065657249719,0.02,0.9997615700240001,12.168302734275034,41.417360720000005,4,2,2,1.0,,,47.5,47.5,41,35,0.029604569366625144,-0.024360501219862996,0.1601930118589203,0.8398069881410797,0.4805790355767609,0.06194788510077043,-0.05203917085350396,"{'2023-09': 0.0, '2023-10': 0.0, '2023-11': -0.0032625065475254678, '2023-12': 0.06194788510077043, '2024-01': -0.05203917085350396, '2024-02': 0.05495952716512509, '2024-03': -0.003742566787091506}","{'2023': 0.058483273172498684, '2024': -0.0036824844066893903}",986.352979512475,1101.698134524299,daily_mark_to_market_equity,L05__TQQQ_SOXL__atr_3.5,b,TQQQ_SOXL,L05,atr_3.5,stress,0,sha256:acd49d7f6e3e633cb9e24e4f31a698d59c7e8a2578e14056df443689e9c014bb,sensitivity_evaluation,W1,False,L05__TQQQ_SOXL__atr_3.5/stress/W1
OK,2024-03-19,2024-09-18,1000.0,1029.600346416326,29.60034641632592,29.60034641632592,0.0,0.029600346416325918,0.059950146493735534,0.05698110193578754,2024-07-10,2024-07-17,49,0.09790286291125674,0.6404223698673408,0.3449163115285469,1.0521057764255566,559.4988823643249,1.4189347003249742,1.3989347003249741,0.02,1.020174846651,28.580171569675016,0.0,2,2,2,1.0,,,57.0,57.0,27,17,0.02201010865350117,-0.04302240972539295,0.08973941966044206,0.9102605803395579,0.2692182589813262,0.043746804064667355,-0.008004735557324949,"{'2024-03': 0.0, '2024-04': 0.0, '2024-05': -0.008004735557324949, '2024-06': 0.043746804064667355, '2024-07': -0.005593573376634797, '2024-08': 0.0, '2024-09': 0.0}",{'2024': 0.029600346416326362},991.995264442675,1090.556030489326,daily_mark_to_market_equity,L05__TQQQ_SOXL__atr_3.5,b,TQQQ_SOXL,L05,atr_3.5,stress,0,sha256:acd49d7f6e3e633cb9e24e4f31a698d59c7e8a2578e14056df443689e9c014bb,sensitivity_evaluation,W2,False,L05__TQQQ_SOXL__atr_3.5/stress/W2
OK,2024-09-19,2025-03-18,1000.0,936.8571959101541,-63.14280408984587,-63.14280408984587,0.0,-0.06314280408984585,-0.12396672775314366,0.07447172280663639,2024-12-16,2025-02-28,61,0.07924403163794239,-1.6463203672103548,-1.3416487239463213,-1.6646147434378493,855.239106685675,2.177713384024925,2.137713384024925,0.04,0.536139564179,-63.67894365402491,0.0,4,4,4,1.0,0.31168910181878595,0.10389636727292864,27.5,13.0,34,33,0.011848754166479125,-0.020036854694141626,0.08634261828773773,0.9136573817122623,0.2590278548632132,0.02216156980468109,-0.035226048842049384,"{'2024-09': 0.0, '2024-10': -0.035226048842049384, '2024-11': 0.02216156980468109, '2024-12': -0.0009565881764693751, '2025-01': -0.019141465938451674, '2025-02': -0.03052292503434373, '2025-03': 0.0}","{'2024': -0.01478848765354479, '2025': -0.0490801374429084}",936.8571959101541,1012.240489022275,daily_mark_to_market_equity,L05__TQQQ_SOXL__atr_3.5,b,TQQQ_SOXL,L05,atr_3.5,stress,0,sha256:acd49d7f6e3e633cb9e24e4f31a698d59c7e8a2578e14056df443689e9c014bb,sensitivity_evaluation,W3,False,L05__TQQQ_SOXL__atr_3.5/stress/W3
OK,2025-03-19,2025-09-18,1000.0,1087.899695590971,87.89969559097108,87.89969559097108,0.0,0.087899695590971,0.18311716737007577,0.026732317559648888,2025-07-30,2025-08-21,30,0.0725249937436345,2.3417400603351006,2.653851444553137,6.850029630295956,395.50977756124996,0.9975500416499838,0.9875500416499838,0.01,0.6069061126209999,20.192263137600023,67.10052634075001,3,1,1,1.0,,,60.0,60.0,54,30,0.015259660708295986,-0.013980267358210563,0.13182639341781044,0.8681736065821896,0.3954791802534313,0.04535656645981234,-0.008056172687949559,"{'2025-03': 0.0, '2025-04': 0.0, '2025-05': -0.0011490634354499596, '2025-06': 0.04296003086106848, '2025-07': 0.007091609850366165, '2025-08': -0.008056172687949559, '2025-09': 0.04535656645981234}",{'2025': 0.0878996955909701},993.26093928455,1087.899695590971,daily_mark_to_market_equity,L05__TQQQ_SOXL__atr_3.5,b,TQQQ_SOXL,L05,atr_3.5,stress,0,sha256:acd49d7f6e3e633cb9e24e4f31a698d59c7e8a2578e14056df443689e9c014bb,sensitivity_evaluation,W4,False,L05__TQQQ_SOXL__atr_3.5/stress/W4
OK,2025-09-19,2026-03-18,1000.0,946.1531384753577,-53.84686152464235,-53.84686152464235,0.0,-0.05384686152464235,-0.10623829241257332,0.1346723827576295,2025-10-29,2026-03-09,95,0.1681499533463069,-0.584842754391188,-0.6277083174060263,-0.7888647266587008,1246.2784515729622,3.165377933062442,3.115377933062442,0.05,0.22985559342,-54.07671711806244,0.0,5,5,5,1.0,0.24633538008851616,0.06158384502212904,39.8,61.0,46,48,0.03016084974652511,-0.04925987822644606,0.16473252506182565,0.8352674749381743,0.49419757518547697,0.07240313940781062,-0.07737967859249795,"{'2025-09': 0.007036927906119761, '2025-10': 0.07240313940781062, '2025-11': -0.07737967859249795, '2025-12': -0.01412614782380539, '2026-01': 0.007202841649914582, '2026-02': -0.014305599266086988, '2026-03': -0.029815425894329728}","{'2025': -0.017691646473754652, '2026': -0.03680638052307972}",946.1531384753577,1093.40453213612,daily_mark_to_market_equity,L05__TQQQ_SOXL__atr_3.5,b,TQQQ_SOXL,L05,atr_3.5,stress,0,sha256:acd49d7f6e3e633cb9e24e4f31a698d59c7e8a2578e14056df443689e9c014bb,sensitivity_evaluation,W5,False,L05__TQQQ_SOXL__atr_3.5/stress/W5
OK,2026-03-19,2026-09-18,1000.0,1159.7278887204002,159.7278887204002,159.7278887204002,0.0,0.1597278887204001,0.3441522011782192,0.10385336257254651,2026-06-03,2026-07-07,74,0.24784217518846793,1.3117998282940313,1.0635591599219298,3.313828196345713,549.2498187893,1.394131559599981,1.374131559599981,0.02,0.0,159.7278887204,0.0,2,2,2,1.0,,,74.5,74.5,44,22,0.03676462449195639,-0.08315320343987287,0.11625457190461852,0.8837454280953815,0.34876371571385556,0.13126775421690784,-0.060939192713535206,"{'2026-03': 0.0, '2026-04': 0.0723673913655496, '2026-05': 0.13126775421690784, '2026-06': 0.018013127351883984, '2026-07': -0.060939192713535206, '2026-08': 0.0, '2026-09': 0.0}",{'2026': 0.15972788872039922},1000.0,1270.9610581255502,daily_mark_to_market_equity,L05__TQQQ_SOXL__atr_3.5,b,TQQQ_SOXL,L05,atr_3.5,stress,0,sha256:acd49d7f6e3e633cb9e24e4f31a698d59c7e8a2578e14056df443689e9c014bb,sensitivity_evaluation,W6,False,L05__TQQQ_SOXL__atr_3.5/stress/W6
OK,2023-09-19,2024-03-18,1000.0,1136.9205537662654,136.92055376626536,136.92055376626536,0.0,0.13692055376626544,0.29557009475443485,0.0640658178450948,2023-09-19,2023-12-06,76,0.17310065249644044,1.578852903649177,1.9942130616425675,4.613538150236307,11402.591378821604,11.56199633873442,11.40199633873442,0.16,0.0,159.3028754148054,-22.38232164853993,18,16,16,1.0,1.8683289762210897,4.110323747686397,2.875,2.5,17,16,0.07749276942293659,-0.02595041159686906,0.08748013066227232,0.9125198693377277,0.26244039198681696,0.15037258859957614,-0.038480110275890045,"{'2023-09': -0.007062954752761863, '2023-10': -0.038480110275890045, '2023-11': -0.0008755994258098365, '2023-12': 0.042538534769842595, '2024-01': 0.013366912658279162, '2024-02': 0.15037258859957614, '2024-03': -0.0193067076112714}","{'2023': -0.005530041401404895, '2024': 0.14324273341389904}",935.9341821549052,1159.3028754148052,daily_mark_to_market_equity,L06__TQQQ_SOXL__rsi_15,b,TQQQ_SOXL,L06,rsi_15,base,0,sha256:acd49d7f6e3e633cb9e24e4f31a698d59c7e8a2578e14056df443689e9c014bb,sensitivity_evaluation,W1,False,L06__TQQQ_SOXL__rsi_15/base/W1
OK,2024-03-19,2024-09-18,1000.0,1081.0965885571748,81.09658855717475,81.09658855717475,0.0,0.08109658855717483,0.16839638582962513,0.06528066780731567,2024-06-28,2024-07-19,56,0.13093945470640989,1.2469599914265546,0.9671855006789735,2.5795751098421484,11945.826002056998,12.115917815319307,11.945917815319307,0.17,1.399243372494,79.69734518468073,0.0,17,17,17,1.0,0.80287768975992,1.9269064554238078,2.5294117647058822,1.0,25,16,0.033970986222015,-0.038076825106996504,0.08637012235729521,0.9136298776427048,0.2591103670718856,0.056729886747442615,-0.030837573456589107,"{'2024-03': 0.039577109158760226, '2024-04': -0.011806615709354706, '2024-05': 0.02399435654983484, '2024-06': 0.056729886747442615, '2024-07': -0.030837573456589107, '2024-08': 0.001609698664110315, '2024-09': 0.001864996596917079}",{'2024': 0.08109658855717594},1005.4253423776402,1111.6298591384443,daily_mark_to_market_equity,L06__TQQQ_SOXL__rsi_15,b,TQQQ_SOXL,L06,rsi_15,base,0,sha256:acd49d7f6e3e633cb9e24e4f31a698d59c7e8a2578e14056df443689e9c014bb,sensitivity_evaluation,W2,False,L06__TQQQ_SOXL__rsi_15/base/W2
OK,2024-09-19,2025-03-18,1000.0,1105.32212234188,105.32212234188,105.32212234188,0.0,0.1053221223418801,0.22531048457555358,0.03590602588446479,2025-01-30,2025-02-25,32,0.0875358112426811,2.3879253377895595,2.1526344874793764,6.275004794474821,8522.85651134036,8.642969307419415,8.522969307419416,0.12,1.169012009299,104.15311033258062,0.0,12,12,12,1.0,1.3875231972577866,4.16256959177336,4.166666666666667,4.5,22,14,0.025660696177763898,-0.017487723671582134,0.08093128610871282,0.9190687138912872,0.24279385832613848,0.04704102681426092,-0.019015423578986557,"{'2024-09': 0.0, '2024-10': 0.04704102681426092, '2024-11': 0.03522097331519536, '2024-12': 0.002263283352221146, '2025-01': 0.03073735553016066, '2025-02': -0.019015423578986557, '2025-03': 0.006236542299490333}","{'2024': 0.08637204632468976, '2025': 0.01744344958184474}",1000.0,1121.8275969005997,daily_mark_to_market_equity,L06__TQQQ_SOXL__rsi_15,b,TQQQ_SOXL,L06,rsi_15,base,0,sha256:acd49d7f6e3e633cb9e24e4f31a698d59c7e8a2578e14056df443689e9c014bb,sensitivity_evaluation,W3,False,L06__TQQQ_SOXL__rsi_15/base/W3
OK,2025-03-19,2025-09-18,1000.0,1107.9708294035604,107.9708294035604,107.9708294035604,0.0,0.1079708294035604,0.22708362257483605,0.018958522418654034,2025-08-08,2025-08-21,10,0.08274744328521472,2.5000064254782934,2.576583342264534,11.97791777018443,4930.968564529059,5.001081536439691,4.931081536439691,0.07,0.0,107.97082940356037,0.0,7,7,7,1.0,,,3.7142857142857144,4.0,12,6,0.041784930870987225,-0.013309389848913611,0.05223423421573354,0.9477657657842664,0.15670270264720065,0.04597277851703785,0.0,"{'2025-03': 0.0, '2025-04': 0.0, '2025-05': 0.0, '2025-06': 0.0, '2025-07': 0.02195063144917997, '2025-08': 0.04597277851703785, '2025-09': 0.03652081530347839}",{'2025': 0.1079708294035604},999.0267251519501,1107.9708294035604,daily_mark_to_market_equity,L06__TQQQ_SOXL__rsi_15,b,TQQQ_SOXL,L06,rsi_15,base,0,sha256:acd49d7f6e3e633cb9e24e4f31a698d59c7e8a2578e14056df443689e9c014bb,sensitivity_evaluation,W4,False,L06__TQQQ_SOXL__rsi_15/base/W4
OK,2025-09-19,2026-03-18,1000.0,998.0038156030005,-1.9961843969995243,-1.9961843969995243,0.0,-0.0019961843969995563,-0.004046430139743928,0.08663845728118102,2025-11-05,2025-12-17,63,0.17912947901118928,0.06558902315265432,0.07284377805816411,-0.04670478061043297,12659.939853233689,12.849950706999305,12.659950706999306,0.19000000000000003,0.0,-1.996184396999318,0.0,19,19,19,1.0,1.3542144225751143,0.9848832164182648,3.1052631578947367,3.0,22,22,0.05401510320754421,-0.035617551549850135,0.09861642745331073,0.9013835725466892,0.2958492823599322,0.043395342952245564,-0.041354566414281146,"{'2025-09': 0.005929966065880032, '2025-10': 0.006877934898926075, '2025-11': 0.010328119298894212, '2025-12': -0.041354566414281146, '2026-01': 0.006629432322008633, '2026-02': 0.043395342952245564, '2026-03': -0.0313906305391316}","{'2025': -0.01900901209521444, '2026': 0.017342491325584186}",950.2907868795351,1046.1418955431504,daily_mark_to_market_equity,L06__TQQQ_SOXL__rsi_15,b,TQQQ_SOXL,L06,rsi_15,base,0,sha256:acd49d7f6e3e633cb9e24e4f31a698d59c7e8a2578e14056df443689e9c014bb,sensitivity_evaluation,W5,False,L06__TQQQ_SOXL__rsi_15/base/W5
OK,2026-03-19,2026-09-18,1000.0,1020.3493313697168,20.349331369716765,20.349331369716765,0.0,0.020349331369716728,0.0410268055544567,0.09413150471512677,2026-07-20,2026-08-20,43,0.24032356080851044,0.2831750235689047,0.22192964950362862,0.43584563615144,9589.825421097132,9.72985550028357,9.58985550028357,0.14,0.0,20.349331369716552,0.0,14,14,14,1.0,1.128901974886646,1.1289019748866458,2.357142857142857,2.0,10,18,0.10528816280382514,-0.05356377717990146,0.06449246002244505,0.935507539977555,0.19347738006733517,0.0736822434373785,-0.03497331008140003,"{'2026-03': -0.03497331008140003, '2026-04': 0.0, '2026-05': 0.0736822434373785, '2026-06': 0.01081867120465918, '2026-07': -0.02908633814909234, '2026-08': 0.009181238008662218, '2026-09': -0.005715307595064223}",{'2026': 0.020349331369716506},949.7494036354,1114.0262095805906,daily_mark_to_market_equity,L06__TQQQ_SOXL__rsi_15,b,TQQQ_SOXL,L06,rsi_15,base,0,sha256:acd49d7f6e3e633cb9e24e4f31a698d59c7e8a2578e14056df443689e9c014bb,sensitivity_evaluation,W6,False,L06__TQQQ_SOXL__rsi_15/base/W6
OK,2023-09-19,2024-03-18,1000.0,1117.9646913261647,117.96469132616471,117.96469132616471,0.0,0.11796469132616472,0.2523500573537618,0.07146038748698591,2023-09-19,2023-12-06,76,0.1741305647867373,1.3757002507125224,1.8236425083771657,3.5313278618831845,11314.201969263137,28.441845809435463,28.281845809435463,0.16,0.0,141.1257884469645,-23.161097120800022,18,16,16,1.0,1.6030821551487722,3.5267807413272982,2.875,2.5,18,14,0.07756869069654049,-0.026448343131372565,0.08755321385917915,0.9124467861408209,0.2626596415775374,0.14589078129922828,-0.04132569720507462,"{'2023-09': -0.010011850073795014, '2023-10': -0.04132569720507462, '2023-11': -0.0018653537420516564, '2023-12': 0.03942299523706705, '2024-01': 0.011364629576008145, '2024-02': 0.14589078129922828, '2024-03': -0.020296708176511746}","{'2023': -0.015348529951335732, '2024': 0.1353912783686917}",928.539612513014,1141.1257884469646,daily_mark_to_market_equity,L06__TQQQ_SOXL__rsi_15,b,TQQQ_SOXL,L06,rsi_15,stress,0,sha256:acd49d7f6e3e633cb9e24e4f31a698d59c7e8a2578e14056df443689e9c014bb,sensitivity_evaluation,W1,False,L06__TQQQ_SOXL__rsi_15/stress/W1
OK,2024-03-19,2024-09-18,1000.0,1062.9711788900108,62.97117889001083,62.97117889001083,0.0,0.06297117889001091,0.129624970776957,0.06712123071725828,2024-06-28,2024-07-25,56,0.13036692571561978,0.9944294223831662,0.7624362122524947,1.931206704522295,11852.447342154577,29.801689518424197,29.631689518424196,0.17,1.3867822384350001,61.58439665157582,0.0,17,17,17,1.0,0.7005553470331041,1.6813328328794497,2.5294117647058822,1.0,24,17,0.03351714759018121,-0.03811564153374336,0.0864388260261051,0.9135611739738949,0.2593164780783153,0.053603135229152166,-0.03469602380655812,"{'2024-03': 0.03852667811690047, '2024-04': -0.016683940948649667, '2024-05': 0.022460187433578582, '2024-06': 0.053603135229152166, '2024-07': -0.03469602380655812, '2024-08': 0.00010366712557496882, '2024-09': 0.0008710429868679093}",{'2024': 0.0629711788900118},1004.9303424041,1100.1052823021105,daily_mark_to_market_equity,L06__TQQQ_SOXL__rsi_15,b,TQQQ_SOXL,L06,rsi_15,stress,0,sha256:acd49d7f6e3e633cb9e24e4f31a698d59c7e8a2578e14056df443689e9c014bb,sensitivity_evaluation,W2,False,L06__TQQQ_SOXL__rsi_15/stress/W2
OK,2024-09-19,2025-03-18,1000.0,1092.2421854832376,92.24218548323756,92.24218548323756,0.0,0.0922421854832376,0.1960670555328481,0.03733545560948903,2025-01-30,2025-02-25,32,0.08770971483098201,2.1051110422926724,1.848053428194824,5.251497600126151,8477.039379455873,21.313300907424345,21.193300907424344,0.12,1.162080740662,91.08010474257568,0.0,12,12,12,1.0,1.1804977166101132,3.5414931498303392,4.166666666666667,4.5,21,14,0.025685748350361415,-0.017978938384778598,0.08098432401764483,0.9190156759823551,0.24295297205293448,0.0429174117299751,-0.020946413456700563,"{'2024-09': 0.0, '2024-10': 0.0429174117299751, '2024-11': 0.033152054130535236, '2024-12': 0.0007635686649523077, '2025-01': 0.02870405686078259, '2025-02': -0.020946413456700563, '2025-03': 0.005718368502210414}","{'2024': 0.07831500554853732, '2025': 0.012915687774943008}",1000.0,1111.3120241816373,daily_mark_to_market_equity,L06__TQQQ_SOXL__rsi_15,b,TQQQ_SOXL,L06,rsi_15,stress,0,sha256:acd49d7f6e3e633cb9e24e4f31a698d59c7e8a2578e14056df443689e9c014bb,sensitivity_evaluation,W3,False,L06__TQQQ_SOXL__rsi_15/stress/W3
OK,2025-03-19,2025-09-18,1000.0,1100.3084333590757,100.3084333590757,100.3084333590757,0.0,0.1003084333590758,0.21020444051824194,0.019948523406641328,2025-08-08,2025-08-21,10,0.08226371451937427,2.3467163187301012,2.384915890111105,10.537343352854878,4917.663537128975,12.36486305092466,12.29486305092466,0.07,0.0,100.30843335907541,0.0,7,7,7,1.0,,,3.7142857142857144,4.0,12,6,0.041827141672792445,-0.013322403682935913,0.05228068644876625,0.9477193135512337,0.15684205934629877,0.04185283215082691,0.0,"{'2025-03': 0.0, '2025-04': 0.0, '2025-05': 0.0, '2025-06': 0.0, '2025-07': 0.020926666542950167, '2025-08': 0.04185283215082691, '2025-09': 0.034459559464979916}",{'2025': 0.1003084333590758},998.5317251548752,1100.3084333590757,daily_mark_to_market_equity,L06__TQQQ_SOXL__rsi_15,b,TQQQ_SOXL,L06,rsi_15,stress,0,sha256:acd49d7f6e3e633cb9e24e4f31a698d59c7e8a2578e14056df443689e9c014bb,sensitivity_evaluation,W4,False,L06__TQQQ_SOXL__rsi_15/stress/W4
OK,2025-09-19,2026-03-18,1000.0,979.3475925904881,-20.652407409511852,-20.652407409511852,0.0,-0.020652407409511797,-0.041461902890848834,0.0921487498233623,2025-11-05,2025-12-17,90,0.17902501312038963,-0.1486262804590056,-0.1699736674192797,-0.4499453651875489,12550.921554393264,31.567372104511836,31.377372104511835,0.19000000000000003,0.0,-20.65240740951187,0.0,19,19,19,1.0,1.174063277094728,0.8538642015234386,3.1052631578947367,3.0,21,21,0.054041529792582255,-0.03567167415711259,0.09869399217131879,0.9013060078286812,0.29608197651395635,0.040274139691995225,-0.04327464090718991,"{'2025-09': 0.004930056384700121, '2025-10': 0.004885577830424426, '2025-11': 0.005330556531089714, '2025-12': -0.04327464090718991, '2026-01': 0.0036695561426103307, '2026-02': 0.040274139691995225, '2026-03': -0.03428341689324843}","{'2025': -0.028710670893436818, '2026': 0.008296460428879104}",941.297803286688,1036.8414463311503,daily_mark_to_market_equity,L06__TQQQ_SOXL__rsi_15,b,TQQQ_SOXL,L06,rsi_15,stress,0,sha256:acd49d7f6e3e633cb9e24e4f31a698d59c7e8a2578e14056df443689e9c014bb,sensitivity_evaluation,W5,False,L06__TQQQ_SOXL__rsi_15/stress/W5
OK,2026-03-19,2026-09-18,1000.0,1006.3025184397457,6.302518439745654,6.302518439745654,0.0,0.006302518439745608,0.012618684427778692,0.09687008232537919,2026-07-20,2026-08-20,43,0.24059119882784788,0.1688455239802754,0.1301948533332961,0.13026400024512724,9531.070356143198,23.967865080254576,23.827865080254576,0.14,0.0,6.3025184397455565,0.0,14,14,14,1.0,1.0384595305721176,1.0384595305721176,2.357142857142857,2.0,11,16,0.10540160733534742,-0.0536183958440134,0.0645428031104004,0.9354571968895996,0.1936284093312012,0.07156365647639729,-0.03591180350349987,"{'2026-03': -0.03591180350349987, '2026-04': 0.0, '2026-05': 0.07156365647639729, '2026-06': 0.00782426893717525, '2026-07': -0.03294812030073779, '2026-08': 0.007183266865669946, '2026-09': -0.007682316234920328}",{'2026': 0.00630251843974472},949.2009121045753,1105.2930710300252,daily_mark_to_market_equity,L06__TQQQ_SOXL__rsi_15,b,TQQQ_SOXL,L06,rsi_15,stress,0,sha256:acd49d7f6e3e633cb9e24e4f31a698d59c7e8a2578e14056df443689e9c014bb,sensitivity_evaluation,W6,False,L06__TQQQ_SOXL__rsi_15/stress/W6
OK,2023-09-19,2024-03-18,1000.0,1019.7624708019753,19.76247080197527,19.76247080197527,0.0,0.01976247080197524,0.040280977129034445,0.02270930895282164,2023-10-24,2024-01-04,51,0.08500499199680897,0.5053780081724176,0.4820783028272418,1.7737649883013953,3972.4737380566644,4.032497533024879,3.972497533024879,0.060000000000000005,0.0,19.76247080197514,0.0,6,6,6,1.0,1.448673654888694,2.897347309777388,3.0,2.0,5,5,0.05128645245562935,-0.01922335990443713,0.031615616827250795,0.9683843831727492,0.0948468504817524,0.016902862061218604,-0.01041584252926997,"{'2023-09': -0.01041584252926997, '2023-10': 0.016902862061218604, '2023-11': 0.0, '2023-12': 0.0, '2024-01': 0.013367149248827204, '2024-02': 0.0, '2024-03': 0.0}","{'2023': 0.0063109619824250895, '2024': 0.013367149248827204}",983.4583354441552,1039.7499584641553,daily_mark_to_market_equity,L06__TQQQ_SOXL__rsi_5,b,TQQQ_SOXL,L06,rsi_5,base,0,sha256:acd49d7f6e3e633cb9e24e4f31a698d59c7e8a2578e14056df443689e9c014bb,sensitivity_evaluation,W1,False,L06__TQQQ_SOXL__rsi_5/base/W1
OK,2024-03-19,2024-09-18,1000.0,971.8977864194303,-28.102213580569696,-28.102213580569696,0.0,-0.028102213580569746,-0.055304337691204575,0.039253100948871245,2024-07-22,2024-07-24,41,0.06416091525755913,-0.8491123562587303,-0.24093384040574634,-1.4089164003435224,2579.80357300549,2.619778090569907,2.579778090569907,0.04,0.0,-28.10221358056985,0.0,4,4,4,1.0,0.39023539685427316,0.39023539685427316,2.75,2.0,6,4,0.01416862416637188,-0.03577675169486716,0.017950639914027584,0.9820493600859724,0.05385191974208275,0.006140313449894297,-0.033455863049984824,"{'2024-03': 0.0, '2024-04': -0.0005976833248998448, '2024-05': 0.0, '2024-06': 0.0, '2024-07': -0.033455863049984824, '2024-08': 0.0, '2024-09': 0.006140313449894297}",{'2024': -0.028102213580569524},965.7751250155002,1005.2336634855002,daily_mark_to_market_equity,L06__TQQQ_SOXL__rsi_5,b,TQQQ_SOXL,L06,rsi_5,base,0,sha256:acd49d7f6e3e633cb9e24e4f31a698d59c7e8a2578e14056df443689e9c014bb,sensitivity_evaluation,W2,False,L06__TQQQ_SOXL__rsi_5/base/W2
OK,2024-09-19,2025-03-18,1000.0,1015.97609795681,15.976097956810008,15.976097956810008,0.0,0.015976097956809987,0.032684717505018224,0.01864797978145183,2024-11-21,2025-02-25,66,0.0347621965595688,0.9514268525740419,0.29930642589130846,1.7527216292634553,2001.5381055359298,2.0315561131898976,2.001556113189898,0.03,0.0,15.976097956810115,0.0,3,3,3,1.0,0.9663349780023961,1.9326699560047922,2.6666666666666665,3.0,5,4,0.01564816654134016,-0.015170233367788999,0.016308278360580335,0.9836917216394196,0.04892483508174101,0.011253203037300041,-0.0015557016405930435,"{'2024-09': 0.0, '2024-10': 0.0, '2024-11': 0.011253203037300041, '2024-12': 0.0, '2025-01': 0.0, '2025-02': -0.0015557016405930435, '2025-03': 0.00623574124390025}","{'2024': 0.011253203037300041, '2025': 0.0046703386504236555}",994.12378029354,1015.97609795681,daily_mark_to_market_equity,L06__TQQQ_SOXL__rsi_5,b,TQQQ_SOXL,L06,rsi_5,base,0,sha256:acd49d7f6e3e633cb9e24e4f31a698d59c7e8a2578e14056df443689e9c014bb,sensitivity_evaluation,W3,False,L06__TQQQ_SOXL__rsi_5/base/W3
OK,2025-03-19,2025-09-18,1000.0,1052.9927166936052,52.99271669360519,52.99271669360519,0.0,0.05299271669360528,0.10855903861228233,0.009023009032142038,2025-08-07,2025-08-21,11,0.042863753156335255,2.411949594396864,4.071331938593079,12.03135652702663,2087.430061193135,2.117485171394879,2.087485171394879,0.03,0.0,52.99271669360516,0.0,3,3,3,1.0,,,4.0,4.0,7,4,0.01669548985422442,-0.0069893219796073325,0.021029022235034434,0.9789709777649656,0.0630870667051033,0.02874025780867484,0.0,"{'2025-03': 0.0, '2025-04': 0.0, '2025-05': 0.0, '2025-06': 0.0, '2025-07': 0.02874025780867484, '2025-08': 0.023574909896683316, '2025-09': 0.0}",{'2025': 0.05299271669360506},1000.0,1056.3187810047452,daily_mark_to_market_equity,L06__TQQQ_SOXL__rsi_5,b,TQQQ_SOXL,L06,rsi_5,base,0,sha256:acd49d7f6e3e633cb9e24e4f31a698d59c7e8a2578e14056df443689e9c014bb,sensitivity_evaluation,W4,False,L06__TQQQ_SOXL__rsi_5/base/W4
OK,2025-09-19,2026-03-18,1000.0,1053.0516793010704,53.05167930107041,53.05167930107041,0.0,0.053051679301070465,0.1105910072473737,0.03902285038204378,2026-02-06,2026-03-06,27,0.09109309523102092,1.1981493499921458,0.746375819948737,2.834006387659004,5622.44575474619,5.702504508929695,5.622504508929695,0.08,0.0,53.051679301070365,0.0,8,8,8,1.0,1.3137932398485714,2.189655399747619,1.75,1.5,11,6,0.04501268207075726,-0.02828254149864584,0.026795422269662937,0.9732045777303371,0.0803862668089888,0.06153322130247019,-0.0352503382501681,"{'2025-09': 0.0, '2025-10': 0.0, '2025-11': 0.06153322130247019, '2025-12': 0.003403168008992985, '2026-01': 0.013558241935911708, '2026-02': 0.011060822848613316, '2026-03': -0.0352503382501681}","{'2025': 0.06514579720169023, '2026': -0.011354424842488942}",1000.0,1095.8134433474502,daily_mark_to_market_equity,L06__TQQQ_SOXL__rsi_5,b,TQQQ_SOXL,L06,rsi_5,base,0,sha256:acd49d7f6e3e633cb9e24e4f31a698d59c7e8a2578e14056df443689e9c014bb,sensitivity_evaluation,W5,False,L06__TQQQ_SOXL__rsi_5/base/W5
OK,2026-03-19,2026-09-18,1000.0,1038.1132828270606,38.11328282706063,38.11328282706063,0.0,0.038113282827060724,0.077513993685977,0.07145977798331205,2026-04-01,2026-07-29,117,0.15927190150799891,0.5448910687363062,0.21482221449371763,1.0847220054906803,3476.2477733677597,3.526289412939828,3.476289412939828,0.05,0.0,38.11328282706015,0.0,5,5,5,1.0,13.373526979648776,3.343381744912194,2.0,1.0,6,6,0.06942182067553015,-0.06875928981778356,0.020501613333243837,0.9794983866667561,0.061504839999731525,0.038380351872399965,-0.008485993372098988,"{'2026-03': 0.038380351872399965, '2026-04': 0.015405871013789874, '2026-05': 0.0, '2026-06': -0.0028998819918429897, '2026-07': -0.004110864229760147, '2026-08': -0.008485993372098988, '2026-09': 0.0}",{'2026': 0.0381132828270605},979.0319231732103,1054.3775056366,daily_mark_to_market_equity,L06__TQQQ_SOXL__rsi_5,b,TQQQ_SOXL,L06,rsi_5,base,0,sha256:acd49d7f6e3e633cb9e24e4f31a698d59c7e8a2578e14056df443689e9c014bb,sensitivity_evaluation,W6,False,L06__TQQQ_SOXL__rsi_5/base/W6
OK,2023-09-19,2024-03-18,1000.0,1013.7328396202754,13.7328396202754,13.7328396202754,0.0,0.013732839620275383,0.027905979981676543,0.023699308885643644,2023-10-24,2024-01-04,51,0.08551424247906614,0.3630568421752078,0.34287730123273347,1.1775018468399803,3964.200649166525,9.97064976972485,9.91064976972485,0.060000000000000005,0.0,13.732839620275168,0.0,6,6,6,1.0,1.055089568089459,2.110179136178918,3.0,2.0,6,5,0.05133816534747382,-0.0202223457020545,0.031645705516004326,0.9683542944839957,0.09493711654801296,0.014895430235309925,-0.01236993127752506,"{'2023-09': -0.01236993127752506, '2023-10': 0.014895430235309925, '2023-11': 0.0, '2023-12': 0.0, '2024-01': 0.011364987906679058, '2024-02': 0.0, '2024-03': 0.0}","{'2023': 0.002341243509424773, '2024': 0.011364987906679058}",978.5864487706751,1034.6560111606752,daily_mark_to_market_equity,L06__TQQQ_SOXL__rsi_5,b,TQQQ_SOXL,L06,rsi_5,stress,0,sha256:acd49d7f6e3e633cb9e24e4f31a698d59c7e8a2578e14056df443689e9c014bb,sensitivity_evaluation,W1,False,L06__TQQQ_SOXL__rsi_5/stress/W1
OK,2024-03-19,2024-09-18,1000.0,968.0755999610503,-31.92440003894967,-31.92440003894967,0.0,-0.031924400038949696,-0.06270500733433049,0.039525436175748774,2024-07-22,2024-07-25,41,0.06407099741297531,-0.972388422102149,-0.27445200961642724,-1.5864469415470681,2576.3791686078503,6.480788898949837,6.440788898949837,0.04,0.0,-31.92440003894978,0.0,4,4,4,1.0,0.33395798286505607,0.33395798286505607,2.75,2.0,5,5,0.014175701647738848,-0.03579443682015715,0.01796083070942282,0.9820391692905772,0.053882492128268455,0.0051400567648371975,-0.034396660327751793,"{'2024-03': 0.0, '2024-04': -0.0025665376292497433, '2024-05': 0.0, '2024-06': 0.0, '2024-07': -0.034396660327751793, '2024-08': 0.0, '2024-09': 0.0051400567648371975}",{'2024': -0.031924400038949696},963.1250823660503,1002.7595926447502,daily_mark_to_market_equity,L06__TQQQ_SOXL__rsi_5,b,TQQQ_SOXL,L06,rsi_5,stress,0,sha256:acd49d7f6e3e633cb9e24e4f31a698d59c7e8a2578e14056df443689e9c014bb,sensitivity_evaluation,W2,False,L06__TQQQ_SOXL__rsi_5/stress/W2
OK,2024-09-19,2025-03-18,1000.0,1012.9505717752252,12.950571775225171,12.950571775225171,0.0,0.012950571775225184,0.0264540168211429,0.020110209571718163,2024-11-21,2025-02-25,66,0.0346273707092862,0.778534065515349,0.2402441912958141,1.3154520705913628,1999.5200971990248,5.0289126147748435,4.998912614774843,0.03,0.0,12.95057177522517,0.0,3,3,3,1.0,0.8579913961866001,1.7159827923732003,2.6666666666666665,3.0,5,4,0.015153167740822315,-0.0156652340011445,0.016316305440231264,0.9836836945597688,0.04894891632069379,0.010245300443250116,-0.003022530079585861,"{'2024-09': 0.0, '2024-10': 0.0, '2024-11': 0.010245300443250116, '2024-12': 0.0, '2025-01': 0.0, '2025-02': -0.003022530079585861, '2025-03': 0.005717647939093684}","{'2024': 0.010245300443250116, '2025': 0.0026778360966275283}",992.15747499105,1012.9505717752252,daily_mark_to_market_equity,L06__TQQQ_SOXL__rsi_5,b,TQQQ_SOXL,L06,rsi_5,stress,0,sha256:acd49d7f6e3e633cb9e24e4f31a698d59c7e8a2578e14056df443689e9c014bb,sensitivity_evaluation,W3,False,L06__TQQQ_SOXL__rsi_5/stress/W3
OK,2025-03-19,2025-09-18,1000.0,1049.8378513466378,49.83785134663776,49.83785134663776,0.0,0.04983785134663776,0.10193984614900731,0.009518006707397664,2025-08-07,2025-08-21,11,0.0424922842666953,2.2924957595132134,4.342360570418356,10.710209530507766,2085.2448840754623,5.243456468362329,5.213456468362328,0.03,0.0,49.83785134663771,0.0,3,3,3,1.0,,,4.0,4.0,7,4,0.016703713993100555,-0.0069927540651057996,0.021039377798662738,0.9789606222013373,0.06311813339598824,0.027706098279187685,0.0,"{'2025-03': 0.0, '2025-04': 0.0, '2025-05': 0.0, '2025-06': 0.0, '2025-07': 0.027706098279187685, '2025-08': 0.02153509948467569, '2025-09': 0.0}",{'2025': 0.049837851346637985},1000.0,1053.6808904329878,daily_mark_to_market_equity,L06__TQQQ_SOXL__rsi_5,b,TQQQ_SOXL,L06,rsi_5,stress,0,sha256:acd49d7f6e3e633cb9e24e4f31a698d59c7e8a2578e14056df443689e9c014bb,sensitivity_evaluation,W4,False,L06__TQQQ_SOXL__rsi_5/stress/W4
OK,2025-09-19,2026-03-18,1000.0,1044.7645539348007,44.76455393480069,44.76455393480069,0.0,0.04476455393480072,0.09292802833326164,0.04044619826149487,2026-02-06,2026-03-06,27,0.08984869252946746,1.0347909401866184,0.63636944363145,2.297571399231604,5603.6055792407005,14.08938178519974,14.00938178519974,0.08,0.0,44.76455393480032,0.0,8,8,8,1.0,1.166352807004947,1.9439213450082449,1.75,1.5,10,6,0.0439880248281459,-0.028743213931577305,0.026811241970888577,0.9731887580291114,0.08043372591266572,0.05945881729117519,-0.03618847977322526,"{'2025-09': 0.0, '2025-10': 0.0, '2025-11': 0.05945881729117519, '2025-12': 0.0014136306033862844, '2026-01': 0.01154337267247918, '2026-02': 0.01005315487821834, '2026-03': -0.03618847977322526}","{'2025': 0.060956500698325256, '2026': -0.015261649985524595}",1000.0,1088.8024746938754,daily_mark_to_market_equity,L06__TQQQ_SOXL__rsi_5,b,TQQQ_SOXL,L06,rsi_5,stress,0,sha256:acd49d7f6e3e633cb9e24e4f31a698d59c7e8a2578e14056df443689e9c014bb,sensitivity_evaluation,W5,False,L06__TQQQ_SOXL__rsi_5/stress/W5
OK,2026-03-19,2026-09-18,1000.0,1032.9552586007,32.95525860070006,32.95525860070006,0.0,0.03295525860070003,0.0668547881274748,0.07336474098084411,2026-04-01,2026-07-29,117,0.15903664964315062,0.4834251559962898,0.19774459712867426,0.9112659192094866,3469.9802625456005,8.725211159299825,8.675211159299824,0.05,0.0,32.955258600700155,0.0,5,5,5,1.0,10.477821603942308,2.619455400985577,2.0,1.0,5,7,0.0684358959026139,-0.06974928159885085,0.020514634800100264,0.9794853651998997,0.06154390440030079,0.03788535190599984,-0.009464295793940147,"{'2026-03': 0.03788535190599984, '2026-04': 0.014856650454872833, '2026-05': 0.0, '2026-06': -0.0038865429614581837, '2026-07': -0.006086740271018187, '2026-08': -0.009464295793940147, '2026-09': 0.0}",{'2026': 0.03295525860070003},976.0294141659501,1053.3048517915,daily_mark_to_market_equity,L06__TQQQ_SOXL__rsi_5,b,TQQQ_SOXL,L06,rsi_5,stress,0,sha256:acd49d7f6e3e633cb9e24e4f31a698d59c7e8a2578e14056df443689e9c014bb,sensitivity_evaluation,W6,False,L06__TQQQ_SOXL__rsi_5/stress/W6
OK,2023-09-19,2024-03-18,1000.0,1017.3875082547702,17.387508254770182,17.387508254770182,0.0,0.01738750825477009,0.0353977722507135,0.17160021697057404,2023-12-27,2024-01-04,55,0.24898930400702693,0.264794371460109,0.19453784052754142,0.2062804632512994,4007.4800751318,4.0474978900798275,4.0074978900798275,0.04,3.6200579448499997,13.767450309920196,0.0,4,4,4,1.0,3.904090352378039,1.3013634507926797,21.75,23.0,27,20,0.05587260499387381,-0.07939189078117936,0.2358053964115401,0.7641946035884599,0.7074161892346204,0.16205509898085024,-0.14998779315190824,"{'2023-09': 0.0, '2023-10': 0.0, '2023-11': 0.0, '2023-12': 0.16205509898085024, '2024-01': -0.14998779315190824, '2024-02': 0.057661839745141164, '2024-03': -0.026159835558329347}","{'2023': 0.16205509898085024, '2024': -0.1244928840749091}",985.2658111343501,1189.3602959808502,daily_mark_to_market_equity,L07__TQQQ_SOXL__contraction_15,b,TQQQ_SOXL,L07,contraction_15,base,0,sha256:acd49d7f6e3e633cb9e24e4f31a698d59c7e8a2578e14056df443689e9c014bb,sensitivity_evaluation,W1,False,L07__TQQQ_SOXL__contraction_15/base/W1
OK,2024-03-19,2024-09-18,1000.0,887.04594089694,-112.95405910305999,-112.95405910305999,0.0,-0.11295405910306,-0.21276288442714997,0.13101491624418005,2024-03-19,2024-07-17,126,0.1674385643519594,-1.3316719657386622,-0.45749557219733333,-1.623959244690975,878.0458691853,0.8879338030599961,0.8779338030599961,0.01,0.0,-112.95405910306006,0.0,1,1,1,,,,7.0,7.0,4,2,0.020783851735474812,-0.1006188287238059,0.018174357173245993,0.981825642826754,0.05452307151973799,0.0,-0.11295405910305978,"{'2024-03': 0.0, '2024-04': 0.0, '2024-05': 0.0, '2024-06': 0.0, '2024-07': -0.11295405910305978, '2024-08': 0.0, '2024-09': 0.0}",{'2024': -0.11295405910305978},868.9850837558199,1000.0,daily_mark_to_market_equity,L07__TQQQ_SOXL__contraction_15,b,TQQQ_SOXL,L07,contraction_15,base,0,sha256:acd49d7f6e3e633cb9e24e4f31a698d59c7e8a2578e14056df443689e9c014bb,sensitivity_evaluation,W2,False,L07__TQQQ_SOXL__contraction_15/base/W2
OK,2024-09-19,2025-03-18,1000.0,727.2140225408205,-272.78597745917955,-272.78597745917955,0.0,-0.27278597745917954,-0.47605024936252216,0.2757088877031797,2024-09-19,2025-02-21,122,0.24523661328537752,-2.5296330526427244,-1.32662375358404,-1.7266409266973803,5969.0325863916205,6.0387658391797885,5.968765839179788,0.07,0.0,-272.7859774591798,0.0,7,7,7,,,,7.714285714285714,9.0,19,19,0.02645105811808035,-0.10709671236096507,0.14617977792753242,0.8538202220724675,0.43853933378259724,0.0,-0.1060308930934335,"{'2024-09': 0.0, '2024-10': -0.07886676273859983, '2024-11': -0.03326458938583943, '2024-12': -0.06307261280959098, '2025-01': -0.1060308930934335, '2025-02': -0.025002011538122537, '2025-03': 0.0}","{'2024': -0.1656735462366994, '2025': -0.12838191901903662}",724.2911122968203,1000.0,daily_mark_to_market_equity,L07__TQQQ_SOXL__contraction_15,b,TQQQ_SOXL,L07,contraction_15,base,0,sha256:acd49d7f6e3e633cb9e24e4f31a698d59c7e8a2578e14056df443689e9c014bb,sensitivity_evaluation,W3,False,L07__TQQQ_SOXL__contraction_15/base/W3
OK,2025-03-19,2025-09-18,1000.0,1030.2500868071843,30.25008680718429,30.25008680718429,0.0,0.030250086807184218,0.06128561056782145,0.11014118456213806,2025-07-28,2025-08-21,37,0.16249536056803623,0.4441130364023822,0.34872308647357286,0.556427741461652,4936.602575252879,4.9756146026798005,4.9356146026798005,0.04,1.4110051298639998,-62.14862771259996,90.98770938992013,6,4,4,1.0,1.3877274439300782,0.4625758146433594,12.5,7.0,22,16,0.0651566975765685,-0.0432793552137094,0.17214861569835266,0.8278513843016473,0.5164458470950579,0.09687145102108086,-0.10233411501684964,"{'2025-03': 0.0, '2025-04': 0.0, '2025-05': 0.0, '2025-06': 0.04234373262530333, '2025-07': 0.003832487576107546, '2025-08': -0.10233411501684964, '2025-09': 0.09687145102108086}",{'2025': 0.03025008680718355},939.262377417264,1055.518427330624,daily_mark_to_market_equity,L07__TQQQ_SOXL__contraction_15,b,TQQQ_SOXL,L07,contraction_15,base,0,sha256:acd49d7f6e3e633cb9e24e4f31a698d59c7e8a2578e14056df443689e9c014bb,sensitivity_evaluation,W4,False,L07__TQQQ_SOXL__contraction_15/base/W4
OK,2025-09-19,2026-03-18,1000.0,919.7459347310601,-80.25406526893994,-80.25406526893994,0.0,-0.08025406526893997,-0.15612899122323887,0.10341146683246305,2025-10-29,2026-02-02,95,0.08079558771084597,-2.06292485031564,-1.0675201692585108,-1.5097841274815635,1860.1028229808198,1.880024448939878,1.860024448939878,0.02,0.0,-80.25406526893993,0.0,2,2,2,,,,8.0,8.0,6,8,0.011409012101000426,-0.030803395854845594,0.047819963414208695,0.9521800365857913,0.1434598902426261,0.009014255811720107,-0.0505799480025414,"{'2025-09': 0.0, '2025-10': 0.009014255811720107, '2025-11': -0.0505799480025414, '2025-12': 0.0, '2026-01': -0.03223676537316, '2026-02': -0.00792831238817493, '2026-03': 0.0}","{'2025': -0.04202163278105975, '2026': -0.039909494615072205}",919.7459347310601,1025.82834902172,daily_mark_to_market_equity,L07__TQQQ_SOXL__contraction_15,b,TQQQ_SOXL,L07,contraction_15,base,0,sha256:acd49d7f6e3e633cb9e24e4f31a698d59c7e8a2578e14056df443689e9c014bb,sensitivity_evaluation,W5,False,L07__TQQQ_SOXL__contraction_15/base/W5
OK,2026-03-19,2026-09-18,1000.0,1510.9501850476202,510.95018504762015,510.95018504762015,0.0,0.5109501850476201,1.2791119625428742,0.09575157011333002,2026-04-24,2026-04-28,5,0.238067619737408,3.5619599341813686,1.7309409630059822,13.358652615606593,1501.9501097323798,1.512462572379884,1.502462572379884,0.01,0.0,510.9501850476201,0.0,1,1,1,1.0,,,27.0,27.0,17,3,0.08620991701304392,-0.07241077289403686,0.08890259748647977,0.9110974025135202,0.2667077924594393,0.45211690593761955,0.0,"{'2026-03': 0.0, '2026-04': 0.45211690593761955, '2026-05': 0.04051552520973645, '2026-06': 0.0, '2026-07': 0.0, '2026-08': 0.0, '2026-09': 0.0}",{'2026': 0.5109501850476199},1000.0,1510.9501850476202,daily_mark_to_market_equity,L07__TQQQ_SOXL__contraction_15,b,TQQQ_SOXL,L07,contraction_15,base,0,sha256:acd49d7f6e3e633cb9e24e4f31a698d59c7e8a2578e14056df443689e9c014bb,sensitivity_evaluation,W6,False,L07__TQQQ_SOXL__contraction_15/base/W6
OK,2023-09-19,2024-03-18,1000.0,1011.3321017516001,11.332101751600135,11.332101751600135,0.0,0.011332101751600154,0.022999585353561836,0.17304419879123367,2023-12-27,2024-01-04,55,0.24915821953879858,0.2165021228207266,0.15883713185875445,0.13291162323973257,3999.84868185885,10.039732653249915,9.999732653249916,0.04,3.6200579448499997,7.712043806750124,0.0,4,4,4,1.0,3.462608753540024,1.1542029178466748,21.75,23.0,28,20,0.055949955152786224,-0.0794934761603141,0.23604903323835988,0.7639509667616401,0.7081470997150798,0.16057009903484998,-0.152072982085807,"{'2023-09': 0.0, '2023-10': 0.0, '2023-11': 0.0, '2023-12': 0.16057009903484998, '2024-01': -0.152072982085807, '2024-02': 0.056871440534342454, '2024-03': -0.027607098622490334}","{'2023': 0.16057009903484998, '2024': -0.12859024836789956}",982.3203671686,1187.8752960348502,daily_mark_to_market_equity,L07__TQQQ_SOXL__contraction_15,b,TQQQ_SOXL,L07,contraction_15,stress,0,sha256:acd49d7f6e3e633cb9e24e4f31a698d59c7e8a2578e14056df443689e9c014bb,sensitivity_evaluation,W1,False,L07__TQQQ_SOXL__contraction_15/stress/W1
OK,2024-03-19,2024-09-18,1000.0,885.7290401923501,-114.27095980764989,-114.27095980764989,0.0,-0.1142709598076499,-0.21509382091547613,0.1317574161904499,2024-03-19,2024-07-17,126,0.1678716353855984,-1.3453089731654673,-0.4705846478663237,-1.6324987779402633,878.21396837325,2.204834507649915,2.194834507649915,0.01,0.0,-114.27095980764999,0.0,1,1,1,,,,7.0,7.0,4,2,0.02014005844550426,-0.10069621091529235,0.018188742078819285,0.9818112579211807,0.05456622623645785,0.0,-0.11427095980765001,"{'2024-03': 0.0, '2024-04': 0.0, '2024-05': 0.0, '2024-06': 0.0, '2024-07': -0.11427095980765001, '2024-08': 0.0, '2024-09': 0.0}",{'2024': -0.11427095980765001},868.2425838095501,1000.0,daily_mark_to_market_equity,L07__TQQQ_SOXL__contraction_15,b,TQQQ_SOXL,L07,contraction_15,stress,0,sha256:acd49d7f6e3e633cb9e24e4f31a698d59c7e8a2578e14056df443689e9c014bb,sensitivity_evaluation,W2,False,L07__TQQQ_SOXL__contraction_15/stress/W2
OK,2024-09-19,2025-03-18,1000.0,719.6329056288753,-280.3670943711247,-280.3670943711247,0.0,-0.2803670943711247,-0.4870743333882527,0.28274154031987475,2024-09-19,2025-02-21,122,0.24618030098736882,-2.605853443841814,-1.3624633124260328,-1.7226840203148415,5944.326283294125,14.929156721124805,14.859156721124805,0.07,0.0,-280.3670943711248,0.0,7,7,7,,,,7.714285714285714,9.0,20,19,0.02647073248471199,-0.10709826735229688,0.14632342665756012,0.8536765733424398,0.43897027997268034,0.0,-0.10735828197659225,"{'2024-09': 0.0, '2024-10': -0.08172134694649968, '2024-11': -0.03470118187800619, '2024-12': -0.06580013624795877, '2025-01': -0.10735828197659225, '2025-02': -0.026451098738985435, '2025-03': 0.0}","{'2024': -0.17191281731404962, '2025': -0.13096963619856705}",717.2584596801253,1000.0,daily_mark_to_market_equity,L07__TQQQ_SOXL__contraction_15,b,TQQQ_SOXL,L07,contraction_15,stress,0,sha256:acd49d7f6e3e633cb9e24e4f31a698d59c7e8a2578e14056df443689e9c014bb,sensitivity_evaluation,W3,False,L07__TQQQ_SOXL__contraction_15/stress/W3
OK,2025-03-19,2025-09-18,1000.0,1022.6603445820142,22.660344582014204,22.660344582014204,0.0,0.022660344582014158,0.04573814201069348,0.11366761227825029,2025-07-10,2025-08-21,49,0.16269454024949392,0.35356880004076546,0.27799348939953994,0.4023849986285429,4924.4730404686,12.345044847849698,12.305044847849699,0.04,1.4110051298639998,-67.80411060607487,89.05345005822514,6,4,4,1.0,1.3010792911255575,0.43369309704185255,12.5,7.0,21,17,0.06525079433805381,-0.04332751390334888,0.17231850530555895,0.8276814946944411,0.5169555159166769,0.09538645288566472,-0.10574249279419778,"{'2025-03': 0.0, '2025-04': 0.0, '2025-05': 0.0, '2025-06': 0.04160123270846383, '2025-07': 0.0023051696267979427, '2025-08': -0.10574249279419778, '2025-09': 0.09538645288566472}",{'2025': 0.022660344582013936},933.6068945237892,1053.337221404664,daily_mark_to_market_equity,L07__TQQQ_SOXL__contraction_15,b,TQQQ_SOXL,L07,contraction_15,stress,0,sha256:acd49d7f6e3e633cb9e24e4f31a698d59c7e8a2578e14056df443689e9c014bb,sensitivity_evaluation,W4,False,L07__TQQQ_SOXL__contraction_15/stress/W4
OK,2025-09-19,2026-03-18,1000.0,917.0147202763001,-82.98527972369993,-82.98527972369993,0.0,-0.08298527972369996,-0.16120611311906397,0.1054264175671561,2025-10-29,2026-02-02,95,0.08109722420418743,-2.1294233061633374,-1.1366587022842614,-1.5290865120820072,1858.8665339872,4.6666768436999355,4.646676843699936,0.02,0.0,-82.98527972369999,0.0,2,2,2,,,,8.0,8.0,6,8,0.011417424253585384,-0.030825925209391758,0.04785557940847386,0.9521444205915262,0.1435667382254216,0.008271755829300176,-0.05129251536894741,"{'2025-09': 0.0, '2025-10': 0.008271755829300176, '2025-11': -0.05129251536894741, '2025-12': 0.0, '2026-01': -0.03297926609670643, '2026-02': -0.008641823921781255, '2026-03': 0.0}","{'2025': -0.04344503870264993, '2026': -0.041336089007810384}",917.0147202763001,1025.0858490393,daily_mark_to_market_equity,L07__TQQQ_SOXL__contraction_15,b,TQQQ_SOXL,L07,contraction_15,stress,0,sha256:acd49d7f6e3e633cb9e24e4f31a698d59c7e8a2578e14056df443689e9c014bb,sensitivity_evaluation,W5,False,L07__TQQQ_SOXL__contraction_15/stress/W5
OK,2026-03-19,2026-09-18,1000.0,1508.69649118905,508.69649118905,508.69649118905,0.0,0.5086964911890499,1.2723320063730732,0.09580021988791965,2026-04-24,2026-04-28,5,0.23788202988954335,3.55206901092845,1.7238811686263258,13.281096931318354,1501.18141576095,3.7661564309500277,3.756156430950028,0.01,0.0,508.69649118905,0.0,1,1,1,1.0,,,27.0,27.0,17,3,0.08625749706830477,-0.07244851374948591,0.08895518419156521,0.9110448158084348,0.26686555257469563,0.4513744059940499,0.0,"{'2026-03': 0.0, '2026-04': 0.4513744059940499, '2026-05': 0.03949503653796316, '2026-06': 0.0, '2026-07': 0.0, '2026-08': 0.0, '2026-09': 0.0}",{'2026': 0.5086964911890495},1000.0,1508.69649118905,daily_mark_to_market_equity,L07__TQQQ_SOXL__contraction_15,b,TQQQ_SOXL,L07,contraction_15,stress,0,sha256:acd49d7f6e3e633cb9e24e4f31a698d59c7e8a2578e14056df443689e9c014bb,sensitivity_evaluation,W6,False,L07__TQQQ_SOXL__contraction_15/stress/W6
OK,2023-09-19,2024-03-18,1000.0,1047.2309339652002,47.230933965200165,47.230933965200165,0.0,0.04723093396520017,0.09760178090177951,0.17160021697057404,2023-12-27,2024-01-04,48,0.35417002838566847,0.4397073861710138,0.39760046734191923,0.5687742278234779,5091.46349726173,5.141512249649767,5.091512249649767,0.05,3.6200579448499997,43.61087602035029,0.0,5,5,5,1.0,2.9165307848498356,1.944353856566557,22.2,23.0,31,22,0.07597815463838331,-0.08405314047549595,0.30084357748440427,0.6991564225155957,0.9025307324532124,0.16205509898085024,-0.14998779315190824,"{'2023-09': 0.0, '2023-10': 0.0, '2023-11': 0.0, '2023-12': 0.16205509898085024, '2024-01': -0.14998779315190824, '2024-02': 0.0658350178570839, '2024-03': -0.005280585906713875}","{'2023': 0.16205509898085024, '2024': -0.09881129140636569}",985.2658111343501,1203.0793632211803,daily_mark_to_market_equity,L07__TQQQ_SOXL__contraction_25,b,TQQQ_SOXL,L07,contraction_25,base,0,sha256:acd49d7f6e3e633cb9e24e4f31a698d59c7e8a2578e14056df443689e9c014bb,sensitivity_evaluation,W1,False,L07__TQQQ_SOXL__contraction_25/base/W1
OK,2024-03-19,2024-09-18,1000.0,844.60552890796,-155.39447109204002,-155.39447109204002,0.0,-0.15539447109204008,-0.28614757564106486,0.20602335029286623,2024-06-18,2024-07-17,63,0.19304517489800632,-1.634281937771887,-0.5907318784688104,-1.3889084670951155,1777.96077187324,1.7978059435999385,1.7778059435999385,0.02,1.2316080915600003,-156.62607918360004,0.0,2,2,2,,,,9.5,9.5,8,6,0.021183040931968433,-0.10061882784640697,0.04544215867491237,0.9545578413250876,0.13632647602473713,0.0,-0.11295456063350495,"{'2024-03': 0.0, '2024-04': 0.0, '2024-05': 0.0, '2024-06': -0.04784412226823964, '2024-07': -0.11295456063350495, '2024-08': 0.0, '2024-09': 0.0}",{'2024': -0.15539447109203985},827.4092562103599,1042.10779563298,daily_mark_to_market_equity,L07__TQQQ_SOXL__contraction_25,b,TQQQ_SOXL,L07,contraction_25,base,0,sha256:acd49d7f6e3e633cb9e24e4f31a698d59c7e8a2578e14056df443689e9c014bb,sensitivity_evaluation,W2,False,L07__TQQQ_SOXL__contraction_25/base/W2
OK,2024-09-19,2025-03-18,1000.0,600.7618686685105,-399.2381313314895,-399.2381313314895,0.0,-0.39923813133148955,-0.6444094552234818,0.4016510574959896,2024-09-19,2025-02-21,122,0.3350971358938162,-2.9295559240360176,-1.5558642488368282,-1.6044012413185693,7196.8453931678905,7.286453441489727,7.196453441489727,0.09,0.0,-399.23813133148974,0.0,9,9,9,,,,7.222222222222222,6.0,22,22,0.02645105811808035,-0.15662151998847784,0.17446513810595898,0.825534861894041,0.523395414317877,0.0,-0.26147724038795894,"{'2024-09': 0.0, '2024-10': -0.07886676273859983, '2024-11': -0.03326458938583943, '2024-12': -0.06307261280959098, '2025-01': -0.26147724038795894, '2025-02': -0.025004835532884573, '2025-03': 0.0}","{'2024': -0.1656735462366994, '2025': -0.27994388052934993}",598.3489425040104,1000.0,daily_mark_to_market_equity,L07__TQQQ_SOXL__contraction_25,b,TQQQ_SOXL,L07,contraction_25,base,0,sha256:acd49d7f6e3e633cb9e24e4f31a698d59c7e8a2578e14056df443689e9c014bb,sensitivity_evaluation,W3,False,L07__TQQQ_SOXL__contraction_25/base/W3
OK,2025-03-19,2025-09-18,1000.0,1166.0080460147565,166.00804601475647,166.00804601475647,0.0,0.16600804601475638,0.35871924726728244,0.11013796733683856,2025-07-28,2025-08-21,37,0.2554408629498994,1.3188003124699919,1.2503034041579562,3.256998979926691,6595.84503241204,6.644858203679704,6.5948582036797045,0.05,3.0515882584359995,59.979128394640085,102.97732936168015,7,5,5,1.0,2.187436375597806,1.458290917065204,15.8,7.0,24,15,0.07995078597685468,-0.05725208016981764,0.24638566780169308,0.7536143321983069,0.7391570034050794,0.14565637449873536,-0.10233087019753861,"{'2025-03': 0.0, '2025-04': 0.0, '2025-05': 0.0, '2025-06': 0.14565637449873536, '2025-07': 0.03365389992760215, '2025-08': -0.10233087019753861, '2025-09': 0.09687145229998806}",{'2025': 0.16600804601475527},955.2563772903,1194.6017221025363,daily_mark_to_market_equity,L07__TQQQ_SOXL__contraction_25,b,TQQQ_SOXL,L07,contraction_25,base,0,sha256:acd49d7f6e3e633cb9e24e4f31a698d59c7e8a2578e14056df443689e9c014bb,sensitivity_evaluation,W4,False,L07__TQQQ_SOXL__contraction_25/base/W4
OK,2025-09-19,2026-03-18,1000.0,809.375555399764,-190.62444460023596,-190.62444460023596,0.0,-0.19062444460023598,-0.34893970347286607,0.19062444460023598,2025-09-19,2026-03-02,123,0.13820692111383176,-3.0372457140960507,-1.7600114183903774,-1.8305086958004657,3561.063507804116,3.600876484235788,3.560876484235788,0.04,0.0,-190.62444460023588,0.0,4,4,4,,,,6.0,4.5,7,13,0.02348499723154651,-0.051864793576716695,0.06313977695462053,0.9368602230453795,0.1894193308638616,0.0,-0.06552634152488668,"{'2025-09': 0.0, '2025-10': -0.02323147522141622, '2025-11': -0.05058026820765893, '2025-12': 0.0, '2026-01': -0.03223676596264591, '2026-02': -0.06552634152488668, '2026-03': -0.03491849867051855}","{'2025': -0.07263668918151633, '2026': -0.12722926822992897}",809.375555399764,1000.0,daily_mark_to_market_equity,L07__TQQQ_SOXL__contraction_25,b,TQQQ_SOXL,L07,contraction_25,base,0,sha256:acd49d7f6e3e633cb9e24e4f31a698d59c7e8a2578e14056df443689e9c014bb,sensitivity_evaluation,W5,False,L07__TQQQ_SOXL__contraction_25/base/W5
OK,2026-03-19,2026-09-18,1000.0,1510.9501850476202,510.95018504762015,510.95018504762015,0.0,0.5109501850476201,1.2791119625428742,0.09575157011333002,2026-04-24,2026-04-28,5,0.238067619737408,3.5619599341813686,1.7309409630059822,13.358652615606593,1501.9501097323798,1.512462572379884,1.502462572379884,0.01,0.0,510.9501850476201,0.0,1,1,1,1.0,,,27.0,27.0,17,3,0.08620991701304392,-0.07241077289403686,0.08890259748647977,0.9110974025135202,0.2667077924594393,0.45211690593761955,0.0,"{'2026-03': 0.0, '2026-04': 0.45211690593761955, '2026-05': 0.04051552520973645, '2026-06': 0.0, '2026-07': 0.0, '2026-08': 0.0, '2026-09': 0.0}",{'2026': 0.5109501850476199},1000.0,1510.9501850476202,daily_mark_to_market_equity,L07__TQQQ_SOXL__contraction_25,b,TQQQ_SOXL,L07,contraction_25,base,0,sha256:acd49d7f6e3e633cb9e24e4f31a698d59c7e8a2578e14056df443689e9c014bb,sensitivity_evaluation,W6,False,L07__TQQQ_SOXL__contraction_25/base/W6
OK,2023-09-19,2024-03-18,1000.0,1039.5099313306503,39.50993133065026,39.50993133065026,0.0,0.03950993133065017,0.0813330014234026,0.17304419879123367,2023-12-27,2024-01-04,48,0.354148996315551,0.39760110060755116,0.35913254648714804,0.47001287527428454,5075.907630813999,12.740073014199856,12.690073014199855,0.05,3.6200579448499997,35.889873385800215,0.0,5,5,5,1.0,2.567143958953793,1.7114293059691952,22.2,23.0,32,22,0.07602001813667658,-0.08410524724069635,0.3010754482164639,0.6989245517835361,0.9032263446493917,0.16057009903484998,-0.152072982085807,"{'2023-09': 0.0, '2023-10': 0.0, '2023-11': 0.0, '2023-12': 0.16057009903484998, '2024-01': -0.152072982085807, '2024-02': 0.06425378365417145, '2024-03': -0.0074472677784730434}","{'2023': 0.16057009903484998, '2024': -0.10431094839068755}",982.3203671686,1196.1509575269502,daily_mark_to_market_equity,L07__TQQQ_SOXL__contraction_25,b,TQQQ_SOXL,L07,contraction_25,stress,0,sha256:acd49d7f6e3e633cb9e24e4f31a698d59c7e8a2578e14056df443689e9c014bb,sensitivity_evaluation,W1,False,L07__TQQQ_SOXL__contraction_25/stress/W1
OK,2024-03-19,2024-09-18,1000.0,842.100246477885,-157.89975352211502,-157.89975352211502,0.0,-0.15789975352211505,-0.29036753631351175,0.20731407599280804,2024-06-18,2024-07-17,63,0.19331973273196393,-1.6621010574907067,-0.6001549370134391,-1.40061660031027,1776.952284338975,4.4614140236748625,4.441414023674863,0.02,1.2316080915600003,-159.13136161367495,0.0,2,2,2,,,,9.5,9.5,8,6,0.021198784930546832,-0.10069621293366815,0.04547681916851209,0.9545231808314879,0.13643045750553626,0.0,-0.11427148010764931,"{'2024-03': 0.0, '2024-04': 0.0, '2024-05': 0.0, '2024-06': -0.04925693644794016, '2024-07': -0.11427148010764931, '2024-08': 0.0, '2024-09': 0.0}",{'2024': -0.15789975352211505},825.475611613285,1041.36529565245,daily_mark_to_market_equity,L07__TQQQ_SOXL__contraction_25,b,TQQQ_SOXL,L07,contraction_25,stress,0,sha256:acd49d7f6e3e633cb9e24e4f31a698d59c7e8a2578e14056df443689e9c014bb,sensitivity_evaluation,W2,False,L07__TQQQ_SOXL__contraction_25/stress/W2
OK,2024-09-19,2025-03-18,1000.0,592.5632397771005,-407.43676022289947,-407.43676022289947,0.0,-0.40743676022289943,-0.6541873777030285,0.4093901771216495,2024-09-19,2025-02-21,122,0.33570409026323283,-3.007044891752315,-1.5794255964891413,-1.597955726008145,7158.891623073099,17.98479498289974,17.89479498289974,0.09,0.0,-407.4367602228997,0.0,9,9,9,,,,7.222222222222222,6.0,24,21,0.02647073248471199,-0.1568287793478942,0.17464108842629286,0.8253589115737071,0.5239232652788787,0.0,-0.2649749028804739,"{'2024-09': 0.0, '2024-10': -0.08172134694649968, '2024-11': -0.03470118187800619, '2024-12': -0.06580013624795877, '2025-01': -0.2649749028804739, '2025-02': -0.026454003029542594, '2025-03': 0.0}","{'2024': -0.17191281731404962, '2025': -0.2844192590264638}",590.6098228783505,1000.0,daily_mark_to_market_equity,L07__TQQQ_SOXL__contraction_25,b,TQQQ_SOXL,L07,contraction_25,stress,0,sha256:acd49d7f6e3e633cb9e24e4f31a698d59c7e8a2578e14056df443689e9c014bb,sensitivity_evaluation,W3,False,L07__TQQQ_SOXL__contraction_25/stress/W3
OK,2025-03-19,2025-09-18,1000.0,1155.7925004322,155.7925004322001,155.7925004322001,0.0,0.15579250043220005,0.335063860366829,0.11366443116532365,2025-07-10,2025-08-21,49,0.2555126807694894,1.2500812034059223,1.1713459047642858,2.947833873197169,6572.598649145299,16.475380173599653,16.425380173599653,0.05,3.0473275058,52.098552097825156,100.64662082857514,7,5,5,1.0,2.077534590334365,1.38502306022291,15.8,7.0,23,16,0.0800008558530323,-0.05728050207466251,0.2465006003029038,0.7534993996970962,0.7395018009087114,0.14403225158764998,-0.10573928371519548,"{'2025-03': 0.0, '2025-04': 0.0, '2025-05': 0.0, '2025-06': 0.14403225158764998, '2025-07': 0.03135953082676379, '2025-08': -0.10573928371519548, '2025-09': 0.09538645108142196}",{'2025': 0.15579250043219983},953.8349928518501,1190.458689354975,daily_mark_to_market_equity,L07__TQQQ_SOXL__contraction_25,b,TQQQ_SOXL,L07,contraction_25,stress,0,sha256:acd49d7f6e3e633cb9e24e4f31a698d59c7e8a2578e14056df443689e9c014bb,sensitivity_evaluation,W4,False,L07__TQQQ_SOXL__contraction_25/stress/W4
OK,2025-09-19,2026-03-18,1000.0,804.57627543991,-195.42372456009002,-195.42372456009002,0.0,-0.19542372456009005,-0.35674946602818125,0.19542372456009005,2025-09-19,2026-03-02,123,0.13888013819294948,-3.108696385612029,-1.8231372150918315,-1.8255176889666014,3553.7918686622897,8.923314044089844,8.883314044089845,0.04,0.0,-195.4237245600899,0.0,4,4,4,,,,6.0,4.5,7,13,0.022766989988369568,-0.05190342581146934,0.06318723281911319,0.9368127671808868,0.18956169845733958,0.0,-0.06693453048745368,"{'2025-09': 0.0, '2025-10': -0.02540066279614006, '2025-11': -0.05129284887241137, '2025-12': 0.0, '2026-01': -0.032979264843004064, '2026-02': -0.06693453048745368, '2026-03': -0.035591493302674415}","{'2025': -0.07539063931049006, '2026': -0.12982032234682084}",804.57627543991,1000.0,daily_mark_to_market_equity,L07__TQQQ_SOXL__contraction_25,b,TQQQ_SOXL,L07,contraction_25,stress,0,sha256:acd49d7f6e3e633cb9e24e4f31a698d59c7e8a2578e14056df443689e9c014bb,sensitivity_evaluation,W5,False,L07__TQQQ_SOXL__contraction_25/stress/W5
OK,2026-03-19,2026-09-18,1000.0,1508.69649118905,508.69649118905,508.69649118905,0.0,0.5086964911890499,1.2723320063730732,0.09580021988791965,2026-04-24,2026-04-28,5,0.23788202988954335,3.55206901092845,1.7238811686263258,13.281096931318354,1501.18141576095,3.7661564309500277,3.756156430950028,0.01,0.0,508.69649118905,0.0,1,1,1,1.0,,,27.0,27.0,17,3,0.08625749706830477,-0.07244851374948591,0.08895518419156521,0.9110448158084348,0.26686555257469563,0.4513744059940499,0.0,"{'2026-03': 0.0, '2026-04': 0.4513744059940499, '2026-05': 0.03949503653796316, '2026-06': 0.0, '2026-07': 0.0, '2026-08': 0.0, '2026-09': 0.0}",{'2026': 0.5086964911890495},1000.0,1508.69649118905,daily_mark_to_market_equity,L07__TQQQ_SOXL__contraction_25,b,TQQQ_SOXL,L07,contraction_25,stress,0,sha256:acd49d7f6e3e633cb9e24e4f31a698d59c7e8a2578e14056df443689e9c014bb,sensitivity_evaluation,W6,False,L07__TQQQ_SOXL__contraction_25/stress/W6
OK,2023-09-19,2024-03-18,1000.0,1329.4699662069656,329.46996620696564,329.46996620696564,0.0,0.32946996620696556,0.7765515281177684,0.11349105599059783,2024-03-07,2024-03-18,7,0.3489045981857685,1.8191800188902172,2.6610459260828128,6.842402877827675,9219.934558970795,9.339734636374631,9.219734636374632,0.11999999999999998,4.116376838340001,228.5265535964577,96.82703577216806,15,12,12,1.0,1.723760902931216,3.447521805862432,27.333333333333332,28.5,58,44,0.07999405245288349,-0.05925319258166506,0.4476354739617826,0.5523645260382174,1.3429064218853477,0.16621602669028235,-0.06707813025681963,"{'2023-09': -0.06707813025681963, '2023-10': -0.007908277886910176, '2023-11': 0.103086341568013, '2023-12': 0.09661075609924863, '2024-01': 0.010107398873472118, '2024-02': 0.16621602669028235, '2024-03': 0.008028624111994676}","{'2023': 0.11959025193419603, '2024': 0.18746118404495205}",920.6094838207151,1499.6689826886457,daily_mark_to_market_equity,L08__TQQQ_SOXL__vol_target_40,b,TQQQ_SOXL,L08,vol_target_40,base,0,sha256:acd49d7f6e3e633cb9e24e4f31a698d59c7e8a2578e14056df443689e9c014bb,sensitivity_evaluation,W1,False,L08__TQQQ_SOXL__vol_target_40/base/W1
OK,2024-03-19,2024-09-18,1000.0,670.0138167575592,-329.9861832424408,-329.9861832424408,0.0,-0.3299861832424408,-0.5503441077292084,0.4103799653840734,2024-07-10,2024-09-18,49,0.42545975571904043,-1.6478804434084653,-1.7275111736376831,-1.3410598814543564,10156.28770746008,10.27558704795938,10.155587047959381,0.12,6.393618605519,-324.1208505191594,-12.258951328799922,17,12,12,1.0,0.32625059006209045,0.4567508260869267,24.5,14.0,63,51,0.07089445185815602,-0.12890455857820182,0.44211839630004096,0.557881603699959,1.326355188900123,0.11277508724647411,-0.24493035214238656,"{'2024-03': 0.04399918215824994, '2024-04': -0.18246839029260264, '2024-05': 0.11277508724647411, '2024-06': 0.07540350002663132, '2024-07': -0.05067524736489093, '2024-08': -0.24493035214238656, '2024-09': -0.08483713515365143}",{'2024': -0.3299861832424418},670.0138167575592,1136.348457348469,daily_mark_to_market_equity,L08__TQQQ_SOXL__vol_target_40,b,TQQQ_SOXL,L08,vol_target_40,base,0,sha256:acd49d7f6e3e633cb9e24e4f31a698d59c7e8a2578e14056df443689e9c014bb,sensitivity_evaluation,W2,False,L08__TQQQ_SOXL__vol_target_40/base/W2
OK,2024-09-19,2025-03-18,1000.0,1011.732126378971,11.732126378970975,11.732126378970975,0.0,0.01173212637897092,0.023950179331653665,0.18384988143989234,2024-12-16,2025-02-28,61,0.36538748323768316,0.24899913290208625,0.2889532908638418,0.1302703006609439,1928.6285109586697,2.018637196909866,1.9286371969098661,0.08999999999999998,5.064812245881001,6.667314133089789,0.0,12,9,9,1.0,0.15413991831075816,1.2331193464860652,105.44444444444444,105.0,60,48,0.05983930992542752,-0.09626263061444562,0.6213061608475281,0.3786938391524719,1.8639184825425843,0.11001046837693806,-0.10084229987626969,"{'2024-09': 0.010708653224948073, '2024-10': -0.03133036395155031, '2024-11': 0.11001046837693806, '2024-12': -0.0013481762858581492, '2025-01': 0.03678051937650273, '2025-02': -0.10084229987626969, '2025-03': 0.0}","{'2024': 0.08528261088942224, '2025': -0.06777081266433738}",979.0427832704281,1239.6397468690182,daily_mark_to_market_equity,L08__TQQQ_SOXL__vol_target_40,b,TQQQ_SOXL,L08,vol_target_40,base,0,sha256:acd49d7f6e3e633cb9e24e4f31a698d59c7e8a2578e14056df443689e9c014bb,sensitivity_evaluation,W3,False,L08__TQQQ_SOXL__vol_target_40/base/W3
OK,2025-03-19,2025-09-18,1000.0,1208.2901176427704,208.29011764277038,208.29011764277038,0.0,0.20829011764277028,0.4588333386877921,0.07543765910135769,2025-07-28,2025-08-01,9,0.20026770508924213,1.9753014453979905,1.9328682266638595,6.082284950959384,6764.454623326139,6.8639895847996035,6.763989584799604,0.09999999999999999,0.7375312475699999,141.31035944009017,66.24222695511016,11,10,10,1.0,0.9158472645824778,3.663389058329911,23.2,18.0,56,32,0.05595490838695327,-0.055577053196168236,0.31239888246093805,0.687601117539062,0.9371966473828137,0.09765110339066618,0.0,"{'2025-03': 0.0, '2025-04': 0.0, '2025-05': 0.016417604310819733, '2025-06': 0.0673967505386508, '2025-07': 0.0029660131380999655, '2025-08': 0.011632175411454115, '2025-09': 0.09765110339066618}",{'2025': 0.2082901176427694},998.53628559082,1208.2901176427704,daily_mark_to_market_equity,L08__TQQQ_SOXL__vol_target_40,b,TQQQ_SOXL,L08,vol_target_40,base,0,sha256:acd49d7f6e3e633cb9e24e4f31a698d59c7e8a2578e14056df443689e9c014bb,sensitivity_evaluation,W4,False,L08__TQQQ_SOXL__vol_target_40/base/W4
OK,2025-09-19,2026-03-18,1000.0,1161.9437093474053,161.94370934740527,161.94370934740527,0.0,0.1619437093474052,0.35603659501263607,0.18338011417539613,2025-10-29,2025-12-17,56,0.4348313198174345,0.9198773330000799,1.1368011248582002,1.941522376150887,5337.455026263186,5.497622467594714,5.337622467594714,0.16000000000000003,0.0,161.94370934740544,2.0883718285356638e-14,11,16,16,1.0,1.101746292638935,4.774233934768719,74.1875,73.5,60,49,0.08291331621467579,-0.11898113790951814,0.39357507617553517,0.6064249238244648,1.1807252285266057,0.19599556270522367,-0.10732564680454704,"{'2025-09': 0.0022816099473050855, '2025-10': 0.19599556270522367, '2025-11': -0.10732564680454704, '2025-12': -0.01754521163465894, '2026-01': 0.15520507933962624, '2026-02': 0.0054330216421816235, '2026-03': -0.04841433071775747}","{'2025': 0.05129587777821509, '2026': 0.10524899213248151}",983.2570224202001,1290.7457597536202,daily_mark_to_market_equity,L08__TQQQ_SOXL__vol_target_40,b,TQQQ_SOXL,L08,vol_target_40,base,0,sha256:acd49d7f6e3e633cb9e24e4f31a698d59c7e8a2578e14056df443689e9c014bb,sensitivity_evaluation,W5,False,L08__TQQQ_SOXL__vol_target_40/base/W5
OK,2026-03-19,2026-09-18,1000.0,1428.7485009540378,428.7485009540378,428.7485009540378,0.0,0.4287485009540377,1.0383394541709485,0.22980325467550788,2026-06-22,2026-07-29,62,0.43208897293255333,1.856022072185526,2.5670409937753544,4.518384457335596,7994.198949949853,8.16463586296255,7.994635862962549,0.17000000000000004,0.0,428.7485116132123,-1.0659174799034819e-05,13,17,17,1.0,0.8613337024013525,2.7993345328043957,43.35294117647059,35.0,72,48,0.07068692410749122,-0.09796225255237079,0.3504246598835967,0.6495753401164033,1.0512739796507902,0.3787481710787952,-0.18091183939869293,"{'2026-03': -0.028773467625399896, '2026-04': 0.3787481710787952, '2026-05': 0.2639571918409369, '2026-06': 0.04968318097735591, '2026-07': -0.18091183939869293, '2026-08': 0.004505316321079311, '2026-09': -0.02258993208259219}",{'2026': 0.42874850095403794},962.08753650986,1833.5665418732451,daily_mark_to_market_equity,L08__TQQQ_SOXL__vol_target_40,b,TQQQ_SOXL,L08,vol_target_40,base,0,sha256:acd49d7f6e3e633cb9e24e4f31a698d59c7e8a2578e14056df443689e9c014bb,sensitivity_evaluation,W6,False,L08__TQQQ_SOXL__vol_target_40/base/W6
OK,2023-09-19,2024-03-18,1000.0,1311.8106637155383,311.81066371553834,311.81066371553834,0.0,0.31181066371553845,0.7292539842365999,0.11356211007637118,2024-03-07,2024-03-18,7,0.34894205536404144,1.7415816215817266,2.5448149282728956,6.421631156256011,9160.79061136896,23.020746348361957,22.900746348361956,0.11999999999999998,4.106280168900001,212.7905361074045,94.91384743923389,15,12,12,1.0,1.5639469002646142,3.1278938005292285,41.333333333333336,31.5,57,45,0.07999715271622598,-0.05925706775743356,0.44775126127860604,0.5522487387213939,1.3432537838358183,0.16595636275795345,-0.06944049826677967,"{'2023-09': -0.06944049826677967, '2023-10': -0.010874315813970137, '2023-11': 0.1017446389333223, '2023-12': 0.09437888335344025, '2024-01': 0.005843599550340084, '2024-02': 0.16595636275795345, '2024-03': 0.00789229676729275}","{'2023': 0.10979886808351247, '2024': 0.18202559170102295}",916.4429835624328,1479.8675447284384,daily_mark_to_market_equity,L08__TQQQ_SOXL__vol_target_40,b,TQQQ_SOXL,L08,vol_target_40,stress,0,sha256:acd49d7f6e3e633cb9e24e4f31a698d59c7e8a2578e14056df443689e9c014bb,sensitivity_evaluation,W1,False,L08__TQQQ_SOXL__vol_target_40/stress/W1
OK,2024-03-19,2024-09-18,1000.0,659.5598269445989,-340.44017305540115,-340.44017305540115,0.0,-0.3404401730554012,-0.5642382039582678,0.4142359762839899,2024-07-10,2024-09-18,49,0.42602193174153485,-1.7180675833844408,-1.8069565900098556,-1.3621178175297843,10087.072198479975,25.333364818274323,25.21336481827432,0.12,6.371184752873001,-334.1621349535012,-12.649222854773424,16,12,12,1.0,0.3154893245164804,0.4416850543230725,29.166666666666668,17.5,67,54,0.07092602014660376,-0.12997398966132534,0.44206194249080916,0.5579380575091908,1.3261858274724274,0.11271632093493666,-0.24662722917103186,"{'2024-03': 0.042881510886420005, '2024-04': -0.186059888321922, '2024-05': 0.11271632093493666, '2024-06': 0.07365596112846862, '2024-07': -0.054999777774642045, '2024-08': -0.24662722917103186, '2024-09': -0.08644363455317994}",{'2024': -0.340440173055401},659.5598269445989,1125.9821365614737,daily_mark_to_market_equity,L08__TQQQ_SOXL__vol_target_40,b,TQQQ_SOXL,L08,vol_target_40,stress,0,sha256:acd49d7f6e3e633cb9e24e4f31a698d59c7e8a2578e14056df443689e9c014bb,sensitivity_evaluation,W2,False,L08__TQQQ_SOXL__vol_target_40/stress/W2
OK,2024-09-19,2025-03-18,1000.0,1008.9116933349745,8.91169333497453,8.91169333497453,0.0,0.008911693334974435,0.01816624483638951,0.18504346287241746,2024-12-16,2025-03-13,61,0.36534927641339116,0.23332970068404915,0.27339090234873076,0.09817285384955562,1925.9344884048376,4.9048909462872965,4.814890946287297,0.08999999999999998,5.060480306262001,3.8512274946453573,-1.4465932725397111e-05,12,9,9,1.0,0.14069094448420347,1.1255275558736277,105.44444444444444,105.0,65,55,0.059844115390103036,-0.09626445310473186,0.6213717743925908,0.37862822560740916,1.8641153231777725,0.10985129962446072,-0.10187428174064517,"{'2024-09': 0.009872258480708052, '2024-10': -0.0315177640695089, '2024-11': 0.10985129962446072, '2024-12': -0.0017112075045528918, '2025-01': 0.036661422806946176, '2025-02': -0.10187428174064517, '2025-03': -1.48774169650423e-08}","{'2024': 0.08362518910405026, '2025': -0.06894772890139977}",978.0433428975705,1237.9944760870455,daily_mark_to_market_equity,L08__TQQQ_SOXL__vol_target_40,b,TQQQ_SOXL,L08,vol_target_40,stress,0,sha256:acd49d7f6e3e633cb9e24e4f31a698d59c7e8a2578e14056df443689e9c014bb,sensitivity_evaluation,W3,False,L08__TQQQ_SOXL__vol_target_40/stress/W3
OK,2025-03-19,2025-09-18,1000.0,1197.1771106277006,197.17711062770059,197.17711062770059,0.0,0.1971771106277005,0.4321763183942673,0.07594782165289438,2025-07-28,2025-08-01,9,0.20052508686965131,1.8814599282795297,1.8404116900090364,5.690437315891034,6736.158566571701,16.9375187230995,16.8375187230995,0.09999999999999999,0.7365302308000001,131.66007131777508,64.78050907912508,11,10,10,1.0,0.850674285233573,3.402697140934292,32.9,18.0,56,32,0.05600784229355438,-0.055606031365412645,0.3124313662079191,0.6875686337920809,0.9372940986237573,0.0943424657143841,0.0,"{'2025-03': 0.0, '2025-04': 0.0, '2025-05': 0.015901479621849735, '2025-06': 0.06646198324367325, '2025-07': 0.0006715798938097262, '2025-08': 0.009059128430439323, '2025-09': 0.0943424657143841}",{'2025': 0.19717711062769983},998.0289045818499,1197.1771106277006,daily_mark_to_market_equity,L08__TQQQ_SOXL__vol_target_40,b,TQQQ_SOXL,L08,vol_target_40,stress,0,sha256:acd49d7f6e3e633cb9e24e4f31a698d59c7e8a2578e14056df443689e9c014bb,sensitivity_evaluation,W4,False,L08__TQQQ_SOXL__vol_target_40/stress/W4
OK,2025-09-19,2026-03-18,1000.0,1153.1164823193255,153.11648231932554,153.11648231932554,0.0,0.15311648231932562,0.3352143590281824,0.1877855561568339,2025-10-29,2025-12-17,56,0.4351104251578574,0.8839098576633214,1.0923290582262997,1.7850912811857564,5318.664072811024,13.457701270674576,13.297701270674576,0.16000000000000003,0.0,153.11648231932557,6.892709183707644e-15,11,16,16,1.0,1.4551237369223229,4.365371210766968,39.1875,35.0,59,49,0.08292556664091899,-0.11899662545533918,0.39361109879351097,0.606388901206489,1.180833296380533,0.1955045612055979,-0.11051062796978472,"{'2025-09': 0.0012633394050625135, '2025-10': 0.1955045612055979, '2025-11': -0.11051062796978472, '2025-12': -0.01939066618602414, '2026-01': 0.15506251567701712, '2026-02': 0.005358839381944369, '2026-03': -0.048934888723553005}","{'2025': 0.044086158910400464, '2026': 0.10442655759626995}",982.2719744005001,1281.6432074260629,daily_mark_to_market_equity,L08__TQQQ_SOXL__vol_target_40,b,TQQQ_SOXL,L08,vol_target_40,stress,0,sha256:acd49d7f6e3e633cb9e24e4f31a698d59c7e8a2578e14056df443689e9c014bb,sensitivity_evaluation,W5,False,L08__TQQQ_SOXL__vol_target_40/stress/W5
OK,2026-03-19,2026-09-18,1000.0,1416.5733194029158,416.5733194029158,416.5733194029158,0.0,0.41657331940291575,1.0038180454744872,0.23085423347959055,2026-06-22,2026-07-29,62,0.43224236059363974,1.8161327046710714,2.510701570984991,4.348276530797228,7963.0937739766905,20.08046352108457,19.91046352108457,0.17000000000000004,0.0,416.5733194029153,-4.823025312461478e-15,13,17,17,1.0,0.8319450601663695,2.7038214455407004,40.05882352941177,23.0,67,48,0.07068975502271035,-0.09796386547491176,0.3505266320526827,0.6494733679473172,1.0515798961580478,0.37779711529328863,-0.1826321550752702,"{'2026-03': -0.029908206743500032, '2026-04': 0.37779711529328863, '2026-05': 0.2633861249737677, '2026-06': 0.04947951542151929, '2026-07': -0.1826321550752702, '2026-08': 0.0015538806442316755, '2026-09': -0.02357470790202254}",{'2026': 0.4165733194029144},961.4991617196499,1829.121871648963,daily_mark_to_market_equity,L08__TQQQ_SOXL__vol_target_40,b,TQQQ_SOXL,L08,vol_target_40,stress,0,sha256:acd49d7f6e3e633cb9e24e4f31a698d59c7e8a2578e14056df443689e9c014bb,sensitivity_evaluation,W6,False,L08__TQQQ_SOXL__vol_target_40/stress/W6
OK,2023-09-19,2024-03-18,1000.0,1245.1666957544753,245.1666957544753,245.1666957544753,0.0,0.24516669575447536,0.5565564604517748,0.1648276449360836,2024-03-07,2024-03-18,7,0.5007884259471528,1.129649762477188,1.5836396896737206,3.3765965695111078,9247.432151600417,9.366915930479616,9.246915930479616,0.11999999999999998,5.314772924954999,109.49286816871974,130.35905466080067,11,12,12,1.0,1.1827056108999787,1.6557878552599703,40.166666666666664,31.5,56,46,0.12036704200405257,-0.0866073086959459,0.5803844376133757,0.41961556238662434,1.7411533128401273,0.25765967880247787,-0.1290800228521679,"{'2023-09': -0.08082009770366494, '2023-10': -0.0069227176601701634, '2023-11': 0.1415080406314304, '2023-12': 0.08051440294218315, '2024-01': -0.1290800228521679, '2024-02': 0.25765967880247787, '2024-03': 0.009701505738663796}","{'2023': 0.125882586909686, '2024': 0.10594720109509814}",904.0232913448151,1490.909856156795,daily_mark_to_market_equity,L08__TQQQ_SOXL__vol_target_60,b,TQQQ_SOXL,L08,vol_target_60,base,0,sha256:acd49d7f6e3e633cb9e24e4f31a698d59c7e8a2578e14056df443689e9c014bb,sensitivity_evaluation,W1,False,L08__TQQQ_SOXL__vol_target_60/base/W1
OK,2024-03-19,2024-09-18,1000.0,693.4298059340267,-306.5701940659733,-306.5701940659733,0.0,-0.3065701940659733,-0.5184330879299317,0.42376759650909335,2024-06-18,2024-09-18,63,0.5002901316377018,-1.1960769886743683,-1.3686181768940784,-1.2233901133561706,9933.6818236036,10.042791575099391,9.932791575099392,0.11,6.884394009126,-294.24780362159953,-19.206784453499875,15,11,11,1.0,0.5689056778732059,0.4740880648943383,26.181818181818183,14.0,52,52,0.09007559815222765,-0.15628319202612406,0.5380817272028554,0.4619182727971446,1.6142451816085666,0.17147177315020024,-0.22005446023483266,"{'2024-03': 0.05372117984185265, '2024-04': -0.22005446023483266, '2024-05': 0.17147177315020024, '2024-06': 0.09968990408589251, '2024-07': -0.15781933159831407, '2024-08': -0.11014732864211019, '2024-09': -0.12604902060687162}",{'2024': -0.3065701940659723},693.4298059340267,1203.3856508816925,daily_mark_to_market_equity,L08__TQQQ_SOXL__vol_target_60,b,TQQQ_SOXL,L08,vol_target_60,base,0,sha256:acd49d7f6e3e633cb9e24e4f31a698d59c7e8a2578e14056df443689e9c014bb,sensitivity_evaluation,W2,False,L08__TQQQ_SOXL__vol_target_60/base/W2
OK,2024-09-19,2025-03-18,1000.0,1000.731873741415,0.7318737414150291,0.7318737414150291,0.0,0.0007318737414150345,0.0014856531054867617,0.22968390733892663,2024-12-16,2025-02-28,61,0.47854995678801293,0.2440760407720408,0.2888838665850672,0.006468250748166258,1975.6679641189098,1.9856641804698631,1.9756641804698631,0.01,6.501186831885001,-5.769313090469978,0.0,5,1,1,,,,157.0,157.0,60,48,0.08020717809347055,-0.10709420507268586,0.8349802709254188,0.16501972907458118,2.5049408127762565,0.14846658067766128,-0.13512530775695009,"{'2024-09': 0.016062979837421887, '2024-10': -0.04514207765722289, '2024-11': 0.14846658067766128, '2024-12': -0.0060004441413101794, '2025-01': 0.0447216793941827, '2025-02': -0.13512530775695009, '2025-03': 0.0}","{'2024': 0.10755151731719503, '2025': -0.09644665905431427}",970.1957858969721,1299.1184830169723,daily_mark_to_market_equity,L08__TQQQ_SOXL__vol_target_60,b,TQQQ_SOXL,L08,vol_target_60,base,0,sha256:acd49d7f6e3e633cb9e24e4f31a698d59c7e8a2578e14056df443689e9c014bb,sensitivity_evaluation,W3,False,L08__TQQQ_SOXL__vol_target_60/base/W3
OK,2025-03-19,2025-09-18,1000.0,1213.3779067390756,213.37790673907557,213.37790673907557,0.0,0.21337790673907553,0.47111939028421546,0.10080802359772689,2025-08-28,2025-09-02,14,0.23816876236343923,1.729936074475651,1.7825364394917296,4.673431473710974,6598.017576299304,6.687190224354539,6.597190224354539,0.09,1.13385270843,110.2385966874654,102.00545734318023,10,9,9,1.0,0.29328404959226784,2.3462723967381427,27.22222222222222,21.0,56,32,0.08844270397197773,-0.07652804230437216,0.3139948452539199,0.6860051547460801,0.9419845357617601,0.1024401260371941,-0.030777221479789563,"{'2025-03': 0.0, '2025-04': 0.0, '2025-05': 0.024586891818370482, '2025-06': 0.1024401260371941, '2025-07': 0.020961102744414317, '2025-08': -0.030777221479789563, '2025-09': 0.08557408418912771}",{'2025': 0.21337790673907775},997.44334429837,1213.3779067390756,daily_mark_to_market_equity,L08__TQQQ_SOXL__vol_target_60,b,TQQQ_SOXL,L08,vol_target_60,base,0,sha256:acd49d7f6e3e633cb9e24e4f31a698d59c7e8a2578e14056df443689e9c014bb,sensitivity_evaluation,W4,False,L08__TQQQ_SOXL__vol_target_60/base/W4
OK,2025-09-19,2026-03-18,1000.0,1211.4444533726,211.44445337260004,211.44445337260004,0.0,0.2114444533726001,0.47583123370034297,0.27295056631175885,2025-10-29,2025-12-17,60,0.6465299059350502,0.929017762898932,1.1510943868401977,1.743287219110796,6683.6711591112,6.843889447399663,6.683889447399663,0.16000000000000003,0.0,211.44444809931682,5.2732834359551916e-06,10,16,16,1.0,2.556582761868099,7.669748285604297,39.1875,35.0,66,53,0.13287346660320498,-0.17791872168596645,0.5574644338178869,0.4425355661821131,1.6723933014536607,0.29035547683438234,-0.14059169070145794,"{'2025-09': 0.002989209120300318, '2025-10': 0.29035547683438234, '2025-11': -0.14059169070145794, '2025-12': -0.057932638240740464, '2026-01': 0.23849478090135512, '2026-02': 0.0074213662660791435, '2026-03': -0.07336002569875255}","{'2025': 0.04782109194988049, '2026': 0.15615581961443037}",962.9856122631054,1420.411999966845,daily_mark_to_market_equity,L08__TQQQ_SOXL__vol_target_60,b,TQQQ_SOXL,L08,vol_target_60,base,0,sha256:acd49d7f6e3e633cb9e24e4f31a698d59c7e8a2578e14056df443689e9c014bb,sensitivity_evaluation,W5,False,L08__TQQQ_SOXL__vol_target_60/base/W5
OK,2026-03-19,2026-09-18,1000.0,1657.1508779838848,657.1508779838848,657.1508779838848,0.0,0.6571508779838848,1.7404701610739615,0.3284185196632744,2026-06-22,2026-07-29,62,0.6373599032022996,1.8938602591431688,2.611471547499666,5.299549376382475,13063.612426955211,13.22428280211529,13.06428280211529,0.16000000000000003,0.0,657.150877983885,-9.467266970375423e-15,13,16,16,1.0,1.1938638269717972,2.626500419337954,41.6875,25.5,66,50,0.10462142065550384,-0.14388906220320707,0.514124085747204,0.48587591425279597,1.5423722572416119,0.5995745932569758,-0.2626366365307815,"{'2026-03': -0.04315519954839986, '2026-04': 0.5995745932569758, '2026-05': 0.39394926583300793, '2026-06': 0.0732075366588234, '2026-07': -0.2626366365307815, '2026-08': 0.015788422497699628, '2026-09': -0.0337254143954856}",{'2026': 0.6571508779838853},943.13130725556,2401.37223004556,daily_mark_to_market_equity,L08__TQQQ_SOXL__vol_target_60,b,TQQQ_SOXL,L08,vol_target_60,base,0,sha256:acd49d7f6e3e633cb9e24e4f31a698d59c7e8a2578e14056df443689e9c014bb,sensitivity_evaluation,W6,False,L08__TQQQ_SOXL__vol_target_60/base/W6
OK,2023-09-19,2024-03-18,1000.0,1227.9008060654355,227.90080606543552,227.90080606543552,0.0,0.2279008060654355,0.5133088334113394,0.16494290333826522,2024-03-07,2024-03-18,7,0.5008772071204511,1.0732237905611586,1.5064593560126223,3.112039518054588,9189.614313275248,23.090853082999473,22.970853082999472,0.11999999999999998,5.298256788434999,94.98707831249814,127.61547096450253,11,12,12,1.0,1.5438960440345462,1.5438960440345464,22.666666666666668,21.5,56,46,0.12037683077038164,-0.08661152668240046,0.5807413590782337,0.41925864092176635,1.7422240772347009,0.2571485897821286,-0.13179783960788638,"{'2023-09': -0.08366650461803471, '2023-10': -0.009890249013294161, '2023-11': 0.14002304035419644, '2023-12': 0.0774217751251034, '2024-01': -0.13179783960788638, '2024-02': 0.2571485897821286, '2024-03': 0.009530705731539468}","{'2023': 0.11438761503786021, '2024': 0.10186149728855165}",899.8630639899902,1470.4393399854357,daily_mark_to_market_equity,L08__TQQQ_SOXL__vol_target_60,b,TQQQ_SOXL,L08,vol_target_60,stress,0,sha256:acd49d7f6e3e633cb9e24e4f31a698d59c7e8a2578e14056df443689e9c014bb,sensitivity_evaluation,W1,False,L08__TQQQ_SOXL__vol_target_60/stress/W1
OK,2024-03-19,2024-09-18,1000.0,681.9753917649987,-318.0246082350013,-318.0246082350013,0.0,-0.31802460823500134,-0.534179407202342,0.42906915910855836,2024-06-18,2024-09-18,63,0.5008505113100921,-1.2599731041222983,-1.4464417663817755,-1.2449727412526284,9863.554589237625,24.763398850524418,24.653398850524418,0.11,6.858547985523001,-305.0745422935242,-19.808613927000025,15,11,11,1.0,0.5489844516108111,0.4574870430090093,26.181818181818183,14.0,52,52,0.09007794132077218,-0.15629724286292523,0.5383859994016094,0.46161400059839064,1.6151579982048283,0.17138195128213263,-0.2245800214761945,"{'2024-03': 0.05223617988532214, '2024-04': -0.2245800214761945, '2024-05': 0.17138195128213263, '2024-06': 0.09791394758116523, '2024-07': -0.16043478873528727, '2024-08': -0.11171542587178807, '2024-09': -0.1285447271377116}",{'2024': -0.31802460823500156},681.9753917649987,1194.4973767753972,daily_mark_to_market_equity,L08__TQQQ_SOXL__vol_target_60,b,TQQQ_SOXL,L08,vol_target_60,stress,0,sha256:acd49d7f6e3e633cb9e24e4f31a698d59c7e8a2578e14056df443689e9c014bb,sensitivity_evaluation,W2,False,L08__TQQQ_SOXL__vol_target_60/stress/W2
OK,2024-09-19,2025-03-18,1000.0,997.7966329685112,-2.203367031488824,-2.203367031488824,0.0,-0.002203367031488823,-0.004465929753468045,0.2308335758514627,2024-12-16,2025-02-28,61,0.4785923394388727,0.23151736132168257,0.2743195922296236,-0.019346967775354273,1972.8980358674999,4.942221608199743,4.932221608199743,0.01,6.495889576711001,-8.699256608199804,-2.1319866996635978e-14,5,1,1,,,,157.0,157.0,60,48,0.0802121706939587,-0.10709950079680719,0.8350656048513864,0.16493439514861363,2.505196814554159,0.14847628086905984,-0.1364109290855089,"{'2024-09': 0.014808387721061855, '2024-10': -0.045356750411390756, '2024-11': 0.14847628086905984, '2024-12': -0.006000785501572903, '2025-01': 0.04472423893246491, '2025-02': -0.1364109290855089, '2025-03': 0.0}","{'2024': 0.10594422600886144, '2025': -0.09778756513846376}",968.7799769638121,1297.2441355238122,daily_mark_to_market_equity,L08__TQQQ_SOXL__vol_target_60,b,TQQQ_SOXL,L08,vol_target_60,stress,0,sha256:acd49d7f6e3e633cb9e24e4f31a698d59c7e8a2578e14056df443689e9c014bb,sensitivity_evaluation,W3,False,L08__TQQQ_SOXL__vol_target_60/stress/W3
OK,2025-03-19,2025-09-18,1000.0,1202.6319364496806,202.63193644968055,202.63193644968055,0.0,0.20263193644968047,0.4452302802684236,0.10084619826676544,2025-08-28,2025-09-02,14,0.23849184533207324,1.6538048510376022,1.696222579315614,4.414943626240319,6571.26962937875,16.51305255599961,16.42305255599961,0.09,1.13155974568,101.75855230517521,99.74182439882514,10,9,9,1.0,0.2757492963571778,2.2059943708574226,47.55555555555556,28.0,56,32,0.08848347311424365,-0.07655702246470919,0.31400851508851063,0.6859914849114894,0.9420255452655323,0.10098944564383228,-0.03263855680569905,"{'2025-03': 0.0, '2025-04': 0.0, '2025-05': 0.02382267514922498, '2025-06': 0.10098944564383228, '2025-07': 0.019026218399043504, '2025-08': -0.03263855680569905, '2025-09': 0.08230758350168799}",{'2025': 0.20263193644968025},996.698800909225,1203.2945456109553,daily_mark_to_market_equity,L08__TQQQ_SOXL__vol_target_60,b,TQQQ_SOXL,L08,vol_target_60,stress,0,sha256:acd49d7f6e3e633cb9e24e4f31a698d59c7e8a2578e14056df443689e9c014bb,sensitivity_evaluation,W4,False,L08__TQQQ_SOXL__vol_target_60/stress/W4
OK,2025-09-19,2026-03-18,1000.0,1200.5281919707506,200.52819197075064,200.52819197075064,0.0,0.20052819197075067,0.4489711996210288,0.2774418942775001,2025-10-29,2025-12-17,60,0.6470032048324817,0.9003380324251317,1.1157220768243024,1.6182530788661766,6659.686292919876,16.810574099249465,16.650574099249464,0.16000000000000003,0.0,200.52818678348484,5.1872657016056195e-06,10,16,16,1.0,2.2506775633372036,6.752032690011611,74.1875,73.5,67,53,0.1328817409396128,-0.1779278297589928,0.5576077994436209,0.44239220055637907,1.6728233983308634,0.2900943092904853,-0.14369731868711533,"{'2025-09': 0.0015116370907501953, '2025-10': 0.2900943092904853, '2025-11': -0.14369731868711533, '2025-12': -0.06041103384636215, '2026-01': 0.2382950624356177, '2026-02': 0.007314406066968093, '2026-03': -0.07415026783118273}","{'2025': 0.03954351022748814, '2026': 0.1548609367086844}",955.4344973468005,1408.8197072785256,daily_mark_to_market_equity,L08__TQQQ_SOXL__vol_target_60,b,TQQQ_SOXL,L08,vol_target_60,stress,0,sha256:acd49d7f6e3e633cb9e24e4f31a698d59c7e8a2578e14056df443689e9c014bb,sensitivity_evaluation,W5,False,L08__TQQQ_SOXL__vol_target_60/stress/W5
OK,2026-03-19,2026-09-18,1000.0,1637.2277054315384,637.2277054315384,637.2277054315384,0.0,0.6372277054315385,1.6751040213952693,0.3296777081402916,2026-06-22,2026-07-29,62,0.637498878171777,1.8558135029543272,2.563899260946846,5.0810351444279105,12985.441382955463,32.62779005346179,32.46779005346179,0.16000000000000003,0.0,637.2277162920111,-1.0860472367164151e-05,13,16,16,1.0,1.1546313723814308,2.540189019239148,48.25,38.5,70,49,0.10470293145336829,-0.14389274489387005,0.5142650836479059,0.4857349163520941,1.5427952509437177,0.5981998861607036,-0.2648216775236195,"{'2026-03': -0.04485730815100031, '2026-04': 0.5981998861607036, '2026-05': 0.3932336262271543, '2026-06': 0.07288620771270282, '2026-07': -0.2648216775236195, '2026-08': 0.01160994489955125, '2026-09': -0.035224337086232294}",{'2026': 0.6372277054315383},942.2487451088999,2393.4373322524752,daily_mark_to_market_equity,L08__TQQQ_SOXL__vol_target_60,b,TQQQ_SOXL,L08,vol_target_60,stress,0,sha256:acd49d7f6e3e633cb9e24e4f31a698d59c7e8a2578e14056df443689e9c014bb,sensitivity_evaluation,W6,False,L08__TQQQ_SOXL__vol_target_60/stress/W6
OK,2023-09-19,2024-03-18,1000.0,1547.5654079718984,547.5654079718984,547.5654079718984,0.0,0.5475654079718983,1.41381136138529,0.15028583175147991,2023-12-27,2024-01-04,15,0.497846464442978,2.0165344519138864,3.254620439264534,9.407482694198603,3316.7259056408893,3.3764987649898117,3.3164987649898117,0.060000000000000005,6.001629866888001,289.5940637267702,251.96971437824024,8,6,6,1.0,7.934256540606956,3.967128270303478,43.0,31.5,74,51,0.1105953613187276,-0.07952399508570152,0.8120871701943868,0.1879128298056132,2.436261510583161,0.22185387755201336,-0.06778306381421972,"{'2023-09': -0.06778306381421972, '2023-10': -0.06773132104809465, '2023-11': 0.12392035534712353, '2023-12': 0.21588907636069843, '2024-01': 0.03063048154358672, '2024-02': 0.22185387755201336, '2024-03': 0.03475893067602298}","{'2023': 0.1876475467169585, '2024': 0.30305107121205177}",851.4664795476301,1726.3597670369581,daily_mark_to_market_equity,L09__TQQQ_SOXL__cooldown_15,b,TQQQ_SOXL,L09,cooldown_15,base,0,sha256:acd49d7f6e3e633cb9e24e4f31a698d59c7e8a2578e14056df443689e9c014bb,sensitivity_evaluation,W1,False,L09__TQQQ_SOXL__cooldown_15/base/W1
OK,2024-03-19,2024-09-18,1000.0,1026.1216677751852,26.121667775185188,26.121667775185188,0.0,0.02612166777518521,0.052814408027188176,0.3213866171616886,2024-07-10,2024-09-06,49,0.5438247078440734,0.368744943213202,0.4620201087055889,0.1643329410963538,4467.97352774486,4.557571274099833,4.467571274099833,0.09,6.196968349285,-26.104708670091558,46.029408095991684,9,9,9,1.0,1.633755463318215,0.8168777316591076,54.111111111111114,31.0,76,50,0.08631741071004773,-0.13917474466599866,0.8057956275359268,0.19420437246407318,2.41738688260778,0.18284765482799248,-0.20563700228816761,"{'2024-03': 0.08844982154974201, '2024-04': -0.20563700228816761, '2024-05': 0.18284765482799248, '2024-06': 0.16744748514622243, '2024-07': -0.06409701254101241, '2024-08': -0.002072711918743808, '2024-09': -0.07981417131639934}",{'2024': 0.02612166777518543},843.2621812473021,1415.6523374958551,daily_mark_to_market_equity,L09__TQQQ_SOXL__cooldown_15,b,TQQQ_SOXL,L09,cooldown_15,base,0,sha256:acd49d7f6e3e633cb9e24e4f31a698d59c7e8a2578e14056df443689e9c014bb,sensitivity_evaluation,W2,False,L09__TQQQ_SOXL__cooldown_15/base/W2
OK,2024-09-19,2025-03-18,1000.0,746.6572656134215,-253.3427343865785,-253.3427343865785,0.0,-0.2533427343865785,-0.4472331855341559,0.33463234976380807,2024-12-16,2025-03-13,61,0.44674367872630705,-1.1104221623681914,-1.2260657975864298,-1.336491184578611,7861.416601356329,8.031166346829515,7.861166346829515,0.17,4.942898380251,-258.28562861282757,-4.154001873938974e-06,18,17,17,1.0,0.5062243572092179,0.15576134067975936,33.8235294117647,5.0,64,56,0.05003449244593172,-0.11722971551152073,0.6619410762203285,0.3380589237796715,1.9858232286609856,0.045407405576885385,-0.1296380155987108,"{'2024-09': 0.018247079216702433, '2024-10': -0.06632910377607493, '2024-11': 0.045407405576885385, '2024-12': 0.032708027400228046, '2025-01': -0.058600331175302944, '2025-02': -0.11215486152115162, '2025-03': -0.1296380155987108}","{'2024': 0.026384582106062204, '2025': -0.2725365534219748}",746.6572634934215,1122.1724759662923,daily_mark_to_market_equity,L09__TQQQ_SOXL__cooldown_15,b,TQQQ_SOXL,L09,cooldown_15,base,0,sha256:acd49d7f6e3e633cb9e24e4f31a698d59c7e8a2578e14056df443689e9c014bb,sensitivity_evaluation,W3,False,L09__TQQQ_SOXL__cooldown_15/base/W3
OK,2025-03-19,2025-09-18,1000.0,1605.4057523633148,605.4057523633148,605.4057523633148,0.0,0.6054057523633147,1.5723322867365526,0.10524329204668725,2025-08-14,2025-08-21,19,0.3297296658936663,3.016739851327728,3.780430692999669,14.939976279334232,1235.5318118802497,1.244576249689876,1.234576249689876,0.01,3.2708398830049994,5.471981681060012,596.66293079925,7,1,1,1.0,,,1.0,1.0,58,31,0.07091920339074909,-0.05637327838259398,0.6110920077609859,0.38890799223901407,1.8332760232829575,0.269855838002095,0.0,"{'2025-03': 0.0, '2025-04': 0.0, '2025-05': 0.003611482708490099, '2025-06': 0.269855838002095, '2025-07': 0.03234649502417808, '2025-08': 0.024306870199587438, '2025-09': 0.19126724334652923}",{'2025': 0.6054057523633158},986.97252215035,1605.4057523633148,daily_mark_to_market_equity,L09__TQQQ_SOXL__cooldown_15,b,TQQQ_SOXL,L09,cooldown_15,base,0,sha256:acd49d7f6e3e633cb9e24e4f31a698d59c7e8a2578e14056df443689e9c014bb,sensitivity_evaluation,W4,False,L09__TQQQ_SOXL__cooldown_15/base/W4
OK,2025-09-19,2026-03-18,1000.0,886.4158362509256,-113.58416374907438,-113.58416374907438,0.0,-0.11358416374907443,-0.21702522030997928,0.26156756308443285,2025-10-29,2025-11-20,95,0.5329010849396703,-0.19032556551280427,-0.22947712681858673,-0.829709990607377,6979.179991123685,7.08890336717446,6.97890336717446,0.10999999999999999,1.5242540030999998,-96.72050081228451,-18.387916939889962,10,11,11,1.0,0.6238566636774608,0.5198805530645506,50.36363636363637,17.0,62,60,0.08455819553072663,-0.14113553733051631,0.7302564064344989,0.26974359356550115,2.190769219303496,0.11451408110394157,-0.15052137862394976,"{'2025-09': -0.006717046010561667, '2025-10': 0.11451408110394157, '2025-11': -0.15052137862394976, '2025-12': -0.0033536459918680483, '2026-01': 0.05476534307534697, '2026-02': -0.0663779974208375, '2026-03': -0.03958596402250414}","{'2025': -0.06275727461431457, '2026': -0.05423023060951837}",833.7479829779681,1129.078222051748,daily_mark_to_market_equity,L09__TQQQ_SOXL__cooldown_15,b,TQQQ_SOXL,L09,cooldown_15,base,0,sha256:acd49d7f6e3e633cb9e24e4f31a698d59c7e8a2578e14056df443689e9c014bb,sensitivity_evaluation,W5,False,L09__TQQQ_SOXL__cooldown_15/base/W5
OK,2026-03-19,2026-09-18,1000.0,1175.7078223569915,175.70782235699153,175.70782235699153,0.0,0.17570782235699145,0.3813721728619519,0.3418579238663353,2026-06-02,2026-07-29,75,0.5512962190877054,0.8565149416794864,1.0861318379740805,1.1155867576469178,10908.94061062643,11.028324542008264,10.908324542008264,0.12,0.0,125.18591227759859,50.52191007939317,14,12,12,1.0,3.9486780971816398,1.31622603239388,19.0,5.0,57,46,0.11152949000225787,-0.09204756357042088,0.5202110154254638,0.4797889845745362,1.5606330462763913,0.3408708769327964,-0.18321481346733393,"{'2026-03': -0.06850879447843994, '2026-04': 0.1992988174169219, '2026-05': 0.3408708769327964, '2026-06': -0.12073888195768578, '2026-07': -0.18321481346733393, '2026-08': 0.04666811970134055, '2026-09': 0.04417085654619468}",{'2026': 0.175707822356991},913.66470570204,1523.74672216532,daily_mark_to_market_equity,L09__TQQQ_SOXL__cooldown_15,b,TQQQ_SOXL,L09,cooldown_15,base,0,sha256:acd49d7f6e3e633cb9e24e4f31a698d59c7e8a2578e14056df443689e9c014bb,sensitivity_evaluation,W6,False,L09__TQQQ_SOXL__cooldown_15/base/W6
OK,2023-09-19,2024-03-18,1000.0,1540.2953264656026,540.2953264656026,540.2953264656026,0.0,0.5402953264656025,1.3909834799678276,0.15034560312744416,2023-12-27,2024-01-04,15,0.49824601597045154,1.9961932136574987,3.2272201385786317,9.251906614047941,3310.8478921865503,8.335701204399781,8.27570120439978,0.060000000000000005,5.988339150002,283.9090250145001,250.39796230110016,8,6,6,1.0,7.690039225138632,3.845019612569316,43.0,31.5,74,51,0.11063677897058732,-0.07953954835565524,0.8125773841972236,0.18742261580277642,2.437732152591671,0.22193350894868757,-0.06907006374827973,"{'2023-09': -0.06907006374827973, '2023-10': -0.0690374530427571, '2023-11': 0.1227717726962505, '2023-12': 0.21557868732460927, '2024-01': 0.03064950783173903, '2024-02': 0.22193350894868757, '2024-03': 0.034002656469424464}","{'2023': 0.18283391495305357, '2024': 0.30220761088570725}",849.3297178804451,1719.5339314530524,daily_mark_to_market_equity,L09__TQQQ_SOXL__cooldown_15,b,TQQQ_SOXL,L09,cooldown_15,stress,0,sha256:acd49d7f6e3e633cb9e24e4f31a698d59c7e8a2578e14056df443689e9c014bb,sensitivity_evaluation,W1,False,L09__TQQQ_SOXL__cooldown_15/stress/W1
OK,2024-03-19,2024-09-18,1000.0,1018.5809876268884,18.580987626888373,18.580987626888373,0.0,0.018580987626888312,0.037428948538546836,0.32374097996509754,2024-07-10,2024-09-06,49,0.5441233328931239,0.3419480556474975,0.4283326841807124,0.11561387298754097,4453.424752396576,11.221061220824781,11.131061220824781,0.09,6.183293057713,-32.73975171415248,45.13744628332773,9,9,9,1.0,1.5536424451518118,0.776821222575906,54.111111111111114,31.0,76,50,0.08628341445546739,-0.1391091435719003,0.8063049481572957,0.1936950518427043,2.418914844471886,0.18211798417397795,-0.2069282563512076,"{'2024-03': 0.08696482160222763, '2024-04': -0.2069282563512076, '2024-05': 0.18211798417397795, '2024-06': 0.16747022785551868, '2024-07': -0.06586392901422933, '2024-08': -0.003413530457770375, '2024-09': -0.08032192659108017}",{'2024': 0.018580987626888534},841.2816706511271,1410.5240211576881,daily_mark_to_market_equity,L09__TQQQ_SOXL__cooldown_15,b,TQQQ_SOXL,L09,cooldown_15,stress,0,sha256:acd49d7f6e3e633cb9e24e4f31a698d59c7e8a2578e14056df443689e9c014bb,sensitivity_evaluation,W2,False,L09__TQQQ_SOXL__cooldown_15/stress/W2
OK,2024-09-19,2025-03-18,1000.0,736.6960335698067,-263.3039664301933,-263.3039664301933,0.0,-0.2633039664301934,-0.4620945975046129,0.3401106220640817,2024-12-16,2025-03-13,61,0.4487607461010109,-1.1644968859905038,-1.2863771014134828,-1.3586597051871778,7823.911336213175,19.728225149024578,19.558225149024576,0.17,4.934840078831,-268.23880225902275,-4.250001903269135e-06,18,17,17,1.0,0.6658174057483691,0.14267515837465053,87.76470588235294,85.0,64,56,0.05010923001176515,-0.11762542062937242,0.6643747291813041,0.33562527081869586,1.9931241875439127,0.043883424670070115,-0.13244319246993297,"{'2024-09': 0.01715807928186197, '2024-10': -0.06820188536677918, '2024-11': 0.043883424670070115, '2024-12': 0.030109116957810267, '2025-01': -0.05989961241561992, '2025-02': -0.1137205798424934, '2025-03': -0.13244319246993297}","{'2024': 0.019167375422881605, '2025': -0.277158932541252}",736.6960314498066,1116.3932260193874,daily_mark_to_market_equity,L09__TQQQ_SOXL__cooldown_15,b,TQQQ_SOXL,L09,cooldown_15,stress,0,sha256:acd49d7f6e3e633cb9e24e4f31a698d59c7e8a2578e14056df443689e9c014bb,sensitivity_evaluation,W3,False,L09__TQQQ_SOXL__cooldown_15/stress/W3
OK,2025-03-19,2025-09-18,1000.0,1602.8758053551892,602.8758053551892,602.8758053551892,0.0,0.6028758053551893,1.5642478106499742,0.10529075120852194,2025-08-14,2025-08-21,19,0.32988028539381764,3.005989542799181,3.771712435218084,14.85645978108824,1235.8380856940498,3.093628972049958,3.0836289720499583,0.01,3.2674539672389997,5.059162689500004,594.54918869845,7,1,1,1.0,,,1.0,1.0,58,31,0.07095571394657796,-0.05639376317419609,0.6114793434168058,0.38852065658319423,1.8344380302504175,0.26958266153824817,0.0,"{'2025-03': 0.0, '2025-04': 0.0, '2025-05': 0.002133143598274767, '2025-06': 0.26958266153824817, '2025-07': 0.03238470415585937, '2025-08': 0.024315241457042003, '2025-09': 0.19134698111699722}",{'2025': 0.6028758053551899},986.394681616575,1602.8758053551892,daily_mark_to_market_equity,L09__TQQQ_SOXL__cooldown_15,b,TQQQ_SOXL,L09,cooldown_15,stress,0,sha256:acd49d7f6e3e633cb9e24e4f31a698d59c7e8a2578e14056df443689e9c014bb,sensitivity_evaluation,W4,False,L09__TQQQ_SOXL__cooldown_15/stress/W4
OK,2025-09-19,2026-03-18,1000.0,875.6459270107754,-124.35407298922462,-124.35407298922462,0.0,-0.12435407298922463,-0.2362082213445813,0.2624161179361093,2025-10-29,2025-11-20,95,0.5328495508536897,-0.23690866955993972,-0.28558685450493554,-0.900128479920929,6921.177230289125,17.411223842324592,17.301223842324593,0.10999999999999999,1.5242540030999998,-107.42808052637085,-18.450246465953718,10,11,11,1.0,0.5736807729561509,0.47806731079679243,50.36363636363637,17.0,62,60,0.08400075569828025,-0.1413252298886003,0.7321490805166468,0.26785091948335316,2.1964472415499414,0.1140257017387536,-0.15258040820692576,"{'2025-09': -0.008202045843326955, '2025-10': 0.1140257017387536, '2025-11': -0.15258040820692576, '2025-12': -0.0057284879018877355, '2026-01': 0.05380836828121738, '2026-02': -0.06780596910881553, '2026-03': -0.04250027918654464}","{'2025': -0.06905951967725044, '2026': -0.05939644314618686}",831.2118913916979,1126.938795172448,daily_mark_to_market_equity,L09__TQQQ_SOXL__cooldown_15,b,TQQQ_SOXL,L09,cooldown_15,stress,0,sha256:acd49d7f6e3e633cb9e24e4f31a698d59c7e8a2578e14056df443689e9c014bb,sensitivity_evaluation,W5,False,L09__TQQQ_SOXL__cooldown_15/stress/W5
OK,2026-03-19,2026-09-18,1000.0,1159.6645022652158,159.6645022652158,159.6645022652158,0.0,0.1596645022652159,0.34400557344305405,0.3463818360564972,2026-06-02,2026-07-29,75,0.551908266859234,0.8067432203292587,1.0243660695490768,0.9931397597504057,10827.545442315013,27.185079178784402,27.0650791787844,0.12,0.0,110.92159887388493,48.74290339133057,14,12,12,1.0,3.824092378145253,1.274697459381751,19.0,5.0,57,46,0.11162497382727343,-0.09260116516721562,0.5208349889917183,0.4791650110082817,1.5625049669751545,0.3403102380917722,-0.18599322055826073,"{'2026-03': -0.07070194568849986, '2026-04': 0.19776746388968114, '2026-05': 0.3403102380917722, '2026-06': -0.12356377977296962, '2026-07': -0.18599322055826073, '2026-08': 0.04447199044828132, '2026-09': 0.043168229193412566}",{'2026': 0.159664502265217},912.0094451915,1517.6194694695505,daily_mark_to_market_equity,L09__TQQQ_SOXL__cooldown_15,b,TQQQ_SOXL,L09,cooldown_15,stress,0,sha256:acd49d7f6e3e633cb9e24e4f31a698d59c7e8a2578e14056df443689e9c014bb,sensitivity_evaluation,W6,False,L09__TQQQ_SOXL__cooldown_15/stress/W6
OK,2023-09-19,2024-03-18,1000.0,1547.5654079718984,547.5654079718984,547.5654079718984,0.0,0.5475654079718983,1.41381136138529,0.15028583175147991,2023-12-27,2024-01-04,15,0.497846464442978,2.0165344519138864,3.254620439264534,9.407482694198603,3316.7259056408893,3.3764987649898117,3.3164987649898117,0.060000000000000005,6.001629866888001,289.5940637267702,251.96971437824024,8,6,6,1.0,7.934256540606956,3.967128270303478,43.0,31.5,74,51,0.1105953613187276,-0.07952399508570152,0.8120871701943868,0.1879128298056132,2.436261510583161,0.22185387755201336,-0.06778306381421972,"{'2023-09': -0.06778306381421972, '2023-10': -0.06773132104809465, '2023-11': 0.12392035534712353, '2023-12': 0.21588907636069843, '2024-01': 0.03063048154358672, '2024-02': 0.22185387755201336, '2024-03': 0.03475893067602298}","{'2023': 0.1876475467169585, '2024': 0.30305107121205177}",851.4664795476301,1726.3597670369581,daily_mark_to_market_equity,L09__TQQQ_SOXL__cooldown_5,b,TQQQ_SOXL,L09,cooldown_5,base,0,sha256:acd49d7f6e3e633cb9e24e4f31a698d59c7e8a2578e14056df443689e9c014bb,sensitivity_evaluation,W1,False,L09__TQQQ_SOXL__cooldown_5/base/W1
OK,2024-03-19,2024-09-18,1000.0,877.9247775089756,-122.07522249102442,-122.07522249102442,0.0,-0.12207522249102443,-0.22883671482309265,0.419749571082793,2024-07-10,2024-09-06,49,0.6210470114619853,-0.10144008505683219,-0.1249420761762496,-0.5451743863198756,6156.555816554909,6.265955581329682,6.155955581329682,0.10999999999999999,6.216979100305,-160.12435268698698,31.8321510956574,12,11,11,1.0,1.1809636103291594,0.4428613538734347,46.09090909090909,22.0,74,53,0.10202209908020587,-0.13920144226871523,0.8501028922893362,0.14989710771066378,2.550308676868008,0.21939055824643838,-0.22137443225403497,"{'2024-03': 0.08844982154974201, '2024-04': -0.22137443225403497, '2024-05': 0.21939055824643838, '2024-06': 0.16660884158907208, '2024-07': -0.06513273365012062, '2024-08': -0.14599454265000822, '2024-09': -0.08790191878491671}",{'2024': -0.12207522249102276},802.9608875021621,1429.058537097715,daily_mark_to_market_equity,L09__TQQQ_SOXL__cooldown_5,b,TQQQ_SOXL,L09,cooldown_5,base,0,sha256:acd49d7f6e3e633cb9e24e4f31a698d59c7e8a2578e14056df443689e9c014bb,sensitivity_evaluation,W2,False,L09__TQQQ_SOXL__cooldown_5/base/W2
OK,2024-09-19,2025-03-18,1000.0,700.1275065156868,-299.87249348431317,-299.87249348431317,0.0,-0.2998724934843132,-0.5148918016931268,0.34445469596906153,2024-12-16,2025-03-13,61,0.48876503561780205,-1.2427485820296318,-1.3838546420689188,-1.4948026771548897,9165.158400940834,9.374862999514452,9.164862999514451,0.21000000000000002,4.903735440201,-304.77622477051244,-4.154002002618805e-06,22,21,21,1.0,0.49172316564763213,0.15366348926488502,29.857142857142858,6.0,63,57,0.06049869154521681,-0.1203512840500679,0.7058554259883167,0.29414457401168326,2.1175662779649502,0.05270692938799448,-0.13229850397347187,"{'2024-09': 0.018247079216702433, '2024-10': -0.12251837533188703, '2024-11': 0.05270692938799448, '2024-12': 0.03255046151484864, '2025-01': -0.05716227006014929, '2025-02': -0.118829660514286, '2025-03': -0.13229850397347187}","{'2024': -0.028797100074877346, '2025': -0.2791130395413093}",700.1275043956867,1068.0078098197225,daily_mark_to_market_equity,L09__TQQQ_SOXL__cooldown_5,b,TQQQ_SOXL,L09,cooldown_5,base,0,sha256:acd49d7f6e3e633cb9e24e4f31a698d59c7e8a2578e14056df443689e9c014bb,sensitivity_evaluation,W3,False,L09__TQQQ_SOXL__cooldown_5/base/W3
OK,2025-03-19,2025-09-18,1000.0,1605.4057523633148,605.4057523633148,605.4057523633148,0.0,0.6054057523633147,1.5723322867365526,0.10524329204668725,2025-08-14,2025-08-21,19,0.3297296658936663,3.016739851327728,3.780430692999669,14.939976279334232,1235.5318118802497,1.244576249689876,1.234576249689876,0.01,3.2708398830049994,5.471981681060012,596.66293079925,7,1,1,1.0,,,1.0,1.0,58,31,0.07091920339074909,-0.05637327838259398,0.6110920077609859,0.38890799223901407,1.8332760232829575,0.269855838002095,0.0,"{'2025-03': 0.0, '2025-04': 0.0, '2025-05': 0.003611482708490099, '2025-06': 0.269855838002095, '2025-07': 0.03234649502417808, '2025-08': 0.024306870199587438, '2025-09': 0.19126724334652923}",{'2025': 0.6054057523633158},986.97252215035,1605.4057523633148,daily_mark_to_market_equity,L09__TQQQ_SOXL__cooldown_5,b,TQQQ_SOXL,L09,cooldown_5,base,0,sha256:acd49d7f6e3e633cb9e24e4f31a698d59c7e8a2578e14056df443689e9c014bb,sensitivity_evaluation,W4,False,L09__TQQQ_SOXL__cooldown_5/base/W4
OK,2025-09-19,2026-03-18,1000.0,943.3378359409004,-56.66216405909961,-56.66216405909961,0.0,-0.05666216405909963,-0.11162641710282761,0.28476575615423316,2025-10-29,2025-11-20,61,0.603759110971822,0.1091038213010296,0.1375567829339749,-0.39199382190592175,7095.24670098336,7.194644682199569,7.0946446821995695,0.09999999999999999,1.5242540030999998,-30.641682896068623,-27.54473516613105,10,10,10,1.0,1.29725908867331,0.8648393924488733,61.7,26.5,65,57,0.08455819553072663,-0.14113553733051631,0.8541298410495162,0.14587015895048383,2.562389523148548,0.1881129315929586,-0.16883844524453728,"{'2025-09': -0.006717046010561667, '2025-10': 0.17432044074532227, '2025-11': -0.16883844524453728, '2025-12': -0.02371275114435345, '2026-01': 0.1881129315929586, '2026-02': -0.07314261732493599, '2026-03': -0.09494712876324563}","{'2025': -0.05349553540919472, '2026': -0.003345603500427119}",861.5014070636931,1227.9380444708052,daily_mark_to_market_equity,L09__TQQQ_SOXL__cooldown_5,b,TQQQ_SOXL,L09,cooldown_5,base,0,sha256:acd49d7f6e3e633cb9e24e4f31a698d59c7e8a2578e14056df443689e9c014bb,sensitivity_evaluation,W5,False,L09__TQQQ_SOXL__cooldown_5/base/W5
OK,2026-03-19,2026-09-18,1000.0,1284.8864536682818,284.8864536682818,284.8864536682818,0.0,0.2848864536682818,0.6492380041423305,0.5070989585540133,2026-06-03,2026-07-29,74,0.755741314813142,1.041252647482427,1.2584398633308573,1.2802984371997626,17829.730575084122,18.009510711004086,17.829510711004087,0.18000000000000005,2.228123184286,332.0595850619285,-49.40125457793272,19,18,18,1.0,4.98257625893311,1.4235932168380316,24.72222222222222,5.0,75,46,0.1246060064952843,-0.18337015086140707,0.6738364725738316,0.3261635274261684,2.0215094177214956,0.6162233787268578,-0.3189618723947075,"{'2026-03': -0.06850879447843994, '2026-04': 0.6162233787268578, '2026-05': 0.3076043796459462, '2026-06': -0.11856650305230854, '2026-07': -0.3189618723947075, '2026-08': 0.09718738694790008, '2026-09': -0.009016424093831632}",{'2026': 0.28488645366828136},913.66470570204,2172.5296157849098,daily_mark_to_market_equity,L09__TQQQ_SOXL__cooldown_5,b,TQQQ_SOXL,L09,cooldown_5,base,0,sha256:acd49d7f6e3e633cb9e24e4f31a698d59c7e8a2578e14056df443689e9c014bb,sensitivity_evaluation,W6,False,L09__TQQQ_SOXL__cooldown_5/base/W6
OK,2023-09-19,2024-03-18,1000.0,1540.2953264656026,540.2953264656026,540.2953264656026,0.0,0.5402953264656025,1.3909834799678276,0.15034560312744416,2023-12-27,2024-01-04,15,0.49824601597045154,1.9961932136574987,3.2272201385786317,9.251906614047941,3310.8478921865503,8.335701204399781,8.27570120439978,0.060000000000000005,5.988339150002,283.9090250145001,250.39796230110016,8,6,6,1.0,7.690039225138632,3.845019612569316,43.0,31.5,74,51,0.11063677897058732,-0.07953954835565524,0.8125773841972236,0.18742261580277642,2.437732152591671,0.22193350894868757,-0.06907006374827973,"{'2023-09': -0.06907006374827973, '2023-10': -0.0690374530427571, '2023-11': 0.1227717726962505, '2023-12': 0.21557868732460927, '2024-01': 0.03064950783173903, '2024-02': 0.22193350894868757, '2024-03': 0.034002656469424464}","{'2023': 0.18283391495305357, '2024': 0.30220761088570725}",849.3297178804451,1719.5339314530524,daily_mark_to_market_equity,L09__TQQQ_SOXL__cooldown_5,b,TQQQ_SOXL,L09,cooldown_5,stress,0,sha256:acd49d7f6e3e633cb9e24e4f31a698d59c7e8a2578e14056df443689e9c014bb,sensitivity_evaluation,W1,False,L09__TQQQ_SOXL__cooldown_5/stress/W1
OK,2024-03-19,2024-09-18,1000.0,869.0513250482584,-130.94867495174162,-130.94867495174162,0.0,-0.13094867495174167,-0.24431523625396045,0.42347296262586864,2024-07-10,2024-09-06,49,0.6219956604197828,-0.13263698065779275,-0.16315604952486018,-0.5769323140231007,6132.496674230875,15.437521090574775,15.327521090574775,0.10999999999999999,6.2060964688330005,-168.02858749952784,30.873816078953137,12,11,11,1.0,1.1379558854267684,0.4267334570350382,46.09090909090909,22.0,74,53,0.10158983741146765,-0.13928124473377612,0.8509507939605204,0.14904920603947958,2.5528523818815616,0.21959321757832462,-0.22313170169862773,"{'2024-03': 0.08696482160222763, '2024-04': -0.22313170169862773, '2024-05': 0.21959321757832462, '2024-06': 0.16673502869988055, '2024-07': -0.06799060791104672, '2024-08': -0.14854755103172068, '2024-09': -0.08858827243956469}",{'2024': -0.13094867495174145},800.0146770465772,1424.4232783706584,daily_mark_to_market_equity,L09__TQQQ_SOXL__cooldown_5,b,TQQQ_SOXL,L09,cooldown_5,stress,0,sha256:acd49d7f6e3e633cb9e24e4f31a698d59c7e8a2578e14056df443689e9c014bb,sensitivity_evaluation,W2,False,L09__TQQQ_SOXL__cooldown_5/stress/W2
OK,2024-09-19,2025-03-18,1000.0,690.7232027115465,-309.2767972884535,-309.2767972884535,0.0,-0.3092767972884535,-0.5280226856549992,0.349941461806615,2024-10-14,2025-03-13,105,0.489822381086754,-1.2953868793025203,-1.4457002747668712,-1.50888860933774,9083.228792118724,22.916251634974497,22.706251634974496,0.21000000000000002,4.894645926520999,-314.1714389649726,-4.25000203015601e-06,22,21,21,1.0,0.6030295838081776,0.14188931383721828,30.904761904761905,6.0,63,57,0.060460445003612806,-0.12087421834565515,0.7089621767203563,0.29103782327964367,2.126886530161069,0.049630229873469434,-0.134446942216498,"{'2024-09': 0.01715807928186197, '2024-10': -0.12461231724675825, '2024-11': 0.049630229873469434, '2024-12': 0.02993766648083085, '2025-01': -0.05840646946536798, '2025-02': -0.11953777443463387, '2025-03': -0.134446942216498}","{'2024': -0.03742150254842869, '2025': -0.2824240261545027}",690.7232005915464,1062.555385413712,daily_mark_to_market_equity,L09__TQQQ_SOXL__cooldown_5,b,TQQQ_SOXL,L09,cooldown_5,stress,0,sha256:acd49d7f6e3e633cb9e24e4f31a698d59c7e8a2578e14056df443689e9c014bb,sensitivity_evaluation,W3,False,L09__TQQQ_SOXL__cooldown_5/stress/W3
OK,2025-03-19,2025-09-18,1000.0,1602.8758053551892,602.8758053551892,602.8758053551892,0.0,0.6028758053551893,1.5642478106499742,0.10529075120852194,2025-08-14,2025-08-21,19,0.32988028539381764,3.005989542799181,3.771712435218084,14.85645978108824,1235.8380856940498,3.093628972049958,3.0836289720499583,0.01,3.2674539672389997,5.059162689500004,594.54918869845,7,1,1,1.0,,,1.0,1.0,58,31,0.07095571394657796,-0.05639376317419609,0.6114793434168058,0.38852065658319423,1.8344380302504175,0.26958266153824817,0.0,"{'2025-03': 0.0, '2025-04': 0.0, '2025-05': 0.002133143598274767, '2025-06': 0.26958266153824817, '2025-07': 0.03238470415585937, '2025-08': 0.024315241457042003, '2025-09': 0.19134698111699722}",{'2025': 0.6028758053551899},986.394681616575,1602.8758053551892,daily_mark_to_market_equity,L09__TQQQ_SOXL__cooldown_5,b,TQQQ_SOXL,L09,cooldown_5,stress,0,sha256:acd49d7f6e3e633cb9e24e4f31a698d59c7e8a2578e14056df443689e9c014bb,sensitivity_evaluation,W4,False,L09__TQQQ_SOXL__cooldown_5/stress/W4
OK,2025-09-19,2026-03-18,1000.0,931.4635293178503,-68.53647068214968,-68.53647068214968,0.0,-0.06853647068214963,-0.13417049544347803,0.2851442539334508,2025-10-29,2025-11-20,61,0.6035849556980599,0.06637210660067697,0.08373521758617915,-0.470535504723135,7042.145290085899,17.701632125249645,17.601632125249644,0.09999999999999999,1.5242540030999998,-41.964503653843146,-28.09622103140663,10,10,10,1.0,1.2275144836181975,0.8183429890787984,61.7,26.5,65,57,0.08400075569828025,-0.1413252298886003,0.8554673750319363,0.14453262496806374,2.566402125095809,0.18640559330504547,-0.17038016895320296,"{'2025-09': -0.008202045843326955, '2025-10': 0.1731686176893763, '2025-11': -0.17038016895320296, '2025-12': -0.02537247143602528, '2026-01': 0.18640559330504547, '2026-02': -0.07511133565214467, '2026-03': -0.09771908968381482}","{'2025': -0.0591910420144387, '2026': -0.009933396773477376}",858.9590796751356,1218.4401272655625,daily_mark_to_market_equity,L09__TQQQ_SOXL__cooldown_5,b,TQQQ_SOXL,L09,cooldown_5,stress,0,sha256:acd49d7f6e3e633cb9e24e4f31a698d59c7e8a2578e14056df443689e9c014bb,sensitivity_evaluation,W5,False,L09__TQQQ_SOXL__cooldown_5/stress/W5
OK,2026-03-19,2026-09-18,1000.0,1262.7326547824762,262.7326547824762,262.7326547824762,0.0,0.2627326547824762,0.5929700574679255,0.5111941573900622,2026-06-03,2026-07-29,74,0.7557817209573554,0.9955854212475949,1.2078086096420904,1.1599703339634708,17601.763783961604,44.1831143202415,44.0031143202415,0.18000000000000005,2.214688385717,310.02662623301956,-49.508659836261124,19,18,18,1.0,4.866698629321158,1.3904853226631881,17.72222222222222,5.0,73,44,0.1246602167991957,-0.1834453798355694,0.6747258375882005,0.3252741624117995,2.0241775127646013,0.614581603758457,-0.3211302448137351,"{'2026-03': -0.07070194568849986, '2026-04': 0.614581603758457, '2026-05': 0.3056950700247727, '2026-06': -0.12321912874238083, '2026-07': -0.3211302448137351, '2026-08': 0.09434342038690113, '2026-09': -0.010482540135028473}",{'2026': 0.2627326547824753},912.0094451915,2162.1650186937504,daily_mark_to_market_equity,L09__TQQQ_SOXL__cooldown_5,b,TQQQ_SOXL,L09,cooldown_5,stress,0,sha256:acd49d7f6e3e633cb9e24e4f31a698d59c7e8a2578e14056df443689e9c014bb,sensitivity_evaluation,W6,False,L09__TQQQ_SOXL__cooldown_5/stress/W6
OK,2023-09-19,2024-03-18,1000.0,1171.2102285318306,171.21022853183058,171.21022853183058,0.0,0.17121022853183065,0.3756314840224919,0.07529041603677022,2023-09-19,2023-12-06,61,0.23231436123648694,1.4868545468937646,2.2696778986548782,4.989100921411319,6420.768892004795,6.620665947454682,6.420665947454681,0.20000000000000004,2.419591134285,68.43558197863464,100.35505541891084,18,20,20,1.0,0.6228374209154595,1.8685122627463784,23.9,7.0,55,45,0.05087826689684971,-0.03629392793546771,0.28570322525963554,0.7142967747403645,0.8571096757789066,0.10198100075169925,-0.04757489837505491,"{'2023-09': -0.04757489837505491, '2023-10': -0.013489230661188567, '2023-11': 0.0005119309199939082, '2023-12': 0.10094041870992965, '2024-01': 0.021220257086486116, '2024-02': 0.10198100075169925, '2024-03': 0.005593776820033813}","{'2023': 0.03494852914793056, '2024': 0.13166036333815012}",926.4515193232006,1259.2177959150708,daily_mark_to_market_equity,L10__TQQQ_SOXL__trend_share_60,b,TQQQ_SOXL,L10,trend_share_60,base,0,sha256:acd49d7f6e3e633cb9e24e4f31a698d59c7e8a2578e14056df443689e9c014bb,sensitivity_evaluation,W1,False,L10__TQQQ_SOXL__trend_share_60/base/W1
OK,2024-03-19,2024-09-18,1000.0,916.7850519810613,-83.21494801893868,-83.21494801893868,0.0,-0.0832149480189387,-0.15920583619233286,0.24088669580783406,2024-07-10,2024-09-06,49,0.2913999822429299,-0.44547143160540253,-0.5339808487332957,-0.6609158536482164,4803.643626941275,5.033564086404757,4.803564086404757,0.23,1.359121202466,-84.57405404294981,-1.5178454978280121e-05,21,23,23,1.0,0.3056387210159397,0.5730726019048868,53.608695652173914,35.0,70,55,0.04843227323518229,-0.06296507240227223,0.2904452083142551,0.709554791685745,0.8713356249427653,0.06658858490330499,-0.07087160568916151,"{'2024-03': 0.048841487911989834, '2024-04': -0.059520385015164545, '2024-05': 0.06658858490330499, '2024-06': 0.05453886553388876, '2024-07': -0.06761830590774998, '2024-08': -0.07087160568916151, '2024-09': -0.0461517514958556}",{'2024': -0.0832149480189387},899.7832904390114,1185.308287274116,daily_mark_to_market_equity,L10__TQQQ_SOXL__trend_share_60,b,TQQQ_SOXL,L10,trend_share_60,base,0,sha256:acd49d7f6e3e633cb9e24e4f31a698d59c7e8a2578e14056df443689e9c014bb,sensitivity_evaluation,W2,False,L10__TQQQ_SOXL__trend_share_60/base/W2
OK,2024-09-19,2025-03-18,1000.0,1006.2544288703625,6.254428870362517,6.254428870362517,0.0,0.006254428870362538,0.012732126989180248,0.1086911960052559,2025-02-19,2025-03-04,19,0.23598588238753146,0.1717334864492317,0.21726880577758245,0.11714037067514255,4422.65637752128,4.582663717939761,4.422663717939761,0.16,3.4966738683020004,2.7577550020604633,-1.5517163750444963e-14,16,16,16,1.0,0.2418966952063283,1.048219012560756,79.5625,82.0,59,49,0.04197372635898233,-0.0574926111167281,0.3873592741781804,0.6126407258218196,1.1620778225345412,0.08121788372379268,-0.04765538260529112,"{'2024-09': 0.006425191661181939, '2024-10': -0.042642652850067075, '2024-11': 0.08121788372379268, '2024-12': 0.018154657693563392, '2025-01': 0.029698825645892546, '2025-02': -0.04765538260529112, '2025-03': -0.03256697320237445}","{'2024': 0.060675521904571594, '2025': -0.05130795602456262}",963.5085515936121,1128.9627392441826,daily_mark_to_market_equity,L10__TQQQ_SOXL__trend_share_60,b,TQQQ_SOXL,L10,trend_share_60,base,0,sha256:acd49d7f6e3e633cb9e24e4f31a698d59c7e8a2578e14056df443689e9c014bb,sensitivity_evaluation,W3,False,L10__TQQQ_SOXL__trend_share_60/base/W3
OK,2025-03-19,2025-09-18,1000.0,1171.6746811393155,171.67468113931545,171.67468113931545,0.0,0.1716746811393155,0.371930447286029,0.05535126524242728,2025-08-14,2025-08-21,19,0.14948236354147343,2.178009349611524,2.4928433041045075,6.719457010730455,2289.143328136315,2.3888275610248253,2.288827561024825,0.09999999999999998,0.44215705534,48.253439159438116,122.97908492453713,12,10,10,1.0,1.449693686220777,13.047243175986994,42.8,35.0,47,31,0.04569947461187396,-0.031122764682622206,0.17660161217492448,0.8233983878250755,0.5298048365247734,0.10046278756645588,-0.0059288225057244626,"{'2025-03': 0.0, '2025-04': 0.0, '2025-05': -0.003999998657900017, '2025-06': 0.040249927271275965, '2025-07': -0.0059288225057244626, '2025-08': 0.03375391893952684, '2025-09': 0.10046278756645588}",{'2025': 0.17167468113931528},996.0000013421001,1171.6746811393155,daily_mark_to_market_equity,L10__TQQQ_SOXL__trend_share_60,b,TQQQ_SOXL,L10,trend_share_60,base,0,sha256:acd49d7f6e3e633cb9e24e4f31a698d59c7e8a2578e14056df443689e9c014bb,sensitivity_evaluation,W4,False,L10__TQQQ_SOXL__trend_share_60/base/W4
OK,2025-09-19,2026-03-18,1000.0,1164.6512729362653,164.6512729362653,164.6512729362653,0.0,0.16465127293626525,0.36245612394339766,0.11531589112865603,2025-10-29,2025-11-20,46,0.3053327311697657,1.1671226237423413,1.5760727773430543,3.1431585048327064,4550.620762493785,4.820527838734709,4.550527838734709,0.27,0.0,150.76180982037022,13.88946311589518,19,27,27,1.0,4.766272138503918,9.532544277007837,66.5925925925926,63.0,66,54,0.06233165538118812,-0.0716324479813576,0.2788882153046593,0.7211117846953408,0.8366646459139782,0.11576385358525365,-0.045462766281085476,"{'2025-09': 0.0014160591621148466, '2025-10': 0.11576385358525365, '2025-11': -0.04070679950068723, '2025-12': -0.009383212987391754, '2026-01': 0.1113624567833813, '2026-02': 0.03395924658819793, '2026-03': -0.045462766281085476}","{'2025': 0.061802855543244606, '2026': 0.09686206517160012}",989.9542138060001,1261.5722108162902,daily_mark_to_market_equity,L10__TQQQ_SOXL__trend_share_60,b,TQQQ_SOXL,L10,trend_share_60,base,0,sha256:acd49d7f6e3e633cb9e24e4f31a698d59c7e8a2578e14056df443689e9c014bb,sensitivity_evaluation,W5,False,L10__TQQQ_SOXL__trend_share_60/base/W5
OK,2026-03-19,2026-09-18,1000.0,1351.9156656904304,351.9156656904304,351.9156656904304,0.0,0.3519156656904303,0.8254188144958432,0.13312740747641316,2026-06-22,2026-07-29,62,0.30149884287111284,2.1356962195133207,3.2113592732878815,6.200216996204081,5540.815652854651,5.761173329569795,5.541173329569795,0.22000000000000003,0.0,351.9156661417659,-4.5133549206807145e-07,17,22,22,1.0,1.9473600464284637,5.192960123809237,57.27272727272727,45.5,76,47,0.07136023919813583,-0.059794346518470265,0.17516184949422248,0.8248381505057776,0.5254855484826675,0.2603849450226623,-0.09232456691100088,"{'2026-03': -0.0010003738199600987, '2026-04': 0.2603849450226623, '2026-05': 0.1585435892748055, '2026-06': 0.038720523257147255, '2026-07': -0.09232456691100088, '2026-08': -0.0004915530175786387, '2026-09': -0.016548545419197702}",{'2026': 0.3519156656904303},949.90006443484,1544.041953655395,daily_mark_to_market_equity,L10__TQQQ_SOXL__trend_share_60,b,TQQQ_SOXL,L10,trend_share_60,base,0,sha256:acd49d7f6e3e633cb9e24e4f31a698d59c7e8a2578e14056df443689e9c014bb,sensitivity_evaluation,W6,False,L10__TQQQ_SOXL__trend_share_60/base/W6
OK,2023-09-19,2024-03-18,1000.0,1159.7399861035751,159.73998610357512,159.73998610357512,0.0,0.1597399861035751,0.3485806041638062,0.0807163623695315,2023-09-19,2023-12-06,61,0.2327721635867241,1.3990510319990335,2.1269509113609075,4.318586640066266,6392.2519970911,16.179991651949727,15.979991651949726,0.20000000000000004,2.414019795525,58.208237479960474,99.1177288280899,18,20,20,1.0,0.5692753626324382,1.7078260878973144,23.9,7.0,55,46,0.05068100336972403,-0.036295999408964996,0.28580989107837534,0.7141901089216247,0.8574296732351261,0.10140032925620002,-0.04915431904911982,"{'2023-09': -0.04915431904911982, '2023-10': -0.01538978180990569, '2023-11': -0.0024872826709209095, '2023-12': 0.09910583169604004, '2024-01': 0.02023781257538637, '2024-02': 0.10140032925620002, '2024-03': 0.005499094136304672}","{'2023': 0.026437074183325526, '2024': 0.12986954122473748}",920.3355570950553,1246.937523886475,daily_mark_to_market_equity,L10__TQQQ_SOXL__trend_share_60,b,TQQQ_SOXL,L10,trend_share_60,stress,0,sha256:acd49d7f6e3e633cb9e24e4f31a698d59c7e8a2578e14056df443689e9c014bb,sensitivity_evaluation,W1,False,L10__TQQQ_SOXL__trend_share_60/stress/W1
OK,2024-03-19,2024-09-18,1000.0,910.171196775503,-89.82880322449705,-89.82880322449705,0.0,-0.08982880322449704,-0.17126877260406803,0.24292172485663832,2024-07-10,2024-09-06,49,0.29144858610909946,-0.4945943043056683,-0.5920529242471924,-0.7050368702311137,4788.795814740088,12.201495894312208,11.971495894312207,0.23,1.355467564815,-91.18425554143144,-1.5247880830709478e-05,21,23,23,1.0,0.2917966535467325,0.5471187254001235,53.608695652173914,35.0,70,55,0.048264301418541766,-0.06296599312439899,0.2904949613328965,0.7095050386671036,0.8714848839986898,0.06652500109355519,-0.07211055360092344,"{'2024-03': 0.04800294323234966, '2024-04': -0.06118359614352109, '2024-05': 0.06652500109355519, '2024-06': 0.053786140418147, '2024-07': -0.06912008286266247, '2024-08': -0.07211055360092344, '2024-09': -0.04705793722796858}",{'2024': -0.08982880322449738},894.1245047268528,1181.0198946172902,daily_mark_to_market_equity,L10__TQQQ_SOXL__trend_share_60,b,TQQQ_SOXL,L10,trend_share_60,stress,0,sha256:acd49d7f6e3e633cb9e24e4f31a698d59c7e8a2578e14056df443689e9c014bb,sensitivity_evaluation,W2,False,L10__TQQQ_SOXL__trend_share_60/stress/W2
OK,2024-09-19,2025-03-18,1000.0,999.7961782128596,-0.2038217871404413,-0.2038217871404413,0.0,-0.00020382178714040133,-0.0004135449979801864,0.11131448830106139,2024-12-16,2025-03-10,61,0.23582681824388022,0.11576267101384788,0.1463488161636171,-0.0037151048735157618,4409.748810232175,11.184418846124645,11.024418846124645,0.16,3.4893099289840004,-3.6931317161246255,-4.686279643640572e-14,16,16,16,1.0,0.21648707762749628,0.9381106697191506,79.5625,82.0,58,49,0.041726813637714466,-0.057493408965800574,0.38742955908788496,0.6125704409121151,1.1622886772636547,0.08021379263695949,-0.048478138129461446,"{'2024-09': 0.005923354836022021, '2024-10': -0.044106887569413944, '2024-11': 0.08021379263695949, '2024-12': 0.017461306235470264, '2025-01': 0.02857629389967209, '2025-02': -0.048478138129461446, '2025-03': -0.033383183278052564}","{'2024': 0.05682199676340938, '2025': -0.053959719541413986}",961.5552065208221,1125.0281061761723,daily_mark_to_market_equity,L10__TQQQ_SOXL__trend_share_60,b,TQQQ_SOXL,L10,trend_share_60,stress,0,sha256:acd49d7f6e3e633cb9e24e4f31a698d59c7e8a2578e14056df443689e9c014bb,sensitivity_evaluation,W3,False,L10__TQQQ_SOXL__trend_share_60/stress/W3
OK,2025-03-19,2025-09-18,1000.0,1167.8306325293274,167.83063252932743,167.83063252932743,0.0,0.1678306325293275,0.3629614690260945,0.055795605479399324,2025-08-14,2025-08-21,19,0.1495071115491162,2.13400675605335,2.444720559642416,6.505198140740779,2286.3259644134378,5.81384871056233,5.71384871056233,0.09999999999999998,0.44202413489,45.34899317385658,122.0396152205812,12,10,10,1.0,1.2657167910831493,11.391451119748343,42.8,35.0,47,31,0.04571119274774804,-0.03113570989192238,0.17663532363894235,0.8233646763610576,0.5299059709168272,0.09998356077159642,-0.006563610573210976,"{'2025-03': 0.0, '2025-04': 0.0, '2025-05': -0.004303284794749951, '2025-06': 0.0397078834030451, '2025-07': -0.006563610573210976, '2025-08': 0.03232202339748924, '2025-09': 0.09998356077159642}",{'2025': 0.1678306325293284},995.69671520525,1167.8306325293274,daily_mark_to_market_equity,L10__TQQQ_SOXL__trend_share_60,b,TQQQ_SOXL,L10,trend_share_60,stress,0,sha256:acd49d7f6e3e633cb9e24e4f31a698d59c7e8a2578e14056df443689e9c014bb,sensitivity_evaluation,W4,False,L10__TQQQ_SOXL__trend_share_60/stress/W4
OK,2025-09-19,2026-03-18,1000.0,1157.4750073858877,157.4750073858877,157.4750073858877,0.0,0.1574750073858877,0.34547510651525215,0.11611808063877316,2025-10-29,2025-11-20,46,0.30522220514311293,1.1262443561469273,1.5206147312395137,2.9752051068599394,4538.155765075662,11.614815609112231,11.344815609112231,0.27,0.0,144.02196247411362,13.45304491177422,19,27,27,1.0,3.937371513465771,7.874743026931544,66.5925925925926,63.0,66,54,0.06216357330894673,-0.07164063718363534,0.27893427645181573,0.7210657235481843,0.8368028293554471,0.11501705439873877,-0.0462702728508515,"{'2025-09': 0.0008050422611878272, '2025-10': 0.11501705439873877, '2025-11': -0.04158457774153512, '2025-12': -0.010325880565997148, '2026-01': 0.11000222415619798, '2026-02': 0.032964632750032585, '2026-03': -0.0462702728508515}","{'2025': 0.05846621809432517, '2026': 0.09353986702553319}",989.3631850150001,1254.8612386592004,daily_mark_to_market_equity,L10__TQQQ_SOXL__trend_share_60,b,TQQQ_SOXL,L10,trend_share_60,stress,0,sha256:acd49d7f6e3e633cb9e24e4f31a698d59c7e8a2578e14056df443689e9c014bb,sensitivity_evaluation,W5,False,L10__TQQQ_SOXL__trend_share_60/stress/W5
OK,2026-03-19,2026-09-18,1000.0,1343.5694658843308,343.56946588433084,343.56946588433084,0.0,0.3435694658843309,0.8029953001720174,0.1347282576774388,2026-06-22,2026-07-29,62,0.30143717816862864,2.095220228285557,3.1914772865690124,5.960110477302526,5524.423216352245,14.033293057669756,13.813293057669755,0.22000000000000003,0.0,343.56946487283585,1.0114944576596465e-06,17,22,22,1.0,1.8340184916100377,4.890715977626767,57.27272727272727,45.5,70,45,0.07136928412575094,-0.05979493929885593,0.17518784118232406,0.824812158817676,0.5255635235469721,0.25980730972859734,-0.09396115360530233,"{'2026-03': -0.0015714676448999043, '2026-04': 0.25980730972859734, '2026-05': 0.15816405399632494, '2026-06': 0.037755706590058, '2026-07': -0.09396115360530233, '2026-08': -0.0011586552474385226, '2026-09': -0.01795706148752385}",{'2026': 0.34356946588433135},949.5470396071,1540.5738333090376,daily_mark_to_market_equity,L10__TQQQ_SOXL__trend_share_60,b,TQQQ_SOXL,L10,trend_share_60,stress,0,sha256:acd49d7f6e3e633cb9e24e4f31a698d59c7e8a2578e14056df443689e9c014bb,sensitivity_evaluation,W6,False,L10__TQQQ_SOXL__trend_share_60/stress/W6
OK,2023-09-19,2024-03-18,1000.0,1218.2225937558505,218.22259375585054,218.22259375585054,0.0,0.21822259375585062,0.48933566770318326,0.09198061070532859,2024-03-07,2024-03-18,7,0.29435029172793836,1.498162476024829,2.1921126102250446,5.319987157628594,6459.833679627885,6.659666375294669,6.459666375294669,0.2,3.229292276145,78.24659703773561,136.74670444196988,20,20,20,1.0,0.6237218798203554,1.8711656394610663,26.35,10.5,55,45,0.06541594449983057,-0.04789528303509483,0.36228337980728614,0.6377166201927138,1.0868501394218582,0.13378597765512978,-0.06247132929150001,"{'2023-09': -0.06247132929150001, '2023-10': -0.006128532407620124, '2023-11': 0.0018017775449825635, '2023-12': 0.11728011414776485, '2024-01': 0.02313917733391513, '2024-02': 0.13378597765512978, '2024-03': 0.0069367835597671235}","{'2023': 0.04293837522040955, '2024': 0.16806766602906564}",916.1998117289904,1341.6261900554105,daily_mark_to_market_equity,L10__TQQQ_SOXL__trend_share_80,b,TQQQ_SOXL,L10,trend_share_80,base,0,sha256:acd49d7f6e3e633cb9e24e4f31a698d59c7e8a2578e14056df443689e9c014bb,sensitivity_evaluation,W1,False,L10__TQQQ_SOXL__trend_share_80/base/W1
OK,2024-03-19,2024-09-18,1000.0,882.2042495395859,-117.79575046041407,-117.79575046041407,0.0,-0.11779575046041402,-0.22131579022812886,0.3062833273128782,2024-07-10,2024-09-06,49,0.37119001622449266,-0.48308116671173884,-0.5741090977097749,-0.7225851703055574,3605.2302281083394,3.835114868579839,3.605114868579839,0.23,1.3988616081659995,-119.19459778006929,-1.4288510626894718e-05,21,23,23,1.0,0.24206617387030668,0.453874076006825,53.608695652173914,35.0,70,55,0.05949622582524117,-0.0838090283439924,0.36432106688751903,0.635678933112481,1.0929632006625565,0.08959783571481506,-0.1034934810068402,"{'2024-03': 0.05457896225754988, '2024-04': -0.0702780393968645, '2024-05': 0.08959783571481506, '2024-06': 0.06569126257274926, '2024-07': -0.07711891657091918, '2024-08': -0.1034934810068402, '2024-09': -0.06343026501742188}",{'2024': -0.11779575046041435},862.1259715411959,1242.7638047125756,daily_mark_to_market_equity,L10__TQQQ_SOXL__trend_share_80,b,TQQQ_SOXL,L10,trend_share_80,base,0,sha256:acd49d7f6e3e633cb9e24e4f31a698d59c7e8a2578e14056df443689e9c014bb,sensitivity_evaluation,W2,False,L10__TQQQ_SOXL__trend_share_80/base/W2
OK,2024-09-19,2025-03-18,1000.0,975.0834844126161,-24.916515587383856,-24.916515587383856,0.0,-0.024916515587383836,-0.04991166262385072,0.15585924744794866,2024-12-16,2025-03-04,61,0.30288527161726664,-0.019108414936117892,-0.023162938071797038,-0.32023549093883186,3723.694320835065,3.883669032604777,3.7236690326047768,0.16,4.255383510221001,-29.171899097604477,-1.5401757770154888e-14,16,16,16,1.0,0.13741484642591845,0.5954643345123132,80.4375,82.0,59,49,0.050342602375108125,-0.07648765181221229,0.4974509876326407,0.5025490123673593,1.4923529628979222,0.09467981838285855,-0.05857171376562753,"{'2024-09': 0.008566921758597967, '2024-10': -0.05857171376562753, '2024-11': 0.09467981838285855, '2024-12': 0.009936814266029215, '2025-01': 0.032666673225398846, '2025-02': -0.05758835848582933, '2025-03': -0.045518053034164785}","{'2024': 0.0497195323283659, '2025': -0.07110094231570852}",949.4934287038732,1155.1195478534733,daily_mark_to_market_equity,L10__TQQQ_SOXL__trend_share_80,b,TQQQ_SOXL,L10,trend_share_80,base,0,sha256:acd49d7f6e3e633cb9e24e4f31a698d59c7e8a2578e14056df443689e9c014bb,sensitivity_evaluation,W3,False,L10__TQQQ_SOXL__trend_share_80/base/W3
OK,2025-03-19,2025-09-18,1000.0,1209.2569881206302,209.25698812063024,209.25698812063024,0.0,0.20925698812063032,0.46116419179513835,0.07066125476000473,2025-08-14,2025-09-03,19,0.18804845124025435,2.099140390036661,2.2875870650504955,6.5264081901948305,1866.48044949913,1.9760354618298352,1.8660354618298352,0.10999999999999999,0.57356051246,38.80225826156639,169.88116934660377,12,11,11,1.0,3.5355688570290305,35.355688570290305,39.54545454545455,21.0,47,31,0.05384319606744015,-0.04127409389535441,0.223294334604518,0.776705665395482,0.6698830038135539,0.13921108016225214,-0.01526524862421097,"{'2025-03': 0.0, '2025-04': 0.0, '2025-05': -0.005333332484759756, '2025-06': 0.053581171377197645, '2025-07': -0.01526524862421097, '2025-08': 0.028607237557734866, '2025-09': 0.13921108016225214}",{'2025': 0.20925698812063032},994.6666675152401,1209.2569881206302,daily_mark_to_market_equity,L10__TQQQ_SOXL__trend_share_80,b,TQQQ_SOXL,L10,trend_share_80,base,0,sha256:acd49d7f6e3e633cb9e24e4f31a698d59c7e8a2578e14056df443689e9c014bb,sensitivity_evaluation,W4,False,L10__TQQQ_SOXL__trend_share_80/base/W4
OK,2025-09-19,2026-03-18,1000.0,1215.346041544425,215.3460415444249,215.3460415444249,0.0,0.21534604154442483,0.48549199846724655,0.14839916155840527,2025-10-29,2025-11-20,46,0.38727076479497957,1.2177146605842954,1.6124720758746152,3.2715279073606633,3181.135908937804,3.4509900105747713,3.1809900105747713,0.27,0.0,171.54920496523502,43.796836579190156,20,27,27,1.0,9.303677011512745,22.09623290234277,66.5925925925926,63.0,67,53,0.06539237338202919,-0.09533899970286541,0.35406000862352494,0.6459399913764751,1.0621800258705747,0.1558939149053542,-0.0514196658611884,"{'2025-09': 0.0018566825382302365, '2025-10': 0.1558939149053542, '2025-11': -0.0514196658611884, '2025-12': 0.000992044850263385, '2026-01': 0.1318488463148415, '2026-02': 0.02677762402374384, '2026-03': -0.04894243804420895}","{'2025': 0.09958376621722587, '2026': 0.10527826881752111}",986.6056181131001,1335.9972447474051,daily_mark_to_market_equity,L10__TQQQ_SOXL__trend_share_80,b,TQQQ_SOXL,L10,trend_share_80,base,0,sha256:acd49d7f6e3e633cb9e24e4f31a698d59c7e8a2578e14056df443689e9c014bb,sensitivity_evaluation,W5,False,L10__TQQQ_SOXL__trend_share_80/base/W5
OK,2026-03-19,2026-09-18,1000.0,1464.2762823703004,464.27628237030035,464.27628237030035,0.0,0.4642762823703004,1.1407565080744524,0.1721476048151923,2026-06-22,2026-07-29,62,0.3717203248394436,2.2232051643873327,3.1858390211848184,6.62661853064469,4896.458538562328,5.126927941699784,4.896927941699784,0.23000000000000004,0.0,464.27628130636276,1.0639375374932753e-06,16,23,23,1.0,3.25071298697919,7.430201113095291,61.47826086956522,49.0,70,45,0.06257802597527418,-0.07904158378554482,0.21763598376352755,0.7823640162364724,0.6529079512905827,0.3508137674270717,-0.11968867600801003,"{'2026-03': -0.014177123661360036, '2026-04': 0.3508137674270717, '2026-05': 0.21134010615779975, '2026-06': 0.04625319472038081, '2026-07': -0.11968867600801003, '2026-08': 0.004291276190101279, '2026-09': -0.01863676139280246}",{'2026': 0.46427628237030105},933.20008591312,1730.74384589545,daily_mark_to_market_equity,L10__TQQQ_SOXL__trend_share_80,b,TQQQ_SOXL,L10,trend_share_80,base,0,sha256:acd49d7f6e3e633cb9e24e4f31a698d59c7e8a2578e14056df443689e9c014bb,sensitivity_evaluation,W6,False,L10__TQQQ_SOXL__trend_share_80/base/W6
OK,2023-09-19,2024-03-18,1000.0,1206.0542340266256,206.05423402662564,206.05423402662564,0.0,0.2060542340266256,0.45946835253049123,0.09219930488890271,2023-12-27,2024-01-04,15,0.2947696805393463,1.4276888610397906,2.092925687714974,4.983425342350859,6427.923777639499,16.26877199499974,16.06877199499974,0.2,3.2212991216250013,67.81755202276196,135.01538288223873,20,20,20,1.0,0.5754722334045833,1.7264167002137498,49.2,41.5,56,45,0.06531856443748363,-0.04789833850843683,0.36234074410579137,0.6376592558942087,1.087022232317374,0.13333408387731227,-0.06392410886165234,"{'2023-09': -0.06392410886165234, '2023-10': -0.0077044674609574315, '2023-11': -0.002031755822054615, '2023-12': 0.11516544196876821, '2024-01': 0.022466705874089943, '2024-02': 0.13333408387731227, '2024-03': 0.006819438551370904}","{'2023': 0.03373238158085057, '2024': 0.16669870801788012}",909.7724781515108,1328.3047769766258,daily_mark_to_market_equity,L10__TQQQ_SOXL__trend_share_80,b,TQQQ_SOXL,L10,trend_share_80,stress,0,sha256:acd49d7f6e3e633cb9e24e4f31a698d59c7e8a2578e14056df443689e9c014bb,sensitivity_evaluation,W1,False,L10__TQQQ_SOXL__trend_share_80/stress/W1
OK,2024-03-19,2024-09-18,1000.0,877.3520792672405,-122.64792073275953,-122.64792073275953,0.0,-0.12264792073275954,-0.22984043563366952,0.3077910717468383,2024-07-10,2024-09-06,49,0.37119836477637497,-0.5125059294199623,-0.6119532679585005,-0.7467417242782011,3597.0627010241624,9.221939113537292,8.991939113537292,0.23,1.3962620457780002,-124.04418277853716,0.0,21,23,23,1.0,0.23392607081188432,0.4386113827722831,53.608695652173914,35.0,66,51,0.05950263614415929,-0.0838106538509743,0.3643665186615093,0.6356334813384907,1.093099555984528,0.08952081353376018,-0.10475078262537252,"{'2024-03': 0.05380771801379991, '2024-04': -0.07120772686727239, '2024-05': 0.08952081353376018, '2024-06': 0.06522652165875198, '2024-07': -0.07799739593766086, '2024-08': -0.10475078262537252, '2024-09': -0.06429200276968661}",{'2024': -0.12264792073276076},858.1588814217905,1239.739688980053,daily_mark_to_market_equity,L10__TQQQ_SOXL__trend_share_80,b,TQQQ_SOXL,L10,trend_share_80,stress,0,sha256:acd49d7f6e3e633cb9e24e4f31a698d59c7e8a2578e14056df443689e9c014bb,sensitivity_evaluation,W2,False,L10__TQQQ_SOXL__trend_share_80/stress/W2
OK,2024-09-19,2025-03-18,1000.0,969.7125681983482,-30.287431801651792,-30.287431801651792,0.0,-0.030287431801651832,-0.060500679348225894,0.15794053547135067,2024-12-16,2025-03-04,61,0.30284443933052335,-0.05650240867286626,-0.06858619399708071,-0.3830598596343261,3714.6537574781996,9.446477595449682,9.286477595449682,0.16,4.2467650737980005,-34.53419687544945,-3.101027345952683e-14,16,16,16,1.0,0.12466064416458633,0.5401961247132074,80.4375,82.0,58,48,0.0501912314480637,-0.0764964421335863,0.49753157409746046,0.5024684259025396,1.4925947222923814,0.09406354257060001,-0.060186171146306644,"{'2024-09': 0.007897806027358012, '2024-10': -0.060186171146306644, '2024-11': 0.09406354257060001, '2024-12': 0.009382983639008913, '2025-01': 0.03205252515235957, '2025-02': -0.05803893750814826, '2025-03': -0.046432553487160355}","{'2024': 0.04606062812594813, '2025': -0.0729862666415233}",947.2362961758082,1151.5963053050582,daily_mark_to_market_equity,L10__TQQQ_SOXL__trend_share_80,b,TQQQ_SOXL,L10,trend_share_80,stress,0,sha256:acd49d7f6e3e633cb9e24e4f31a698d59c7e8a2578e14056df443689e9c014bb,sensitivity_evaluation,W3,False,L10__TQQQ_SOXL__trend_share_80/stress/W3
OK,2025-03-19,2025-09-18,1000.0,1206.0090184798903,206.0090184798903,206.0090184798903,0.0,0.2060090184798904,0.4533416071756029,0.07127082868557555,2025-08-14,2025-09-03,19,0.18803746131780275,2.0708311893305256,2.2581034306725303,6.360829746706093,1865.0668698232,4.769894079699873,4.659894079699873,0.10999999999999999,0.57294091959,36.717578527862614,168.71849903243762,12,11,11,1.0,2.9680212640345274,29.680212640345275,39.54545454545455,21.0,47,31,0.053844500640868764,-0.04128329227723948,0.22332642534273048,0.7766735746572695,0.6699792760281913,0.13893710427474604,-0.015769195108899736,"{'2025-03': 0.0, '2025-04': 0.0, '2025-05': -0.005737714071900157, '2025-06': 0.05284921775393636, '2025-07': -0.015769195108899736, '2025-08': 0.027748177188050338, '2025-09': 0.13893710427474604}",{'2025': 0.20600901847989106},994.2622859281,1206.0090184798903,daily_mark_to_market_equity,L10__TQQQ_SOXL__trend_share_80,b,TQQQ_SOXL,L10,trend_share_80,stress,0,sha256:acd49d7f6e3e633cb9e24e4f31a698d59c7e8a2578e14056df443689e9c014bb,sensitivity_evaluation,W4,False,L10__TQQQ_SOXL__trend_share_80/stress/W4
OK,2025-09-19,2026-03-18,1000.0,1210.2007254459752,210.2007254459752,210.2007254459752,0.0,0.21020072544597523,0.47275834519780346,0.14885593895522542,2025-10-29,2025-11-20,46,0.38729351971249687,1.1953742199924038,1.5836084685669747,3.175945471278812,3175.147206011575,8.206962724024784,7.9369627240247835,0.27,0.0,167.02852150175335,43.1722039442218,20,27,27,1.0,7.673613549668139,18.22483218046183,66.5925925925926,63.0,67,53,0.06530249614759143,-0.09535116065806026,0.3541066602529977,0.6458933397470024,1.062319980758993,0.15526534721899887,-0.051943623175550124,"{'2025-09': 0.001042030836312824, '2025-10': 0.15526534721899887, '2025-11': -0.051943623175550124, '2025-12': 0.0004089246657714707, '2026-01': 0.13110596916321082, '2026-02': 0.02613795217840309, '2026-03': -0.04938955091814867}","{'2025': 0.09684631476252514, '2026': 0.10334575515074951}",985.8175797077502,1330.9681865527878,daily_mark_to_market_equity,L10__TQQQ_SOXL__trend_share_80,b,TQQQ_SOXL,L10,trend_share_80,stress,0,sha256:acd49d7f6e3e633cb9e24e4f31a698d59c7e8a2578e14056df443689e9c014bb,sensitivity_evaluation,W5,False,L10__TQQQ_SOXL__trend_share_80/stress/W5
OK,2026-03-19,2026-09-18,1000.0,1456.7531656556425,456.75316565564253,456.75316565564253,0.0,0.4567531656556425,1.1188603123007415,0.1730889383230808,2026-06-22,2026-07-29,62,0.3717057366980469,2.195702259560226,3.154070459932721,6.464077503394943,4883.538385982777,12.441778433357262,12.211778433357262,0.23000000000000004,0.0,456.75316565564265,-1.1211155782065693e-15,16,23,23,1.0,3.06123028976179,6.997097805169806,61.47826086956522,49.0,67,45,0.06258342209720591,-0.07904263697594738,0.21766420648161527,0.7823357935183848,0.652992619444846,0.3502772219288899,-0.12063630770837219,"{'2026-03': -0.014773297015199471, '2026-04': 0.3502772219288899, '2026-05': 0.21085773971391797, '2026-06': 0.045628926416614535, '2026-07': -0.12063630770837219, '2026-08': 0.003792462906852201, '2026-09': -0.020185904323571924}",{'2026': 0.45675316565564184},932.7293861428001,1727.3893695004128,daily_mark_to_market_equity,L10__TQQQ_SOXL__trend_share_80,b,TQQQ_SOXL,L10,trend_share_80,stress,0,sha256:acd49d7f6e3e633cb9e24e4f31a698d59c7e8a2578e14056df443689e9c014bb,sensitivity_evaluation,W6,False,L10__TQQQ_SOXL__trend_share_80/stress/W6
